2000000 0 0
2000001 0 0
2000002 0 0
2000003 656 656
2000004 1328 1328
2000005 2000 2000
2000006 2656 2656
2000007 3328 3328
2000008 4000 4000
2000009 4656 4656
2000010 5328 5328
2000011 6000 6000
2000012 6656 6656
2000013 7328 7328
2000014 8000 8000
2000015 8656 8656
2000016 9328 9328
2000017 10000 10000
2000018 10656 10656
2000019 11328 11328
2000020 12000 12000
2000021 12656 12656
2000022 13328 13328
2000023 14000 14000
2000024 14656 14656
2000025 15328 15328
2000026 16000 16000
2000027 16656 16656
2000028 17328 17328
2000029 18000 18000
2000030 18656 18656
2000031 19328 19328
2000032 20000 20000
2000033 20656 20656
2000034 21328 21328
2000035 22000 22000
2000036 22656 22656
2000037 23328 23328
2000038 24000 24000
2000039 24656 24656
2000040 25328 25328
2000041 26000 26000
2000042 26656 26656
2000043 27328 27328
2000044 28000 28000
2000045 28656 28656
2000046 29328 29328
2000047 30000 30000
2000048 30656 30656
2000049 31328 31328
2000050 32000 32000
2000051 32656 32656
2000052 33328 33328
2000053 34000 34000
2000054 34656 34656
2000055 35328 35328
2000056 36000 36000
2000057 36656 36656
2000058 37328 37328
2000059 38000 38000
2000060 38656 38656
2000061 39328 39328
2000062 40000 40000
2000063 40656 40656
2000064 41328 41328
2000065 42000 42000
2000066 42656 42656
2000067 43328 43328
2000068 44000 44000
2000069 44656 44656
2000070 45328 45328
2000071 46000 46000
2000072 46656 46656
2000073 47328 47328
2000074 48000 48000
2000075 48656 48656
2000076 49328 49328
2000077 50000 50000
2000078 50656 50656
2000079 51328 51328
2000080 52000 52000
2000081 52656 52656
2000082 53328 53328
2000083 54000 54000
2000084 54656 54656
2000085 55328 55328
2000086 56000 56000
2000087 56656 56656
2000088 57328 57328
2000089 58000 58000
2000090 58656 58656
2000091 59328 59328
2000092 60000 60000
2000093 60656 60656
2000094 61328 61328
2000095 62000 62000
2000096 62656 62656
2000097 63328 63328
2000098 64000 64000
2000099 64656 64656
2000100 65328 65328
2000101 66000 66000
2000102 66656 66656
2000103 67328 67328
2000104 68000 68000
2000105 68656 68656
2000106 69328 69328
2000107 70000 70000
2000108 70656 70656
2000109 71328 71328
2000110 72000 72000
2000111 72656 72656
2000112 73328 73328
2000113 74000 74000
2000114 74656 74656
2000115 75328 75328
2000116 76000 76000
2000117 76656 76656
2000118 77328 77328
2000119 78000 78000
2000120 78656 78656
2000121 79328 79328
2000122 80000 80000
2000123 80656 80656
2000124 81328 81328
2000125 82000 82000
2000126 82656 82656
2000127 83328 83328
2000128 84000 84000
2000129 84656 84656
2000130 85328 85328
2000131 86000 86000
2000132 86656 86656
2000133 87328 87328
2000134 88000 88000
2000135 88656 88656
2000136 89328 89328
2000137 90000 90000
2000138 90656 90656
2000139 91328 91328
2000140 92000 92000
2000141 92656 92656
2000142 93328 93328
2000143 94000 94000
2000144 94656 94656
2000145 95328 95328
2000146 96000 96000
2000147 96656 96656
2000148 97328 97328
2000149 98000 98000
2000150 98656 98656
2000151 99328 99328
2000152 100000 100000
2000153 100656 100656
2000154 101328 101328
2000155 102000 102000
2000156 102656 102656
2000157 103328 103328
2000158 104000 104000
2000159 104656 104656
2000160 105328 105328
2000161 106000 106000
2000162 106656 106656
2000163 107328 107328
2000164 108000 108000
2000165 108656 108656
2000166 109328 109328
2000167 110000 110000
2000168 110656 110656
2000169 111328 111328
2000170 112000 112000
2000171 112656 112656
2000172 113328 113328
2000173 114000 114000
2000174 114656 114656
2000175 115328 115328
2000176 116000 116000
2000177 116656 116656
2000178 117328 117328
2000179 118000 118000
2000180 118656 118656
2000181 119328 119328
2000182 120000 120000
2000183 120656 120656
2000184 121328 121328
2000185 122000 122000
2000186 122656 122656
2000187 123328 123328
2000188 124000 124000
2000189 124656 124656
2000190 125328 125328
2000191 126000 126000
2000192 126656 126656
2000193 127328 127328
2000194 128000 128000
2000195 128656 128656
2000196 129328 129328
2000197 130000 130000
2000198 130656 130656
2000199 131328 131328
2000200 132000 132000
2000201 132656 132656
2000202 133328 133328
2000203 134000 134000
2000204 134656 134656
2000205 135328 135328
2000206 136000 136000
2000207 136656 136656
2000208 137328 137328
2000209 138000 138000
2000210 138656 138656
2000211 139328 139328
2000212 140000 140000
2000213 140656 140656
2000214 141328 141328
2000215 142000 142000
2000216 142656 142656
2000217 143328 143328
2000218 144000 144000
2000219 144656 144656
2000220 145328 145328
2000221 146000 146000
2000222 146656 146656
2000223 147328 147328
2000224 148000 148000
2000225 148656 148656
2000226 149328 149328
2000227 150000 150000
2000228 150656 150656
2000229 151328 151328
2000230 152000 152000
2000231 152656 152656
2000232 153328 153328
2000233 154000 154000
2000234 154656 154656
2000235 155328 155328
2000236 156000 156000
2000237 156656 156656
2000238 157328 157328
2000239 158000 158000
2000240 158656 158656
2000241 159328 159328
2000242 160000 160000
2000243 160656 160656
2000244 161328 161328
2000245 162000 162000
2000246 162656 162656
2000247 163328 163328
2000248 164000 164000
2000249 164656 164656
2000250 165328 165328
2000251 166000 166000
2000252 166656 166656
2000253 167328 167328
2000254 168000 168000
2000255 168656 168656
2000256 169328 169328
2000257 170000 170000
2000258 170656 170656
2000259 171328 171328
2000260 172000 172000
2000261 172656 172656
2000262 173328 173328
2000263 174000 174000
2000264 174656 174656
2000265 175328 175328
2000266 176000 176000
2000267 176656 176656
2000268 177328 177328
2000269 178000 178000
2000270 178656 178656
2000271 179328 179328
2000272 180000 180000
2000273 180656 180656
2000274 181328 181328
2000275 182000 182000
2000276 182656 182656
2000277 183328 183328
2000278 184000 184000
2000279 184656 184656
2000280 185328 185328
2000281 186000 186000
2000282 186656 186656
2000283 187328 187328
2000284 188000 188000
2000285 188656 188656
2000286 189328 189328
2000287 190000 190000
2000288 190656 190656
2000289 191328 191328
2000290 192000 192000
2000291 192656 192656
2000292 193328 193328
2000293 194000 194000
2000294 194656 194656
2000295 195328 195328
2000296 196000 196000
2000297 196656 196656
2000298 197328 197328
2000299 198000 198000
2000300 198656 198656
2000301 199328 199328
2000302 200000 200000
2000303 200656 200656
2000304 201328 201328
2000305 202000 202000
2000306 202656 202656
2000307 203328 203328
2000308 204000 204000
2000309 204656 204656
2000310 205328 205328
2000311 206000 206000
2000312 206656 206656
2000313 207328 207328
2000314 208000 208000
2000315 208656 208656
2000316 209328 209328
2000317 210000 210000
2000318 210656 210656
2000319 211328 211328
2000320 212000 212000
2000321 212656 212656
2000322 213328 213328
2000323 214000 214000
2000324 214656 214656
2000325 215328 215328
2000326 216000 216000
2000327 216656 216656
2000328 217328 217328
2000329 218000 218000
2000330 218656 218656
2000331 219328 219328
2000332 220000 220000
2000333 220656 220656
2000334 221328 221328
2000335 222000 222000
2000336 222656 222656
2000337 223328 223328
2000338 224000 224000
2000339 224656 224656
2000340 225328 225328
2000341 226000 226000
2000342 226656 226656
2000343 227328 227328
2000344 228000 228000
2000345 228656 228656
2000346 229328 229328
2000347 230000 230000
2000348 230656 230656
2000349 231328 231328
2000350 232000 232000
2000351 232656 232656
2000352 233328 233328
2000353 234000 234000
2000354 234656 234656
2000355 235328 235328
2000356 236000 236000
2000357 236656 236656
2000358 237328 237328
2000359 238000 238000
2000360 238656 238656
2000361 239328 239328
2000362 240000 240000
2000363 240656 240656
2000364 241328 241328
2000365 242000 242000
2000366 242656 242656
2000367 243328 243328
2000368 244000 244000
2000369 244656 244656
2000370 245328 245328
2000371 246000 246000
2000372 246656 246656
2000373 247328 247328
2000374 248000 248000
2000375 248656 248656
2000376 249328 249328
2000377 250000 250000
2000378 250656 250656
2000379 251328 251328
2000380 252000 252000
2000381 252656 252656
2000382 253328 253328
2000383 254000 254000
2000384 254656 254656
2000385 255328 255328
2000386 256000 256000
2000387 256656 256656
2000388 257328 257328
2000389 258000 258000
2000390 258656 258656
2000391 259328 259328
2000392 260000 260000
2000393 260656 260656
2000394 261328 261328
2000395 262000 262000
2000396 262656 262656
2000397 263328 263328
2000398 264000 264000
2000399 264656 264656
2000400 265328 265328
2000401 266000 266000
2000402 266656 266656
2000403 267328 267328
2000404 268000 268000
2000405 268656 268656
2000406 269328 269328
2000407 270000 270000
2000408 270656 270656
2000409 271328 271328
2000410 272000 272000
2000411 272656 272656
2000412 273328 273328
2000413 274000 274000
2000414 274656 274656
2000415 275328 275328
2000416 276000 276000
2000417 276656 276656
2000418 277328 277328
2000419 278000 278000
2000420 278656 278656
2000421 279328 279328
2000422 280000 280000
2000423 280656 280656
2000424 281328 281328
2000425 282000 282000
2000426 282656 282656
2000427 283328 283328
2000428 284000 284000
2000429 284656 284656
2000430 285328 285328
2000431 286000 286000
2000432 286656 286656
2000433 287328 287328
2000434 288000 288000
2000435 288656 288656
2000436 289328 289328
2000437 290000 290000
2000438 290656 290656
2000439 291328 291328
2000440 292000 292000
2000441 292656 292656
2000442 293328 293328
2000443 294000 294000
2000444 294656 294656
2000445 295328 295328
2000446 296000 296000
2000447 296656 296656
2000448 297328 297328
2000449 298000 298000
2000450 298656 298656
2000451 299328 299328
2000452 300000 300000
2000453 300656 300656
2000454 301328 301328
2000455 302000 302000
2000456 302656 302656
2000457 303328 303328
2000458 304000 304000
2000459 304656 304656
2000460 305328 305328
2000461 306000 306000
2000462 306656 306656
2000463 307328 307328
2000464 308000 308000
2000465 308656 308656
2000466 309328 309328
2000467 310000 310000
2000468 310656 310656
2000469 311328 311328
2000470 312000 312000
2000471 312656 312656
2000472 313328 313328
2000473 314000 314000
2000474 314656 314656
2000475 315328 315328
2000476 316000 316000
2000477 316656 316656
2000478 317328 317328
2000479 318000 318000
2000480 318656 318656
2000481 319328 319328
2000482 320000 320000
2000483 320656 320656
2000484 321328 321328
2000485 322000 322000
2000486 322656 322656
2000487 323328 323328
2000488 324000 324000
2000489 324656 324656
2000490 325328 325328
2000491 326000 326000
2000492 326656 326656
2000493 327328 327328
2000494 328000 328000
2000495 328656 328656
2000496 329328 329328
2000497 330000 330000
2000498 330656 330656
2000499 331328 331328
2000500 332000 332000
2000501 332656 332656
2000502 333328 333328
2000503 334000 334000
2000504 334656 334656
2000505 335328 335328
2000506 336000 336000
2000507 336656 336656
2000508 337328 337328
2000509 338000 338000
2000510 338656 338656
2000511 339328 339328
2000512 340000 340000
2000513 340656 340656
2000514 341328 341328
2000515 342000 342000
2000516 342656 342656
2000517 343328 343328
2000518 344000 344000
2000519 344656 344656
2000520 345328 345328
2000521 346000 346000
2000522 346656 346656
2000523 347328 347328
2000524 348000 348000
2000525 348656 348656
2000526 349328 349328
2000527 350000 350000
2000528 350656 350656
2000529 351328 351328
2000530 352000 352000
2000531 352656 352656
2000532 353328 353328
2000533 354000 354000
2000534 354656 354656
2000535 355328 355328
2000536 356000 356000
2000537 356656 356656
2000538 357328 357328
2000539 358000 358000
2000540 358656 358656
2000541 359328 359328
2000542 360000 360000
2000543 360656 360656
2000544 361328 361328
2000545 362000 362000
2000546 362656 362656
2000547 363328 363328
2000548 364000 364000
2000549 364656 364656
2000550 365328 365328
2000551 366000 366000
2000552 366656 366656
2000553 367328 367328
2000554 368000 368000
2000555 368656 368656
2000556 369328 369328
2000557 370000 370000
2000558 370656 370656
2000559 371328 371328
2000560 372000 372000
2000561 372656 372656
2000562 373328 373328
2000563 374000 374000
2000564 374656 374656
2000565 375328 375328
2000566 376000 376000
2000567 376656 376656
2000568 377328 377328
2000569 378000 378000
2000570 378656 378656
2000571 379328 379328
2000572 380000 380000
2000573 380656 380656
2000574 381328 381328
2000575 382000 382000
2000576 382656 382656
2000577 383328 383328
2000578 384000 384000
2000579 384656 384656
2000580 385328 385328
2000581 386000 386000
2000582 386656 386656
2000583 387328 387328
2000584 388000 388000
2000585 388656 388656
2000586 389328 389328
2000587 390000 390000
2000588 390656 390656
2000589 391328 391328
2000590 392000 392000
2000591 392656 392656
2000592 393328 393328
2000593 394000 394000
2000594 394656 394656
2000595 395328 395328
2000596 396000 396000
2000597 396656 396656
2000598 397328 397328
2000599 398000 398000
2000600 398656 398656
2000601 399328 399328
2000602 400000 400000
2000603 400656 400656
2000604 401328 401328
2000605 402000 402000
2000606 402656 402656
2000607 403328 403328
2000608 404000 404000
2000609 404656 404656
2000610 405328 405328
2000611 406000 406000
2000612 406656 406656
2000613 407328 407328
2000614 408000 408000
2000615 408656 408656
2000616 409328 409328
2000617 410000 410000
2000618 410656 410656
2000619 411328 411328
2000620 412000 412000
2000621 412656 412656
2000622 413328 413328
2000623 414000 414000
2000624 414656 414656
2000625 415328 415328
2000626 416000 416000
2000627 416656 416656
2000628 417328 417328
2000629 418000 418000
2000630 418656 418656
2000631 419328 419328
2000632 420000 420000
2000633 420656 420656
2000634 421328 421328
2000635 422000 422000
2000636 422656 422656
2000637 423328 423328
2000638 424000 424000
2000639 424656 424656
2000640 425328 425328
2000641 426000 426000
2000642 426656 426656
2000643 427328 427328
2000644 428000 428000
2000645 428656 428656
2000646 429328 429328
2000647 430000 430000
2000648 430656 430656
2000649 431328 431328
2000650 432000 432000
2000651 432656 432656
2000652 433328 433328
2000653 434000 434000
2000654 434656 434656
2000655 435328 435328
2000656 436000 436000
2000657 436656 436656
2000658 437328 437328
2000659 438000 438000
2000660 438656 438656
2000661 439328 439328
2000662 440000 440000
2000663 440656 440656
2000664 441328 441328
2000665 442000 442000
2000666 442656 442656
2000667 443328 443328
2000668 444000 444000
2000669 444656 444656
2000670 445328 445328
2000671 446000 446000
2000672 446656 446656
2000673 447328 447328
2000674 448000 448000
2000675 448656 448656
2000676 449328 449328
2000677 450000 450000
2000678 450656 450656
2000679 451328 451328
2000680 452000 452000
2000681 452656 452656
2000682 453328 453328
2000683 454000 454000
2000684 454656 454656
2000685 455328 455328
2000686 456000 456000
2000687 456656 456656
2000688 457328 457328
2000689 458000 458000
2000690 458656 458656
2000691 459328 459328
2000692 460000 460000
2000693 460656 460656
2000694 461328 461328
2000695 462000 462000
2000696 462656 462656
2000697 463328 463328
2000698 464000 464000
2000699 464656 464656
2000700 465328 465328
2000701 466000 466000
2000702 466656 466656
2000703 467328 467328
2000704 468000 468000
2000705 468656 468656
2000706 469328 469328
2000707 470000 470000
2000708 470656 470656
2000709 471328 471328
2000710 472000 472000
2000711 472656 472656
2000712 473328 473328
2000713 474000 474000
2000714 474656 474656
2000715 475328 475328
2000716 476000 476000
2000717 476656 476656
2000718 477328 477328
2000719 478000 478000
2000720 478656 478656
2000721 479328 479328
2000722 480000 480000
2000723 480656 480656
2000724 481328 481328
2000725 482000 482000
2000726 482656 482656
2000727 483328 483328
2000728 484000 484000
2000729 484656 484656
2000730 485328 485328
2000731 486000 486000
2000732 486656 486656
2000733 487328 487328
2000734 488000 488000
2000735 488656 488656
2000736 489328 489328
2000737 490000 490000
2000738 490656 490656
2000739 491328 491328
2000740 492000 492000
2000741 492656 492656
2000742 493328 493328
2000743 494000 494000
2000744 494656 494656
2000745 495328 495328
2000746 496000 496000
2000747 496656 496656
2000748 497328 497328
2000749 498000 498000
2000750 498656 498656
2000751 499328 499328
2000752 500000 500000
2000753 500656 500656
2000754 501328 501328
2000755 502000 502000
2000756 502656 502656
2000757 503328 503328
2000758 504000 504000
2000759 504656 504656
2000760 505328 505328
2000761 506000 506000
2000762 506656 506656
2000763 507328 507328
2000764 508000 508000
2000765 508656 508656
2000766 509328 509328
2000767 510000 510000
2000768 510656 510656
2000769 511328 511328
2000770 512000 512000
2000771 512656 512656
2000772 513328 513328
2000773 514000 514000
2000774 514656 514656
2000775 515328 515328
2000776 516000 516000
2000777 516656 516656
2000778 517328 517328
2000779 518000 518000
2000780 518656 518656
2000781 519328 519328
2000782 520000 520000
2000783 520656 520656
2000784 521328 521328
2000785 522000 522000
2000786 522656 522656
2000787 523328 523328
2000788 524000 524000
2000789 524656 524656
2000790 525328 525328
2000791 526000 526000
2000792 526656 526656
2000793 527328 527328
2000794 528000 528000
2000795 528656 528656
2000796 529328 529328
2000797 530000 530000
2000798 530656 530656
2000799 531328 531328
2000800 532000 532000
2000801 532656 532656
2000802 533328 533328
2000803 534000 534000
2000804 534656 534656
2000805 535328 535328
2000806 536000 536000
2000807 536656 536656
2000808 537328 537328
2000809 538000 538000
2000810 538656 538656
2000811 539328 539328
2000812 540000 540000
2000813 540656 540656
2000814 541328 541328
2000815 542000 542000
2000816 542656 542656
2000817 543328 543328
2000818 544000 544000
2000819 544656 544656
2000820 545328 545328
2000821 546000 546000
2000822 546656 546656
2000823 547328 547328
2000824 548000 548000
2000825 548656 548656
2000826 549328 549328
2000827 550000 550000
2000828 550656 550656
2000829 551328 551328
2000830 552000 552000
2000831 552656 552656
2000832 553328 553328
2000833 554000 554000
2000834 554656 554656
2000835 555328 555328
2000836 556000 556000
2000837 556656 556656
2000838 557328 557328
2000839 558000 558000
2000840 558656 558656
2000841 559328 559328
2000842 560000 560000
2000843 560656 560656
2000844 561328 561328
2000845 562000 562000
2000846 562656 562656
2000847 563328 563328
2000848 564000 564000
2000849 564656 564656
2000850 565328 565328
2000851 566000 566000
2000852 566656 566656
2000853 567328 567328
2000854 568000 568000
2000855 568656 568656
2000856 569328 569328
2000857 570000 570000
2000858 570656 570656
2000859 571328 571328
2000860 572000 572000
2000861 572656 572656
2000862 573328 573328
2000863 574000 574000
2000864 574656 574656
2000865 575328 575328
2000866 576000 576000
2000867 576656 576656
2000868 577328 577328
2000869 578000 578000
2000870 578656 578656
2000871 579328 579328
2000872 580000 580000
2000873 580656 580656
2000874 581328 581328
2000875 582000 582000
2000876 582656 582656
2000877 583328 583328
2000878 584000 584000
2000879 584656 584656
2000880 585328 585328
2000881 586000 586000
2000882 586656 586656
2000883 587328 587328
2000884 588000 588000
2000885 588656 588656
2000886 589328 589328
2000887 590000 590000
2000888 590656 590656
2000889 591328 591328
2000890 592000 592000
2000891 592656 592656
2000892 593328 593328
2000893 594000 594000
2000894 594656 594656
2000895 595328 595328
2000896 596000 596000
2000897 596656 596656
2000898 597328 597328
2000899 598000 598000
2000900 598656 598656
2000901 599328 599328
2000902 600000 600000
2000903 600656 600656
2000904 601328 601328
2000905 602000 602000
2000906 602656 602656
2000907 603328 603328
2000908 604000 604000
2000909 604656 604656
2000910 605328 605328
2000911 606000 606000
2000912 606656 606656
2000913 607328 607328
2000914 608000 608000
2000915 608656 608656
2000916 609328 609328
2000917 610000 610000
2000918 610656 610656
2000919 611328 611328
2000920 612000 612000
2000921 612656 612656
2000922 613328 613328
2000923 614000 614000
2000924 614656 614656
2000925 615328 615328
2000926 616000 616000
2000927 616656 616656
2000928 617328 617328
2000929 618000 618000
2000930 618656 618656
2000931 619328 619328
2000932 620000 620000
2000933 620656 620656
2000934 621328 621328
2000935 622000 622000
2000936 622656 622656
2000937 623328 623328
2000938 624000 624000
2000939 624656 624656
2000940 625328 625328
2000941 626000 626000
2000942 626656 626656
2000943 627328 627328
2000944 628000 628000
2000945 628656 628656
2000946 629328 629328
2000947 630000 630000
2000948 630656 630656
2000949 631328 631328
2000950 632000 632000
2000951 632656 632656
2000952 633328 633328
2000953 634000 634000
2000954 634656 634656
2000955 635328 635328
2000956 636000 636000
2000957 636656 636656
2000958 637328 637328
2000959 638000 638000
2000960 638656 638656
2000961 639328 639328
2000962 640000 640000
2000963 640656 640656
2000964 641328 641328
2000965 642000 642000
2000966 642656 642656
2000967 643328 643328
2000968 644000 644000
2000969 644656 644656
2000970 645328 645328
2000971 646000 646000
2000972 646656 646656
2000973 647328 647328
2000974 648000 648000
2000975 648656 648656
2000976 649328 649328
2000977 650000 650000
2000978 650656 650656
2000979 651328 651328
2000980 652000 652000
2000981 652656 652656
2000982 653328 653328
2000983 654000 654000
2000984 654656 654656
2000985 655328 655328
2000986 656000 656000
2000987 656656 656656
2000988 657328 657328
2000989 658000 658000
2000990 658656 658656
2000991 659328 659328
2000992 660000 660000
2000993 660656 660656
2000994 661328 661328
2000995 662000 662000
2000996 662656 662656
2000997 663328 663328
2000998 664000 664000
2000999 664656 664656
2001000 665328 665328
2001001 666000 666000
2001002 666656 666656
2001003 667328 667328
2001004 668000 668000
2001005 668656 668656
2001006 669328 669328
2001007 670000 670000
2001008 670656 670656
2001009 671328 671328
2001010 672000 672000
2001011 672656 672656
2001012 673328 673328
2001013 674000 674000
2001014 674656 674656
2001015 675328 675328
2001016 676000 676000
2001017 676656 676656
2001018 677328 677328
2001019 678000 678000
2001020 678656 678656
2001021 679328 679328
2001022 680000 680000
2001023 680656 680656
2001024 681328 681328
2001025 682000 682000
2001026 682656 682656
2001027 683328 683328
2001028 684000 684000
2001029 684656 684656
2001030 685328 685328
2001031 686000 686000
2001032 686656 686656
2001033 687328 687328
2001034 688000 688000
2001035 688656 688656
2001036 689328 689328
2001037 690000 690000
2001038 690656 690656
2001039 691328 691328
2001040 692000 692000
2001041 692656 692656
2001042 693328 693328
2001043 694000 694000
2001044 694656 694656
2001045 695328 695328
2001046 696000 696000
2001047 696656 696656
2001048 697328 697328
2001049 698000 698000
2001050 698656 698656
2001051 699328 699328
2001052 700000 700000
2001053 700656 700656
2001054 701328 701328
2001055 702000 702000
2001056 702656 702656
2001057 703328 703328
2001058 704000 704000
2001059 704656 704656
2001060 705328 705328
2001061 706000 706000
2001062 706656 706656
2001063 707328 707328
2001064 708000 708000
2001065 708656 708656
2001066 709328 709328
2001067 710000 710000
2001068 710656 710656
2001069 711328 711328
2001070 712000 712000
2001071 712656 712656
2001072 713328 713328
2001073 714000 714000
2001074 714656 714656
2001075 715328 715328
2001076 716000 716000
2001077 716656 716656
2001078 717328 717328
2001079 718000 718000
2001080 718656 718656
2001081 719328 719328
2001082 720000 720000
2001083 720656 720656
2001084 721328 721328
2001085 722000 722000
2001086 722656 722656
2001087 723328 723328
2001088 724000 724000
2001089 724656 724656
2001090 725328 725328
2001091 726000 726000
2001092 726656 726656
2001093 727328 727328
2001094 728000 728000
2001095 728656 728656
2001096 729328 729328
2001097 730000 730000
2001098 730656 730656
2001099 731328 731328
2001100 732000 732000
2001101 732656 732656
2001102 733328 733328
2001103 734000 734000
2001104 734656 734656
2001105 735328 735328
2001106 736000 736000
2001107 736656 736656
2001108 737328 737328
2001109 738000 738000
2001110 738656 738656
2001111 739328 739328
2001112 740000 740000
2001113 740656 740656
2001114 741328 741328
2001115 742000 742000
2001116 742656 742656
2001117 743328 743328
2001118 744000 744000
2001119 744656 744656
2001120 745328 745328
2001121 746000 746000
2001122 746656 746656
2001123 747328 747328
2001124 748000 748000
2001125 748656 748656
2001126 749328 749328
2001127 750000 750000
2001128 750656 750656
2001129 751328 751328
2001130 752000 752000
2001131 752656 752656
2001132 753328 753328
2001133 754000 754000
2001134 754656 754656
2001135 755328 755328
2001136 756000 756000
2001137 756656 756656
2001138 757328 757328
2001139 758000 758000
2001140 758656 758656
2001141 759328 759328
2001142 760000 760000
2001143 760656 760656
2001144 761328 761328
2001145 762000 762000
2001146 762656 762656
2001147 763328 763328
2001148 764000 764000
2001149 764656 764656
2001150 765328 765328
2001151 766000 766000
2001152 766656 766656
2001153 767328 767328
2001154 768000 768000
2001155 768656 768656
2001156 769328 769328
2001157 770000 770000
2001158 770656 770656
2001159 771328 771328
2001160 772000 772000
2001161 772656 772656
2001162 773328 773328
2001163 774000 774000
2001164 774656 774656
2001165 775328 775328
2001166 776000 776000
2001167 776656 776656
2001168 777328 777328
2001169 778000 778000
2001170 778656 778656
2001171 779328 779328
2001172 780000 780000
2001173 780656 780656
2001174 781328 781328
2001175 782000 782000
2001176 782656 782656
2001177 783328 783328
2001178 784000 784000
2001179 784656 784656
2001180 785328 785328
2001181 786000 786000
2001182 786656 786656
2001183 787328 787328
2001184 788000 788000
2001185 788656 788656
2001186 789328 789328
2001187 790000 790000
2001188 790656 790656
2001189 791328 791328
2001190 792000 792000
2001191 792656 792656
2001192 793328 793328
2001193 794000 794000
2001194 794656 794656
2001195 795328 795328
2001196 796000 796000
2001197 796656 796656
2001198 797328 797328
2001199 798000 798000
2001200 798656 798656
2001201 799328 799328
2001202 800000 800000
2001203 800656 800656
2001204 801328 801328
2001205 802000 802000
2001206 802656 802656
2001207 803328 803328
2001208 804000 804000
2001209 804656 804656
2001210 805328 805328
2001211 806000 806000
2001212 806656 806656
2001213 807328 807328
2001214 808000 808000
2001215 808656 808656
2001216 809328 809328
2001217 810000 810000
2001218 810656 810656
2001219 811328 811328
2001220 812000 812000
2001221 812656 812656
2001222 813328 813328
2001223 814000 814000
2001224 814656 814656
2001225 815328 815328
2001226 816000 816000
2001227 816656 816656
2001228 817328 817328
2001229 818000 818000
2001230 818656 818656
2001231 819328 819328
2001232 820000 820000
2001233 820656 820656
2001234 821328 821328
2001235 822000 822000
2001236 822656 822656
2001237 823328 823328
2001238 824000 824000
2001239 824656 824656
2001240 825328 825328
2001241 826000 826000
2001242 826656 826656
2001243 827328 827328
2001244 828000 828000
2001245 828656 828656
2001246 829328 829328
2001247 830000 830000
2001248 830656 830656
2001249 831328 831328
2001250 832000 832000
2001251 832656 832656
2001252 833328 833328
2001253 834000 834000
2001254 834656 834656
2001255 835328 835328
2001256 836000 836000
2001257 836656 836656
2001258 837328 837328
2001259 838000 838000
2001260 838656 838656
2001261 839328 839328
2001262 840000 840000
2001263 840656 840656
2001264 841328 841328
2001265 842000 842000
2001266 842656 842656
2001267 843328 843328
2001268 844000 844000
2001269 844656 844656
2001270 845328 845328
2001271 846000 846000
2001272 846656 846656
2001273 847328 847328
2001274 848000 848000
2001275 848656 848656
2001276 849328 849328
2001277 850000 850000
2001278 850656 850656
2001279 851328 851328
2001280 852000 852000
2001281 852656 852656
2001282 853328 853328
2001283 854000 854000
2001284 854656 854656
2001285 855328 855328
2001286 856000 856000
2001287 856656 856656
2001288 857328 857328
2001289 858000 858000
2001290 858656 858656
2001291 859328 859328
2001292 860000 860000
2001293 860656 860656
2001294 861328 861328
2001295 862000 862000
2001296 862656 862656
2001297 863328 863328
2001298 864000 864000
2001299 864656 864656
2001300 865328 865328
2001301 866000 866000
2001302 866656 866656
2001303 867328 867328
2001304 868000 868000
2001305 868656 868656
2001306 869328 869328
2001307 870000 870000
2001308 870656 870656
2001309 871328 871328
2001310 872000 872000
2001311 872656 872656
2001312 873328 873328
2001313 874000 874000
2001314 874656 874656
2001315 875328 875328
2001316 876000 876000
2001317 876656 876656
2001318 877328 877328
2001319 878000 878000
2001320 878656 878656
2001321 879328 879328
2001322 880000 880000
2001323 880656 880656
2001324 881328 881328
2001325 882000 882000
2001326 882656 882656
2001327 883328 883328
2001328 884000 884000
2001329 884656 884656
2001330 885328 885328
2001331 886000 886000
2001332 886656 886656
2001333 887328 887328
2001334 888000 888000
2001335 888656 888656
2001336 889328 889328
2001337 890000 890000
2001338 890656 890656
2001339 891328 891328
2001340 892000 892000
2001341 892656 892656
2001342 893328 893328
2001343 894000 894000
2001344 894656 894656
2001345 895328 895328
2001346 896000 896000
2001347 896656 896656
2001348 897328 897328
2001349 898000 898000
2001350 898656 898656
2001351 899328 899328
2001352 900000 900000
2001353 900656 900656
2001354 901328 901328
2001355 902000 902000
2001356 902656 902656
2001357 903328 903328
2001358 904000 904000
2001359 904656 904656
2001360 905328 905328
2001361 906000 906000
2001362 906656 906656
2001363 907328 907328
2001364 908000 908000
2001365 908656 908656
2001366 909328 909328
2001367 910000 910000
2001368 910656 910656
2001369 911328 911328
2001370 912000 912000
2001371 912656 912656
2001372 913328 913328
2001373 914000 914000
2001374 914656 914656
2001375 915328 915328
2001376 916000 916000
2001377 916656 916656
2001378 917328 917328
2001379 918000 918000
2001380 918656 918656
2001381 919328 919328
2001382 920000 920000
2001383 920656 920656
2001384 921328 921328
2001385 922000 922000
2001386 922656 922656
2001387 923328 923328
2001388 924000 924000
2001389 924656 924656
2001390 925328 925328
2001391 926000 926000
2001392 926656 926656
2001393 927328 927328
2001394 928000 928000
2001395 928656 928656
2001396 929328 929328
2001397 930000 930000
2001398 930656 930656
2001399 931328 931328
2001400 932000 932000
2001401 932656 932656
2001402 933328 933328
2001403 934000 934000
2001404 934656 934656
2001405 935328 935328
2001406 936000 936000
2001407 936656 936656
2001408 937328 937328
2001409 938000 938000
2001410 938656 938656
2001411 939328 939328
2001412 940000 940000
2001413 940656 940656
2001414 941328 941328
2001415 942000 942000
2001416 942656 942656
2001417 943328 943328
2001418 944000 944000
2001419 944656 944656
2001420 945328 945328
2001421 946000 946000
2001422 946656 946656
2001423 947328 947328
2001424 948000 948000
2001425 948656 948656
2001426 949328 949328
2001427 950000 950000
2001428 950656 950656
2001429 951328 951328
2001430 952000 952000
2001431 952656 952656
2001432 953328 953328
2001433 954000 954000
2001434 954656 954656
2001435 955328 955328
2001436 956000 956000
2001437 956656 956656
2001438 957328 957328
2001439 958000 958000
2001440 958656 958656
2001441 959328 959328
2001442 960000 960000
2001443 960656 960656
2001444 961328 961328
2001445 962000 962000
2001446 962656 962656
2001447 963328 963328
2001448 964000 964000
2001449 964656 964656
2001450 965328 965328
2001451 966000 966000
2001452 966656 966656
2001453 967328 967328
2001454 968000 968000
2001455 968656 968656
2001456 969328 969328
2001457 970000 970000
2001458 970656 970656
2001459 971328 971328
2001460 972000 972000
2001461 972656 972656
2001462 973328 973328
2001463 974000 974000
2001464 974656 974656
2001465 975328 975328
2001466 976000 976000
2001467 976656 976656
2001468 977328 977328
2001469 978000 978000
2001470 978656 978656
2001471 979328 979328
2001472 980000 980000
2001473 980656 980656
2001474 981328 981328
2001475 982000 982000
2001476 982656 982656
2001477 983328 983328
2001478 984000 984000
2001479 984656 984656
2001480 985328 985328
2001481 986000 986000
2001482 986656 986656
2001483 987328 987328
2001484 988000 988000
2001485 988656 988656
2001486 989328 989328
2001487 990000 990000
2001488 990656 990656
2001489 991328 991328
2001490 992000 992000
2001491 992656 992656
2001492 993328 993328
2001493 994000 994000
2001494 994656 994656
2001495 995328 995328
2001496 996000 996000
2001497 996656 996656
2001498 997328 997328
2001499 998000 998000
2001500 998656 998656
2001501 999328 999328
2001502 1e+06 1000000
2001503 1.00066e+06 1000656
2001504 1.00133e+06 1001328
2001505 1.002e+06 1002000
2001506 1.00266e+06 1002656
2001507 1.00333e+06 1003328
2001508 1.004e+06 1004000
2001509 1.00466e+06 1004656
2001510 1.00533e+06 1005328
2001511 1.006e+06 1006000
2001512 1.00666e+06 1006656
2001513 1.00733e+06 1007328
2001514 1.008e+06 1008000
2001515 1.00866e+06 1008656
2001516 1.00933e+06 1009328
2001517 1.01e+06 1010000
2001518 1.01066e+06 1010656
2001519 1.01133e+06 1011328
2001520 1.012e+06 1012000
2001521 1.01266e+06 1012656
2001522 1.01333e+06 1013328
2001523 1.014e+06 1014000
2001524 1.01466e+06 1014656
2001525 1.01533e+06 1015328
2001526 1.016e+06 1016000
2001527 1.01666e+06 1016656
2001528 1.01733e+06 1017328
2001529 1.018e+06 1018000
2001530 1.01866e+06 1018656
2001531 1.01933e+06 1019328
2001532 1.02e+06 1020000
2001533 1.02066e+06 1020656
2001534 1.02133e+06 1021328
2001535 1.022e+06 1022000
2001536 1.02266e+06 1022656
2001537 1.02333e+06 1023328
2001538 1.024e+06 1024000
2001539 1.02466e+06 1024656
2001540 1.02533e+06 1025328
2001541 1.026e+06 1026000
2001542 1.02666e+06 1026656
2001543 1.02733e+06 1027328
2001544 1.028e+06 1028000
2001545 1.02866e+06 1028656
2001546 1.02933e+06 1029328
2001547 1.03e+06 1030000
2001548 1.03066e+06 1030656
2001549 1.03133e+06 1031328
2001550 1.032e+06 1032000
2001551 1.03266e+06 1032656
2001552 1.03333e+06 1033328
2001553 1.034e+06 1034000
2001554 1.03466e+06 1034656
2001555 1.03533e+06 1035328
2001556 1.036e+06 1036000
2001557 1.03666e+06 1036656
2001558 1.03733e+06 1037328
2001559 1.038e+06 1038000
2001560 1.03866e+06 1038656
2001561 1.03933e+06 1039328
2001562 1.04e+06 1040000
2001563 1.04066e+06 1040656
2001564 1.04133e+06 1041328
2001565 1.042e+06 1042000
2001566 1.04266e+06 1042656
2001567 1.04333e+06 1043328
2001568 1.044e+06 1044000
2001569 1.04466e+06 1044656
2001570 1.04533e+06 1045328
2001571 1.046e+06 1046000
2001572 1.04666e+06 1046656
2001573 1.04733e+06 1047328
2001574 1.048e+06 1048000
2001575 1.04866e+06 1048656
2001576 1.04933e+06 1049328
2001577 1.05e+06 1050000
2001578 1.05066e+06 1050656
2001579 1.05133e+06 1051328
2001580 1.052e+06 1052000
2001581 1.05266e+06 1052656
2001582 1.05333e+06 1053328
2001583 1.054e+06 1054000
2001584 1.05466e+06 1054656
2001585 1.05533e+06 1055328
2001586 1.056e+06 1056000
2001587 1.05666e+06 1056656
2001588 1.05733e+06 1057328
2001589 1.058e+06 1058000
2001590 1.05866e+06 1058656
2001591 1.05933e+06 1059328
2001592 1.06e+06 1060000
2001593 1.06066e+06 1060656
2001594 1.06133e+06 1061328
2001595 1.062e+06 1062000
2001596 1.06266e+06 1062656
2001597 1.06333e+06 1063328
2001598 1.064e+06 1064000
2001599 1.06466e+06 1064656
2001600 1.06533e+06 1065328
2001601 1.066e+06 1066000
2001602 1.06666e+06 1066656
2001603 1.06733e+06 1067328
2001604 1.068e+06 1068000
2001605 1.06866e+06 1068656
2001606 1.06933e+06 1069328
2001607 1.07e+06 1070000
2001608 1.07066e+06 1070656
2001609 1.07133e+06 1071328
2001610 1.072e+06 1072000
2001611 1.07266e+06 1072656
2001612 1.07333e+06 1073328
2001613 1.074e+06 1074000
2001614 1.07466e+06 1074656
2001615 1.07533e+06 1075328
2001616 1.076e+06 1076000
2001617 1.07666e+06 1076656
2001618 1.07733e+06 1077328
2001619 1.078e+06 1078000
2001620 1.07866e+06 1078656
2001621 1.07933e+06 1079328
2001622 1.08e+06 1080000
2001623 1.08066e+06 1080656
2001624 1.08133e+06 1081328
2001625 1.082e+06 1082000
2001626 1.08266e+06 1082656
2001627 1.08333e+06 1083328
2001628 1.084e+06 1084000
2001629 1.08466e+06 1084656
2001630 1.08533e+06 1085328
2001631 1.086e+06 1086000
2001632 1.08666e+06 1086656
2001633 1.08733e+06 1087328
2001634 1.088e+06 1088000
2001635 1.08866e+06 1088656
2001636 1.08933e+06 1089328
2001637 1.09e+06 1090000
2001638 1.09066e+06 1090656
2001639 1.09133e+06 1091328
2001640 1.092e+06 1092000
2001641 1.09266e+06 1092656
2001642 1.09333e+06 1093328
2001643 1.094e+06 1094000
2001644 1.09466e+06 1094656
2001645 1.09533e+06 1095328
2001646 1.096e+06 1096000
2001647 1.09666e+06 1096656
2001648 1.09733e+06 1097328
2001649 1.098e+06 1098000
2001650 1.09866e+06 1098656
2001651 1.09933e+06 1099328
2001652 1.1e+06 1100000
2001653 1.10066e+06 1100656
2001654 1.10133e+06 1101328
2001655 1.102e+06 1102000
2001656 1.10266e+06 1102656
2001657 1.10333e+06 1103328
2001658 1.104e+06 1104000
2001659 1.10466e+06 1104656
2001660 1.10533e+06 1105328
2001661 1.106e+06 1106000
2001662 1.10666e+06 1106656
2001663 1.10733e+06 1107328
2001664 1.108e+06 1108000
2001665 1.10866e+06 1108656
2001666 1.10933e+06 1109328
2001667 1.11e+06 1110000
2001668 1.11066e+06 1110656
2001669 1.11133e+06 1111328
2001670 1.112e+06 1112000
2001671 1.11266e+06 1112656
2001672 1.11333e+06 1113328
2001673 1.114e+06 1114000
2001674 1.11466e+06 1114656
2001675 1.11533e+06 1115328
2001676 1.116e+06 1116000
2001677 1.11666e+06 1116656
2001678 1.11733e+06 1117328
2001679 1.118e+06 1118000
2001680 1.11866e+06 1118656
2001681 1.11933e+06 1119328
2001682 1.12e+06 1120000
2001683 1.12066e+06 1120656
2001684 1.12133e+06 1121328
2001685 1.122e+06 1122000
2001686 1.12266e+06 1122656
2001687 1.12333e+06 1123328
2001688 1.124e+06 1124000
2001689 1.12466e+06 1124656
2001690 1.12533e+06 1125328
2001691 1.126e+06 1126000
2001692 1.12666e+06 1126656
2001693 1.12733e+06 1127328
2001694 1.128e+06 1128000
2001695 1.12866e+06 1128656
2001696 1.12933e+06 1129328
2001697 1.13e+06 1130000
2001698 1.13066e+06 1130656
2001699 1.13133e+06 1131328
2001700 1.132e+06 1132000
2001701 1.13266e+06 1132656
2001702 1.13333e+06 1133328
2001703 1.134e+06 1134000
2001704 1.13466e+06 1134656
2001705 1.13533e+06 1135328
2001706 1.136e+06 1136000
2001707 1.13666e+06 1136656
2001708 1.13733e+06 1137328
2001709 1.138e+06 1138000
2001710 1.13866e+06 1138656
2001711 1.13933e+06 1139328
2001712 1.14e+06 1140000
2001713 1.14066e+06 1140656
2001714 1.14133e+06 1141328
2001715 1.142e+06 1142000
2001716 1.14266e+06 1142656
2001717 1.14333e+06 1143328
2001718 1.144e+06 1144000
2001719 1.14466e+06 1144656
2001720 1.14533e+06 1145328
2001721 1.146e+06 1146000
2001722 1.14666e+06 1146656
2001723 1.14733e+06 1147328
2001724 1.148e+06 1148000
2001725 1.14866e+06 1148656
2001726 1.14933e+06 1149328
2001727 1.15e+06 1150000
2001728 1.15066e+06 1150656
2001729 1.15133e+06 1151328
2001730 1.152e+06 1152000
2001731 1.15266e+06 1152656
2001732 1.15333e+06 1153328
2001733 1.154e+06 1154000
2001734 1.15466e+06 1154656
2001735 1.15533e+06 1155328
2001736 1.156e+06 1156000
2001737 1.15666e+06 1156656
2001738 1.15733e+06 1157328
2001739 1.158e+06 1158000
2001740 1.15866e+06 1158656
2001741 1.15933e+06 1159328
2001742 1.16e+06 1160000
2001743 1.16066e+06 1160656
2001744 1.16133e+06 1161328
2001745 1.162e+06 1162000
2001746 1.16266e+06 1162656
2001747 1.16333e+06 1163328
2001748 1.164e+06 1164000
2001749 1.16466e+06 1164656
2001750 1.16533e+06 1165328
2001751 1.166e+06 1166000
2001752 1.16666e+06 1166656
2001753 1.16733e+06 1167328
2001754 1.168e+06 1168000
2001755 1.16866e+06 1168656
2001756 1.16933e+06 1169328
2001757 1.17e+06 1170000
2001758 1.17066e+06 1170656
2001759 1.17133e+06 1171328
2001760 1.172e+06 1172000
2001761 1.17266e+06 1172656
2001762 1.17333e+06 1173328
2001763 1.174e+06 1174000
2001764 1.17466e+06 1174656
2001765 1.17533e+06 1175328
2001766 1.176e+06 1176000
2001767 1.17666e+06 1176656
2001768 1.17733e+06 1177328
2001769 1.178e+06 1178000
2001770 1.17866e+06 1178656
2001771 1.17933e+06 1179328
2001772 1.18e+06 1180000
2001773 1.18066e+06 1180656
2001774 1.18133e+06 1181328
2001775 1.182e+06 1182000
2001776 1.18266e+06 1182656
2001777 1.18333e+06 1183328
2001778 1.184e+06 1184000
2001779 1.18466e+06 1184656
2001780 1.18533e+06 1185328
2001781 1.186e+06 1186000
2001782 1.18666e+06 1186656
2001783 1.18733e+06 1187328
2001784 1.188e+06 1188000
2001785 1.18866e+06 1188656
2001786 1.18933e+06 1189328
2001787 1.19e+06 1190000
2001788 1.19066e+06 1190656
2001789 1.19133e+06 1191328
2001790 1.192e+06 1192000
2001791 1.19266e+06 1192656
2001792 1.19333e+06 1193328
2001793 1.194e+06 1194000
2001794 1.19466e+06 1194656
2001795 1.19533e+06 1195328
2001796 1.196e+06 1196000
2001797 1.19666e+06 1196656
2001798 1.19733e+06 1197328
2001799 1.198e+06 1198000
2001800 1.19866e+06 1198656
2001801 1.19933e+06 1199328
2001802 1.2e+06 1200000
2001803 1.20066e+06 1200656
2001804 1.20133e+06 1201328
2001805 1.202e+06 1202000
2001806 1.20266e+06 1202656
2001807 1.20333e+06 1203328
2001808 1.204e+06 1204000
2001809 1.20466e+06 1204656
2001810 1.20533e+06 1205328
2001811 1.206e+06 1206000
2001812 1.20666e+06 1206656
2001813 1.20733e+06 1207328
2001814 1.208e+06 1208000
2001815 1.20866e+06 1208656
2001816 1.20933e+06 1209328
2001817 1.21e+06 1210000
2001818 1.21066e+06 1210656
2001819 1.21133e+06 1211328
2001820 1.212e+06 1212000
2001821 1.21266e+06 1212656
2001822 1.21333e+06 1213328
2001823 1.214e+06 1214000
2001824 1.21466e+06 1214656
2001825 1.21533e+06 1215328
2001826 1.216e+06 1216000
2001827 1.21666e+06 1216656
2001828 1.21733e+06 1217328
2001829 1.218e+06 1218000
2001830 1.21866e+06 1218656
2001831 1.21933e+06 1219328
2001832 1.22e+06 1220000
2001833 1.22066e+06 1220656
2001834 1.22133e+06 1221328
2001835 1.222e+06 1222000
2001836 1.22266e+06 1222656
2001837 1.22333e+06 1223328
2001838 1.224e+06 1224000
2001839 1.22466e+06 1224656
2001840 1.22533e+06 1225328
2001841 1.226e+06 1226000
2001842 1.22666e+06 1226656
2001843 1.22733e+06 1227328
2001844 1.228e+06 1228000
2001845 1.22866e+06 1228656
2001846 1.22933e+06 1229328
2001847 1.23e+06 1230000
2001848 1.23066e+06 1230656
2001849 1.23133e+06 1231328
2001850 1.232e+06 1232000
2001851 1.23266e+06 1232656
2001852 1.23333e+06 1233328
2001853 1.234e+06 1234000
2001854 1.23466e+06 1234656
2001855 1.23533e+06 1235328
2001856 1.236e+06 1236000
2001857 1.23666e+06 1236656
2001858 1.23733e+06 1237328
2001859 1.238e+06 1238000
2001860 1.23866e+06 1238656
2001861 1.23933e+06 1239328
2001862 1.24e+06 1240000
2001863 1.24066e+06 1240656
2001864 1.24133e+06 1241328
2001865 1.242e+06 1242000
2001866 1.24266e+06 1242656
2001867 1.24333e+06 1243328
2001868 1.244e+06 1244000
2001869 1.24466e+06 1244656
2001870 1.24533e+06 1245328
2001871 1.246e+06 1246000
2001872 1.24666e+06 1246656
2001873 1.24733e+06 1247328
2001874 1.248e+06 1248000
2001875 1.24866e+06 1248656
2001876 1.24933e+06 1249328
2001877 1.25e+06 1250000
2001878 1.25066e+06 1250656
2001879 1.25133e+06 1251328
2001880 1.252e+06 1252000
2001881 1.25266e+06 1252656
2001882 1.25333e+06 1253328
2001883 1.254e+06 1254000
2001884 1.25466e+06 1254656
2001885 1.25533e+06 1255328
2001886 1.256e+06 1256000
2001887 1.25666e+06 1256656
2001888 1.25733e+06 1257328
2001889 1.258e+06 1258000
2001890 1.25866e+06 1258656
2001891 1.25933e+06 1259328
2001892 1.26e+06 1260000
2001893 1.26066e+06 1260656
2001894 1.26133e+06 1261328
2001895 1.262e+06 1262000
2001896 1.26266e+06 1262656
2001897 1.26333e+06 1263328
2001898 1.264e+06 1264000
2001899 1.26466e+06 1264656
2001900 1.26533e+06 1265328
2001901 1.266e+06 1266000
2001902 1.26666e+06 1266656
2001903 1.26733e+06 1267328
2001904 1.268e+06 1268000
2001905 1.26866e+06 1268656
2001906 1.26933e+06 1269328
2001907 1.27e+06 1270000
2001908 1.27066e+06 1270656
2001909 1.27133e+06 1271328
2001910 1.272e+06 1272000
2001911 1.27266e+06 1272656
2001912 1.27333e+06 1273328
2001913 1.274e+06 1274000
2001914 1.27466e+06 1274656
2001915 1.27533e+06 1275328
2001916 1.276e+06 1276000
2001917 1.27666e+06 1276656
2001918 1.27733e+06 1277328
2001919 1.278e+06 1278000
2001920 1.27866e+06 1278656
2001921 1.27933e+06 1279328
2001922 1.28e+06 1280000
2001923 1.28066e+06 1280656
2001924 1.28133e+06 1281328
2001925 1.282e+06 1282000
2001926 1.28266e+06 1282656
2001927 1.28333e+06 1283328
2001928 1.284e+06 1284000
2001929 1.28466e+06 1284656
2001930 1.28533e+06 1285328
2001931 1.286e+06 1286000
2001932 1.28666e+06 1286656
2001933 1.28733e+06 1287328
2001934 1.288e+06 1288000
2001935 1.28866e+06 1288656
2001936 1.28933e+06 1289328
2001937 1.29e+06 1290000
2001938 1.29066e+06 1290656
2001939 1.29133e+06 1291328
2001940 1.292e+06 1292000
2001941 1.29266e+06 1292656
2001942 1.29333e+06 1293328
2001943 1.294e+06 1294000
2001944 1.29466e+06 1294656
2001945 1.29533e+06 1295328
2001946 1.296e+06 1296000
2001947 1.29666e+06 1296656
2001948 1.29733e+06 1297328
2001949 1.298e+06 1298000
2001950 1.29866e+06 1298656
2001951 1.29933e+06 1299328
2001952 1.3e+06 1300000
2001953 1.30066e+06 1300656
2001954 1.30133e+06 1301328
2001955 1.302e+06 1302000
2001956 1.30266e+06 1302656
2001957 1.30333e+06 1303328
2001958 1.304e+06 1304000
2001959 1.30466e+06 1304656
2001960 1.30533e+06 1305328
2001961 1.306e+06 1306000
2001962 1.30666e+06 1306656
2001963 1.30733e+06 1307328
2001964 1.308e+06 1308000
2001965 1.30866e+06 1308656
2001966 1.30933e+06 1309328
2001967 1.31e+06 1310000
2001968 1.31066e+06 1310656
2001969 1.31133e+06 1311328
2001970 1.312e+06 1312000
2001971 1.31266e+06 1312656
2001972 1.31333e+06 1313328
2001973 1.314e+06 1314000
2001974 1.31466e+06 1314656
2001975 1.31533e+06 1315328
2001976 1.316e+06 1316000
2001977 1.31666e+06 1316656
2001978 1.31733e+06 1317328
2001979 1.318e+06 1318000
2001980 1.31866e+06 1318656
2001981 1.31933e+06 1319328
2001982 1.32e+06 1320000
2001983 1.32066e+06 1320656
2001984 1.32133e+06 1321328
2001985 1.322e+06 1322000
2001986 1.32266e+06 1322656
2001987 1.32333e+06 1323328
2001988 1.324e+06 1324000
2001989 1.32466e+06 1324656
2001990 1.32533e+06 1325328
2001991 1.326e+06 1326000
2001992 1.32666e+06 1326656
2001993 1.32733e+06 1327328
2001994 1.328e+06 1328000
2001995 1.32866e+06 1328656
2001996 1.32933e+06 1329328
2001997 1.33e+06 1330000
2001998 1.33066e+06 1330656
2001999 1.33133e+06 1331328
2002000 1.332e+06 1332000
2002001 1.33266e+06 1332656
2002002 1.33333e+06 1333328
2002003 1.334e+06 1334000
2002004 1.33466e+06 1334656
2002005 1.33533e+06 1335328
2002006 1.336e+06 1336000
2002007 1.33666e+06 1336656
2002008 1.33733e+06 1337328
2002009 1.338e+06 1338000
2002010 1.33866e+06 1338656
2002011 1.33933e+06 1339328
2002012 1.34e+06 1340000
2002013 1.34066e+06 1340656
2002014 1.34133e+06 1341328
2002015 1.342e+06 1342000
2002016 1.34266e+06 1342656
2002017 1.34333e+06 1343328
2002018 1.344e+06 1344000
2002019 1.34466e+06 1344656
2002020 1.34533e+06 1345328
2002021 1.346e+06 1346000
2002022 1.34666e+06 1346656
2002023 1.34733e+06 1347328
2002024 1.348e+06 1348000
2002025 1.34866e+06 1348656
2002026 1.34933e+06 1349328
2002027 1.35e+06 1350000
2002028 1.35066e+06 1350656
2002029 1.35133e+06 1351328
2002030 1.352e+06 1352000
2002031 1.35266e+06 1352656
2002032 1.35333e+06 1353328
2002033 1.354e+06 1354000
2002034 1.35466e+06 1354656
2002035 1.35533e+06 1355328
2002036 1.356e+06 1356000
2002037 1.35666e+06 1356656
2002038 1.35733e+06 1357328
2002039 1.358e+06 1358000
2002040 1.35866e+06 1358656
2002041 1.35933e+06 1359328
2002042 1.36e+06 1360000
2002043 1.36066e+06 1360656
2002044 1.36133e+06 1361328
2002045 1.362e+06 1362000
2002046 1.36266e+06 1362656
2002047 1.36333e+06 1363328
2002048 1.364e+06 1364000
2002049 1.36466e+06 1364656
2002050 1.36533e+06 1365328
2002051 1.366e+06 1366000
2002052 1.36666e+06 1366656
2002053 1.36733e+06 1367328
2002054 1.368e+06 1368000
2002055 1.36866e+06 1368656
2002056 1.36933e+06 1369328
2002057 1.37e+06 1370000
2002058 1.37066e+06 1370656
2002059 1.37133e+06 1371328
2002060 1.372e+06 1372000
2002061 1.37266e+06 1372656
2002062 1.37333e+06 1373328
2002063 1.374e+06 1374000
2002064 1.37466e+06 1374656
2002065 1.37533e+06 1375328
2002066 1.376e+06 1376000
2002067 1.37666e+06 1376656
2002068 1.37733e+06 1377328
2002069 1.378e+06 1378000
2002070 1.37866e+06 1378656
2002071 1.37933e+06 1379328
2002072 1.38e+06 1380000
2002073 1.38066e+06 1380656
2002074 1.38133e+06 1381328
2002075 1.382e+06 1382000
2002076 1.38266e+06 1382656
2002077 1.38333e+06 1383328
2002078 1.384e+06 1384000
2002079 1.38466e+06 1384656
2002080 1.38533e+06 1385328
2002081 1.386e+06 1386000
2002082 1.38666e+06 1386656
2002083 1.38733e+06 1387328
2002084 1.388e+06 1388000
2002085 1.38866e+06 1388656
2002086 1.38933e+06 1389328
2002087 1.39e+06 1390000
2002088 1.39066e+06 1390656
2002089 1.39133e+06 1391328
2002090 1.392e+06 1392000
2002091 1.39266e+06 1392656
2002092 1.39333e+06 1393328
2002093 1.394e+06 1394000
2002094 1.39466e+06 1394656
2002095 1.39533e+06 1395328
2002096 1.396e+06 1396000
2002097 1.39666e+06 1396656
2002098 1.39733e+06 1397328
2002099 1.398e+06 1398000
2002100 1.39866e+06 1398656
2002101 1.39933e+06 1399328
2002102 1.4e+06 1400000
2002103 1.40066e+06 1400656
2002104 1.40133e+06 1401328
2002105 1.402e+06 1402000
2002106 1.40266e+06 1402656
2002107 1.40333e+06 1403328
2002108 1.404e+06 1404000
2002109 1.40466e+06 1404656
2002110 1.40533e+06 1405328
2002111 1.406e+06 1406000
2002112 1.40666e+06 1406656
2002113 1.40733e+06 1407328
2002114 1.408e+06 1408000
2002115 1.40866e+06 1408656
2002116 1.40933e+06 1409328
2002117 1.41e+06 1410000
2002118 1.41066e+06 1410656
2002119 1.41133e+06 1411328
2002120 1.412e+06 1412000
2002121 1.41266e+06 1412656
2002122 1.41333e+06 1413328
2002123 1.414e+06 1414000
2002124 1.41466e+06 1414656
2002125 1.41533e+06 1415328
2002126 1.416e+06 1416000
2002127 1.41666e+06 1416656
2002128 1.41733e+06 1417328
2002129 1.418e+06 1418000
2002130 1.41866e+06 1418656
2002131 1.41933e+06 1419328
2002132 1.42e+06 1420000
2002133 1.42066e+06 1420656
2002134 1.42133e+06 1421328
2002135 1.422e+06 1422000
2002136 1.42266e+06 1422656
2002137 1.42333e+06 1423328
2002138 1.424e+06 1424000
2002139 1.42466e+06 1424656
2002140 1.42533e+06 1425328
2002141 1.426e+06 1426000
2002142 1.42666e+06 1426656
2002143 1.42733e+06 1427328
2002144 1.428e+06 1428000
2002145 1.42866e+06 1428656
2002146 1.42933e+06 1429328
2002147 1.43e+06 1430000
2002148 1.43066e+06 1430656
2002149 1.43133e+06 1431328
2002150 1.432e+06 1432000
2002151 1.43266e+06 1432656
2002152 1.43333e+06 1433328
2002153 1.434e+06 1434000
2002154 1.43466e+06 1434656
2002155 1.43533e+06 1435328
2002156 1.436e+06 1436000
2002157 1.43666e+06 1436656
2002158 1.43733e+06 1437328
2002159 1.438e+06 1438000
2002160 1.43866e+06 1438656
2002161 1.43933e+06 1439328
2002162 1.44e+06 1440000
2002163 1.44066e+06 1440656
2002164 1.44133e+06 1441328
2002165 1.442e+06 1442000
2002166 1.44266e+06 1442656
2002167 1.44333e+06 1443328
2002168 1.444e+06 1444000
2002169 1.44466e+06 1444656
2002170 1.44533e+06 1445328
2002171 1.446e+06 1446000
2002172 1.44666e+06 1446656
2002173 1.44733e+06 1447328
2002174 1.448e+06 1448000
2002175 1.44866e+06 1448656
2002176 1.44933e+06 1449328
2002177 1.45e+06 1450000
2002178 1.45066e+06 1450656
2002179 1.45133e+06 1451328
2002180 1.452e+06 1452000
2002181 1.45266e+06 1452656
2002182 1.45333e+06 1453328
2002183 1.454e+06 1454000
2002184 1.45466e+06 1454656
2002185 1.45533e+06 1455328
2002186 1.456e+06 1456000
2002187 1.45666e+06 1456656
2002188 1.45733e+06 1457328
2002189 1.458e+06 1458000
2002190 1.45866e+06 1458656
2002191 1.45933e+06 1459328
2002192 1.46e+06 1460000
2002193 1.46066e+06 1460656
2002194 1.46133e+06 1461328
2002195 1.462e+06 1462000
2002196 1.46266e+06 1462656
2002197 1.46333e+06 1463328
2002198 1.464e+06 1464000
2002199 1.46466e+06 1464656
2002200 1.46533e+06 1465328
2002201 1.466e+06 1466000
2002202 1.46666e+06 1466656
2002203 1.46733e+06 1467328
2002204 1.468e+06 1468000
2002205 1.46866e+06 1468656
2002206 1.46933e+06 1469328
2002207 1.47e+06 1470000
2002208 1.47066e+06 1470656
2002209 1.47133e+06 1471328
2002210 1.472e+06 1472000
2002211 1.47266e+06 1472656
2002212 1.47333e+06 1473328
2002213 1.474e+06 1474000
2002214 1.47466e+06 1474656
2002215 1.47533e+06 1475328
2002216 1.476e+06 1476000
2002217 1.47666e+06 1476656
2002218 1.47733e+06 1477328
2002219 1.478e+06 1478000
2002220 1.47866e+06 1478656
2002221 1.47933e+06 1479328
2002222 1.48e+06 1480000
2002223 1.48066e+06 1480656
2002224 1.48133e+06 1481328
2002225 1.482e+06 1482000
2002226 1.48266e+06 1482656
2002227 1.48333e+06 1483328
2002228 1.484e+06 1484000
2002229 1.48466e+06 1484656
2002230 1.48533e+06 1485328
2002231 1.486e+06 1486000
2002232 1.48666e+06 1486656
2002233 1.48733e+06 1487328
2002234 1.488e+06 1488000
2002235 1.48866e+06 1488656
2002236 1.48933e+06 1489328
2002237 1.49e+06 1490000
2002238 1.49066e+06 1490656
2002239 1.49133e+06 1491328
2002240 1.492e+06 1492000
2002241 1.49266e+06 1492656
2002242 1.49333e+06 1493328
2002243 1.494e+06 1494000
2002244 1.49466e+06 1494656
2002245 1.49533e+06 1495328
2002246 1.496e+06 1496000
2002247 1.49666e+06 1496656
2002248 1.49733e+06 1497328
2002249 1.498e+06 1498000
2002250 1.49866e+06 1498656
2002251 1.49933e+06 1499328
2002252 1.5e+06 1500000
2002253 1.50066e+06 1500656
2002254 1.50133e+06 1501328
2002255 1.502e+06 1502000
2002256 1.50266e+06 1502656
2002257 1.50333e+06 1503328
2002258 1.504e+06 1504000
2002259 1.50466e+06 1504656
2002260 1.50533e+06 1505328
2002261 1.506e+06 1506000
2002262 1.50666e+06 1506656
2002263 1.50733e+06 1507328
2002264 1.508e+06 1508000
2002265 1.50866e+06 1508656
2002266 1.50933e+06 1509328
2002267 1.51e+06 1510000
2002268 1.51066e+06 1510656
2002269 1.51133e+06 1511328
2002270 1.512e+06 1512000
2002271 1.51266e+06 1512656
2002272 1.51333e+06 1513328
2002273 1.514e+06 1514000
2002274 1.51466e+06 1514656
2002275 1.51533e+06 1515328
2002276 1.516e+06 1516000
2002277 1.51666e+06 1516656
2002278 1.51733e+06 1517328
2002279 1.518e+06 1518000
2002280 1.51866e+06 1518656
2002281 1.51933e+06 1519328
2002282 1.52e+06 1520000
2002283 1.52066e+06 1520656
2002284 1.52133e+06 1521328
2002285 1.522e+06 1522000
2002286 1.52266e+06 1522656
2002287 1.52333e+06 1523328
2002288 1.524e+06 1524000
2002289 1.52466e+06 1524656
2002290 1.52533e+06 1525328
2002291 1.526e+06 1526000
2002292 1.52666e+06 1526656
2002293 1.52733e+06 1527328
2002294 1.528e+06 1528000
2002295 1.52866e+06 1528656
2002296 1.52933e+06 1529328
2002297 1.53e+06 1530000
2002298 1.53066e+06 1530656
2002299 1.53133e+06 1531328
2002300 1.532e+06 1532000
2002301 1.53266e+06 1532656
2002302 1.53333e+06 1533328
2002303 1.534e+06 1534000
2002304 1.53466e+06 1534656
2002305 1.53533e+06 1535328
2002306 1.536e+06 1536000
2002307 1.53666e+06 1536656
2002308 1.53733e+06 1537328
2002309 1.538e+06 1538000
2002310 1.53866e+06 1538656
2002311 1.53933e+06 1539328
2002312 1.54e+06 1540000
2002313 1.54066e+06 1540656
2002314 1.54133e+06 1541328
2002315 1.542e+06 1542000
2002316 1.54266e+06 1542656
2002317 1.54333e+06 1543328
2002318 1.544e+06 1544000
2002319 1.54466e+06 1544656
2002320 1.54533e+06 1545328
2002321 1.546e+06 1546000
2002322 1.54666e+06 1546656
2002323 1.54733e+06 1547328
2002324 1.548e+06 1548000
2002325 1.54866e+06 1548656
2002326 1.54933e+06 1549328
2002327 1.55e+06 1550000
2002328 1.55066e+06 1550656
2002329 1.55133e+06 1551328
2002330 1.552e+06 1552000
2002331 1.55266e+06 1552656
2002332 1.55333e+06 1553328
2002333 1.554e+06 1554000
2002334 1.55466e+06 1554656
2002335 1.55533e+06 1555328
2002336 1.556e+06 1556000
2002337 1.55666e+06 1556656
2002338 1.55733e+06 1557328
2002339 1.558e+06 1558000
2002340 1.55866e+06 1558656
2002341 1.55933e+06 1559328
2002342 1.56e+06 1560000
2002343 1.56066e+06 1560656
2002344 1.56133e+06 1561328
2002345 1.562e+06 1562000
2002346 1.56266e+06 1562656
2002347 1.56333e+06 1563328
2002348 1.564e+06 1564000
2002349 1.56466e+06 1564656
2002350 1.56533e+06 1565328
2002351 1.566e+06 1566000
2002352 1.56666e+06 1566656
2002353 1.56733e+06 1567328
2002354 1.568e+06 1568000
2002355 1.56866e+06 1568656
2002356 1.56933e+06 1569328
2002357 1.57e+06 1570000
2002358 1.57066e+06 1570656
2002359 1.57133e+06 1571328
2002360 1.572e+06 1572000
2002361 1.57266e+06 1572656
2002362 1.57333e+06 1573328
2002363 1.574e+06 1574000
2002364 1.57466e+06 1574656
2002365 1.57533e+06 1575328
2002366 1.576e+06 1576000
2002367 1.57666e+06 1576656
2002368 1.57733e+06 1577328
2002369 1.578e+06 1578000
2002370 1.57866e+06 1578656
2002371 1.57933e+06 1579328
2002372 1.58e+06 1580000
2002373 1.58066e+06 1580656
2002374 1.58133e+06 1581328
2002375 1.582e+06 1582000
2002376 1.58266e+06 1582656
2002377 1.58333e+06 1583328
2002378 1.584e+06 1584000
2002379 1.58466e+06 1584656
2002380 1.58533e+06 1585328
2002381 1.586e+06 1586000
2002382 1.58666e+06 1586656
2002383 1.58733e+06 1587328
2002384 1.588e+06 1588000
2002385 1.58866e+06 1588656
2002386 1.58933e+06 1589328
2002387 1.59e+06 1590000
2002388 1.59066e+06 1590656
2002389 1.59133e+06 1591328
2002390 1.592e+06 1592000
2002391 1.59266e+06 1592656
2002392 1.59333e+06 1593328
2002393 1.594e+06 1594000
2002394 1.59466e+06 1594656
2002395 1.59533e+06 1595328
2002396 1.596e+06 1596000
2002397 1.59666e+06 1596656
2002398 1.59733e+06 1597328
2002399 1.598e+06 1598000
2002400 1.59866e+06 1598656
2002401 1.59933e+06 1599328
2002402 1.6e+06 1600000
2002403 1.60066e+06 1600656
2002404 1.60133e+06 1601328
2002405 1.602e+06 1602000
2002406 1.60266e+06 1602656
2002407 1.60333e+06 1603328
2002408 1.604e+06 1604000
2002409 1.60466e+06 1604656
2002410 1.60533e+06 1605328
2002411 1.606e+06 1606000
2002412 1.60666e+06 1606656
2002413 1.60733e+06 1607328
2002414 1.608e+06 1608000
2002415 1.60866e+06 1608656
2002416 1.60933e+06 1609328
2002417 1.61e+06 1610000
2002418 1.61066e+06 1610656
2002419 1.61133e+06 1611328
2002420 1.612e+06 1612000
2002421 1.61266e+06 1612656
2002422 1.61333e+06 1613328
2002423 1.614e+06 1614000
2002424 1.61466e+06 1614656
2002425 1.61533e+06 1615328
2002426 1.616e+06 1616000
2002427 1.61666e+06 1616656
2002428 1.61733e+06 1617328
2002429 1.618e+06 1618000
2002430 1.61866e+06 1618656
2002431 1.61933e+06 1619328
2002432 1.62e+06 1620000
2002433 1.62066e+06 1620656
2002434 1.62133e+06 1621328
2002435 1.622e+06 1622000
2002436 1.62266e+06 1622656
2002437 1.62333e+06 1623328
2002438 1.624e+06 1624000
2002439 1.62466e+06 1624656
2002440 1.62533e+06 1625328
2002441 1.626e+06 1626000
2002442 1.62666e+06 1626656
2002443 1.62733e+06 1627328
2002444 1.628e+06 1628000
2002445 1.62866e+06 1628656
2002446 1.62933e+06 1629328
2002447 1.63e+06 1630000
2002448 1.63066e+06 1630656
2002449 1.63133e+06 1631328
2002450 1.632e+06 1632000
2002451 1.63266e+06 1632656
2002452 1.63333e+06 1633328
2002453 1.634e+06 1634000
2002454 1.63466e+06 1634656
2002455 1.63533e+06 1635328
2002456 1.636e+06 1636000
2002457 1.63666e+06 1636656
2002458 1.63733e+06 1637328
2002459 1.638e+06 1638000
2002460 1.63866e+06 1638656
2002461 1.63933e+06 1639328
2002462 1.64e+06 1640000
2002463 1.64066e+06 1640656
2002464 1.64133e+06 1641328
2002465 1.642e+06 1642000
2002466 1.64266e+06 1642656
2002467 1.64333e+06 1643328
2002468 1.644e+06 1644000
2002469 1.64466e+06 1644656
2002470 1.64533e+06 1645328
2002471 1.646e+06 1646000
2002472 1.64666e+06 1646656
2002473 1.64733e+06 1647328
2002474 1.648e+06 1648000
2002475 1.64866e+06 1648656
2002476 1.64933e+06 1649328
2002477 1.65e+06 1650000
2002478 1.65066e+06 1650656
2002479 1.65133e+06 1651328
2002480 1.652e+06 1652000
2002481 1.65266e+06 1652656
2002482 1.65333e+06 1653328
2002483 1.654e+06 1654000
2002484 1.65466e+06 1654656
2002485 1.65533e+06 1655328
2002486 1.656e+06 1656000
2002487 1.65666e+06 1656656
2002488 1.65733e+06 1657328
2002489 1.658e+06 1658000
2002490 1.65866e+06 1658656
2002491 1.65933e+06 1659328
2002492 1.66e+06 1660000
2002493 1.66066e+06 1660656
2002494 1.66133e+06 1661328
2002495 1.662e+06 1662000
2002496 1.66266e+06 1662656
2002497 1.66333e+06 1663328
2002498 1.664e+06 1664000
2002499 1.66466e+06 1664656
2002500 1.66533e+06 1665328
2002501 1.666e+06 1666000
2002502 1.66666e+06 1666656
2002503 1.66733e+06 1667328
2002504 1.668e+06 1668000
2002505 1.66866e+06 1668656
2002506 1.66933e+06 1669328
2002507 1.67e+06 1670000
2002508 1.67066e+06 1670656
2002509 1.67133e+06 1671328
2002510 1.672e+06 1672000
2002511 1.67266e+06 1672656
2002512 1.67333e+06 1673328
2002513 1.674e+06 1674000
2002514 1.67466e+06 1674656
2002515 1.67533e+06 1675328
2002516 1.676e+06 1676000
2002517 1.67666e+06 1676656
2002518 1.67733e+06 1677328
2002519 1.678e+06 1678000
2002520 1.67866e+06 1678656
2002521 1.67933e+06 1679328
2002522 1.68e+06 1680000
2002523 1.68066e+06 1680656
2002524 1.68133e+06 1681328
2002525 1.682e+06 1682000
2002526 1.68266e+06 1682656
2002527 1.68333e+06 1683328
2002528 1.684e+06 1684000
2002529 1.68466e+06 1684656
2002530 1.68533e+06 1685328
2002531 1.686e+06 1686000
2002532 1.68666e+06 1686656
2002533 1.68733e+06 1687328
2002534 1.688e+06 1688000
2002535 1.68866e+06 1688656
2002536 1.68933e+06 1689328
2002537 1.69e+06 1690000
2002538 1.69066e+06 1690656
2002539 1.69133e+06 1691328
2002540 1.692e+06 1692000
2002541 1.69266e+06 1692656
2002542 1.69333e+06 1693328
2002543 1.694e+06 1694000
2002544 1.69466e+06 1694656
2002545 1.69533e+06 1695328
2002546 1.696e+06 1696000
2002547 1.69666e+06 1696656
2002548 1.69733e+06 1697328
2002549 1.698e+06 1698000
2002550 1.69866e+06 1698656
2002551 1.69933e+06 1699328
2002552 1.7e+06 1700000
2002553 1.70066e+06 1700656
2002554 1.70133e+06 1701328
2002555 1.702e+06 1702000
2002556 1.70266e+06 1702656
2002557 1.70333e+06 1703328
2002558 1.704e+06 1704000
2002559 1.70466e+06 1704656
2002560 1.70533e+06 1705328
2002561 1.706e+06 1706000
2002562 1.70666e+06 1706656
2002563 1.70733e+06 1707328
2002564 1.708e+06 1708000
2002565 1.70866e+06 1708656
2002566 1.70933e+06 1709328
2002567 1.71e+06 1710000
2002568 1.71066e+06 1710656
2002569 1.71133e+06 1711328
2002570 1.712e+06 1712000
2002571 1.71266e+06 1712656
2002572 1.71333e+06 1713328
2002573 1.714e+06 1714000
2002574 1.71466e+06 1714656
2002575 1.71533e+06 1715328
2002576 1.716e+06 1716000
2002577 1.71666e+06 1716656
2002578 1.71733e+06 1717328
2002579 1.718e+06 1718000
2002580 1.71866e+06 1718656
2002581 1.71933e+06 1719328
2002582 1.72e+06 1720000
2002583 1.72066e+06 1720656
2002584 1.72133e+06 1721328
2002585 1.722e+06 1722000
2002586 1.72266e+06 1722656
2002587 1.72333e+06 1723328
2002588 1.724e+06 1724000
2002589 1.72466e+06 1724656
2002590 1.72533e+06 1725328
2002591 1.726e+06 1726000
2002592 1.72666e+06 1726656
2002593 1.72733e+06 1727328
2002594 1.728e+06 1728000
2002595 1.72866e+06 1728656
2002596 1.72933e+06 1729328
2002597 1.73e+06 1730000
2002598 1.73066e+06 1730656
2002599 1.73133e+06 1731328
2002600 1.732e+06 1732000
2002601 1.73266e+06 1732656
2002602 1.73333e+06 1733328
2002603 1.734e+06 1734000
2002604 1.73466e+06 1734656
2002605 1.73533e+06 1735328
2002606 1.736e+06 1736000
2002607 1.73666e+06 1736656
2002608 1.73733e+06 1737328
2002609 1.738e+06 1738000
2002610 1.73866e+06 1738656
2002611 1.73933e+06 1739328
2002612 1.74e+06 1740000
2002613 1.74066e+06 1740656
2002614 1.74133e+06 1741328
2002615 1.742e+06 1742000
2002616 1.74266e+06 1742656
2002617 1.74333e+06 1743328
2002618 1.744e+06 1744000
2002619 1.74466e+06 1744656
2002620 1.74533e+06 1745328
2002621 1.746e+06 1746000
2002622 1.74666e+06 1746656
2002623 1.74733e+06 1747328
2002624 1.748e+06 1748000
2002625 1.74866e+06 1748656
2002626 1.74933e+06 1749328
2002627 1.75e+06 1750000
2002628 1.75066e+06 1750656
2002629 1.75133e+06 1751328
2002630 1.752e+06 1752000
2002631 1.75266e+06 1752656
2002632 1.75333e+06 1753328
2002633 1.754e+06 1754000
2002634 1.75466e+06 1754656
2002635 1.75533e+06 1755328
2002636 1.756e+06 1756000
2002637 1.75666e+06 1756656
2002638 1.75733e+06 1757328
2002639 1.758e+06 1758000
2002640 1.75866e+06 1758656
2002641 1.75933e+06 1759328
2002642 1.76e+06 1760000
2002643 1.76066e+06 1760656
2002644 1.76133e+06 1761328
2002645 1.762e+06 1762000
2002646 1.76266e+06 1762656
2002647 1.76333e+06 1763328
2002648 1.764e+06 1764000
2002649 1.76466e+06 1764656
2002650 1.76533e+06 1765328
2002651 1.766e+06 1766000
2002652 1.76666e+06 1766656
2002653 1.76733e+06 1767328
2002654 1.768e+06 1768000
2002655 1.76866e+06 1768656
2002656 1.76933e+06 1769328
2002657 1.77e+06 1770000
2002658 1.77066e+06 1770656
2002659 1.77133e+06 1771328
2002660 1.772e+06 1772000
2002661 1.77266e+06 1772656
2002662 1.77333e+06 1773328
2002663 1.774e+06 1774000
2002664 1.77466e+06 1774656
2002665 1.77533e+06 1775328
2002666 1.776e+06 1776000
2002667 1.77666e+06 1776656
2002668 1.77733e+06 1777328
2002669 1.778e+06 1778000
2002670 1.77866e+06 1778656
2002671 1.77933e+06 1779328
2002672 1.78e+06 1780000
2002673 1.78066e+06 1780656
2002674 1.78133e+06 1781328
2002675 1.782e+06 1782000
2002676 1.78266e+06 1782656
2002677 1.78333e+06 1783328
2002678 1.784e+06 1784000
2002679 1.78466e+06 1784656
2002680 1.78533e+06 1785328
2002681 1.786e+06 1786000
2002682 1.78666e+06 1786656
2002683 1.78733e+06 1787328
2002684 1.788e+06 1788000
2002685 1.78866e+06 1788656
2002686 1.78933e+06 1789328
2002687 1.79e+06 1790000
2002688 1.79066e+06 1790656
2002689 1.79133e+06 1791328
2002690 1.792e+06 1792000
2002691 1.79266e+06 1792656
2002692 1.79333e+06 1793328
2002693 1.794e+06 1794000
2002694 1.79466e+06 1794656
2002695 1.79533e+06 1795328
2002696 1.796e+06 1796000
2002697 1.79666e+06 1796656
2002698 1.79733e+06 1797328
2002699 1.798e+06 1798000
2002700 1.79866e+06 1798656
2002701 1.79933e+06 1799328
2002702 1.8e+06 1800000
2002703 1.80066e+06 1800656
2002704 1.80133e+06 1801328
2002705 1.802e+06 1802000
2002706 1.80266e+06 1802656
2002707 1.80333e+06 1803328
2002708 1.804e+06 1804000
2002709 1.80466e+06 1804656
2002710 1.80533e+06 1805328
2002711 1.806e+06 1806000
2002712 1.80666e+06 1806656
2002713 1.80733e+06 1807328
2002714 1.808e+06 1808000
2002715 1.80866e+06 1808656
2002716 1.80933e+06 1809328
2002717 1.81e+06 1810000
2002718 1.81066e+06 1810656
2002719 1.81133e+06 1811328
2002720 1.812e+06 1812000
2002721 1.81266e+06 1812656
2002722 1.81333e+06 1813328
2002723 1.814e+06 1814000
2002724 1.81466e+06 1814656
2002725 1.81533e+06 1815328
2002726 1.816e+06 1816000
2002727 1.81666e+06 1816656
2002728 1.81733e+06 1817328
2002729 1.818e+06 1818000
2002730 1.81866e+06 1818656
2002731 1.81933e+06 1819328
2002732 1.82e+06 1820000
2002733 1.82066e+06 1820656
2002734 1.82133e+06 1821328
2002735 1.822e+06 1822000
2002736 1.82266e+06 1822656
2002737 1.82333e+06 1823328
2002738 1.824e+06 1824000
2002739 1.82466e+06 1824656
2002740 1.82533e+06 1825328
2002741 1.826e+06 1826000
2002742 1.82666e+06 1826656
2002743 1.82733e+06 1827328
2002744 1.828e+06 1828000
2002745 1.82866e+06 1828656
2002746 1.82933e+06 1829328
2002747 1.83e+06 1830000
2002748 1.83066e+06 1830656
2002749 1.83133e+06 1831328
2002750 1.832e+06 1832000
2002751 1.83266e+06 1832656
2002752 1.83333e+06 1833328
2002753 1.834e+06 1834000
2002754 1.83466e+06 1834656
2002755 1.83533e+06 1835328
2002756 1.836e+06 1836000
2002757 1.83666e+06 1836656
2002758 1.83733e+06 1837328
2002759 1.838e+06 1838000
2002760 1.83866e+06 1838656
2002761 1.83933e+06 1839328
2002762 1.84e+06 1840000
2002763 1.84066e+06 1840656
2002764 1.84133e+06 1841328
2002765 1.842e+06 1842000
2002766 1.84266e+06 1842656
2002767 1.84333e+06 1843328
2002768 1.844e+06 1844000
2002769 1.84466e+06 1844656
2002770 1.84533e+06 1845328
2002771 1.846e+06 1846000
2002772 1.84666e+06 1846656
2002773 1.84733e+06 1847328
2002774 1.848e+06 1848000
2002775 1.84866e+06 1848656
2002776 1.84933e+06 1849328
2002777 1.85e+06 1850000
2002778 1.85066e+06 1850656
2002779 1.85133e+06 1851328
2002780 1.852e+06 1852000
2002781 1.85266e+06 1852656
2002782 1.85333e+06 1853328
2002783 1.854e+06 1854000
2002784 1.85466e+06 1854656
2002785 1.85533e+06 1855328
2002786 1.856e+06 1856000
2002787 1.85666e+06 1856656
2002788 1.85733e+06 1857328
2002789 1.858e+06 1858000
2002790 1.85866e+06 1858656
2002791 1.85933e+06 1859328
2002792 1.86e+06 1860000
2002793 1.86066e+06 1860656
2002794 1.86133e+06 1861328
2002795 1.862e+06 1862000
2002796 1.86266e+06 1862656
2002797 1.86333e+06 1863328
2002798 1.864e+06 1864000
2002799 1.86466e+06 1864656
2002800 1.86533e+06 1865328
2002801 1.866e+06 1866000
2002802 1.86666e+06 1866656
2002803 1.86733e+06 1867328
2002804 1.868e+06 1868000
2002805 1.86866e+06 1868656
2002806 1.86933e+06 1869328
2002807 1.87e+06 1870000
2002808 1.87066e+06 1870656
2002809 1.87133e+06 1871328
2002810 1.872e+06 1872000
2002811 1.87266e+06 1872656
2002812 1.87333e+06 1873328
2002813 1.874e+06 1874000
2002814 1.87466e+06 1874656
2002815 1.87533e+06 1875328
2002816 1.876e+06 1876000
2002817 1.87666e+06 1876656
2002818 1.87733e+06 1877328
2002819 1.878e+06 1878000
2002820 1.87866e+06 1878656
2002821 1.87933e+06 1879328
2002822 1.88e+06 1880000
2002823 1.88066e+06 1880656
2002824 1.88133e+06 1881328
2002825 1.882e+06 1882000
2002826 1.88266e+06 1882656
2002827 1.88333e+06 1883328
2002828 1.884e+06 1884000
2002829 1.88466e+06 1884656
2002830 1.88533e+06 1885328
2002831 1.886e+06 1886000
2002832 1.88666e+06 1886656
2002833 1.88733e+06 1887328
2002834 1.888e+06 1888000
2002835 1.88866e+06 1888656
2002836 1.88933e+06 1889328
2002837 1.89e+06 1890000
2002838 1.89066e+06 1890656
2002839 1.89133e+06 1891328
2002840 1.892e+06 1892000
2002841 1.89266e+06 1892656
2002842 1.89333e+06 1893328
2002843 1.894e+06 1894000
2002844 1.89466e+06 1894656
2002845 1.89533e+06 1895328
2002846 1.896e+06 1896000
2002847 1.89666e+06 1896656
2002848 1.89733e+06 1897328
2002849 1.898e+06 1898000
2002850 1.89866e+06 1898656
2002851 1.89933e+06 1899328
2002852 1.9e+06 1900000
2002853 1.90066e+06 1900656
2002854 1.90133e+06 1901328
2002855 1.902e+06 1902000
2002856 1.90266e+06 1902656
2002857 1.90333e+06 1903328
2002858 1.904e+06 1904000
2002859 1.90466e+06 1904656
2002860 1.90533e+06 1905328
2002861 1.906e+06 1906000
2002862 1.90666e+06 1906656
2002863 1.90733e+06 1907328
2002864 1.908e+06 1908000
2002865 1.90866e+06 1908656
2002866 1.90933e+06 1909328
2002867 1.91e+06 1910000
2002868 1.91066e+06 1910656
2002869 1.91133e+06 1911328
2002870 1.912e+06 1912000
2002871 1.91266e+06 1912656
2002872 1.91333e+06 1913328
2002873 1.914e+06 1914000
2002874 1.91466e+06 1914656
2002875 1.91533e+06 1915328
2002876 1.916e+06 1916000
2002877 1.91666e+06 1916656
2002878 1.91733e+06 1917328
2002879 1.918e+06 1918000
2002880 1.91866e+06 1918656
2002881 1.91933e+06 1919328
2002882 1.92e+06 1920000
2002883 1.92066e+06 1920656
2002884 1.92133e+06 1921328
2002885 1.922e+06 1922000
2002886 1.92266e+06 1922656
2002887 1.92333e+06 1923328
2002888 1.924e+06 1924000
2002889 1.92466e+06 1924656
2002890 1.92533e+06 1925328
2002891 1.926e+06 1926000
2002892 1.92666e+06 1926656
2002893 1.92733e+06 1927328
2002894 1.928e+06 1928000
2002895 1.92866e+06 1928656
2002896 1.92933e+06 1929328
2002897 1.93e+06 1930000
2002898 1.93066e+06 1930656
2002899 1.93133e+06 1931328
2002900 1.932e+06 1932000
2002901 1.93266e+06 1932656
2002902 1.93333e+06 1933328
2002903 1.934e+06 1934000
2002904 1.93466e+06 1934656
2002905 1.93533e+06 1935328
2002906 1.936e+06 1936000
2002907 1.93666e+06 1936656
2002908 1.93733e+06 1937328
2002909 1.938e+06 1938000
2002910 1.93866e+06 1938656
2002911 1.93933e+06 1939328
2002912 1.94e+06 1940000
2002913 1.94066e+06 1940656
2002914 1.94133e+06 1941328
2002915 1.942e+06 1942000
2002916 1.94266e+06 1942656
2002917 1.94333e+06 1943328
2002918 1.944e+06 1944000
2002919 1.94466e+06 1944656
2002920 1.94533e+06 1945328
2002921 1.946e+06 1946000
2002922 1.94666e+06 1946656
2002923 1.94733e+06 1947328
2002924 1.948e+06 1948000
2002925 1.94866e+06 1948656
2002926 1.94933e+06 1949328
2002927 1.95e+06 1950000
2002928 1.95066e+06 1950656
2002929 1.95133e+06 1951328
2002930 1.952e+06 1952000
2002931 1.95266e+06 1952656
2002932 1.95333e+06 1953328
2002933 1.954e+06 1954000
2002934 1.95466e+06 1954656
2002935 1.95533e+06 1955328
2002936 1.956e+06 1956000
2002937 1.95666e+06 1956656
2002938 1.95733e+06 1957328
2002939 1.958e+06 1958000
2002940 1.95866e+06 1958656
2002941 1.95933e+06 1959328
2002942 1.96e+06 1960000
2002943 1.96066e+06 1960656
2002944 1.96133e+06 1961328
2002945 1.962e+06 1962000
2002946 1.96266e+06 1962656
2002947 1.96333e+06 1963328
2002948 1.964e+06 1964000
2002949 1.96466e+06 1964656
2002950 1.96533e+06 1965328
2002951 1.966e+06 1966000
2002952 1.96666e+06 1966656
2002953 1.96733e+06 1967328
2002954 1.968e+06 1968000
2002955 1.96866e+06 1968656
2002956 1.96933e+06 1969328
2002957 1.97e+06 1970000
2002958 1.97066e+06 1970656
2002959 1.97133e+06 1971328
2002960 1.972e+06 1972000
2002961 1.97266e+06 1972656
2002962 1.97333e+06 1973328
2002963 1.974e+06 1974000
2002964 1.97466e+06 1974656
2002965 1.97533e+06 1975328
2002966 1.976e+06 1976000
2002967 1.97666e+06 1976656
2002968 1.97733e+06 1977328
2002969 1.978e+06 1978000
2002970 1.97866e+06 1978656
2002971 1.97933e+06 1979328
2002972 1.98e+06 1980000
2002973 1.98066e+06 1980656
2002974 1.98133e+06 1981328
2002975 1.982e+06 1982000
2002976 1.98266e+06 1982656
2002977 1.98333e+06 1983328
2002978 1.984e+06 1984000
2002979 1.98466e+06 1984656
2002980 1.98533e+06 1985328
2002981 1.986e+06 1986000
2002982 1.98666e+06 1986656
2002983 1.98733e+06 1987328
2002984 1.988e+06 1988000
2002985 1.98866e+06 1988656
2002986 1.98933e+06 1989328
2002987 1.99e+06 1990000
2002988 1.99066e+06 1990656
2002989 1.99133e+06 1991328
2002990 1.992e+06 1992000
2002991 1.99266e+06 1992656
2002992 1.99333e+06 1993328
2002993 1.994e+06 1994000
2002994 1.99466e+06 1994656
2002995 1.99533e+06 1995328
2002996 1.996e+06 1996000
2002997 1.99666e+06 1996656
2002998 1.99733e+06 1997328
2002999 1.998e+06 1998000
2003000 1.99866e+06 1998656
2003001 1.99933e+06 1999328
2003002 2e+06 2000000
2003003 2.00066e+06 2000656
2003004 2.00133e+06 2001328
2003005 2.002e+06 2002000
2003006 2.00266e+06 2002656
2003007 2.00333e+06 2003328
2003008 2.004e+06 2004000
2003009 2.00466e+06 2004656
2003010 2.00533e+06 2005328
2003011 2.006e+06 2006000
2003012 2.00666e+06 2006656
2003013 2.00733e+06 2007328
2003014 2.008e+06 2008000
2003015 2.00866e+06 2008656
2003016 2.00933e+06 2009328
2003017 2.01e+06 2010000
2003018 2.01066e+06 2010656
2003019 2.01133e+06 2011328
2003020 2.012e+06 2012000
2003021 2.01266e+06 2012656
2003022 2.01333e+06 2013328
2003023 2.014e+06 2014000
2003024 2.01466e+06 2014656
2003025 2.01533e+06 2015328
2003026 2.016e+06 2016000
2003027 2.01666e+06 2016656
2003028 2.01733e+06 2017328
2003029 2.018e+06 2018000
2003030 2.01866e+06 2018656
2003031 2.01933e+06 2019328
2003032 2.02e+06 2020000
2003033 2.02066e+06 2020656
2003034 2.02133e+06 2021328
2003035 2.022e+06 2022000
2003036 2.02266e+06 2022656
2003037 2.02333e+06 2023328
2003038 2.024e+06 2024000
2003039 2.02466e+06 2024656
2003040 2.02533e+06 2025328
2003041 2.026e+06 2026000
2003042 2.02666e+06 2026656
2003043 2.02733e+06 2027328
2003044 2.028e+06 2028000
2003045 2.02866e+06 2028656
2003046 2.02933e+06 2029328
2003047 2.03e+06 2030000
2003048 2.03066e+06 2030656
2003049 2.03133e+06 2031328
2003050 2.032e+06 2032000
2003051 2.03266e+06 2032656
2003052 2.03333e+06 2033328
2003053 2.034e+06 2034000
2003054 2.03466e+06 2034656
2003055 2.03533e+06 2035328
2003056 2.036e+06 2036000
2003057 2.03666e+06 2036656
2003058 2.03733e+06 2037328
2003059 2.038e+06 2038000
2003060 2.03866e+06 2038656
2003061 2.03933e+06 2039328
2003062 2.04e+06 2040000
2003063 2.04066e+06 2040656
2003064 2.04133e+06 2041328
2003065 2.042e+06 2042000
2003066 2.04266e+06 2042656
2003067 2.04333e+06 2043328
2003068 2.044e+06 2044000
2003069 2.04466e+06 2044656
2003070 2.04533e+06 2045328
2003071 2.046e+06 2046000
2003072 2.04666e+06 2046656
2003073 2.04733e+06 2047328
2003074 2.048e+06 2048000
2003075 2.04866e+06 2048656
2003076 2.04933e+06 2049328
2003077 2.05e+06 2050000
2003078 2.05066e+06 2050656
2003079 2.05133e+06 2051328
2003080 2.052e+06 2052000
2003081 2.05266e+06 2052656
2003082 2.05333e+06 2053328
2003083 2.054e+06 2054000
2003084 2.05466e+06 2054656
2003085 2.05533e+06 2055328
2003086 2.056e+06 2056000
2003087 2.05666e+06 2056656
2003088 2.05733e+06 2057328
2003089 2.058e+06 2058000
2003090 2.05866e+06 2058656
2003091 2.05933e+06 2059328
2003092 2.06e+06 2060000
2003093 2.06066e+06 2060656
2003094 2.06133e+06 2061328
2003095 2.062e+06 2062000
2003096 2.06266e+06 2062656
2003097 2.06333e+06 2063328
2003098 2.064e+06 2064000
2003099 2.06466e+06 2064656
2003100 2.06533e+06 2065328
2003101 2.066e+06 2066000
2003102 2.06666e+06 2066656
2003103 2.06733e+06 2067328
2003104 2.068e+06 2068000
2003105 2.06866e+06 2068656
2003106 2.06933e+06 2069328
2003107 2.07e+06 2070000
2003108 2.07066e+06 2070656
2003109 2.07133e+06 2071328
2003110 2.072e+06 2072000
2003111 2.07266e+06 2072656
2003112 2.07333e+06 2073328
2003113 2.074e+06 2074000
2003114 2.07466e+06 2074656
2003115 2.07533e+06 2075328
2003116 2.076e+06 2076000
2003117 2.07666e+06 2076656
2003118 2.07733e+06 2077328
2003119 2.078e+06 2078000
2003120 2.07866e+06 2078656
2003121 2.07933e+06 2079328
2003122 2.08e+06 2080000
2003123 2.08066e+06 2080656
2003124 2.08133e+06 2081328
2003125 2.082e+06 2082000
2003126 2.08266e+06 2082656
2003127 2.08333e+06 2083328
2003128 2.084e+06 2084000
2003129 2.08466e+06 2084656
2003130 2.08533e+06 2085328
2003131 2.086e+06 2086000
2003132 2.08666e+06 2086656
2003133 2.08733e+06 2087328
2003134 2.088e+06 2088000
2003135 2.08866e+06 2088656
2003136 2.08933e+06 2089328
2003137 2.09e+06 2090000
2003138 2.09066e+06 2090656
2003139 2.09133e+06 2091328
2003140 2.092e+06 2092000
2003141 2.09266e+06 2092656
2003142 2.09333e+06 2093328
2003143 2.094e+06 2094000
2003144 2.09466e+06 2094656
2003145 2.09533e+06 2095328
2003146 2.096e+06 2096000
2003147 2.09666e+06 2096656
2003148 2.09733e+06 2097328
2003149 2.098e+06 2098000
2003150 2.09866e+06 2098656
2003151 2.09933e+06 2099328
2003152 2.1e+06 2100000
2003153 2.10066e+06 2100656
2003154 2.10133e+06 2101328
2003155 2.102e+06 2102000
2003156 2.10266e+06 2102656
2003157 2.10333e+06 2103328
2003158 2.104e+06 2104000
2003159 2.10466e+06 2104656
2003160 2.10533e+06 2105328
2003161 2.106e+06 2106000
2003162 2.10666e+06 2106656
2003163 2.10733e+06 2107328
2003164 2.108e+06 2108000
2003165 2.10866e+06 2108656
2003166 2.10933e+06 2109328
2003167 2.11e+06 2110000
2003168 2.11066e+06 2110656
2003169 2.11133e+06 2111328
2003170 2.112e+06 2112000
2003171 2.11266e+06 2112656
2003172 2.11333e+06 2113328
2003173 2.114e+06 2114000
2003174 2.11466e+06 2114656
2003175 2.11533e+06 2115328
2003176 2.116e+06 2116000
2003177 2.11666e+06 2116656
2003178 2.11733e+06 2117328
2003179 2.118e+06 2118000
2003180 2.11866e+06 2118656
2003181 2.11933e+06 2119328
2003182 2.12e+06 2120000
2003183 2.12066e+06 2120656
2003184 2.12133e+06 2121328
2003185 2.122e+06 2122000
2003186 2.12266e+06 2122656
2003187 2.12333e+06 2123328
2003188 2.124e+06 2124000
2003189 2.12466e+06 2124656
2003190 2.12533e+06 2125328
2003191 2.126e+06 2126000
2003192 2.12666e+06 2126656
2003193 2.12733e+06 2127328
2003194 2.128e+06 2128000
2003195 2.12866e+06 2128656
2003196 2.12933e+06 2129328
2003197 2.13e+06 2130000
2003198 2.13066e+06 2130656
2003199 2.13133e+06 2131328
2003200 2.132e+06 2132000
2003201 2.13266e+06 2132656
2003202 2.13333e+06 2133328
2003203 2.134e+06 2134000
2003204 2.13466e+06 2134656
2003205 2.13533e+06 2135328
2003206 2.136e+06 2136000
2003207 2.13666e+06 2136656
2003208 2.13733e+06 2137328
2003209 2.138e+06 2138000
2003210 2.13866e+06 2138656
2003211 2.13933e+06 2139328
2003212 2.14e+06 2140000
2003213 2.14066e+06 2140656
2003214 2.14133e+06 2141328
2003215 2.142e+06 2142000
2003216 2.14266e+06 2142656
2003217 2.14333e+06 2143328
2003218 2.144e+06 2144000
2003219 2.14466e+06 2144656
2003220 2.14533e+06 2145328
2003221 2.146e+06 2146000
2003222 2.14666e+06 2146656
2003223 2.14733e+06 2147328
2003224 2.148e+06 2148000
2003225 2.14866e+06 2148656
2003226 2.14933e+06 2149328
2003227 2.15e+06 2150000
2003228 2.15066e+06 2150656
2003229 2.15133e+06 2151328
2003230 2.152e+06 2152000
2003231 2.15266e+06 2152656
2003232 2.15333e+06 2153328
2003233 2.154e+06 2154000
2003234 2.15466e+06 2154656
2003235 2.15533e+06 2155328
2003236 2.156e+06 2156000
2003237 2.15666e+06 2156656
2003238 2.15733e+06 2157328
2003239 2.158e+06 2158000
2003240 2.15866e+06 2158656
2003241 2.15933e+06 2159328
2003242 2.16e+06 2160000
2003243 2.16066e+06 2160656
2003244 2.16133e+06 2161328
2003245 2.162e+06 2162000
2003246 2.16266e+06 2162656
2003247 2.16333e+06 2163328
2003248 2.164e+06 2164000
2003249 2.16466e+06 2164656
2003250 2.16533e+06 2165328
2003251 2.166e+06 2166000
2003252 2.16666e+06 2166656
2003253 2.16733e+06 2167328
2003254 2.168e+06 2168000
2003255 2.16866e+06 2168656
2003256 2.16933e+06 2169328
2003257 2.17e+06 2170000
2003258 2.17066e+06 2170656
2003259 2.17133e+06 2171328
2003260 2.172e+06 2172000
2003261 2.17266e+06 2172656
2003262 2.17333e+06 2173328
2003263 2.174e+06 2174000
2003264 2.17466e+06 2174656
2003265 2.17533e+06 2175328
2003266 2.176e+06 2176000
2003267 2.17666e+06 2176656
2003268 2.17733e+06 2177328
2003269 2.178e+06 2178000
2003270 2.17866e+06 2178656
2003271 2.17933e+06 2179328
2003272 2.18e+06 2180000
2003273 2.18066e+06 2180656
2003274 2.18133e+06 2181328
2003275 2.182e+06 2182000
2003276 2.18266e+06 2182656
2003277 2.18333e+06 2183328
2003278 2.184e+06 2184000
2003279 2.18466e+06 2184656
2003280 2.18533e+06 2185328
2003281 2.186e+06 2186000
2003282 2.18666e+06 2186656
2003283 2.18733e+06 2187328
2003284 2.188e+06 2188000
2003285 2.18866e+06 2188656
2003286 2.18933e+06 2189328
2003287 2.19e+06 2190000
2003288 2.19066e+06 2190656
2003289 2.19133e+06 2191328
2003290 2.192e+06 2192000
2003291 2.19266e+06 2192656
2003292 2.19333e+06 2193328
2003293 2.194e+06 2194000
2003294 2.19466e+06 2194656
2003295 2.19533e+06 2195328
2003296 2.196e+06 2196000
2003297 2.19666e+06 2196656
2003298 2.19733e+06 2197328
2003299 2.198e+06 2198000
2003300 2.19866e+06 2198656
2003301 2.19933e+06 2199328
2003302 2.2e+06 2200000
2003303 2.20066e+06 2200656
2003304 2.20133e+06 2201328
2003305 2.202e+06 2202000
2003306 2.20266e+06 2202656
2003307 2.20333e+06 2203328
2003308 2.204e+06 2204000
2003309 2.20466e+06 2204656
2003310 2.20533e+06 2205328
2003311 2.206e+06 2206000
2003312 2.20666e+06 2206656
2003313 2.20733e+06 2207328
2003314 2.208e+06 2208000
2003315 2.20866e+06 2208656
2003316 2.20933e+06 2209328
2003317 2.21e+06 2210000
2003318 2.21066e+06 2210656
2003319 2.21133e+06 2211328
2003320 2.212e+06 2212000
2003321 2.21266e+06 2212656
2003322 2.21333e+06 2213328
2003323 2.214e+06 2214000
2003324 2.21466e+06 2214656
2003325 2.21533e+06 2215328
2003326 2.216e+06 2216000
2003327 2.21666e+06 2216656
2003328 2.21733e+06 2217328
2003329 2.218e+06 2218000
2003330 2.21866e+06 2218656
2003331 2.21933e+06 2219328
2003332 2.22e+06 2220000
2003333 2.22066e+06 2220656
2003334 2.22133e+06 2221328
2003335 2.222e+06 2222000
2003336 2.22266e+06 2222656
2003337 2.22333e+06 2223328
2003338 2.224e+06 2224000
2003339 2.22466e+06 2224656
2003340 2.22533e+06 2225328
2003341 2.226e+06 2226000
2003342 2.22666e+06 2226656
2003343 2.22733e+06 2227328
2003344 2.228e+06 2228000
2003345 2.22866e+06 2228656
2003346 2.22933e+06 2229328
2003347 2.23e+06 2230000
2003348 2.23066e+06 2230656
2003349 2.23133e+06 2231328
2003350 2.232e+06 2232000
2003351 2.23266e+06 2232656
2003352 2.23333e+06 2233328
2003353 2.234e+06 2234000
2003354 2.23466e+06 2234656
2003355 2.23533e+06 2235328
2003356 2.236e+06 2236000
2003357 2.23666e+06 2236656
2003358 2.23733e+06 2237328
2003359 2.238e+06 2238000
2003360 2.23866e+06 2238656
2003361 2.23933e+06 2239328
2003362 2.24e+06 2240000
2003363 2.24066e+06 2240656
2003364 2.24133e+06 2241328
2003365 2.242e+06 2242000
2003366 2.24266e+06 2242656
2003367 2.24333e+06 2243328
2003368 2.244e+06 2244000
2003369 2.24466e+06 2244656
2003370 2.24533e+06 2245328
2003371 2.246e+06 2246000
2003372 2.24666e+06 2246656
2003373 2.24733e+06 2247328
2003374 2.248e+06 2248000
2003375 2.24866e+06 2248656
2003376 2.24933e+06 2249328
2003377 2.25e+06 2250000
2003378 2.25066e+06 2250656
2003379 2.25133e+06 2251328
2003380 2.252e+06 2252000
2003381 2.25266e+06 2252656
2003382 2.25333e+06 2253328
2003383 2.254e+06 2254000
2003384 2.25466e+06 2254656
2003385 2.25533e+06 2255328
2003386 2.256e+06 2256000
2003387 2.25666e+06 2256656
2003388 2.25733e+06 2257328
2003389 2.258e+06 2258000
2003390 2.25866e+06 2258656
2003391 2.25933e+06 2259328
2003392 2.26e+06 2260000
2003393 2.26066e+06 2260656
2003394 2.26133e+06 2261328
2003395 2.262e+06 2262000
2003396 2.26266e+06 2262656
2003397 2.26333e+06 2263328
2003398 2.264e+06 2264000
2003399 2.26466e+06 2264656
2003400 2.26533e+06 2265328
2003401 2.266e+06 2266000
2003402 2.26666e+06 2266656
2003403 2.26733e+06 2267328
2003404 2.268e+06 2268000
2003405 2.26866e+06 2268656
2003406 2.26933e+06 2269328
2003407 2.27e+06 2270000
2003408 2.27066e+06 2270656
2003409 2.27133e+06 2271328
2003410 2.272e+06 2272000
2003411 2.27266e+06 2272656
2003412 2.27333e+06 2273328
2003413 2.274e+06 2274000
2003414 2.27466e+06 2274656
2003415 2.27533e+06 2275328
2003416 2.276e+06 2276000
2003417 2.27666e+06 2276656
2003418 2.27733e+06 2277328
2003419 2.278e+06 2278000
2003420 2.27866e+06 2278656
2003421 2.27933e+06 2279328
2003422 2.28e+06 2280000
2003423 2.28066e+06 2280656
2003424 2.28133e+06 2281328
2003425 2.282e+06 2282000
2003426 2.28266e+06 2282656
2003427 2.28333e+06 2283328
2003428 2.284e+06 2284000
2003429 2.28466e+06 2284656
2003430 2.28533e+06 2285328
2003431 2.286e+06 2286000
2003432 2.28666e+06 2286656
2003433 2.28733e+06 2287328
2003434 2.288e+06 2288000
2003435 2.28866e+06 2288656
2003436 2.28933e+06 2289328
2003437 2.29e+06 2290000
2003438 2.29066e+06 2290656
2003439 2.29133e+06 2291328
2003440 2.292e+06 2292000
2003441 2.29266e+06 2292656
2003442 2.29333e+06 2293328
2003443 2.294e+06 2294000
2003444 2.29466e+06 2294656
2003445 2.29533e+06 2295328
2003446 2.296e+06 2296000
2003447 2.29666e+06 2296656
2003448 2.29733e+06 2297328
2003449 2.298e+06 2298000
2003450 2.29866e+06 2298656
2003451 2.29933e+06 2299328
2003452 2.3e+06 2300000
2003453 2.30066e+06 2300656
2003454 2.30133e+06 2301328
2003455 2.302e+06 2302000
2003456 2.30266e+06 2302656
2003457 2.30333e+06 2303328
2003458 2.304e+06 2304000
2003459 2.30466e+06 2304656
2003460 2.30533e+06 2305328
2003461 2.306e+06 2306000
2003462 2.30666e+06 2306656
2003463 2.30733e+06 2307328
2003464 2.308e+06 2308000
2003465 2.30866e+06 2308656
2003466 2.30933e+06 2309328
2003467 2.31e+06 2310000
2003468 2.31066e+06 2310656
2003469 2.31133e+06 2311328
2003470 2.312e+06 2312000
2003471 2.31266e+06 2312656
2003472 2.31333e+06 2313328
2003473 2.314e+06 2314000
2003474 2.31466e+06 2314656
2003475 2.31533e+06 2315328
2003476 2.316e+06 2316000
2003477 2.31666e+06 2316656
2003478 2.31733e+06 2317328
2003479 2.318e+06 2318000
2003480 2.31866e+06 2318656
2003481 2.31933e+06 2319328
2003482 2.32e+06 2320000
2003483 2.32066e+06 2320656
2003484 2.32133e+06 2321328
2003485 2.322e+06 2322000
2003486 2.32266e+06 2322656
2003487 2.32333e+06 2323328
2003488 2.324e+06 2324000
2003489 2.32466e+06 2324656
2003490 2.32533e+06 2325328
2003491 2.326e+06 2326000
2003492 2.32666e+06 2326656
2003493 2.32733e+06 2327328
2003494 2.328e+06 2328000
2003495 2.32866e+06 2328656
2003496 2.32933e+06 2329328
2003497 2.33e+06 2330000
2003498 2.33066e+06 2330656
2003499 2.33133e+06 2331328
2003500 2.332e+06 2332000
2003501 2.33266e+06 2332656
2003502 2.33333e+06 2333328
2003503 2.334e+06 2334000
2003504 2.33466e+06 2334656
2003505 2.33533e+06 2335328
2003506 2.336e+06 2336000
2003507 2.33666e+06 2336656
2003508 2.33733e+06 2337328
2003509 2.338e+06 2338000
2003510 2.33866e+06 2338656
2003511 2.33933e+06 2339328
2003512 2.34e+06 2340000
2003513 2.34066e+06 2340656
2003514 2.34133e+06 2341328
2003515 2.342e+06 2342000
2003516 2.34266e+06 2342656
2003517 2.34333e+06 2343328
2003518 2.344e+06 2344000
2003519 2.34466e+06 2344656
2003520 2.34533e+06 2345328
2003521 2.346e+06 2346000
2003522 2.34666e+06 2346656
2003523 2.34733e+06 2347328
2003524 2.348e+06 2348000
2003525 2.34866e+06 2348656
2003526 2.34933e+06 2349328
2003527 2.35e+06 2350000
2003528 2.35066e+06 2350656
2003529 2.35133e+06 2351328
2003530 2.352e+06 2352000
2003531 2.35266e+06 2352656
2003532 2.35333e+06 2353328
2003533 2.354e+06 2354000
2003534 2.35466e+06 2354656
2003535 2.35533e+06 2355328
2003536 2.356e+06 2356000
2003537 2.35666e+06 2356656
2003538 2.35733e+06 2357328
2003539 2.358e+06 2358000
2003540 2.35866e+06 2358656
2003541 2.35933e+06 2359328
2003542 2.36e+06 2360000
2003543 2.36066e+06 2360656
2003544 2.36133e+06 2361328
2003545 2.362e+06 2362000
2003546 2.36266e+06 2362656
2003547 2.36333e+06 2363328
2003548 2.364e+06 2364000
2003549 2.36466e+06 2364656
2003550 2.36533e+06 2365328
2003551 2.366e+06 2366000
2003552 2.36666e+06 2366656
2003553 2.36733e+06 2367328
2003554 2.368e+06 2368000
2003555 2.36866e+06 2368656
2003556 2.36933e+06 2369328
2003557 2.37e+06 2370000
2003558 2.37066e+06 2370656
2003559 2.37133e+06 2371328
2003560 2.372e+06 2372000
2003561 2.37266e+06 2372656
2003562 2.37333e+06 2373328
2003563 2.374e+06 2374000
2003564 2.37466e+06 2374656
2003565 2.37533e+06 2375328
2003566 2.376e+06 2376000
2003567 2.37666e+06 2376656
2003568 2.37733e+06 2377328
2003569 2.378e+06 2378000
2003570 2.37866e+06 2378656
2003571 2.37933e+06 2379328
2003572 2.38e+06 2380000
2003573 2.38066e+06 2380656
2003574 2.38133e+06 2381328
2003575 2.382e+06 2382000
2003576 2.38266e+06 2382656
2003577 2.38333e+06 2383328
2003578 2.384e+06 2384000
2003579 2.38466e+06 2384656
2003580 2.38533e+06 2385328
2003581 2.386e+06 2386000
2003582 2.38666e+06 2386656
2003583 2.38733e+06 2387328
2003584 2.388e+06 2388000
2003585 2.38866e+06 2388656
2003586 2.38933e+06 2389328
2003587 2.39e+06 2390000
2003588 2.39066e+06 2390656
2003589 2.39133e+06 2391328
2003590 2.392e+06 2392000
2003591 2.39266e+06 2392656
2003592 2.39333e+06 2393328
2003593 2.394e+06 2394000
2003594 2.39466e+06 2394656
2003595 2.39533e+06 2395328
2003596 2.396e+06 2396000
2003597 2.39666e+06 2396656
2003598 2.39733e+06 2397328
2003599 2.398e+06 2398000
2003600 2.39866e+06 2398656
2003601 2.39933e+06 2399328
2003602 2.4e+06 2400000
2003603 2.40066e+06 2400656
2003604 2.40133e+06 2401328
2003605 2.402e+06 2402000
2003606 2.40266e+06 2402656
2003607 2.40333e+06 2403328
2003608 2.404e+06 2404000
2003609 2.40466e+06 2404656
2003610 2.40533e+06 2405328
2003611 2.406e+06 2406000
2003612 2.40666e+06 2406656
2003613 2.40733e+06 2407328
2003614 2.408e+06 2408000
2003615 2.40866e+06 2408656
2003616 2.40933e+06 2409328
2003617 2.41e+06 2410000
2003618 2.41066e+06 2410656
2003619 2.41133e+06 2411328
2003620 2.412e+06 2412000
2003621 2.41266e+06 2412656
2003622 2.41333e+06 2413328
2003623 2.414e+06 2414000
2003624 2.41466e+06 2414656
2003625 2.41533e+06 2415328
2003626 2.416e+06 2416000
2003627 2.41666e+06 2416656
2003628 2.41733e+06 2417328
2003629 2.418e+06 2418000
2003630 2.41866e+06 2418656
2003631 2.41933e+06 2419328
2003632 2.42e+06 2420000
2003633 2.42066e+06 2420656
2003634 2.42133e+06 2421328
2003635 2.422e+06 2422000
2003636 2.42266e+06 2422656
2003637 2.42333e+06 2423328
2003638 2.424e+06 2424000
2003639 2.42466e+06 2424656
2003640 2.42533e+06 2425328
2003641 2.426e+06 2426000
2003642 2.42666e+06 2426656
2003643 2.42733e+06 2427328
2003644 2.428e+06 2428000
2003645 2.42866e+06 2428656
2003646 2.42933e+06 2429328
2003647 2.43e+06 2430000
2003648 2.43066e+06 2430656
2003649 2.43133e+06 2431328
2003650 2.432e+06 2432000
2003651 2.43266e+06 2432656
2003652 2.43333e+06 2433328
2003653 2.434e+06 2434000
2003654 2.43466e+06 2434656
2003655 2.43533e+06 2435328
2003656 2.436e+06 2436000
2003657 2.43666e+06 2436656
2003658 2.43733e+06 2437328
2003659 2.438e+06 2438000
2003660 2.43866e+06 2438656
2003661 2.43933e+06 2439328
2003662 2.44e+06 2440000
2003663 2.44066e+06 2440656
2003664 2.44133e+06 2441328
2003665 2.442e+06 2442000
2003666 2.44266e+06 2442656
2003667 2.44333e+06 2443328
2003668 2.444e+06 2444000
2003669 2.44466e+06 2444656
2003670 2.44533e+06 2445328
2003671 2.446e+06 2446000
2003672 2.44666e+06 2446656
2003673 2.44733e+06 2447328
2003674 2.448e+06 2448000
2003675 2.44866e+06 2448656
2003676 2.44933e+06 2449328
2003677 2.45e+06 2450000
2003678 2.45066e+06 2450656
2003679 2.45133e+06 2451328
2003680 2.452e+06 2452000
2003681 2.45266e+06 2452656
2003682 2.45333e+06 2453328
2003683 2.454e+06 2454000
2003684 2.45466e+06 2454656
2003685 2.45533e+06 2455328
2003686 2.456e+06 2456000
2003687 2.45666e+06 2456656
2003688 2.45733e+06 2457328
2003689 2.458e+06 2458000
2003690 2.45866e+06 2458656
2003691 2.45933e+06 2459328
2003692 2.46e+06 2460000
2003693 2.46066e+06 2460656
2003694 2.46133e+06 2461328
2003695 2.462e+06 2462000
2003696 2.46266e+06 2462656
2003697 2.46333e+06 2463328
2003698 2.464e+06 2464000
2003699 2.46466e+06 2464656
2003700 2.46533e+06 2465328
2003701 2.466e+06 2466000
2003702 2.46666e+06 2466656
2003703 2.46733e+06 2467328
2003704 2.468e+06 2468000
2003705 2.46866e+06 2468656
2003706 2.46933e+06 2469328
2003707 2.47e+06 2470000
2003708 2.47066e+06 2470656
2003709 2.47133e+06 2471328
2003710 2.472e+06 2472000
2003711 2.47266e+06 2472656
2003712 2.47333e+06 2473328
2003713 2.474e+06 2474000
2003714 2.47466e+06 2474656
2003715 2.47533e+06 2475328
2003716 2.476e+06 2476000
2003717 2.47666e+06 2476656
2003718 2.47733e+06 2477328
2003719 2.478e+06 2478000
2003720 2.47866e+06 2478656
2003721 2.47933e+06 2479328
2003722 2.48e+06 2480000
2003723 2.48066e+06 2480656
2003724 2.48133e+06 2481328
2003725 2.482e+06 2482000
2003726 2.48266e+06 2482656
2003727 2.48333e+06 2483328
2003728 2.484e+06 2484000
2003729 2.48466e+06 2484656
2003730 2.48533e+06 2485328
2003731 2.486e+06 2486000
2003732 2.48666e+06 2486656
2003733 2.48733e+06 2487328
2003734 2.488e+06 2488000
2003735 2.48866e+06 2488656
2003736 2.48933e+06 2489328
2003737 2.49e+06 2490000
2003738 2.49066e+06 2490656
2003739 2.49133e+06 2491328
2003740 2.492e+06 2492000
2003741 2.49266e+06 2492656
2003742 2.49333e+06 2493328
2003743 2.494e+06 2494000
2003744 2.49466e+06 2494656
2003745 2.49533e+06 2495328
2003746 2.496e+06 2496000
2003747 2.49666e+06 2496656
2003748 2.49733e+06 2497328
2003749 2.498e+06 2498000
2003750 2.49866e+06 2498656
2003751 2.49933e+06 2499328
2003752 2.5e+06 2500000
2003753 2.50066e+06 2500656
2003754 2.50133e+06 2501328
2003755 2.502e+06 2502000
2003756 2.50266e+06 2502656
2003757 2.50333e+06 2503328
2003758 2.504e+06 2504000
2003759 2.50466e+06 2504656
2003760 2.50533e+06 2505328
2003761 2.506e+06 2506000
2003762 2.50666e+06 2506656
2003763 2.50733e+06 2507328
2003764 2.508e+06 2508000
2003765 2.50866e+06 2508656
2003766 2.50933e+06 2509328
2003767 2.51e+06 2510000
2003768 2.51066e+06 2510656
2003769 2.51133e+06 2511328
2003770 2.512e+06 2512000
2003771 2.51266e+06 2512656
2003772 2.51333e+06 2513328
2003773 2.514e+06 2514000
2003774 2.51466e+06 2514656
2003775 2.51533e+06 2515328
2003776 2.516e+06 2516000
2003777 2.51666e+06 2516656
2003778 2.51733e+06 2517328
2003779 2.518e+06 2518000
2003780 2.51866e+06 2518656
2003781 2.51933e+06 2519328
2003782 2.52e+06 2520000
2003783 2.52066e+06 2520656
2003784 2.52133e+06 2521328
2003785 2.522e+06 2522000
2003786 2.52266e+06 2522656
2003787 2.52333e+06 2523328
2003788 2.524e+06 2524000
2003789 2.52466e+06 2524656
2003790 2.52533e+06 2525328
2003791 2.526e+06 2526000
2003792 2.52666e+06 2526656
2003793 2.52733e+06 2527328
2003794 2.528e+06 2528000
2003795 2.52866e+06 2528656
2003796 2.52933e+06 2529328
2003797 2.53e+06 2530000
2003798 2.53066e+06 2530656
2003799 2.53133e+06 2531328
2003800 2.532e+06 2532000
2003801 2.53266e+06 2532656
2003802 2.53333e+06 2533328
2003803 2.534e+06 2534000
2003804 2.53466e+06 2534656
2003805 2.53533e+06 2535328
2003806 2.536e+06 2536000
2003807 2.53666e+06 2536656
2003808 2.53733e+06 2537328
2003809 2.538e+06 2538000
2003810 2.53866e+06 2538656
2003811 2.53933e+06 2539328
2003812 2.54e+06 2540000
2003813 2.54066e+06 2540656
2003814 2.54133e+06 2541328
2003815 2.542e+06 2542000
2003816 2.54266e+06 2542656
2003817 2.54333e+06 2543328
2003818 2.544e+06 2544000
2003819 2.54466e+06 2544656
2003820 2.54533e+06 2545328
2003821 2.546e+06 2546000
2003822 2.54666e+06 2546656
2003823 2.54733e+06 2547328
2003824 2.548e+06 2548000
2003825 2.54866e+06 2548656
2003826 2.54933e+06 2549328
2003827 2.55e+06 2550000
2003828 2.55066e+06 2550656
2003829 2.55133e+06 2551328
2003830 2.552e+06 2552000
2003831 2.55266e+06 2552656
2003832 2.55333e+06 2553328
2003833 2.554e+06 2554000
2003834 2.55466e+06 2554656
2003835 2.55533e+06 2555328
2003836 2.556e+06 2556000
2003837 2.55666e+06 2556656
2003838 2.55733e+06 2557328
2003839 2.558e+06 2558000
2003840 2.55866e+06 2558656
2003841 2.55933e+06 2559328
2003842 2.56e+06 2560000
2003843 2.56066e+06 2560656
2003844 2.56133e+06 2561328
2003845 2.562e+06 2562000
2003846 2.56266e+06 2562656
2003847 2.56333e+06 2563328
2003848 2.564e+06 2564000
2003849 2.56466e+06 2564656
2003850 2.56533e+06 2565328
2003851 2.566e+06 2566000
2003852 2.56666e+06 2566656
2003853 2.56733e+06 2567328
2003854 2.568e+06 2568000
2003855 2.56866e+06 2568656
2003856 2.56933e+06 2569328
2003857 2.57e+06 2570000
2003858 2.57066e+06 2570656
2003859 2.57133e+06 2571328
2003860 2.572e+06 2572000
2003861 2.57266e+06 2572656
2003862 2.57333e+06 2573328
2003863 2.574e+06 2574000
2003864 2.57466e+06 2574656
2003865 2.57533e+06 2575328
2003866 2.576e+06 2576000
2003867 2.57666e+06 2576656
2003868 2.57733e+06 2577328
2003869 2.578e+06 2578000
2003870 2.57866e+06 2578656
2003871 2.57933e+06 2579328
2003872 2.58e+06 2580000
2003873 2.58066e+06 2580656
2003874 2.58133e+06 2581328
2003875 2.582e+06 2582000
2003876 2.58266e+06 2582656
2003877 2.58333e+06 2583328
2003878 2.584e+06 2584000
2003879 2.58466e+06 2584656
2003880 2.58533e+06 2585328
2003881 2.586e+06 2586000
2003882 2.58666e+06 2586656
2003883 2.58733e+06 2587328
2003884 2.588e+06 2588000
2003885 2.58866e+06 2588656
2003886 2.58933e+06 2589328
2003887 2.59e+06 2590000
2003888 2.59066e+06 2590656
2003889 2.59133e+06 2591328
2003890 2.592e+06 2592000
2003891 2.59266e+06 2592656
2003892 2.59333e+06 2593328
2003893 2.594e+06 2594000
2003894 2.59466e+06 2594656
2003895 2.59533e+06 2595328
2003896 2.596e+06 2596000
2003897 2.59666e+06 2596656
2003898 2.59733e+06 2597328
2003899 2.598e+06 2598000
2003900 2.59866e+06 2598656
2003901 2.59933e+06 2599328
2003902 2.6e+06 2600000
2003903 2.60066e+06 2600656
2003904 2.60133e+06 2601328
2003905 2.602e+06 2602000
2003906 2.60266e+06 2602656
2003907 2.60333e+06 2603328
2003908 2.604e+06 2604000
2003909 2.60466e+06 2604656
2003910 2.60533e+06 2605328
2003911 2.606e+06 2606000
2003912 2.60666e+06 2606656
2003913 2.60733e+06 2607328
2003914 2.608e+06 2608000
2003915 2.60866e+06 2608656
2003916 2.60933e+06 2609328
2003917 2.61e+06 2610000
2003918 2.61066e+06 2610656
2003919 2.61133e+06 2611328
2003920 2.612e+06 2612000
2003921 2.61266e+06 2612656
2003922 2.61333e+06 2613328
2003923 2.614e+06 2614000
2003924 2.61466e+06 2614656
2003925 2.61533e+06 2615328
2003926 2.616e+06 2616000
2003927 2.61666e+06 2616656
2003928 2.61733e+06 2617328
2003929 2.618e+06 2618000
2003930 2.61866e+06 2618656
2003931 2.61933e+06 2619328
2003932 2.62e+06 2620000
2003933 2.62066e+06 2620656
2003934 2.62133e+06 2621328
2003935 2.622e+06 2622000
2003936 2.62266e+06 2622656
2003937 2.62333e+06 2623328
2003938 2.624e+06 2624000
2003939 2.62466e+06 2624656
2003940 2.62533e+06 2625328
2003941 2.626e+06 2626000
2003942 2.62666e+06 2626656
2003943 2.62733e+06 2627328
2003944 2.628e+06 2628000
2003945 2.62866e+06 2628656
2003946 2.62933e+06 2629328
2003947 2.63e+06 2630000
2003948 2.63066e+06 2630656
2003949 2.63133e+06 2631328
2003950 2.632e+06 2632000
2003951 2.63266e+06 2632656
2003952 2.63333e+06 2633328
2003953 2.634e+06 2634000
2003954 2.63466e+06 2634656
2003955 2.63533e+06 2635328
2003956 2.636e+06 2636000
2003957 2.63666e+06 2636656
2003958 2.63733e+06 2637328
2003959 2.638e+06 2638000
2003960 2.63866e+06 2638656
2003961 2.63933e+06 2639328
2003962 2.64e+06 2640000
2003963 2.64066e+06 2640656
2003964 2.64133e+06 2641328
2003965 2.642e+06 2642000
2003966 2.64266e+06 2642656
2003967 2.64333e+06 2643328
2003968 2.644e+06 2644000
2003969 2.64466e+06 2644656
2003970 2.64533e+06 2645328
2003971 2.646e+06 2646000
2003972 2.64666e+06 2646656
2003973 2.64733e+06 2647328
2003974 2.648e+06 2648000
2003975 2.64866e+06 2648656
2003976 2.64933e+06 2649328
2003977 2.65e+06 2650000
2003978 2.65066e+06 2650656
2003979 2.65133e+06 2651328
2003980 2.652e+06 2652000
2003981 2.65266e+06 2652656
2003982 2.65333e+06 2653328
2003983 2.654e+06 2654000
2003984 2.65466e+06 2654656
2003985 2.65533e+06 2655328
2003986 2.656e+06 2656000
2003987 2.65666e+06 2656656
2003988 2.65733e+06 2657328
2003989 2.658e+06 2658000
2003990 2.65866e+06 2658656
2003991 2.65933e+06 2659328
2003992 2.66e+06 2660000
2003993 2.66066e+06 2660656
2003994 2.66133e+06 2661328
2003995 2.662e+06 2662000
2003996 2.66266e+06 2662656
2003997 2.66333e+06 2663328
2003998 2.664e+06 2664000
2003999 2.66466e+06 2664656
2004000 2.66533e+06 2665328
2004001 2.666e+06 2666000
2004002 2.66666e+06 2666656
2004003 2.66733e+06 2667328
2004004 2.668e+06 2668000
2004005 2.66866e+06 2668656
2004006 2.66933e+06 2669328
2004007 2.67e+06 2670000
2004008 2.67066e+06 2670656
2004009 2.67133e+06 2671328
2004010 2.672e+06 2672000
2004011 2.67266e+06 2672656
2004012 2.67333e+06 2673328
2004013 2.674e+06 2674000
2004014 2.67466e+06 2674656
2004015 2.67533e+06 2675328
2004016 2.676e+06 2676000
2004017 2.67666e+06 2676656
2004018 2.67733e+06 2677328
2004019 2.678e+06 2678000
2004020 2.67866e+06 2678656
2004021 2.67933e+06 2679328
2004022 2.68e+06 2680000
2004023 2.68066e+06 2680656
2004024 2.68133e+06 2681328
2004025 2.682e+06 2682000
2004026 2.68266e+06 2682656
2004027 2.68333e+06 2683328
2004028 2.684e+06 2684000
2004029 2.68466e+06 2684656
2004030 2.68533e+06 2685328
2004031 2.686e+06 2686000
2004032 2.68666e+06 2686656
2004033 2.68733e+06 2687328
2004034 2.688e+06 2688000
2004035 2.68866e+06 2688656
2004036 2.68933e+06 2689328
2004037 2.69e+06 2690000
2004038 2.69066e+06 2690656
2004039 2.69133e+06 2691328
2004040 2.692e+06 2692000
2004041 2.69266e+06 2692656
2004042 2.69333e+06 2693328
2004043 2.694e+06 2694000
2004044 2.69466e+06 2694656
2004045 2.69533e+06 2695328
2004046 2.696e+06 2696000
2004047 2.69666e+06 2696656
2004048 2.69733e+06 2697328
2004049 2.698e+06 2698000
2004050 2.69866e+06 2698656
2004051 2.69933e+06 2699328
2004052 2.7e+06 2700000
2004053 2.70066e+06 2700656
2004054 2.70133e+06 2701328
2004055 2.702e+06 2702000
2004056 2.70266e+06 2702656
2004057 2.70333e+06 2703328
2004058 2.704e+06 2704000
2004059 2.70466e+06 2704656
2004060 2.70533e+06 2705328
2004061 2.706e+06 2706000
2004062 2.70666e+06 2706656
2004063 2.70733e+06 2707328
2004064 2.708e+06 2708000
2004065 2.70866e+06 2708656
2004066 2.70933e+06 2709328
2004067 2.71e+06 2710000
2004068 2.71066e+06 2710656
2004069 2.71133e+06 2711328
2004070 2.712e+06 2712000
2004071 2.71266e+06 2712656
2004072 2.71333e+06 2713328
2004073 2.714e+06 2714000
2004074 2.71466e+06 2714656
2004075 2.71533e+06 2715328
2004076 2.716e+06 2716000
2004077 2.71666e+06 2716656
2004078 2.71733e+06 2717328
2004079 2.718e+06 2718000
2004080 2.71866e+06 2718656
2004081 2.71933e+06 2719328
2004082 2.72e+06 2720000
2004083 2.72066e+06 2720656
2004084 2.72133e+06 2721328
2004085 2.722e+06 2722000
2004086 2.72266e+06 2722656
2004087 2.72333e+06 2723328
2004088 2.724e+06 2724000
2004089 2.72466e+06 2724656
2004090 2.72533e+06 2725328
2004091 2.726e+06 2726000
2004092 2.72666e+06 2726656
2004093 2.72733e+06 2727328
2004094 2.728e+06 2728000
2004095 2.72866e+06 2728656
2004096 2.72933e+06 2729328
2004097 2.73e+06 2730000
2004098 2.73066e+06 2730656
2004099 2.73133e+06 2731328
2004100 2.732e+06 2732000
2004101 2.73266e+06 2732656
2004102 2.73333e+06 2733328
2004103 2.734e+06 2734000
2004104 2.73466e+06 2734656
2004105 2.73533e+06 2735328
2004106 2.736e+06 2736000
2004107 2.73666e+06 2736656
2004108 2.73733e+06 2737328
2004109 2.738e+06 2738000
2004110 2.73866e+06 2738656
2004111 2.73933e+06 2739328
2004112 2.74e+06 2740000
2004113 2.74066e+06 2740656
2004114 2.74133e+06 2741328
2004115 2.742e+06 2742000
2004116 2.74266e+06 2742656
2004117 2.74333e+06 2743328
2004118 2.744e+06 2744000
2004119 2.74466e+06 2744656
2004120 2.74533e+06 2745328
2004121 2.746e+06 2746000
2004122 2.74666e+06 2746656
2004123 2.74733e+06 2747328
2004124 2.748e+06 2748000
2004125 2.74866e+06 2748656
2004126 2.74933e+06 2749328
2004127 2.75e+06 2750000
2004128 2.75066e+06 2750656
2004129 2.75133e+06 2751328
2004130 2.752e+06 2752000
2004131 2.75266e+06 2752656
2004132 2.75333e+06 2753328
2004133 2.754e+06 2754000
2004134 2.75466e+06 2754656
2004135 2.75533e+06 2755328
2004136 2.756e+06 2756000
2004137 2.75666e+06 2756656
2004138 2.75733e+06 2757328
2004139 2.758e+06 2758000
2004140 2.75866e+06 2758656
2004141 2.75933e+06 2759328
2004142 2.76e+06 2760000
2004143 2.76066e+06 2760656
2004144 2.76133e+06 2761328
2004145 2.762e+06 2762000
2004146 2.76266e+06 2762656
2004147 2.76333e+06 2763328
2004148 2.764e+06 2764000
2004149 2.76466e+06 2764656
2004150 2.76533e+06 2765328
2004151 2.766e+06 2766000
2004152 2.76666e+06 2766656
2004153 2.76733e+06 2767328
2004154 2.768e+06 2768000
2004155 2.76866e+06 2768656
2004156 2.76933e+06 2769328
2004157 2.77e+06 2770000
2004158 2.77066e+06 2770656
2004159 2.77133e+06 2771328
2004160 2.772e+06 2772000
2004161 2.77266e+06 2772656
2004162 2.77333e+06 2773328
2004163 2.774e+06 2774000
2004164 2.77466e+06 2774656
2004165 2.77533e+06 2775328
2004166 2.776e+06 2776000
2004167 2.77666e+06 2776656
2004168 2.77733e+06 2777328
2004169 2.778e+06 2778000
2004170 2.77866e+06 2778656
2004171 2.77933e+06 2779328
2004172 2.78e+06 2780000
2004173 2.78066e+06 2780656
2004174 2.78133e+06 2781328
2004175 2.782e+06 2782000
2004176 2.78266e+06 2782656
2004177 2.78333e+06 2783328
2004178 2.784e+06 2784000
2004179 2.78466e+06 2784656
2004180 2.78533e+06 2785328
2004181 2.786e+06 2786000
2004182 2.78666e+06 2786656
2004183 2.78733e+06 2787328
2004184 2.788e+06 2788000
2004185 2.78866e+06 2788656
2004186 2.78933e+06 2789328
2004187 2.79e+06 2790000
2004188 2.79066e+06 2790656
2004189 2.79133e+06 2791328
2004190 2.792e+06 2792000
2004191 2.79266e+06 2792656
2004192 2.79333e+06 2793328
2004193 2.794e+06 2794000
2004194 2.79466e+06 2794656
2004195 2.79533e+06 2795328
2004196 2.796e+06 2796000
2004197 2.79666e+06 2796656
2004198 2.79733e+06 2797328
2004199 2.798e+06 2798000
2004200 2.79866e+06 2798656
2004201 2.79933e+06 2799328
2004202 2.8e+06 2800000
2004203 2.80066e+06 2800656
2004204 2.80133e+06 2801328
2004205 2.802e+06 2802000
2004206 2.80266e+06 2802656
2004207 2.80333e+06 2803328
2004208 2.804e+06 2804000
2004209 2.80466e+06 2804656
2004210 2.80533e+06 2805328
2004211 2.806e+06 2806000
2004212 2.80666e+06 2806656
2004213 2.80733e+06 2807328
2004214 2.808e+06 2808000
2004215 2.80866e+06 2808656
2004216 2.80933e+06 2809328
2004217 2.81e+06 2810000
2004218 2.81066e+06 2810656
2004219 2.81133e+06 2811328
2004220 2.812e+06 2812000
2004221 2.81266e+06 2812656
2004222 2.81333e+06 2813328
2004223 2.814e+06 2814000
2004224 2.81466e+06 2814656
2004225 2.81533e+06 2815328
2004226 2.816e+06 2816000
2004227 2.81666e+06 2816656
2004228 2.81733e+06 2817328
2004229 2.818e+06 2818000
2004230 2.81866e+06 2818656
2004231 2.81933e+06 2819328
2004232 2.82e+06 2820000
2004233 2.82066e+06 2820656
2004234 2.82133e+06 2821328
2004235 2.822e+06 2822000
2004236 2.82266e+06 2822656
2004237 2.82333e+06 2823328
2004238 2.824e+06 2824000
2004239 2.82466e+06 2824656
2004240 2.82533e+06 2825328
2004241 2.826e+06 2826000
2004242 2.82666e+06 2826656
2004243 2.82733e+06 2827328
2004244 2.828e+06 2828000
2004245 2.82866e+06 2828656
2004246 2.82933e+06 2829328
2004247 2.83e+06 2830000
2004248 2.83066e+06 2830656
2004249 2.83133e+06 2831328
2004250 2.832e+06 2832000
2004251 2.83266e+06 2832656
2004252 2.83333e+06 2833328
2004253 2.834e+06 2834000
2004254 2.83466e+06 2834656
2004255 2.83533e+06 2835328
2004256 2.836e+06 2836000
2004257 2.83666e+06 2836656
2004258 2.83733e+06 2837328
2004259 2.838e+06 2838000
2004260 2.83866e+06 2838656
2004261 2.83933e+06 2839328
2004262 2.84e+06 2840000
2004263 2.84066e+06 2840656
2004264 2.84133e+06 2841328
2004265 2.842e+06 2842000
2004266 2.84266e+06 2842656
2004267 2.84333e+06 2843328
2004268 2.844e+06 2844000
2004269 2.84466e+06 2844656
2004270 2.84533e+06 2845328
2004271 2.846e+06 2846000
2004272 2.84666e+06 2846656
2004273 2.84733e+06 2847328
2004274 2.848e+06 2848000
2004275 2.84866e+06 2848656
2004276 2.84933e+06 2849328
2004277 2.85e+06 2850000
2004278 2.85066e+06 2850656
2004279 2.85133e+06 2851328
2004280 2.852e+06 2852000
2004281 2.85266e+06 2852656
2004282 2.85333e+06 2853328
2004283 2.854e+06 2854000
2004284 2.85466e+06 2854656
2004285 2.85533e+06 2855328
2004286 2.856e+06 2856000
2004287 2.85666e+06 2856656
2004288 2.85733e+06 2857328
2004289 2.858e+06 2858000
2004290 2.85866e+06 2858656
2004291 2.85933e+06 2859328
2004292 2.86e+06 2860000
2004293 2.86066e+06 2860656
2004294 2.86133e+06 2861328
2004295 2.862e+06 2862000
2004296 2.86266e+06 2862656
2004297 2.86333e+06 2863328
2004298 2.864e+06 2864000
2004299 2.86466e+06 2864656
2004300 2.86533e+06 2865328
2004301 2.866e+06 2866000
2004302 2.86666e+06 2866656
2004303 2.86733e+06 2867328
2004304 2.868e+06 2868000
2004305 2.86866e+06 2868656
2004306 2.86933e+06 2869328
2004307 2.87e+06 2870000
2004308 2.87066e+06 2870656
2004309 2.87133e+06 2871328
2004310 2.872e+06 2872000
2004311 2.87266e+06 2872656
2004312 2.87333e+06 2873328
2004313 2.874e+06 2874000
2004314 2.87466e+06 2874656
2004315 2.87533e+06 2875328
2004316 2.876e+06 2876000
2004317 2.87666e+06 2876656
2004318 2.87733e+06 2877328
2004319 2.878e+06 2878000
2004320 2.87866e+06 2878656
2004321 2.87933e+06 2879328
2004322 2.88e+06 2880000
2004323 2.88066e+06 2880656
2004324 2.88133e+06 2881328
2004325 2.882e+06 2882000
2004326 2.88266e+06 2882656
2004327 2.88333e+06 2883328
2004328 2.884e+06 2884000
2004329 2.88466e+06 2884656
2004330 2.88533e+06 2885328
2004331 2.886e+06 2886000
2004332 2.88666e+06 2886656
2004333 2.88733e+06 2887328
2004334 2.888e+06 2888000
2004335 2.88866e+06 2888656
2004336 2.88933e+06 2889328
2004337 2.89e+06 2890000
2004338 2.89066e+06 2890656
2004339 2.89133e+06 2891328
2004340 2.892e+06 2892000
2004341 2.89266e+06 2892656
2004342 2.89333e+06 2893328
2004343 2.894e+06 2894000
2004344 2.89466e+06 2894656
2004345 2.89533e+06 2895328
2004346 2.896e+06 2896000
2004347 2.89666e+06 2896656
2004348 2.89733e+06 2897328
2004349 2.898e+06 2898000
2004350 2.89866e+06 2898656
2004351 2.89933e+06 2899328
2004352 2.9e+06 2900000
2004353 2.90066e+06 2900656
2004354 2.90133e+06 2901328
2004355 2.902e+06 2902000
2004356 2.90266e+06 2902656
2004357 2.90333e+06 2903328
2004358 2.904e+06 2904000
2004359 2.90466e+06 2904656
2004360 2.90533e+06 2905328
2004361 2.906e+06 2906000
2004362 2.90666e+06 2906656
2004363 2.90733e+06 2907328
2004364 2.908e+06 2908000
2004365 2.90866e+06 2908656
2004366 2.90933e+06 2909328
2004367 2.91e+06 2910000
2004368 2.91066e+06 2910656
2004369 2.91133e+06 2911328
2004370 2.912e+06 2912000
2004371 2.91266e+06 2912656
2004372 2.91333e+06 2913328
2004373 2.914e+06 2914000
2004374 2.91466e+06 2914656
2004375 2.91533e+06 2915328
2004376 2.916e+06 2916000
2004377 2.91666e+06 2916656
2004378 2.91733e+06 2917328
2004379 2.918e+06 2918000
2004380 2.91866e+06 2918656
2004381 2.91933e+06 2919328
2004382 2.92e+06 2920000
2004383 2.92066e+06 2920656
2004384 2.92133e+06 2921328
2004385 2.922e+06 2922000
2004386 2.92266e+06 2922656
2004387 2.92333e+06 2923328
2004388 2.924e+06 2924000
2004389 2.92466e+06 2924656
2004390 2.92533e+06 2925328
2004391 2.926e+06 2926000
2004392 2.92666e+06 2926656
2004393 2.92733e+06 2927328
2004394 2.928e+06 2928000
2004395 2.92866e+06 2928656
2004396 2.92933e+06 2929328
2004397 2.93e+06 2930000
2004398 2.93066e+06 2930656
2004399 2.93133e+06 2931328
2004400 2.932e+06 2932000
2004401 2.93266e+06 2932656
2004402 2.93333e+06 2933328
2004403 2.934e+06 2934000
2004404 2.93466e+06 2934656
2004405 2.93533e+06 2935328
2004406 2.936e+06 2936000
2004407 2.93666e+06 2936656
2004408 2.93733e+06 2937328
2004409 2.938e+06 2938000
2004410 2.93866e+06 2938656
2004411 2.93933e+06 2939328
2004412 2.94e+06 2940000
2004413 2.94066e+06 2940656
2004414 2.94133e+06 2941328
2004415 2.942e+06 2942000
2004416 2.94266e+06 2942656
2004417 2.94333e+06 2943328
2004418 2.944e+06 2944000
2004419 2.94466e+06 2944656
2004420 2.94533e+06 2945328
2004421 2.946e+06 2946000
2004422 2.94666e+06 2946656
2004423 2.94733e+06 2947328
2004424 2.948e+06 2948000
2004425 2.94866e+06 2948656
2004426 2.94933e+06 2949328
2004427 2.95e+06 2950000
2004428 2.95066e+06 2950656
2004429 2.95133e+06 2951328
2004430 2.952e+06 2952000
2004431 2.95266e+06 2952656
2004432 2.95333e+06 2953328
2004433 2.954e+06 2954000
2004434 2.95466e+06 2954656
2004435 2.95533e+06 2955328
2004436 2.956e+06 2956000
2004437 2.95666e+06 2956656
2004438 2.95733e+06 2957328
2004439 2.958e+06 2958000
2004440 2.95866e+06 2958656
2004441 2.95933e+06 2959328
2004442 2.96e+06 2960000
2004443 2.96066e+06 2960656
2004444 2.96133e+06 2961328
2004445 2.962e+06 2962000
2004446 2.96266e+06 2962656
2004447 2.96333e+06 2963328
2004448 2.964e+06 2964000
2004449 2.96466e+06 2964656
2004450 2.96533e+06 2965328
2004451 2.966e+06 2966000
2004452 2.96666e+06 2966656
2004453 2.96733e+06 2967328
2004454 2.968e+06 2968000
2004455 2.96866e+06 2968656
2004456 2.96933e+06 2969328
2004457 2.97e+06 2970000
2004458 2.97066e+06 2970656
2004459 2.97133e+06 2971328
2004460 2.972e+06 2972000
2004461 2.97266e+06 2972656
2004462 2.97333e+06 2973328
2004463 2.974e+06 2974000
2004464 2.97466e+06 2974656
2004465 2.97533e+06 2975328
2004466 2.976e+06 2976000
2004467 2.97666e+06 2976656
2004468 2.97733e+06 2977328
2004469 2.978e+06 2978000
2004470 2.97866e+06 2978656
2004471 2.97933e+06 2979328
2004472 2.98e+06 2980000
2004473 2.98066e+06 2980656
2004474 2.98133e+06 2981328
2004475 2.982e+06 2982000
2004476 2.98266e+06 2982656
2004477 2.98333e+06 2983328
2004478 2.984e+06 2984000
2004479 2.98466e+06 2984656
2004480 2.98533e+06 2985328
2004481 2.986e+06 2986000
2004482 2.98666e+06 2986656
2004483 2.98733e+06 2987328
2004484 2.988e+06 2988000
2004485 2.98866e+06 2988656
2004486 2.98933e+06 2989328
2004487 2.99e+06 2990000
2004488 2.99066e+06 2990656
2004489 2.99133e+06 2991328
2004490 2.992e+06 2992000
2004491 2.99266e+06 2992656
2004492 2.99333e+06 2993328
2004493 2.994e+06 2994000
2004494 2.99466e+06 2994656
2004495 2.99533e+06 2995328
2004496 2.996e+06 2996000
2004497 2.99666e+06 2996656
2004498 2.99733e+06 2997328
2004499 2.998e+06 2998000
2004500 2.99866e+06 2998656
2004501 2.99933e+06 2999328
2004502 3e+06 3000000
2004503 3.00066e+06 3000656
2004504 3.00133e+06 3001328
2004505 3.002e+06 3002000
2004506 3.00266e+06 3002656
2004507 3.00333e+06 3003328
2004508 3.004e+06 3004000
2004509 3.00466e+06 3004656
2004510 3.00533e+06 3005328
2004511 3.006e+06 3006000
2004512 3.00666e+06 3006656
2004513 3.00733e+06 3007328
2004514 3.008e+06 3008000
2004515 3.00866e+06 3008656
2004516 3.00933e+06 3009328
2004517 3.01e+06 3010000
2004518 3.01066e+06 3010656
2004519 3.01133e+06 3011328
2004520 3.012e+06 3012000
2004521 3.01266e+06 3012656
2004522 3.01333e+06 3013328
2004523 3.014e+06 3014000
2004524 3.01466e+06 3014656
2004525 3.01533e+06 3015328
2004526 3.016e+06 3016000
2004527 3.01666e+06 3016656
2004528 3.01733e+06 3017328
2004529 3.018e+06 3018000
2004530 3.01866e+06 3018656
2004531 3.01933e+06 3019328
2004532 3.02e+06 3020000
2004533 3.02066e+06 3020656
2004534 3.02133e+06 3021328
2004535 3.022e+06 3022000
2004536 3.02266e+06 3022656
2004537 3.02333e+06 3023328
2004538 3.024e+06 3024000
2004539 3.02466e+06 3024656
2004540 3.02533e+06 3025328
2004541 3.026e+06 3026000
2004542 3.02666e+06 3026656
2004543 3.02733e+06 3027328
2004544 3.028e+06 3028000
2004545 3.02866e+06 3028656
2004546 3.02933e+06 3029328
2004547 3.03e+06 3030000
2004548 3.03066e+06 3030656
2004549 3.03133e+06 3031328
2004550 3.032e+06 3032000
2004551 3.03266e+06 3032656
2004552 3.03333e+06 3033328
2004553 3.034e+06 3034000
2004554 3.03466e+06 3034656
2004555 3.03533e+06 3035328
2004556 3.036e+06 3036000
2004557 3.03666e+06 3036656
2004558 3.03733e+06 3037328
2004559 3.038e+06 3038000
2004560 3.03866e+06 3038656
2004561 3.03933e+06 3039328
2004562 3.04e+06 3040000
2004563 3.04066e+06 3040656
2004564 3.04133e+06 3041328
2004565 3.042e+06 3042000
2004566 3.04266e+06 3042656
2004567 3.04333e+06 3043328
2004568 3.044e+06 3044000
2004569 3.04466e+06 3044656
2004570 3.04533e+06 3045328
2004571 3.046e+06 3046000
2004572 3.04666e+06 3046656
2004573 3.04733e+06 3047328
2004574 3.048e+06 3048000
2004575 3.04866e+06 3048656
2004576 3.04933e+06 3049328
2004577 3.05e+06 3050000
2004578 3.05066e+06 3050656
2004579 3.05133e+06 3051328
2004580 3.052e+06 3052000
2004581 3.05266e+06 3052656
2004582 3.05333e+06 3053328
2004583 3.054e+06 3054000
2004584 3.05466e+06 3054656
2004585 3.05533e+06 3055328
2004586 3.056e+06 3056000
2004587 3.05666e+06 3056656
2004588 3.05733e+06 3057328
2004589 3.058e+06 3058000
2004590 3.05866e+06 3058656
2004591 3.05933e+06 3059328
2004592 3.06e+06 3060000
2004593 3.06066e+06 3060656
2004594 3.06133e+06 3061328
2004595 3.062e+06 3062000
2004596 3.06266e+06 3062656
2004597 3.06333e+06 3063328
2004598 3.064e+06 3064000
2004599 3.06466e+06 3064656
2004600 3.06533e+06 3065328
2004601 3.066e+06 3066000
2004602 3.06666e+06 3066656
2004603 3.06733e+06 3067328
2004604 3.068e+06 3068000
2004605 3.06866e+06 3068656
2004606 3.06933e+06 3069328
2004607 3.07e+06 3070000
2004608 3.07066e+06 3070656
2004609 3.07133e+06 3071328
2004610 3.072e+06 3072000
2004611 3.07266e+06 3072656
2004612 3.07333e+06 3073328
2004613 3.074e+06 3074000
2004614 3.07466e+06 3074656
2004615 3.07533e+06 3075328
2004616 3.076e+06 3076000
2004617 3.07666e+06 3076656
2004618 3.07733e+06 3077328
2004619 3.078e+06 3078000
2004620 3.07866e+06 3078656
2004621 3.07933e+06 3079328
2004622 3.08e+06 3080000
2004623 3.08066e+06 3080656
2004624 3.08133e+06 3081328
2004625 3.082e+06 3082000
2004626 3.08266e+06 3082656
2004627 3.08333e+06 3083328
2004628 3.084e+06 3084000
2004629 3.08466e+06 3084656
2004630 3.08533e+06 3085328
2004631 3.086e+06 3086000
2004632 3.08666e+06 3086656
2004633 3.08733e+06 3087328
2004634 3.088e+06 3088000
2004635 3.08866e+06 3088656
2004636 3.08933e+06 3089328
2004637 3.09e+06 3090000
2004638 3.09066e+06 3090656
2004639 3.09133e+06 3091328
2004640 3.092e+06 3092000
2004641 3.09266e+06 3092656
2004642 3.09333e+06 3093328
2004643 3.094e+06 3094000
2004644 3.09466e+06 3094656
2004645 3.09533e+06 3095328
2004646 3.096e+06 3096000
2004647 3.09666e+06 3096656
2004648 3.09733e+06 3097328
2004649 3.098e+06 3098000
2004650 3.09866e+06 3098656
2004651 3.09933e+06 3099328
2004652 3.1e+06 3100000
2004653 3.10066e+06 3100656
2004654 3.10133e+06 3101328
2004655 3.102e+06 3102000
2004656 3.10266e+06 3102656
2004657 3.10333e+06 3103328
2004658 3.104e+06 3104000
2004659 3.10466e+06 3104656
2004660 3.10533e+06 3105328
2004661 3.106e+06 3106000
2004662 3.10666e+06 3106656
2004663 3.10733e+06 3107328
2004664 3.108e+06 3108000
2004665 3.10866e+06 3108656
2004666 3.10933e+06 3109328
2004667 3.11e+06 3110000
2004668 3.11066e+06 3110656
2004669 3.11133e+06 3111328
2004670 3.112e+06 3112000
2004671 3.11266e+06 3112656
2004672 3.11333e+06 3113328
2004673 3.114e+06 3114000
2004674 3.11466e+06 3114656
2004675 3.11533e+06 3115328
2004676 3.116e+06 3116000
2004677 3.11666e+06 3116656
2004678 3.11733e+06 3117328
2004679 3.118e+06 3118000
2004680 3.11866e+06 3118656
2004681 3.11933e+06 3119328
2004682 3.12e+06 3120000
2004683 3.12066e+06 3120656
2004684 3.12133e+06 3121328
2004685 3.122e+06 3122000
2004686 3.12266e+06 3122656
2004687 3.12333e+06 3123328
2004688 3.124e+06 3124000
2004689 3.12466e+06 3124656
2004690 3.12533e+06 3125328
2004691 3.126e+06 3126000
2004692 3.12666e+06 3126656
2004693 3.12733e+06 3127328
2004694 3.128e+06 3128000
2004695 3.12866e+06 3128656
2004696 3.12933e+06 3129328
2004697 3.13e+06 3130000
2004698 3.13066e+06 3130656
2004699 3.13133e+06 3131328
2004700 3.132e+06 3132000
2004701 3.13266e+06 3132656
2004702 3.13333e+06 3133328
2004703 3.134e+06 3134000
2004704 3.13466e+06 3134656
2004705 3.13533e+06 3135328
2004706 3.136e+06 3136000
2004707 3.13666e+06 3136656
2004708 3.13733e+06 3137328
2004709 3.138e+06 3138000
2004710 3.13866e+06 3138656
2004711 3.13933e+06 3139328
2004712 3.14e+06 3140000
2004713 3.14066e+06 3140656
2004714 3.14133e+06 3141328
2004715 3.142e+06 3142000
2004716 3.14266e+06 3142656
2004717 3.14333e+06 3143328
2004718 3.144e+06 3144000
2004719 3.14466e+06 3144656
2004720 3.14533e+06 3145328
2004721 3.146e+06 3146000
2004722 3.14666e+06 3146656
2004723 3.14733e+06 3147328
2004724 3.148e+06 3148000
2004725 3.14866e+06 3148656
2004726 3.14933e+06 3149328
2004727 3.15e+06 3150000
2004728 3.15066e+06 3150656
2004729 3.15133e+06 3151328
2004730 3.152e+06 3152000
2004731 3.15266e+06 3152656
2004732 3.15333e+06 3153328
2004733 3.154e+06 3154000
2004734 3.15466e+06 3154656
2004735 3.15533e+06 3155328
2004736 3.156e+06 3156000
2004737 3.15666e+06 3156656
2004738 3.15733e+06 3157328
2004739 3.158e+06 3158000
2004740 3.15866e+06 3158656
2004741 3.15933e+06 3159328
2004742 3.16e+06 3160000
2004743 3.16066e+06 3160656
2004744 3.16133e+06 3161328
2004745 3.162e+06 3162000
2004746 3.16266e+06 3162656
2004747 3.16333e+06 3163328
2004748 3.164e+06 3164000
2004749 3.16466e+06 3164656
2004750 3.16533e+06 3165328
2004751 3.166e+06 3166000
2004752 3.16666e+06 3166656
2004753 3.16733e+06 3167328
2004754 3.168e+06 3168000
2004755 3.16866e+06 3168656
2004756 3.16933e+06 3169328
2004757 3.17e+06 3170000
2004758 3.17066e+06 3170656
2004759 3.17133e+06 3171328
2004760 3.172e+06 3172000
2004761 3.17266e+06 3172656
2004762 3.17333e+06 3173328
2004763 3.174e+06 3174000
2004764 3.17466e+06 3174656
2004765 3.17533e+06 3175328
2004766 3.176e+06 3176000
2004767 3.17666e+06 3176656
2004768 3.17733e+06 3177328
2004769 3.178e+06 3178000
2004770 3.17866e+06 3178656
2004771 3.17933e+06 3179328
2004772 3.18e+06 3180000
2004773 3.18066e+06 3180656
2004774 3.18133e+06 3181328
2004775 3.182e+06 3182000
2004776 3.18266e+06 3182656
2004777 3.18333e+06 3183328
2004778 3.184e+06 3184000
2004779 3.18466e+06 3184656
2004780 3.18533e+06 3185328
2004781 3.186e+06 3186000
2004782 3.18666e+06 3186656
2004783 3.18733e+06 3187328
2004784 3.188e+06 3188000
2004785 3.18866e+06 3188656
2004786 3.18933e+06 3189328
2004787 3.19e+06 3190000
2004788 3.19066e+06 3190656
2004789 3.19133e+06 3191328
2004790 3.192e+06 3192000
2004791 3.19266e+06 3192656
2004792 3.19333e+06 3193328
2004793 3.194e+06 3194000
2004794 3.19466e+06 3194656
2004795 3.19533e+06 3195328
2004796 3.196e+06 3196000
2004797 3.19666e+06 3196656
2004798 3.19733e+06 3197328
2004799 3.198e+06 3198000
2004800 3.19866e+06 3198656
2004801 3.19933e+06 3199328
2004802 3.2e+06 3200000
2004803 3.20066e+06 3200656
2004804 3.20133e+06 3201328
2004805 3.202e+06 3202000
2004806 3.20266e+06 3202656
2004807 3.20333e+06 3203328
2004808 3.204e+06 3204000
2004809 3.20466e+06 3204656
2004810 3.20533e+06 3205328
2004811 3.206e+06 3206000
2004812 3.20666e+06 3206656
2004813 3.20733e+06 3207328
2004814 3.208e+06 3208000
2004815 3.20866e+06 3208656
2004816 3.20933e+06 3209328
2004817 3.21e+06 3210000
2004818 3.21066e+06 3210656
2004819 3.21133e+06 3211328
2004820 3.212e+06 3212000
2004821 3.21266e+06 3212656
2004822 3.21333e+06 3213328
2004823 3.214e+06 3214000
2004824 3.21466e+06 3214656
2004825 3.21533e+06 3215328
2004826 3.216e+06 3216000
2004827 3.21666e+06 3216656
2004828 3.21733e+06 3217328
2004829 3.218e+06 3218000
2004830 3.21866e+06 3218656
2004831 3.21933e+06 3219328
2004832 3.22e+06 3220000
2004833 3.22066e+06 3220656
2004834 3.22133e+06 3221328
2004835 3.222e+06 3222000
2004836 3.22266e+06 3222656
2004837 3.22333e+06 3223328
2004838 3.224e+06 3224000
2004839 3.22466e+06 3224656
2004840 3.22533e+06 3225328
2004841 3.226e+06 3226000
2004842 3.22666e+06 3226656
2004843 3.22733e+06 3227328
2004844 3.228e+06 3228000
2004845 3.22866e+06 3228656
2004846 3.22933e+06 3229328
2004847 3.23e+06 3230000
2004848 3.23066e+06 3230656
2004849 3.23133e+06 3231328
2004850 3.232e+06 3232000
2004851 3.23266e+06 3232656
2004852 3.23333e+06 3233328
2004853 3.234e+06 3234000
2004854 3.23466e+06 3234656
2004855 3.23533e+06 3235328
2004856 3.236e+06 3236000
2004857 3.23666e+06 3236656
2004858 3.23733e+06 3237328
2004859 3.238e+06 3238000
2004860 3.23866e+06 3238656
2004861 3.23933e+06 3239328
2004862 3.24e+06 3240000
2004863 3.24066e+06 3240656
2004864 3.24133e+06 3241328
2004865 3.242e+06 3242000
2004866 3.24266e+06 3242656
2004867 3.24333e+06 3243328
2004868 3.244e+06 3244000
2004869 3.24466e+06 3244656
2004870 3.24533e+06 3245328
2004871 3.246e+06 3246000
2004872 3.24666e+06 3246656
2004873 3.24733e+06 3247328
2004874 3.248e+06 3248000
2004875 3.24866e+06 3248656
2004876 3.24933e+06 3249328
2004877 3.25e+06 3250000
2004878 3.25066e+06 3250656
2004879 3.25133e+06 3251328
2004880 3.252e+06 3252000
2004881 3.25266e+06 3252656
2004882 3.25333e+06 3253328
2004883 3.254e+06 3254000
2004884 3.25466e+06 3254656
2004885 3.25533e+06 3255328
2004886 3.256e+06 3256000
2004887 3.25666e+06 3256656
2004888 3.25733e+06 3257328
2004889 3.258e+06 3258000
2004890 3.25866e+06 3258656
2004891 3.25933e+06 3259328
2004892 3.26e+06 3260000
2004893 3.26066e+06 3260656
2004894 3.26133e+06 3261328
2004895 3.262e+06 3262000
2004896 3.26266e+06 3262656
2004897 3.26333e+06 3263328
2004898 3.264e+06 3264000
2004899 3.26466e+06 3264656
2004900 3.26533e+06 3265328
2004901 3.266e+06 3266000
2004902 3.26666e+06 3266656
2004903 3.26733e+06 3267328
2004904 3.268e+06 3268000
2004905 3.26866e+06 3268656
2004906 3.26933e+06 3269328
2004907 3.27e+06 3270000
2004908 3.27066e+06 3270656
2004909 3.27133e+06 3271328
2004910 3.272e+06 3272000
2004911 3.27266e+06 3272656
2004912 3.27333e+06 3273328
2004913 3.274e+06 3274000
2004914 3.27466e+06 3274656
2004915 3.27533e+06 3275328
2004916 3.276e+06 3276000
2004917 3.27666e+06 3276656
2004918 3.27733e+06 3277328
2004919 3.278e+06 3278000
2004920 3.27866e+06 3278656
2004921 3.27933e+06 3279328
2004922 3.28e+06 3280000
2004923 3.28066e+06 3280656
2004924 3.28133e+06 3281328
2004925 3.282e+06 3282000
2004926 3.28266e+06 3282656
2004927 3.28333e+06 3283328
2004928 3.284e+06 3284000
2004929 3.28466e+06 3284656
2004930 3.28533e+06 3285328
2004931 3.286e+06 3286000
2004932 3.28666e+06 3286656
2004933 3.28733e+06 3287328
2004934 3.288e+06 3288000
2004935 3.28866e+06 3288656
2004936 3.28933e+06 3289328
2004937 3.29e+06 3290000
2004938 3.29066e+06 3290656
2004939 3.29133e+06 3291328
2004940 3.292e+06 3292000
2004941 3.29266e+06 3292656
2004942 3.29333e+06 3293328
2004943 3.294e+06 3294000
2004944 3.29466e+06 3294656
2004945 3.29533e+06 3295328
2004946 3.296e+06 3296000
2004947 3.29666e+06 3296656
2004948 3.29733e+06 3297328
2004949 3.298e+06 3298000
2004950 3.29866e+06 3298656
2004951 3.29933e+06 3299328
2004952 3.3e+06 3300000
2004953 3.30066e+06 3300656
2004954 3.30133e+06 3301328
2004955 3.302e+06 3302000
2004956 3.30266e+06 3302656
2004957 3.30333e+06 3303328
2004958 3.304e+06 3304000
2004959 3.30466e+06 3304656
2004960 3.30533e+06 3305328
2004961 3.306e+06 3306000
2004962 3.30666e+06 3306656
2004963 3.30733e+06 3307328
2004964 3.308e+06 3308000
2004965 3.30866e+06 3308656
2004966 3.30933e+06 3309328
2004967 3.31e+06 3310000
2004968 3.31066e+06 3310656
2004969 3.31133e+06 3311328
2004970 3.312e+06 3312000
2004971 3.31266e+06 3312656
2004972 3.31333e+06 3313328
2004973 3.314e+06 3314000
2004974 3.31466e+06 3314656
2004975 3.31533e+06 3315328
2004976 3.316e+06 3316000
2004977 3.31666e+06 3316656
2004978 3.31733e+06 3317328
2004979 3.318e+06 3318000
2004980 3.31866e+06 3318656
2004981 3.31933e+06 3319328
2004982 3.32e+06 3320000
2004983 3.32066e+06 3320656
2004984 3.32133e+06 3321328
2004985 3.322e+06 3322000
2004986 3.32266e+06 3322656
2004987 3.32333e+06 3323328
2004988 3.324e+06 3324000
2004989 3.32466e+06 3324656
2004990 3.32533e+06 3325328
2004991 3.326e+06 3326000
2004992 3.32666e+06 3326656
2004993 3.32733e+06 3327328
2004994 3.328e+06 3328000
2004995 3.32866e+06 3328656
2004996 3.32933e+06 3329328
2004997 3.33e+06 3330000
2004998 3.33066e+06 3330656
2004999 3.33133e+06 3331328
2005000 3.332e+06 3332000
2005001 3.33266e+06 3332656
2005002 3.33333e+06 3333328
2005003 3.334e+06 3334000
2005004 3.33466e+06 3334656
2005005 3.33533e+06 3335328
2005006 3.336e+06 3336000
2005007 3.33666e+06 3336656
2005008 3.33733e+06 3337328
2005009 3.338e+06 3338000
2005010 3.33866e+06 3338656
2005011 3.33933e+06 3339328
2005012 3.34e+06 3340000
2005013 3.34066e+06 3340656
2005014 3.34133e+06 3341328
2005015 3.342e+06 3342000
2005016 3.34266e+06 3342656
2005017 3.34333e+06 3343328
2005018 3.344e+06 3344000
2005019 3.34466e+06 3344656
2005020 3.34533e+06 3345328
2005021 3.346e+06 3346000
2005022 3.34666e+06 3346656
2005023 3.34733e+06 3347328
2005024 3.348e+06 3348000
2005025 3.34866e+06 3348656
2005026 3.34933e+06 3349328
2005027 3.35e+06 3350000
2005028 3.35066e+06 3350656
2005029 3.35133e+06 3351328
2005030 3.352e+06 3352000
2005031 3.35266e+06 3352656
2005032 3.35333e+06 3353328
2005033 3.354e+06 3354000
2005034 3.35466e+06 3354656
2005035 3.35533e+06 3355328
2005036 3.356e+06 3356000
2005037 3.35666e+06 3356656
2005038 3.35733e+06 3357328
2005039 3.358e+06 3358000
2005040 3.35866e+06 3358656
2005041 3.35933e+06 3359328
2005042 3.36e+06 3360000
2005043 3.36066e+06 3360656
2005044 3.36133e+06 3361328
2005045 3.362e+06 3362000
2005046 3.36266e+06 3362656
2005047 3.36333e+06 3363328
2005048 3.364e+06 3364000
2005049 3.36466e+06 3364656
2005050 3.36533e+06 3365328
2005051 3.366e+06 3366000
2005052 3.36666e+06 3366656
2005053 3.36733e+06 3367328
2005054 3.368e+06 3368000
2005055 3.36866e+06 3368656
2005056 3.36933e+06 3369328
2005057 3.37e+06 3370000
2005058 3.37066e+06 3370656
2005059 3.37133e+06 3371328
2005060 3.372e+06 3372000
2005061 3.37266e+06 3372656
2005062 3.37333e+06 3373328
2005063 3.374e+06 3374000
2005064 3.37466e+06 3374656
2005065 3.37533e+06 3375328
2005066 3.376e+06 3376000
2005067 3.37666e+06 3376656
2005068 3.37733e+06 3377328
2005069 3.378e+06 3378000
2005070 3.37866e+06 3378656
2005071 3.37933e+06 3379328
2005072 3.38e+06 3380000
2005073 3.38066e+06 3380656
2005074 3.38133e+06 3381328
2005075 3.382e+06 3382000
2005076 3.38266e+06 3382656
2005077 3.38333e+06 3383328
2005078 3.384e+06 3384000
2005079 3.38466e+06 3384656
2005080 3.38533e+06 3385328
2005081 3.386e+06 3386000
2005082 3.38666e+06 3386656
2005083 3.38733e+06 3387328
2005084 3.388e+06 3388000
2005085 3.38866e+06 3388656
2005086 3.38933e+06 3389328
2005087 3.39e+06 3390000
2005088 3.39066e+06 3390656
2005089 3.39133e+06 3391328
2005090 3.392e+06 3392000
2005091 3.39266e+06 3392656
2005092 3.39333e+06 3393328
2005093 3.394e+06 3394000
2005094 3.39466e+06 3394656
2005095 3.39533e+06 3395328
2005096 3.396e+06 3396000
2005097 3.39666e+06 3396656
2005098 3.39733e+06 3397328
2005099 3.398e+06 3398000
2005100 3.39866e+06 3398656
2005101 3.39933e+06 3399328
2005102 3.4e+06 3400000
2005103 3.40066e+06 3400656
2005104 3.40133e+06 3401328
2005105 3.402e+06 3402000
2005106 3.40266e+06 3402656
2005107 3.40333e+06 3403328
2005108 3.404e+06 3404000
2005109 3.40466e+06 3404656
2005110 3.40533e+06 3405328
2005111 3.406e+06 3406000
2005112 3.40666e+06 3406656
2005113 3.40733e+06 3407328
2005114 3.408e+06 3408000
2005115 3.40866e+06 3408656
2005116 3.40933e+06 3409328
2005117 3.41e+06 3410000
2005118 3.41066e+06 3410656
2005119 3.41133e+06 3411328
2005120 3.412e+06 3412000
2005121 3.41266e+06 3412656
2005122 3.41333e+06 3413328
2005123 3.414e+06 3414000
2005124 3.41466e+06 3414656
2005125 3.41533e+06 3415328
2005126 3.416e+06 3416000
2005127 3.41666e+06 3416656
2005128 3.41733e+06 3417328
2005129 3.418e+06 3418000
2005130 3.41866e+06 3418656
2005131 3.41933e+06 3419328
2005132 3.42e+06 3420000
2005133 3.42066e+06 3420656
2005134 3.42133e+06 3421328
2005135 3.422e+06 3422000
2005136 3.42266e+06 3422656
2005137 3.42333e+06 3423328
2005138 3.424e+06 3424000
2005139 3.42466e+06 3424656
2005140 3.42533e+06 3425328
2005141 3.426e+06 3426000
2005142 3.42666e+06 3426656
2005143 3.42733e+06 3427328
2005144 3.428e+06 3428000
2005145 3.42866e+06 3428656
2005146 3.42933e+06 3429328
2005147 3.43e+06 3430000
2005148 3.43066e+06 3430656
2005149 3.43133e+06 3431328
2005150 3.432e+06 3432000
2005151 3.43266e+06 3432656
2005152 3.43333e+06 3433328
2005153 3.434e+06 3434000
2005154 3.43466e+06 3434656
2005155 3.43533e+06 3435328
2005156 3.436e+06 3436000
2005157 3.43666e+06 3436656
2005158 3.43733e+06 3437328
2005159 3.438e+06 3438000
2005160 3.43866e+06 3438656
2005161 3.43933e+06 3439328
2005162 3.44e+06 3440000
2005163 3.44066e+06 3440656
2005164 3.44133e+06 3441328
2005165 3.442e+06 3442000
2005166 3.44266e+06 3442656
2005167 3.44333e+06 3443328
2005168 3.444e+06 3444000
2005169 3.44466e+06 3444656
2005170 3.44533e+06 3445328
2005171 3.446e+06 3446000
2005172 3.44666e+06 3446656
2005173 3.44733e+06 3447328
2005174 3.448e+06 3448000
2005175 3.44866e+06 3448656
2005176 3.44933e+06 3449328
2005177 3.45e+06 3450000
2005178 3.45066e+06 3450656
2005179 3.45133e+06 3451328
2005180 3.452e+06 3452000
2005181 3.45266e+06 3452656
2005182 3.45333e+06 3453328
2005183 3.454e+06 3454000
2005184 3.45466e+06 3454656
2005185 3.45533e+06 3455328
2005186 3.456e+06 3456000
2005187 3.45666e+06 3456656
2005188 3.45733e+06 3457328
2005189 3.458e+06 3458000
2005190 3.45866e+06 3458656
2005191 3.45933e+06 3459328
2005192 3.46e+06 3460000
2005193 3.46066e+06 3460656
2005194 3.46133e+06 3461328
2005195 3.462e+06 3462000
2005196 3.46266e+06 3462656
2005197 3.46333e+06 3463328
2005198 3.464e+06 3464000
2005199 3.46466e+06 3464656
2005200 3.46533e+06 3465328
2005201 3.466e+06 3466000
2005202 3.46666e+06 3466656
2005203 3.46733e+06 3467328
2005204 3.468e+06 3468000
2005205 3.46866e+06 3468656
2005206 3.46933e+06 3469328
2005207 3.47e+06 3470000
2005208 3.47066e+06 3470656
2005209 3.47133e+06 3471328
2005210 3.472e+06 3472000
2005211 3.47266e+06 3472656
2005212 3.47333e+06 3473328
2005213 3.474e+06 3474000
2005214 3.47466e+06 3474656
2005215 3.47533e+06 3475328
2005216 3.476e+06 3476000
2005217 3.47666e+06 3476656
2005218 3.47733e+06 3477328
2005219 3.478e+06 3478000
2005220 3.47866e+06 3478656
2005221 3.47933e+06 3479328
2005222 3.48e+06 3480000
2005223 3.48066e+06 3480656
2005224 3.48133e+06 3481328
2005225 3.482e+06 3482000
2005226 3.48266e+06 3482656
2005227 3.48333e+06 3483328
2005228 3.484e+06 3484000
2005229 3.48466e+06 3484656
2005230 3.48533e+06 3485328
2005231 3.486e+06 3486000
2005232 3.48666e+06 3486656
2005233 3.48733e+06 3487328
2005234 3.488e+06 3488000
2005235 3.48866e+06 3488656
2005236 3.48933e+06 3489328
2005237 3.49e+06 3490000
2005238 3.49066e+06 3490656
2005239 3.49133e+06 3491328
2005240 3.492e+06 3492000
2005241 3.49266e+06 3492656
2005242 3.49333e+06 3493328
2005243 3.494e+06 3494000
2005244 3.49466e+06 3494656
2005245 3.49533e+06 3495328
2005246 3.496e+06 3496000
2005247 3.49666e+06 3496656
2005248 3.49733e+06 3497328
2005249 3.498e+06 3498000
2005250 3.49866e+06 3498656
2005251 3.49933e+06 3499328
2005252 3.5e+06 3500000
2005253 3.50066e+06 3500656
2005254 3.50133e+06 3501328
2005255 3.502e+06 3502000
2005256 3.50266e+06 3502656
2005257 3.50333e+06 3503328
2005258 3.504e+06 3504000
2005259 3.50466e+06 3504656
2005260 3.50533e+06 3505328
2005261 3.506e+06 3506000
2005262 3.50666e+06 3506656
2005263 3.50733e+06 3507328
2005264 3.508e+06 3508000
2005265 3.50866e+06 3508656
2005266 3.50933e+06 3509328
2005267 3.51e+06 3510000
2005268 3.51066e+06 3510656
2005269 3.51133e+06 3511328
2005270 3.512e+06 3512000
2005271 3.51266e+06 3512656
2005272 3.51333e+06 3513328
2005273 3.514e+06 3514000
2005274 3.51466e+06 3514656
2005275 3.51533e+06 3515328
2005276 3.516e+06 3516000
2005277 3.51666e+06 3516656
2005278 3.51733e+06 3517328
2005279 3.518e+06 3518000
2005280 3.51866e+06 3518656
2005281 3.51933e+06 3519328
2005282 3.52e+06 3520000
2005283 3.52066e+06 3520656
2005284 3.52133e+06 3521328
2005285 3.522e+06 3522000
2005286 3.52266e+06 3522656
2005287 3.52333e+06 3523328
2005288 3.524e+06 3524000
2005289 3.52466e+06 3524656
2005290 3.52533e+06 3525328
2005291 3.526e+06 3526000
2005292 3.52666e+06 3526656
2005293 3.52733e+06 3527328
2005294 3.528e+06 3528000
2005295 3.52866e+06 3528656
2005296 3.52933e+06 3529328
2005297 3.53e+06 3530000
2005298 3.53066e+06 3530656
2005299 3.53133e+06 3531328
2005300 3.532e+06 3532000
2005301 3.53266e+06 3532656
2005302 3.53333e+06 3533328
2005303 3.534e+06 3534000
2005304 3.53466e+06 3534656
2005305 3.53533e+06 3535328
2005306 3.536e+06 3536000
2005307 3.53666e+06 3536656
2005308 3.53733e+06 3537328
2005309 3.538e+06 3538000
2005310 3.53866e+06 3538656
2005311 3.53933e+06 3539328
2005312 3.54e+06 3540000
2005313 3.54066e+06 3540656
2005314 3.54133e+06 3541328
2005315 3.542e+06 3542000
2005316 3.54266e+06 3542656
2005317 3.54333e+06 3543328
2005318 3.544e+06 3544000
2005319 3.54466e+06 3544656
2005320 3.54533e+06 3545328
2005321 3.546e+06 3546000
2005322 3.54666e+06 3546656
2005323 3.54733e+06 3547328
2005324 3.548e+06 3548000
2005325 3.54866e+06 3548656
2005326 3.54933e+06 3549328
2005327 3.55e+06 3550000
2005328 3.55066e+06 3550656
2005329 3.55133e+06 3551328
2005330 3.552e+06 3552000
2005331 3.55266e+06 3552656
2005332 3.55333e+06 3553328
2005333 3.554e+06 3554000
2005334 3.55466e+06 3554656
2005335 3.55533e+06 3555328
2005336 3.556e+06 3556000
2005337 3.55666e+06 3556656
2005338 3.55733e+06 3557328
2005339 3.558e+06 3558000
2005340 3.55866e+06 3558656
2005341 3.55933e+06 3559328
2005342 3.56e+06 3560000
2005343 3.56066e+06 3560656
2005344 3.56133e+06 3561328
2005345 3.562e+06 3562000
2005346 3.56266e+06 3562656
2005347 3.56333e+06 3563328
2005348 3.564e+06 3564000
2005349 3.56466e+06 3564656
2005350 3.56533e+06 3565328
2005351 3.566e+06 3566000
2005352 3.56666e+06 3566656
2005353 3.56733e+06 3567328
2005354 3.568e+06 3568000
2005355 3.56866e+06 3568656
2005356 3.56933e+06 3569328
2005357 3.57e+06 3570000
2005358 3.57066e+06 3570656
2005359 3.57133e+06 3571328
2005360 3.572e+06 3572000
2005361 3.57266e+06 3572656
2005362 3.57333e+06 3573328
2005363 3.574e+06 3574000
2005364 3.57466e+06 3574656
2005365 3.57533e+06 3575328
2005366 3.576e+06 3576000
2005367 3.57666e+06 3576656
2005368 3.57733e+06 3577328
2005369 3.578e+06 3578000
2005370 3.57866e+06 3578656
2005371 3.57933e+06 3579328
2005372 3.58e+06 3580000
2005373 3.58066e+06 3580656
2005374 3.58133e+06 3581328
2005375 3.582e+06 3582000
2005376 3.58266e+06 3582656
2005377 3.58333e+06 3583328
2005378 3.584e+06 3584000
2005379 3.58466e+06 3584656
2005380 3.58533e+06 3585328
2005381 3.586e+06 3586000
2005382 3.58666e+06 3586656
2005383 3.58733e+06 3587328
2005384 3.588e+06 3588000
2005385 3.58866e+06 3588656
2005386 3.58933e+06 3589328
2005387 3.59e+06 3590000
2005388 3.59066e+06 3590656
2005389 3.59133e+06 3591328
2005390 3.592e+06 3592000
2005391 3.59266e+06 3592656
2005392 3.59333e+06 3593328
2005393 3.594e+06 3594000
2005394 3.59466e+06 3594656
2005395 3.59533e+06 3595328
2005396 3.596e+06 3596000
2005397 3.59666e+06 3596656
2005398 3.59733e+06 3597328
2005399 3.598e+06 3598000
2005400 3.59866e+06 3598656
2005401 3.59933e+06 3599328
2005402 3.6e+06 3600000
2005403 3.60066e+06 3600656
2005404 3.60133e+06 3601328
2005405 3.602e+06 3602000
2005406 3.60266e+06 3602656
2005407 3.60333e+06 3603328
2005408 3.604e+06 3604000
2005409 3.60466e+06 3604656
2005410 3.60533e+06 3605328
2005411 3.606e+06 3606000
2005412 3.60666e+06 3606656
2005413 3.60733e+06 3607328
2005414 3.608e+06 3608000
2005415 3.60866e+06 3608656
2005416 3.60933e+06 3609328
2005417 3.61e+06 3610000
2005418 3.61066e+06 3610656
2005419 3.61133e+06 3611328
2005420 3.612e+06 3612000
2005421 3.61266e+06 3612656
2005422 3.61333e+06 3613328
2005423 3.614e+06 3614000
2005424 3.61466e+06 3614656
2005425 3.61533e+06 3615328
2005426 3.616e+06 3616000
2005427 3.61666e+06 3616656
2005428 3.61733e+06 3617328
2005429 3.618e+06 3618000
2005430 3.61866e+06 3618656
2005431 3.61933e+06 3619328
2005432 3.62e+06 3620000
2005433 3.62066e+06 3620656
2005434 3.62133e+06 3621328
2005435 3.622e+06 3622000
2005436 3.62266e+06 3622656
2005437 3.62333e+06 3623328
2005438 3.624e+06 3624000
2005439 3.62466e+06 3624656
2005440 3.62533e+06 3625328
2005441 3.626e+06 3626000
2005442 3.62666e+06 3626656
2005443 3.62733e+06 3627328
2005444 3.628e+06 3628000
2005445 3.62866e+06 3628656
2005446 3.62933e+06 3629328
2005447 3.63e+06 3630000
2005448 3.63066e+06 3630656
2005449 3.63133e+06 3631328
2005450 3.632e+06 3632000
2005451 3.63266e+06 3632656
2005452 3.63333e+06 3633328
2005453 3.634e+06 3634000
2005454 3.63466e+06 3634656
2005455 3.63533e+06 3635328
2005456 3.636e+06 3636000
2005457 3.63666e+06 3636656
2005458 3.63733e+06 3637328
2005459 3.638e+06 3638000
2005460 3.63866e+06 3638656
2005461 3.63933e+06 3639328
2005462 3.64e+06 3640000
2005463 3.64066e+06 3640656
2005464 3.64133e+06 3641328
2005465 3.642e+06 3642000
2005466 3.64266e+06 3642656
2005467 3.64333e+06 3643328
2005468 3.644e+06 3644000
2005469 3.64466e+06 3644656
2005470 3.64533e+06 3645328
2005471 3.646e+06 3646000
2005472 3.64666e+06 3646656
2005473 3.64733e+06 3647328
2005474 3.648e+06 3648000
2005475 3.64866e+06 3648656
2005476 3.64933e+06 3649328
2005477 3.65e+06 3650000
2005478 3.65066e+06 3650656
2005479 3.65133e+06 3651328
2005480 3.652e+06 3652000
2005481 3.65266e+06 3652656
2005482 3.65333e+06 3653328
2005483 3.654e+06 3654000
2005484 3.65466e+06 3654656
2005485 3.65533e+06 3655328
2005486 3.656e+06 3656000
2005487 3.65666e+06 3656656
2005488 3.65733e+06 3657328
2005489 3.658e+06 3658000
2005490 3.65866e+06 3658656
2005491 3.65933e+06 3659328
2005492 3.66e+06 3660000
2005493 3.66066e+06 3660656
2005494 3.66133e+06 3661328
2005495 3.662e+06 3662000
2005496 3.66266e+06 3662656
2005497 3.66333e+06 3663328
2005498 3.664e+06 3664000
2005499 3.66466e+06 3664656
2005500 3.66533e+06 3665328
2005501 3.666e+06 3666000
2005502 3.66666e+06 3666656
2005503 3.66733e+06 3667328
2005504 3.668e+06 3668000
2005505 3.66866e+06 3668656
2005506 3.66933e+06 3669328
2005507 3.67e+06 3670000
2005508 3.67066e+06 3670656
2005509 3.67133e+06 3671328
2005510 3.672e+06 3672000
2005511 3.67266e+06 3672656
2005512 3.67333e+06 3673328
2005513 3.674e+06 3674000
2005514 3.67466e+06 3674656
2005515 3.67533e+06 3675328
2005516 3.676e+06 3676000
2005517 3.67666e+06 3676656
2005518 3.67733e+06 3677328
2005519 3.678e+06 3678000
2005520 3.67866e+06 3678656
2005521 3.67933e+06 3679328
2005522 3.68e+06 3680000
2005523 3.68066e+06 3680656
2005524 3.68133e+06 3681328
2005525 3.682e+06 3682000
2005526 3.68266e+06 3682656
2005527 3.68333e+06 3683328
2005528 3.684e+06 3684000
2005529 3.68466e+06 3684656
2005530 3.68533e+06 3685328
2005531 3.686e+06 3686000
2005532 3.68666e+06 3686656
2005533 3.68733e+06 3687328
2005534 3.688e+06 3688000
2005535 3.68866e+06 3688656
2005536 3.68933e+06 3689328
2005537 3.69e+06 3690000
2005538 3.69066e+06 3690656
2005539 3.69133e+06 3691328
2005540 3.692e+06 3692000
2005541 3.69266e+06 3692656
2005542 3.69333e+06 3693328
2005543 3.694e+06 3694000
2005544 3.69466e+06 3694656
2005545 3.69533e+06 3695328
2005546 3.696e+06 3696000
2005547 3.69666e+06 3696656
2005548 3.69733e+06 3697328
2005549 3.698e+06 3698000
2005550 3.69866e+06 3698656
2005551 3.69933e+06 3699328
2005552 3.7e+06 3700000
2005553 3.70066e+06 3700656
2005554 3.70133e+06 3701328
2005555 3.702e+06 3702000
2005556 3.70266e+06 3702656
2005557 3.70333e+06 3703328
2005558 3.704e+06 3704000
2005559 3.70466e+06 3704656
2005560 3.70533e+06 3705328
2005561 3.706e+06 3706000
2005562 3.70666e+06 3706656
2005563 3.70733e+06 3707328
2005564 3.708e+06 3708000
2005565 3.70866e+06 3708656
2005566 3.70933e+06 3709328
2005567 3.71e+06 3710000
2005568 3.71066e+06 3710656
2005569 3.71133e+06 3711328
2005570 3.712e+06 3712000
2005571 3.71266e+06 3712656
2005572 3.71333e+06 3713328
2005573 3.714e+06 3714000
2005574 3.71466e+06 3714656
2005575 3.71533e+06 3715328
2005576 3.716e+06 3716000
2005577 3.71666e+06 3716656
2005578 3.71733e+06 3717328
2005579 3.718e+06 3718000
2005580 3.71866e+06 3718656
2005581 3.71933e+06 3719328
2005582 3.72e+06 3720000
2005583 3.72066e+06 3720656
2005584 3.72133e+06 3721328
2005585 3.722e+06 3722000
2005586 3.72266e+06 3722656
2005587 3.72333e+06 3723328
2005588 3.724e+06 3724000
2005589 3.72466e+06 3724656
2005590 3.72533e+06 3725328
2005591 3.726e+06 3726000
2005592 3.72666e+06 3726656
2005593 3.72733e+06 3727328
2005594 3.728e+06 3728000
2005595 3.72866e+06 3728656
2005596 3.72933e+06 3729328
2005597 3.73e+06 3730000
2005598 3.73066e+06 3730656
2005599 3.73133e+06 3731328
2005600 3.732e+06 3732000
2005601 3.73266e+06 3732656
2005602 3.73333e+06 3733328
2005603 3.734e+06 3734000
2005604 3.73466e+06 3734656
2005605 3.73533e+06 3735328
2005606 3.736e+06 3736000
2005607 3.73666e+06 3736656
2005608 3.73733e+06 3737328
2005609 3.738e+06 3738000
2005610 3.73866e+06 3738656
2005611 3.73933e+06 3739328
2005612 3.74e+06 3740000
2005613 3.74066e+06 3740656
2005614 3.74133e+06 3741328
2005615 3.742e+06 3742000
2005616 3.74266e+06 3742656
2005617 3.74333e+06 3743328
2005618 3.744e+06 3744000
2005619 3.74466e+06 3744656
2005620 3.74533e+06 3745328
2005621 3.746e+06 3746000
2005622 3.74666e+06 3746656
2005623 3.74733e+06 3747328
2005624 3.748e+06 3748000
2005625 3.74866e+06 3748656
2005626 3.74933e+06 3749328
2005627 3.75e+06 3750000
2005628 3.75066e+06 3750656
2005629 3.75133e+06 3751328
2005630 3.752e+06 3752000
2005631 3.75266e+06 3752656
2005632 3.75333e+06 3753328
2005633 3.754e+06 3754000
2005634 3.75466e+06 3754656
2005635 3.75533e+06 3755328
2005636 3.756e+06 3756000
2005637 3.75666e+06 3756656
2005638 3.75733e+06 3757328
2005639 3.758e+06 3758000
2005640 3.75866e+06 3758656
2005641 3.75933e+06 3759328
2005642 3.76e+06 3760000
2005643 3.76066e+06 3760656
2005644 3.76133e+06 3761328
2005645 3.762e+06 3762000
2005646 3.76266e+06 3762656
2005647 3.76333e+06 3763328
2005648 3.764e+06 3764000
2005649 3.76466e+06 3764656
2005650 3.76533e+06 3765328
2005651 3.766e+06 3766000
2005652 3.76666e+06 3766656
2005653 3.76733e+06 3767328
2005654 3.768e+06 3768000
2005655 3.76866e+06 3768656
2005656 3.76933e+06 3769328
2005657 3.77e+06 3770000
2005658 3.77066e+06 3770656
2005659 3.77133e+06 3771328
2005660 3.772e+06 3772000
2005661 3.77266e+06 3772656
2005662 3.77333e+06 3773328
2005663 3.774e+06 3774000
2005664 3.77466e+06 3774656
2005665 3.77533e+06 3775328
2005666 3.776e+06 3776000
2005667 3.77666e+06 3776656
2005668 3.77733e+06 3777328
2005669 3.778e+06 3778000
2005670 3.77866e+06 3778656
2005671 3.77933e+06 3779328
2005672 3.78e+06 3780000
2005673 3.78066e+06 3780656
2005674 3.78133e+06 3781328
2005675 3.782e+06 3782000
2005676 3.78266e+06 3782656
2005677 3.78333e+06 3783328
2005678 3.784e+06 3784000
2005679 3.78466e+06 3784656
2005680 3.78533e+06 3785328
2005681 3.786e+06 3786000
2005682 3.78666e+06 3786656
2005683 3.78733e+06 3787328
2005684 3.788e+06 3788000
2005685 3.78866e+06 3788656
2005686 3.78933e+06 3789328
2005687 3.79e+06 3790000
2005688 3.79066e+06 3790656
2005689 3.79133e+06 3791328
2005690 3.792e+06 3792000
2005691 3.79266e+06 3792656
2005692 3.79333e+06 3793328
2005693 3.794e+06 3794000
2005694 3.79466e+06 3794656
2005695 3.79533e+06 3795328
2005696 3.796e+06 3796000
2005697 3.79666e+06 3796656
2005698 3.79733e+06 3797328
2005699 3.798e+06 3798000
2005700 3.79866e+06 3798656
2005701 3.79933e+06 3799328
2005702 3.8e+06 3800000
2005703 3.80066e+06 3800656
2005704 3.80133e+06 3801328
2005705 3.802e+06 3802000
2005706 3.80266e+06 3802656
2005707 3.80333e+06 3803328
2005708 3.804e+06 3804000
2005709 3.80466e+06 3804656
2005710 3.80533e+06 3805328
2005711 3.806e+06 3806000
2005712 3.80666e+06 3806656
2005713 3.80733e+06 3807328
2005714 3.808e+06 3808000
2005715 3.80866e+06 3808656
2005716 3.80933e+06 3809328
2005717 3.81e+06 3810000
2005718 3.81066e+06 3810656
2005719 3.81133e+06 3811328
2005720 3.812e+06 3812000
2005721 3.81266e+06 3812656
2005722 3.81333e+06 3813328
2005723 3.814e+06 3814000
2005724 3.81466e+06 3814656
2005725 3.81533e+06 3815328
2005726 3.816e+06 3816000
2005727 3.81666e+06 3816656
2005728 3.81733e+06 3817328
2005729 3.818e+06 3818000
2005730 3.81866e+06 3818656
2005731 3.81933e+06 3819328
2005732 3.82e+06 3820000
2005733 3.82066e+06 3820656
2005734 3.82133e+06 3821328
2005735 3.822e+06 3822000
2005736 3.82266e+06 3822656
2005737 3.82333e+06 3823328
2005738 3.824e+06 3824000
2005739 3.82466e+06 3824656
2005740 3.82533e+06 3825328
2005741 3.826e+06 3826000
2005742 3.82666e+06 3826656
2005743 3.82733e+06 3827328
2005744 3.828e+06 3828000
2005745 3.82866e+06 3828656
2005746 3.82933e+06 3829328
2005747 3.83e+06 3830000
2005748 3.83066e+06 3830656
2005749 3.83133e+06 3831328
2005750 3.832e+06 3832000
2005751 3.83266e+06 3832656
2005752 3.83333e+06 3833328
2005753 3.834e+06 3834000
2005754 3.83466e+06 3834656
2005755 3.83533e+06 3835328
2005756 3.836e+06 3836000
2005757 3.83666e+06 3836656
2005758 3.83733e+06 3837328
2005759 3.838e+06 3838000
2005760 3.83866e+06 3838656
2005761 3.83933e+06 3839328
2005762 3.84e+06 3840000
2005763 3.84066e+06 3840656
2005764 3.84133e+06 3841328
2005765 3.842e+06 3842000
2005766 3.84266e+06 3842656
2005767 3.84333e+06 3843328
2005768 3.844e+06 3844000
2005769 3.84466e+06 3844656
2005770 3.84533e+06 3845328
2005771 3.846e+06 3846000
2005772 3.84666e+06 3846656
2005773 3.84733e+06 3847328
2005774 3.848e+06 3848000
2005775 3.84866e+06 3848656
2005776 3.84933e+06 3849328
2005777 3.85e+06 3850000
2005778 3.85066e+06 3850656
2005779 3.85133e+06 3851328
2005780 3.852e+06 3852000
2005781 3.85266e+06 3852656
2005782 3.85333e+06 3853328
2005783 3.854e+06 3854000
2005784 3.85466e+06 3854656
2005785 3.85533e+06 3855328
2005786 3.856e+06 3856000
2005787 3.85666e+06 3856656
2005788 3.85733e+06 3857328
2005789 3.858e+06 3858000
2005790 3.85866e+06 3858656
2005791 3.85933e+06 3859328
2005792 3.86e+06 3860000
2005793 3.86066e+06 3860656
2005794 3.86133e+06 3861328
2005795 3.862e+06 3862000
2005796 3.86266e+06 3862656
2005797 3.86333e+06 3863328
2005798 3.864e+06 3864000
2005799 3.86466e+06 3864656
2005800 3.86533e+06 3865328
2005801 3.866e+06 3866000
2005802 3.86666e+06 3866656
2005803 3.86733e+06 3867328
2005804 3.868e+06 3868000
2005805 3.86866e+06 3868656
2005806 3.86933e+06 3869328
2005807 3.87e+06 3870000
2005808 3.87066e+06 3870656
2005809 3.87133e+06 3871328
2005810 3.872e+06 3872000
2005811 3.87266e+06 3872656
2005812 3.87333e+06 3873328
2005813 3.874e+06 3874000
2005814 3.87466e+06 3874656
2005815 3.87533e+06 3875328
2005816 3.876e+06 3876000
2005817 3.87666e+06 3876656
2005818 3.87733e+06 3877328
2005819 3.878e+06 3878000
2005820 3.87866e+06 3878656
2005821 3.87933e+06 3879328
2005822 3.88e+06 3880000
2005823 3.88066e+06 3880656
2005824 3.88133e+06 3881328
2005825 3.882e+06 3882000
2005826 3.88266e+06 3882656
2005827 3.88333e+06 3883328
2005828 3.884e+06 3884000
2005829 3.88466e+06 3884656
2005830 3.88533e+06 3885328
2005831 3.886e+06 3886000
2005832 3.88666e+06 3886656
2005833 3.88733e+06 3887328
2005834 3.888e+06 3888000
2005835 3.88866e+06 3888656
2005836 3.88933e+06 3889328
2005837 3.89e+06 3890000
2005838 3.89066e+06 3890656
2005839 3.89133e+06 3891328
2005840 3.892e+06 3892000
2005841 3.89266e+06 3892656
2005842 3.89333e+06 3893328
2005843 3.894e+06 3894000
2005844 3.89466e+06 3894656
2005845 3.89533e+06 3895328
2005846 3.896e+06 3896000
2005847 3.89666e+06 3896656
2005848 3.89733e+06 3897328
2005849 3.898e+06 3898000
2005850 3.89866e+06 3898656
2005851 3.89933e+06 3899328
2005852 3.9e+06 3900000
2005853 3.90066e+06 3900656
2005854 3.90133e+06 3901328
2005855 3.902e+06 3902000
2005856 3.90266e+06 3902656
2005857 3.90333e+06 3903328
2005858 3.904e+06 3904000
2005859 3.90466e+06 3904656
2005860 3.90533e+06 3905328
2005861 3.906e+06 3906000
2005862 3.90666e+06 3906656
2005863 3.90733e+06 3907328
2005864 3.908e+06 3908000
2005865 3.90866e+06 3908656
2005866 3.90933e+06 3909328
2005867 3.91e+06 3910000
2005868 3.91066e+06 3910656
2005869 3.91133e+06 3911328
2005870 3.912e+06 3912000
2005871 3.91266e+06 3912656
2005872 3.91333e+06 3913328
2005873 3.914e+06 3914000
2005874 3.91466e+06 3914656
2005875 3.91533e+06 3915328
2005876 3.916e+06 3916000
2005877 3.91666e+06 3916656
2005878 3.91733e+06 3917328
2005879 3.918e+06 3918000
2005880 3.91866e+06 3918656
2005881 3.91933e+06 3919328
2005882 3.92e+06 3920000
2005883 3.92066e+06 3920656
2005884 3.92133e+06 3921328
2005885 3.922e+06 3922000
2005886 3.92266e+06 3922656
2005887 3.92333e+06 3923328
2005888 3.924e+06 3924000
2005889 3.92466e+06 3924656
2005890 3.92533e+06 3925328
2005891 3.926e+06 3926000
2005892 3.92666e+06 3926656
2005893 3.92733e+06 3927328
2005894 3.928e+06 3928000
2005895 3.92866e+06 3928656
2005896 3.92933e+06 3929328
2005897 3.93e+06 3930000
2005898 3.93066e+06 3930656
2005899 3.93133e+06 3931328
2005900 3.932e+06 3932000
2005901 3.93266e+06 3932656
2005902 3.93333e+06 3933328
2005903 3.934e+06 3934000
2005904 3.93466e+06 3934656
2005905 3.93533e+06 3935328
2005906 3.936e+06 3936000
2005907 3.93666e+06 3936656
2005908 3.93733e+06 3937328
2005909 3.938e+06 3938000
2005910 3.93866e+06 3938656
2005911 3.93933e+06 3939328
2005912 3.94e+06 3940000
2005913 3.94066e+06 3940656
2005914 3.94133e+06 3941328
2005915 3.942e+06 3942000
2005916 3.94266e+06 3942656
2005917 3.94333e+06 3943328
2005918 3.944e+06 3944000
2005919 3.94466e+06 3944656
2005920 3.94533e+06 3945328
2005921 3.946e+06 3946000
2005922 3.94666e+06 3946656
2005923 3.94733e+06 3947328
2005924 3.948e+06 3948000
2005925 3.94866e+06 3948656
2005926 3.94933e+06 3949328
2005927 3.95e+06 3950000
2005928 3.95066e+06 3950656
2005929 3.95133e+06 3951328
2005930 3.952e+06 3952000
2005931 3.95266e+06 3952656
2005932 3.95333e+06 3953328
2005933 3.954e+06 3954000
2005934 3.95466e+06 3954656
2005935 3.95533e+06 3955328
2005936 3.956e+06 3956000
2005937 3.95666e+06 3956656
2005938 3.95733e+06 3957328
2005939 3.958e+06 3958000
2005940 3.95866e+06 3958656
2005941 3.95933e+06 3959328
2005942 3.96e+06 3960000
2005943 3.96066e+06 3960656
2005944 3.96133e+06 3961328
2005945 3.962e+06 3962000
2005946 3.96266e+06 3962656
2005947 3.96333e+06 3963328
2005948 3.964e+06 3964000
2005949 3.96466e+06 3964656
2005950 3.96533e+06 3965328
2005951 3.966e+06 3966000
2005952 3.96666e+06 3966656
2005953 3.96733e+06 3967328
2005954 3.968e+06 3968000
2005955 3.96866e+06 3968656
2005956 3.96933e+06 3969328
2005957 3.97e+06 3970000
2005958 3.97066e+06 3970656
2005959 3.97133e+06 3971328
2005960 3.972e+06 3972000
2005961 3.97266e+06 3972656
2005962 3.97333e+06 3973328
2005963 3.974e+06 3974000
2005964 3.97466e+06 3974656
2005965 3.97533e+06 3975328
2005966 3.976e+06 3976000
2005967 3.97666e+06 3976656
2005968 3.97733e+06 3977328
2005969 3.978e+06 3978000
2005970 3.97866e+06 3978656
2005971 3.97933e+06 3979328
2005972 3.98e+06 3980000
2005973 3.98066e+06 3980656
2005974 3.98133e+06 3981328
2005975 3.982e+06 3982000
2005976 3.98266e+06 3982656
2005977 3.98333e+06 3983328
2005978 3.984e+06 3984000
2005979 3.98466e+06 3984656
2005980 3.98533e+06 3985328
2005981 3.986e+06 3986000
2005982 3.98666e+06 3986656
2005983 3.98733e+06 3987328
2005984 3.988e+06 3988000
2005985 3.98866e+06 3988656
2005986 3.98933e+06 3989328
2005987 3.99e+06 3990000
2005988 3.99066e+06 3990656
2005989 3.99133e+06 3991328
2005990 3.992e+06 3992000
2005991 3.99266e+06 3992656
2005992 3.99333e+06 3993328
2005993 3.994e+06 3994000
2005994 3.99466e+06 3994656
2005995 3.99533e+06 3995328
2005996 3.996e+06 3996000
2005997 3.99666e+06 3996656
2005998 3.99733e+06 3997328
2005999 3.998e+06 3998000
2006000 3.99866e+06 3998656
2006001 3.99933e+06 3999328
2006002 4e+06 4000000
2006003 4.00066e+06 4000656
2006004 4.00133e+06 4001328
2006005 4.002e+06 4002000
2006006 4.00266e+06 4002656
2006007 4.00333e+06 4003328
2006008 4.004e+06 4004000
2006009 4.00466e+06 4004656
2006010 4.00533e+06 4005328
2006011 4.006e+06 4006000
2006012 4.00666e+06 4006656
2006013 4.00733e+06 4007328
2006014 4.008e+06 4008000
2006015 4.00866e+06 4008656
2006016 4.00933e+06 4009328
2006017 4.01e+06 4010000
2006018 4.01066e+06 4010656
2006019 4.01133e+06 4011328
2006020 4.012e+06 4012000
2006021 4.01266e+06 4012656
2006022 4.01333e+06 4013328
2006023 4.014e+06 4014000
2006024 4.01466e+06 4014656
2006025 4.01533e+06 4015328
2006026 4.016e+06 4016000
2006027 4.01666e+06 4016656
2006028 4.01733e+06 4017328
2006029 4.018e+06 4018000
2006030 4.01866e+06 4018656
2006031 4.01933e+06 4019328
2006032 4.02e+06 4020000
2006033 4.02066e+06 4020656
2006034 4.02133e+06 4021328
2006035 4.022e+06 4022000
2006036 4.02266e+06 4022656
2006037 4.02333e+06 4023328
2006038 4.024e+06 4024000
2006039 4.02466e+06 4024656
2006040 4.02533e+06 4025328
2006041 4.026e+06 4026000
2006042 4.02666e+06 4026656
2006043 4.02733e+06 4027328
2006044 4.028e+06 4028000
2006045 4.02866e+06 4028656
2006046 4.02933e+06 4029328
2006047 4.03e+06 4030000
2006048 4.03066e+06 4030656
2006049 4.03133e+06 4031328
2006050 4.032e+06 4032000
2006051 4.03266e+06 4032656
2006052 4.03333e+06 4033328
2006053 4.034e+06 4034000
2006054 4.03466e+06 4034656
2006055 4.03533e+06 4035328
2006056 4.036e+06 4036000
2006057 4.03666e+06 4036656
2006058 4.03733e+06 4037328
2006059 4.038e+06 4038000
2006060 4.03866e+06 4038656
2006061 4.03933e+06 4039328
2006062 4.04e+06 4040000
2006063 4.04066e+06 4040656
2006064 4.04133e+06 4041328
2006065 4.042e+06 4042000
2006066 4.04266e+06 4042656
2006067 4.04333e+06 4043328
2006068 4.044e+06 4044000
2006069 4.04466e+06 4044656
2006070 4.04533e+06 4045328
2006071 4.046e+06 4046000
2006072 4.04666e+06 4046656
2006073 4.04733e+06 4047328
2006074 4.048e+06 4048000
2006075 4.04866e+06 4048656
2006076 4.04933e+06 4049328
2006077 4.05e+06 4050000
2006078 4.05066e+06 4050656
2006079 4.05133e+06 4051328
2006080 4.052e+06 4052000
2006081 4.05266e+06 4052656
2006082 4.05333e+06 4053328
2006083 4.054e+06 4054000
2006084 4.05466e+06 4054656
2006085 4.05533e+06 4055328
2006086 4.056e+06 4056000
2006087 4.05666e+06 4056656
2006088 4.05733e+06 4057328
2006089 4.058e+06 4058000
2006090 4.05866e+06 4058656
2006091 4.05933e+06 4059328
2006092 4.06e+06 4060000
2006093 4.06066e+06 4060656
2006094 4.06133e+06 4061328
2006095 4.062e+06 4062000
2006096 4.06266e+06 4062656
2006097 4.06333e+06 4063328
2006098 4.064e+06 4064000
2006099 4.06466e+06 4064656
2006100 4.06533e+06 4065328
2006101 4.066e+06 4066000
2006102 4.06666e+06 4066656
2006103 4.06733e+06 4067328
2006104 4.068e+06 4068000
2006105 4.06866e+06 4068656
2006106 4.06933e+06 4069328
2006107 4.07e+06 4070000
2006108 4.07066e+06 4070656
2006109 4.07133e+06 4071328
2006110 4.072e+06 4072000
2006111 4.07266e+06 4072656
2006112 4.07333e+06 4073328
2006113 4.074e+06 4074000
2006114 4.07466e+06 4074656
2006115 4.07533e+06 4075328
2006116 4.076e+06 4076000
2006117 4.07666e+06 4076656
2006118 4.07733e+06 4077328
2006119 4.078e+06 4078000
2006120 4.07866e+06 4078656
2006121 4.07933e+06 4079328
2006122 4.08e+06 4080000
2006123 4.08066e+06 4080656
2006124 4.08133e+06 4081328
2006125 4.082e+06 4082000
2006126 4.08266e+06 4082656
2006127 4.08333e+06 4083328
2006128 4.084e+06 4084000
2006129 4.08466e+06 4084656
2006130 4.08533e+06 4085328
2006131 4.086e+06 4086000
2006132 4.08666e+06 4086656
2006133 4.08733e+06 4087328
2006134 4.088e+06 4088000
2006135 4.08866e+06 4088656
2006136 4.08933e+06 4089328
2006137 4.09e+06 4090000
2006138 4.09066e+06 4090656
2006139 4.09133e+06 4091328
2006140 4.092e+06 4092000
2006141 4.09266e+06 4092656
2006142 4.09333e+06 4093328
2006143 4.094e+06 4094000
2006144 4.09466e+06 4094656
2006145 4.09533e+06 4095328
2006146 4.096e+06 4096000
2006147 4.09666e+06 4096656
2006148 4.09733e+06 4097328
2006149 4.098e+06 4098000
2006150 4.09866e+06 4098656
2006151 4.09933e+06 4099328
2006152 4.1e+06 4100000
2006153 4.10066e+06 4100656
2006154 4.10133e+06 4101328
2006155 4.102e+06 4102000
2006156 4.10266e+06 4102656
2006157 4.10333e+06 4103328
2006158 4.104e+06 4104000
2006159 4.10466e+06 4104656
2006160 4.10533e+06 4105328
2006161 4.106e+06 4106000
2006162 4.10666e+06 4106656
2006163 4.10733e+06 4107328
2006164 4.108e+06 4108000
2006165 4.10866e+06 4108656
2006166 4.10933e+06 4109328
2006167 4.11e+06 4110000
2006168 4.11066e+06 4110656
2006169 4.11133e+06 4111328
2006170 4.112e+06 4112000
2006171 4.11266e+06 4112656
2006172 4.11333e+06 4113328
2006173 4.114e+06 4114000
2006174 4.11466e+06 4114656
2006175 4.11533e+06 4115328
2006176 4.116e+06 4116000
2006177 4.11666e+06 4116656
2006178 4.11733e+06 4117328
2006179 4.118e+06 4118000
2006180 4.11866e+06 4118656
2006181 4.11933e+06 4119328
2006182 4.12e+06 4120000
2006183 4.12066e+06 4120656
2006184 4.12133e+06 4121328
2006185 4.122e+06 4122000
2006186 4.12266e+06 4122656
2006187 4.12333e+06 4123328
2006188 4.124e+06 4124000
2006189 4.12466e+06 4124656
2006190 4.12533e+06 4125328
2006191 4.126e+06 4126000
2006192 4.12666e+06 4126656
2006193 4.12733e+06 4127328
2006194 4.128e+06 4128000
2006195 4.12866e+06 4128656
2006196 4.12933e+06 4129328
2006197 4.13e+06 4130000
2006198 4.13066e+06 4130656
2006199 4.13133e+06 4131328
2006200 4.132e+06 4132000
2006201 4.13266e+06 4132656
2006202 4.13333e+06 4133328
2006203 4.134e+06 4134000
2006204 4.13466e+06 4134656
2006205 4.13533e+06 4135328
2006206 4.136e+06 4136000
2006207 4.13666e+06 4136656
2006208 4.13733e+06 4137328
2006209 4.138e+06 4138000
2006210 4.13866e+06 4138656
2006211 4.13933e+06 4139328
2006212 4.14e+06 4140000
2006213 4.14066e+06 4140656
2006214 4.14133e+06 4141328
2006215 4.142e+06 4142000
2006216 4.14266e+06 4142656
2006217 4.14333e+06 4143328
2006218 4.144e+06 4144000
2006219 4.14466e+06 4144656
2006220 4.14533e+06 4145328
2006221 4.146e+06 4146000
2006222 4.14666e+06 4146656
2006223 4.14733e+06 4147328
2006224 4.148e+06 4148000
2006225 4.14866e+06 4148656
2006226 4.14933e+06 4149328
2006227 4.15e+06 4150000
2006228 4.15066e+06 4150656
2006229 4.15133e+06 4151328
2006230 4.152e+06 4152000
2006231 4.15266e+06 4152656
2006232 4.15333e+06 4153328
2006233 4.154e+06 4154000
2006234 4.15466e+06 4154656
2006235 4.15533e+06 4155328
2006236 4.156e+06 4156000
2006237 4.15666e+06 4156656
2006238 4.15733e+06 4157328
2006239 4.158e+06 4158000
2006240 4.15866e+06 4158656
2006241 4.15933e+06 4159328
2006242 4.16e+06 4160000
2006243 4.16066e+06 4160656
2006244 4.16133e+06 4161328
2006245 4.162e+06 4162000
2006246 4.16266e+06 4162656
2006247 4.16333e+06 4163328
2006248 4.164e+06 4164000
2006249 4.16466e+06 4164656
2006250 4.16533e+06 4165328
2006251 4.166e+06 4166000
2006252 4.16666e+06 4166656
2006253 4.16733e+06 4167328
2006254 4.168e+06 4168000
2006255 4.16866e+06 4168656
2006256 4.16933e+06 4169328
2006257 4.17e+06 4170000
2006258 4.17066e+06 4170656
2006259 4.17133e+06 4171328
2006260 4.172e+06 4172000
2006261 4.17266e+06 4172656
2006262 4.17333e+06 4173328
2006263 4.174e+06 4174000
2006264 4.17466e+06 4174656
2006265 4.17533e+06 4175328
2006266 4.176e+06 4176000
2006267 4.17666e+06 4176656
2006268 4.17733e+06 4177328
2006269 4.178e+06 4178000
2006270 4.17866e+06 4178656
2006271 4.17933e+06 4179328
2006272 4.18e+06 4180000
2006273 4.18066e+06 4180656
2006274 4.18133e+06 4181328
2006275 4.182e+06 4182000
2006276 4.18266e+06 4182656
2006277 4.18333e+06 4183328
2006278 4.184e+06 4184000
2006279 4.18466e+06 4184656
2006280 4.18533e+06 4185328
2006281 4.186e+06 4186000
2006282 4.18666e+06 4186656
2006283 4.18733e+06 4187328
2006284 4.188e+06 4188000
2006285 4.18866e+06 4188656
2006286 4.18933e+06 4189328
2006287 4.19e+06 4190000
2006288 4.19066e+06 4190656
2006289 4.19133e+06 4191328
2006290 4.192e+06 4192000
2006291 4.19266e+06 4192656
2006292 4.19333e+06 4193328
2006293 4.194e+06 4194000
2006294 4.19466e+06 4194656
2006295 4.19533e+06 4195328
2006296 4.196e+06 4196000
2006297 4.19666e+06 4196656
2006298 4.19733e+06 4197328
2006299 4.198e+06 4198000
2006300 4.19866e+06 4198656
2006301 4.19933e+06 4199328
2006302 4.2e+06 4200000
2006303 4.20066e+06 4200656
2006304 4.20133e+06 4201328
2006305 4.202e+06 4202000
2006306 4.20266e+06 4202656
2006307 4.20333e+06 4203328
2006308 4.204e+06 4204000
2006309 4.20466e+06 4204656
2006310 4.20533e+06 4205328
2006311 4.206e+06 4206000
2006312 4.20666e+06 4206656
2006313 4.20733e+06 4207328
2006314 4.208e+06 4208000
2006315 4.20866e+06 4208656
2006316 4.20933e+06 4209328
2006317 4.21e+06 4210000
2006318 4.21066e+06 4210656
2006319 4.21133e+06 4211328
2006320 4.212e+06 4212000
2006321 4.21266e+06 4212656
2006322 4.21333e+06 4213328
2006323 4.214e+06 4214000
2006324 4.21466e+06 4214656
2006325 4.21533e+06 4215328
2006326 4.216e+06 4216000
2006327 4.21666e+06 4216656
2006328 4.21733e+06 4217328
2006329 4.218e+06 4218000
2006330 4.21866e+06 4218656
2006331 4.21933e+06 4219328
2006332 4.22e+06 4220000
2006333 4.22066e+06 4220656
2006334 4.22133e+06 4221328
2006335 4.222e+06 4222000
2006336 4.22266e+06 4222656
2006337 4.22333e+06 4223328
2006338 4.224e+06 4224000
2006339 4.22466e+06 4224656
2006340 4.22533e+06 4225328
2006341 4.226e+06 4226000
2006342 4.22666e+06 4226656
2006343 4.22733e+06 4227328
2006344 4.228e+06 4228000
2006345 4.22866e+06 4228656
2006346 4.22933e+06 4229328
2006347 4.23e+06 4230000
2006348 4.23066e+06 4230656
2006349 4.23133e+06 4231328
2006350 4.232e+06 4232000
2006351 4.23266e+06 4232656
2006352 4.23333e+06 4233328
2006353 4.234e+06 4234000
2006354 4.23466e+06 4234656
2006355 4.23533e+06 4235328
2006356 4.236e+06 4236000
2006357 4.23666e+06 4236656
2006358 4.23733e+06 4237328
2006359 4.238e+06 4238000
2006360 4.23866e+06 4238656
2006361 4.23933e+06 4239328
2006362 4.24e+06 4240000
2006363 4.24066e+06 4240656
2006364 4.24133e+06 4241328
2006365 4.242e+06 4242000
2006366 4.24266e+06 4242656
2006367 4.24333e+06 4243328
2006368 4.244e+06 4244000
2006369 4.24466e+06 4244656
2006370 4.24533e+06 4245328
2006371 4.246e+06 4246000
2006372 4.24666e+06 4246656
2006373 4.24733e+06 4247328
2006374 4.248e+06 4248000
2006375 4.24866e+06 4248656
2006376 4.24933e+06 4249328
2006377 4.25e+06 4250000
2006378 4.25066e+06 4250656
2006379 4.25133e+06 4251328
2006380 4.252e+06 4252000
2006381 4.25266e+06 4252656
2006382 4.25333e+06 4253328
2006383 4.254e+06 4254000
2006384 4.25466e+06 4254656
2006385 4.25533e+06 4255328
2006386 4.256e+06 4256000
2006387 4.25666e+06 4256656
2006388 4.25733e+06 4257328
2006389 4.258e+06 4258000
2006390 4.25866e+06 4258656
2006391 4.25933e+06 4259328
2006392 4.26e+06 4260000
2006393 4.26066e+06 4260656
2006394 4.26133e+06 4261328
2006395 4.262e+06 4262000
2006396 4.26266e+06 4262656
2006397 4.26333e+06 4263328
2006398 4.264e+06 4264000
2006399 4.26466e+06 4264656
2006400 4.26533e+06 4265328
2006401 4.266e+06 4266000
2006402 4.26666e+06 4266656
2006403 4.26733e+06 4267328
2006404 4.268e+06 4268000
2006405 4.26866e+06 4268656
2006406 4.26933e+06 4269328
2006407 4.27e+06 4270000
2006408 4.27066e+06 4270656
2006409 4.27133e+06 4271328
2006410 4.272e+06 4272000
2006411 4.27266e+06 4272656
2006412 4.27333e+06 4273328
2006413 4.274e+06 4274000
2006414 4.27466e+06 4274656
2006415 4.27533e+06 4275328
2006416 4.276e+06 4276000
2006417 4.27666e+06 4276656
2006418 4.27733e+06 4277328
2006419 4.278e+06 4278000
2006420 4.27866e+06 4278656
2006421 4.27933e+06 4279328
2006422 4.28e+06 4280000
2006423 4.28066e+06 4280656
2006424 4.28133e+06 4281328
2006425 4.282e+06 4282000
2006426 4.28266e+06 4282656
2006427 4.28333e+06 4283328
2006428 4.284e+06 4284000
2006429 4.28466e+06 4284656
2006430 4.28533e+06 4285328
2006431 4.286e+06 4286000
2006432 4.28666e+06 4286656
2006433 4.28733e+06 4287328
2006434 4.288e+06 4288000
2006435 4.28866e+06 4288656
2006436 4.28933e+06 4289328
2006437 4.29e+06 4290000
2006438 4.29066e+06 4290656
2006439 4.29133e+06 4291328
2006440 4.292e+06 4292000
2006441 4.29266e+06 4292656
2006442 4.29333e+06 4293328
2006443 4.294e+06 4294000
2006444 4.29466e+06 4294656
2006445 4.29533e+06 4295328
2006446 4.296e+06 4296000
2006447 4.29666e+06 4296656
2006448 4.29733e+06 4297328
2006449 4.298e+06 4298000
2006450 4.29866e+06 4298656
2006451 4.29933e+06 4299328
2006452 4.3e+06 4300000
2006453 4.30066e+06 4300656
2006454 4.30133e+06 4301328
2006455 4.302e+06 4302000
2006456 4.30266e+06 4302656
2006457 4.30333e+06 4303328
2006458 4.304e+06 4304000
2006459 4.30466e+06 4304656
2006460 4.30533e+06 4305328
2006461 4.306e+06 4306000
2006462 4.30666e+06 4306656
2006463 4.30733e+06 4307328
2006464 4.308e+06 4308000
2006465 4.30866e+06 4308656
2006466 4.30933e+06 4309328
2006467 4.31e+06 4310000
2006468 4.31066e+06 4310656
2006469 4.31133e+06 4311328
2006470 4.312e+06 4312000
2006471 4.31266e+06 4312656
2006472 4.31333e+06 4313328
2006473 4.314e+06 4314000
2006474 4.31466e+06 4314656
2006475 4.31533e+06 4315328
2006476 4.316e+06 4316000
2006477 4.31666e+06 4316656
2006478 4.31733e+06 4317328
2006479 4.318e+06 4318000
2006480 4.31866e+06 4318656
2006481 4.31933e+06 4319328
2006482 4.32e+06 4320000
2006483 4.32066e+06 4320656
2006484 4.32133e+06 4321328
2006485 4.322e+06 4322000
2006486 4.32266e+06 4322656
2006487 4.32333e+06 4323328
2006488 4.324e+06 4324000
2006489 4.32466e+06 4324656
2006490 4.32533e+06 4325328
2006491 4.326e+06 4326000
2006492 4.32666e+06 4326656
2006493 4.32733e+06 4327328
2006494 4.328e+06 4328000
2006495 4.32866e+06 4328656
2006496 4.32933e+06 4329328
2006497 4.33e+06 4330000
2006498 4.33066e+06 4330656
2006499 4.33133e+06 4331328
2006500 4.332e+06 4332000
2006501 4.33266e+06 4332656
2006502 4.33333e+06 4333328
2006503 4.334e+06 4334000
2006504 4.33466e+06 4334656
2006505 4.33533e+06 4335328
2006506 4.336e+06 4336000
2006507 4.33666e+06 4336656
2006508 4.33733e+06 4337328
2006509 4.338e+06 4338000
2006510 4.33866e+06 4338656
2006511 4.33933e+06 4339328
2006512 4.34e+06 4340000
2006513 4.34066e+06 4340656
2006514 4.34133e+06 4341328
2006515 4.342e+06 4342000
2006516 4.34266e+06 4342656
2006517 4.34333e+06 4343328
2006518 4.344e+06 4344000
2006519 4.34466e+06 4344656
2006520 4.34533e+06 4345328
2006521 4.346e+06 4346000
2006522 4.34666e+06 4346656
2006523 4.34733e+06 4347328
2006524 4.348e+06 4348000
2006525 4.34866e+06 4348656
2006526 4.34933e+06 4349328
2006527 4.35e+06 4350000
2006528 4.35066e+06 4350656
2006529 4.35133e+06 4351328
2006530 4.352e+06 4352000
2006531 4.35266e+06 4352656
2006532 4.35333e+06 4353328
2006533 4.354e+06 4354000
2006534 4.35466e+06 4354656
2006535 4.35533e+06 4355328
2006536 4.356e+06 4356000
2006537 4.35666e+06 4356656
2006538 4.35733e+06 4357328
2006539 4.358e+06 4358000
2006540 4.35866e+06 4358656
2006541 4.35933e+06 4359328
2006542 4.36e+06 4360000
2006543 4.36066e+06 4360656
2006544 4.36133e+06 4361328
2006545 4.362e+06 4362000
2006546 4.36266e+06 4362656
2006547 4.36333e+06 4363328
2006548 4.364e+06 4364000
2006549 4.36466e+06 4364656
2006550 4.36533e+06 4365328
2006551 4.366e+06 4366000
2006552 4.36666e+06 4366656
2006553 4.36733e+06 4367328
2006554 4.368e+06 4368000
2006555 4.36866e+06 4368656
2006556 4.36933e+06 4369328
2006557 4.37e+06 4370000
2006558 4.37066e+06 4370656
2006559 4.37133e+06 4371328
2006560 4.372e+06 4372000
2006561 4.37266e+06 4372656
2006562 4.37333e+06 4373328
2006563 4.374e+06 4374000
2006564 4.37466e+06 4374656
2006565 4.37533e+06 4375328
2006566 4.376e+06 4376000
2006567 4.37666e+06 4376656
2006568 4.37733e+06 4377328
2006569 4.378e+06 4378000
2006570 4.37866e+06 4378656
2006571 4.37933e+06 4379328
2006572 4.38e+06 4380000
2006573 4.38066e+06 4380656
2006574 4.38133e+06 4381328
2006575 4.382e+06 4382000
2006576 4.38266e+06 4382656
2006577 4.38333e+06 4383328
2006578 4.384e+06 4384000
2006579 4.38466e+06 4384656
2006580 4.38533e+06 4385328
2006581 4.386e+06 4386000
2006582 4.38666e+06 4386656
2006583 4.38733e+06 4387328
2006584 4.388e+06 4388000
2006585 4.38866e+06 4388656
2006586 4.38933e+06 4389328
2006587 4.39e+06 4390000
2006588 4.39066e+06 4390656
2006589 4.39133e+06 4391328
2006590 4.392e+06 4392000
2006591 4.39266e+06 4392656
2006592 4.39333e+06 4393328
2006593 4.394e+06 4394000
2006594 4.39466e+06 4394656
2006595 4.39533e+06 4395328
2006596 4.396e+06 4396000
2006597 4.39666e+06 4396656
2006598 4.39733e+06 4397328
2006599 4.398e+06 4398000
2006600 4.39866e+06 4398656
2006601 4.39933e+06 4399328
2006602 4.4e+06 4400000
2006603 4.40066e+06 4400656
2006604 4.40133e+06 4401328
2006605 4.402e+06 4402000
2006606 4.40266e+06 4402656
2006607 4.40333e+06 4403328
2006608 4.404e+06 4404000
2006609 4.40466e+06 4404656
2006610 4.40533e+06 4405328
2006611 4.406e+06 4406000
2006612 4.40666e+06 4406656
2006613 4.40733e+06 4407328
2006614 4.408e+06 4408000
2006615 4.40866e+06 4408656
2006616 4.40933e+06 4409328
2006617 4.41e+06 4410000
2006618 4.41066e+06 4410656
2006619 4.41133e+06 4411328
2006620 4.412e+06 4412000
2006621 4.41266e+06 4412656
2006622 4.41333e+06 4413328
2006623 4.414e+06 4414000
2006624 4.41466e+06 4414656
2006625 4.41533e+06 4415328
2006626 4.416e+06 4416000
2006627 4.41666e+06 4416656
2006628 4.41733e+06 4417328
2006629 4.418e+06 4418000
2006630 4.41866e+06 4418656
2006631 4.41933e+06 4419328
2006632 4.42e+06 4420000
2006633 4.42066e+06 4420656
2006634 4.42133e+06 4421328
2006635 4.422e+06 4422000
2006636 4.42266e+06 4422656
2006637 4.42333e+06 4423328
2006638 4.424e+06 4424000
2006639 4.42466e+06 4424656
2006640 4.42533e+06 4425328
2006641 4.426e+06 4426000
2006642 4.42666e+06 4426656
2006643 4.42733e+06 4427328
2006644 4.428e+06 4428000
2006645 4.42866e+06 4428656
2006646 4.42933e+06 4429328
2006647 4.43e+06 4430000
2006648 4.43066e+06 4430656
2006649 4.43133e+06 4431328
2006650 4.432e+06 4432000
2006651 4.43266e+06 4432656
2006652 4.43333e+06 4433328
2006653 4.434e+06 4434000
2006654 4.43466e+06 4434656
2006655 4.43533e+06 4435328
2006656 4.436e+06 4436000
2006657 4.43666e+06 4436656
2006658 4.43733e+06 4437328
2006659 4.438e+06 4438000
2006660 4.43866e+06 4438656
2006661 4.43933e+06 4439328
2006662 4.44e+06 4440000
2006663 4.44066e+06 4440656
2006664 4.44133e+06 4441328
2006665 4.442e+06 4442000
2006666 4.44266e+06 4442656
2006667 4.44333e+06 4443328
2006668 4.444e+06 4444000
2006669 4.44466e+06 4444656
2006670 4.44533e+06 4445328
2006671 4.446e+06 4446000
2006672 4.44666e+06 4446656
2006673 4.44733e+06 4447328
2006674 4.448e+06 4448000
2006675 4.44866e+06 4448656
2006676 4.44933e+06 4449328
2006677 4.45e+06 4450000
2006678 4.45066e+06 4450656
2006679 4.45133e+06 4451328
2006680 4.452e+06 4452000
2006681 4.45266e+06 4452656
2006682 4.45333e+06 4453328
2006683 4.454e+06 4454000
2006684 4.45466e+06 4454656
2006685 4.45533e+06 4455328
2006686 4.456e+06 4456000
2006687 4.45666e+06 4456656
2006688 4.45733e+06 4457328
2006689 4.458e+06 4458000
2006690 4.45866e+06 4458656
2006691 4.45933e+06 4459328
2006692 4.46e+06 4460000
2006693 4.46066e+06 4460656
2006694 4.46133e+06 4461328
2006695 4.462e+06 4462000
2006696 4.46266e+06 4462656
2006697 4.46333e+06 4463328
2006698 4.464e+06 4464000
2006699 4.46466e+06 4464656
2006700 4.46533e+06 4465328
2006701 4.466e+06 4466000
2006702 4.46666e+06 4466656
2006703 4.46733e+06 4467328
2006704 4.468e+06 4468000
2006705 4.46866e+06 4468656
2006706 4.46933e+06 4469328
2006707 4.47e+06 4470000
2006708 4.47066e+06 4470656
2006709 4.47133e+06 4471328
2006710 4.472e+06 4472000
2006711 4.47266e+06 4472656
2006712 4.47333e+06 4473328
2006713 4.474e+06 4474000
2006714 4.47466e+06 4474656
2006715 4.47533e+06 4475328
2006716 4.476e+06 4476000
2006717 4.47666e+06 4476656
2006718 4.47733e+06 4477328
2006719 4.478e+06 4478000
2006720 4.47866e+06 4478656
2006721 4.47933e+06 4479328
2006722 4.48e+06 4480000
2006723 4.48066e+06 4480656
2006724 4.48133e+06 4481328
2006725 4.482e+06 4482000
2006726 4.48266e+06 4482656
2006727 4.48333e+06 4483328
2006728 4.484e+06 4484000
2006729 4.48466e+06 4484656
2006730 4.48533e+06 4485328
2006731 4.486e+06 4486000
2006732 4.48666e+06 4486656
2006733 4.48733e+06 4487328
2006734 4.488e+06 4488000
2006735 4.48866e+06 4488656
2006736 4.48933e+06 4489328
2006737 4.49e+06 4490000
2006738 4.49066e+06 4490656
2006739 4.49133e+06 4491328
2006740 4.492e+06 4492000
2006741 4.49266e+06 4492656
2006742 4.49333e+06 4493328
2006743 4.494e+06 4494000
2006744 4.49466e+06 4494656
2006745 4.49533e+06 4495328
2006746 4.496e+06 4496000
2006747 4.49666e+06 4496656
2006748 4.49733e+06 4497328
2006749 4.498e+06 4498000
2006750 4.49866e+06 4498656
2006751 4.49933e+06 4499328
2006752 4.5e+06 4500000
2006753 4.50066e+06 4500656
2006754 4.50133e+06 4501328
2006755 4.502e+06 4502000
2006756 4.50266e+06 4502656
2006757 4.50333e+06 4503328
2006758 4.504e+06 4504000
2006759 4.50466e+06 4504656
2006760 4.50533e+06 4505328
2006761 4.506e+06 4506000
2006762 4.50666e+06 4506656
2006763 4.50733e+06 4507328
2006764 4.508e+06 4508000
2006765 4.50866e+06 4508656
2006766 4.50933e+06 4509328
2006767 4.51e+06 4510000
2006768 4.51066e+06 4510656
2006769 4.51133e+06 4511328
2006770 4.512e+06 4512000
2006771 4.51266e+06 4512656
2006772 4.51333e+06 4513328
2006773 4.514e+06 4514000
2006774 4.51466e+06 4514656
2006775 4.51533e+06 4515328
2006776 4.516e+06 4516000
2006777 4.51666e+06 4516656
2006778 4.51733e+06 4517328
2006779 4.518e+06 4518000
2006780 4.51866e+06 4518656
2006781 4.51933e+06 4519328
2006782 4.52e+06 4520000
2006783 4.52066e+06 4520656
2006784 4.52133e+06 4521328
2006785 4.522e+06 4522000
2006786 4.52266e+06 4522656
2006787 4.52333e+06 4523328
2006788 4.524e+06 4524000
2006789 4.52466e+06 4524656
2006790 4.52533e+06 4525328
2006791 4.526e+06 4526000
2006792 4.52666e+06 4526656
2006793 4.52733e+06 4527328
2006794 4.528e+06 4528000
2006795 4.52866e+06 4528656
2006796 4.52933e+06 4529328
2006797 4.53e+06 4530000
2006798 4.53066e+06 4530656
2006799 4.53133e+06 4531328
2006800 4.532e+06 4532000
2006801 4.53266e+06 4532656
2006802 4.53333e+06 4533328
2006803 4.534e+06 4534000
2006804 4.53466e+06 4534656
2006805 4.53533e+06 4535328
2006806 4.536e+06 4536000
2006807 4.53666e+06 4536656
2006808 4.53733e+06 4537328
2006809 4.538e+06 4538000
2006810 4.53866e+06 4538656
2006811 4.53933e+06 4539328
2006812 4.54e+06 4540000
2006813 4.54066e+06 4540656
2006814 4.54133e+06 4541328
2006815 4.542e+06 4542000
2006816 4.54266e+06 4542656
2006817 4.54333e+06 4543328
2006818 4.544e+06 4544000
2006819 4.54466e+06 4544656
2006820 4.54533e+06 4545328
2006821 4.546e+06 4546000
2006822 4.54666e+06 4546656
2006823 4.54733e+06 4547328
2006824 4.548e+06 4548000
2006825 4.54866e+06 4548656
2006826 4.54933e+06 4549328
2006827 4.55e+06 4550000
2006828 4.55066e+06 4550656
2006829 4.55133e+06 4551328
2006830 4.552e+06 4552000
2006831 4.55266e+06 4552656
2006832 4.55333e+06 4553328
2006833 4.554e+06 4554000
2006834 4.55466e+06 4554656
2006835 4.55533e+06 4555328
2006836 4.556e+06 4556000
2006837 4.55666e+06 4556656
2006838 4.55733e+06 4557328
2006839 4.558e+06 4558000
2006840 4.55866e+06 4558656
2006841 4.55933e+06 4559328
2006842 4.56e+06 4560000
2006843 4.56066e+06 4560656
2006844 4.56133e+06 4561328
2006845 4.562e+06 4562000
2006846 4.56266e+06 4562656
2006847 4.56333e+06 4563328
2006848 4.564e+06 4564000
2006849 4.56466e+06 4564656
2006850 4.56533e+06 4565328
2006851 4.566e+06 4566000
2006852 4.56666e+06 4566656
2006853 4.56733e+06 4567328
2006854 4.568e+06 4568000
2006855 4.56866e+06 4568656
2006856 4.56933e+06 4569328
2006857 4.57e+06 4570000
2006858 4.57066e+06 4570656
2006859 4.57133e+06 4571328
2006860 4.572e+06 4572000
2006861 4.57266e+06 4572656
2006862 4.57333e+06 4573328
2006863 4.574e+06 4574000
2006864 4.57466e+06 4574656
2006865 4.57533e+06 4575328
2006866 4.576e+06 4576000
2006867 4.57666e+06 4576656
2006868 4.57733e+06 4577328
2006869 4.578e+06 4578000
2006870 4.57866e+06 4578656
2006871 4.57933e+06 4579328
2006872 4.58e+06 4580000
2006873 4.58066e+06 4580656
2006874 4.58133e+06 4581328
2006875 4.582e+06 4582000
2006876 4.58266e+06 4582656
2006877 4.58333e+06 4583328
2006878 4.584e+06 4584000
2006879 4.58466e+06 4584656
2006880 4.58533e+06 4585328
2006881 4.586e+06 4586000
2006882 4.58666e+06 4586656
2006883 4.58733e+06 4587328
2006884 4.588e+06 4588000
2006885 4.58866e+06 4588656
2006886 4.58933e+06 4589328
2006887 4.59e+06 4590000
2006888 4.59066e+06 4590656
2006889 4.59133e+06 4591328
2006890 4.592e+06 4592000
2006891 4.59266e+06 4592656
2006892 4.59333e+06 4593328
2006893 4.594e+06 4594000
2006894 4.59466e+06 4594656
2006895 4.59533e+06 4595328
2006896 4.596e+06 4596000
2006897 4.59666e+06 4596656
2006898 4.59733e+06 4597328
2006899 4.598e+06 4598000
2006900 4.59866e+06 4598656
2006901 4.59933e+06 4599328
2006902 4.6e+06 4600000
2006903 4.60066e+06 4600656
2006904 4.60133e+06 4601328
2006905 4.602e+06 4602000
2006906 4.60266e+06 4602656
2006907 4.60333e+06 4603328
2006908 4.604e+06 4604000
2006909 4.60466e+06 4604656
2006910 4.60533e+06 4605328
2006911 4.606e+06 4606000
2006912 4.60666e+06 4606656
2006913 4.60733e+06 4607328
2006914 4.608e+06 4608000
2006915 4.60866e+06 4608656
2006916 4.60933e+06 4609328
2006917 4.61e+06 4610000
2006918 4.61066e+06 4610656
2006919 4.61133e+06 4611328
2006920 4.612e+06 4612000
2006921 4.61266e+06 4612656
2006922 4.61333e+06 4613328
2006923 4.614e+06 4614000
2006924 4.61466e+06 4614656
2006925 4.61533e+06 4615328
2006926 4.616e+06 4616000
2006927 4.61666e+06 4616656
2006928 4.61733e+06 4617328
2006929 4.618e+06 4618000
2006930 4.61866e+06 4618656
2006931 4.61933e+06 4619328
2006932 4.62e+06 4620000
2006933 4.62066e+06 4620656
2006934 4.62133e+06 4621328
2006935 4.622e+06 4622000
2006936 4.62266e+06 4622656
2006937 4.62333e+06 4623328
2006938 4.624e+06 4624000
2006939 4.62466e+06 4624656
2006940 4.62533e+06 4625328
2006941 4.626e+06 4626000
2006942 4.62666e+06 4626656
2006943 4.62733e+06 4627328
2006944 4.628e+06 4628000
2006945 4.62866e+06 4628656
2006946 4.62933e+06 4629328
2006947 4.63e+06 4630000
2006948 4.63066e+06 4630656
2006949 4.63133e+06 4631328
2006950 4.632e+06 4632000
2006951 4.63266e+06 4632656
2006952 4.63333e+06 4633328
2006953 4.634e+06 4634000
2006954 4.63466e+06 4634656
2006955 4.63533e+06 4635328
2006956 4.636e+06 4636000
2006957 4.63666e+06 4636656
2006958 4.63733e+06 4637328
2006959 4.638e+06 4638000
2006960 4.63866e+06 4638656
2006961 4.63933e+06 4639328
2006962 4.64e+06 4640000
2006963 4.64066e+06 4640656
2006964 4.64133e+06 4641328
2006965 4.642e+06 4642000
2006966 4.64266e+06 4642656
2006967 4.64333e+06 4643328
2006968 4.644e+06 4644000
2006969 4.64466e+06 4644656
2006970 4.64533e+06 4645328
2006971 4.646e+06 4646000
2006972 4.64666e+06 4646656
2006973 4.64733e+06 4647328
2006974 4.648e+06 4648000
2006975 4.64866e+06 4648656
2006976 4.64933e+06 4649328
2006977 4.65e+06 4650000
2006978 4.65066e+06 4650656
2006979 4.65133e+06 4651328
2006980 4.652e+06 4652000
2006981 4.65266e+06 4652656
2006982 4.65333e+06 4653328
2006983 4.654e+06 4654000
2006984 4.65466e+06 4654656
2006985 4.65533e+06 4655328
2006986 4.656e+06 4656000
2006987 4.65666e+06 4656656
2006988 4.65733e+06 4657328
2006989 4.658e+06 4658000
2006990 4.65866e+06 4658656
2006991 4.65933e+06 4659328
2006992 4.66e+06 4660000
2006993 4.66066e+06 4660656
2006994 4.66133e+06 4661328
2006995 4.662e+06 4662000
2006996 4.66266e+06 4662656
2006997 4.66333e+06 4663328
2006998 4.664e+06 4664000
2006999 4.66466e+06 4664656
2007000 4.66533e+06 4665328
2007001 4.666e+06 4666000
2007002 4.66666e+06 4666656
2007003 4.66733e+06 4667328
2007004 4.668e+06 4668000
2007005 4.66866e+06 4668656
2007006 4.66933e+06 4669328
2007007 4.67e+06 4670000
2007008 4.67066e+06 4670656
2007009 4.67133e+06 4671328
2007010 4.672e+06 4672000
2007011 4.67266e+06 4672656
2007012 4.67333e+06 4673328
2007013 4.674e+06 4674000
2007014 4.67466e+06 4674656
2007015 4.67533e+06 4675328
2007016 4.676e+06 4676000
2007017 4.67666e+06 4676656
2007018 4.67733e+06 4677328
2007019 4.678e+06 4678000
2007020 4.67866e+06 4678656
2007021 4.67933e+06 4679328
2007022 4.68e+06 4680000
2007023 4.68066e+06 4680656
2007024 4.68133e+06 4681328
2007025 4.682e+06 4682000
2007026 4.68266e+06 4682656
2007027 4.68333e+06 4683328
2007028 4.684e+06 4684000
2007029 4.68466e+06 4684656
2007030 4.68533e+06 4685328
2007031 4.686e+06 4686000
2007032 4.68666e+06 4686656
2007033 4.68733e+06 4687328
2007034 4.688e+06 4688000
2007035 4.68866e+06 4688656
2007036 4.68933e+06 4689328
2007037 4.69e+06 4690000
2007038 4.69066e+06 4690656
2007039 4.69133e+06 4691328
2007040 4.692e+06 4692000
2007041 4.69266e+06 4692656
2007042 4.69333e+06 4693328
2007043 4.694e+06 4694000
2007044 4.69466e+06 4694656
2007045 4.69533e+06 4695328
2007046 4.696e+06 4696000
2007047 4.69666e+06 4696656
2007048 4.69733e+06 4697328
2007049 4.698e+06 4698000
2007050 4.69866e+06 4698656
2007051 4.69933e+06 4699328
2007052 4.7e+06 4700000
2007053 4.70066e+06 4700656
2007054 4.70133e+06 4701328
2007055 4.702e+06 4702000
2007056 4.70266e+06 4702656
2007057 4.70333e+06 4703328
2007058 4.704e+06 4704000
2007059 4.70466e+06 4704656
2007060 4.70533e+06 4705328
2007061 4.706e+06 4706000
2007062 4.70666e+06 4706656
2007063 4.70733e+06 4707328
2007064 4.708e+06 4708000
2007065 4.70866e+06 4708656
2007066 4.70933e+06 4709328
2007067 4.71e+06 4710000
2007068 4.71066e+06 4710656
2007069 4.71133e+06 4711328
2007070 4.712e+06 4712000
2007071 4.71266e+06 4712656
2007072 4.71333e+06 4713328
2007073 4.714e+06 4714000
2007074 4.71466e+06 4714656
2007075 4.71533e+06 4715328
2007076 4.716e+06 4716000
2007077 4.71666e+06 4716656
2007078 4.71733e+06 4717328
2007079 4.718e+06 4718000
2007080 4.71866e+06 4718656
2007081 4.71933e+06 4719328
2007082 4.72e+06 4720000
2007083 4.72066e+06 4720656
2007084 4.72133e+06 4721328
2007085 4.722e+06 4722000
2007086 4.72266e+06 4722656
2007087 4.72333e+06 4723328
2007088 4.724e+06 4724000
2007089 4.72466e+06 4724656
2007090 4.72533e+06 4725328
2007091 4.726e+06 4726000
2007092 4.72666e+06 4726656
2007093 4.72733e+06 4727328
2007094 4.728e+06 4728000
2007095 4.72866e+06 4728656
2007096 4.72933e+06 4729328
2007097 4.73e+06 4730000
2007098 4.73066e+06 4730656
2007099 4.73133e+06 4731328
2007100 4.732e+06 4732000
2007101 4.73266e+06 4732656
2007102 4.73333e+06 4733328
2007103 4.734e+06 4734000
2007104 4.73466e+06 4734656
2007105 4.73533e+06 4735328
2007106 4.736e+06 4736000
2007107 4.73666e+06 4736656
2007108 4.73733e+06 4737328
2007109 4.738e+06 4738000
2007110 4.73866e+06 4738656
2007111 4.73933e+06 4739328
2007112 4.74e+06 4740000
2007113 4.74066e+06 4740656
2007114 4.74133e+06 4741328
2007115 4.742e+06 4742000
2007116 4.74266e+06 4742656
2007117 4.74333e+06 4743328
2007118 4.744e+06 4744000
2007119 4.74466e+06 4744656
2007120 4.74533e+06 4745328
2007121 4.746e+06 4746000
2007122 4.74666e+06 4746656
2007123 4.74733e+06 4747328
2007124 4.748e+06 4748000
2007125 4.74866e+06 4748656
2007126 4.74933e+06 4749328
2007127 4.75e+06 4750000
2007128 4.75066e+06 4750656
2007129 4.75133e+06 4751328
2007130 4.752e+06 4752000
2007131 4.75266e+06 4752656
2007132 4.75333e+06 4753328
2007133 4.754e+06 4754000
2007134 4.75466e+06 4754656
2007135 4.75533e+06 4755328
2007136 4.756e+06 4756000
2007137 4.75666e+06 4756656
2007138 4.75733e+06 4757328
2007139 4.758e+06 4758000
2007140 4.75866e+06 4758656
2007141 4.75933e+06 4759328
2007142 4.76e+06 4760000
2007143 4.76066e+06 4760656
2007144 4.76133e+06 4761328
2007145 4.762e+06 4762000
2007146 4.76266e+06 4762656
2007147 4.76333e+06 4763328
2007148 4.764e+06 4764000
2007149 4.76466e+06 4764656
2007150 4.76533e+06 4765328
2007151 4.766e+06 4766000
2007152 4.76666e+06 4766656
2007153 4.76733e+06 4767328
2007154 4.768e+06 4768000
2007155 4.76866e+06 4768656
2007156 4.76933e+06 4769328
2007157 4.77e+06 4770000
2007158 4.77066e+06 4770656
2007159 4.77133e+06 4771328
2007160 4.772e+06 4772000
2007161 4.77266e+06 4772656
2007162 4.77333e+06 4773328
2007163 4.774e+06 4774000
2007164 4.77466e+06 4774656
2007165 4.77533e+06 4775328
2007166 4.776e+06 4776000
2007167 4.77666e+06 4776656
2007168 4.77733e+06 4777328
2007169 4.778e+06 4778000
2007170 4.77866e+06 4778656
2007171 4.77933e+06 4779328
2007172 4.78e+06 4780000
2007173 4.78066e+06 4780656
2007174 4.78133e+06 4781328
2007175 4.782e+06 4782000
2007176 4.78266e+06 4782656
2007177 4.78333e+06 4783328
2007178 4.784e+06 4784000
2007179 4.78466e+06 4784656
2007180 4.78533e+06 4785328
2007181 4.786e+06 4786000
2007182 4.78666e+06 4786656
2007183 4.78733e+06 4787328
2007184 4.788e+06 4788000
2007185 4.78866e+06 4788656
2007186 4.78933e+06 4789328
2007187 4.79e+06 4790000
2007188 4.79066e+06 4790656
2007189 4.79133e+06 4791328
2007190 4.792e+06 4792000
2007191 4.79266e+06 4792656
2007192 4.79333e+06 4793328
2007193 4.794e+06 4794000
2007194 4.79466e+06 4794656
2007195 4.79533e+06 4795328
2007196 4.796e+06 4796000
2007197 4.79666e+06 4796656
2007198 4.79733e+06 4797328
2007199 4.798e+06 4798000
2007200 4.79866e+06 4798656
2007201 4.79933e+06 4799328
2007202 4.8e+06 4800000
2007203 4.80066e+06 4800656
2007204 4.80133e+06 4801328
2007205 4.802e+06 4802000
2007206 4.80266e+06 4802656
2007207 4.80333e+06 4803328
2007208 4.804e+06 4804000
2007209 4.80466e+06 4804656
2007210 4.80533e+06 4805328
2007211 4.806e+06 4806000
2007212 4.80666e+06 4806656
2007213 4.80733e+06 4807328
2007214 4.808e+06 4808000
2007215 4.80866e+06 4808656
2007216 4.80933e+06 4809328
2007217 4.81e+06 4810000
2007218 4.81066e+06 4810656
2007219 4.81133e+06 4811328
2007220 4.812e+06 4812000
2007221 4.81266e+06 4812656
2007222 4.81333e+06 4813328
2007223 4.814e+06 4814000
2007224 4.81466e+06 4814656
2007225 4.81533e+06 4815328
2007226 4.816e+06 4816000
2007227 4.81666e+06 4816656
2007228 4.81733e+06 4817328
2007229 4.818e+06 4818000
2007230 4.81866e+06 4818656
2007231 4.81933e+06 4819328
2007232 4.82e+06 4820000
2007233 4.82066e+06 4820656
2007234 4.82133e+06 4821328
2007235 4.822e+06 4822000
2007236 4.82266e+06 4822656
2007237 4.82333e+06 4823328
2007238 4.824e+06 4824000
2007239 4.82466e+06 4824656
2007240 4.82533e+06 4825328
2007241 4.826e+06 4826000
2007242 4.82666e+06 4826656
2007243 4.82733e+06 4827328
2007244 4.828e+06 4828000
2007245 4.82866e+06 4828656
2007246 4.82933e+06 4829328
2007247 4.83e+06 4830000
2007248 4.83066e+06 4830656
2007249 4.83133e+06 4831328
2007250 4.832e+06 4832000
2007251 4.83266e+06 4832656
2007252 4.83333e+06 4833328
2007253 4.834e+06 4834000
2007254 4.83466e+06 4834656
2007255 4.83533e+06 4835328
2007256 4.836e+06 4836000
2007257 4.83666e+06 4836656
2007258 4.83733e+06 4837328
2007259 4.838e+06 4838000
2007260 4.83866e+06 4838656
2007261 4.83933e+06 4839328
2007262 4.84e+06 4840000
2007263 4.84066e+06 4840656
2007264 4.84133e+06 4841328
2007265 4.842e+06 4842000
2007266 4.84266e+06 4842656
2007267 4.84333e+06 4843328
2007268 4.844e+06 4844000
2007269 4.84466e+06 4844656
2007270 4.84533e+06 4845328
2007271 4.846e+06 4846000
2007272 4.84666e+06 4846656
2007273 4.84733e+06 4847328
2007274 4.848e+06 4848000
2007275 4.84866e+06 4848656
2007276 4.84933e+06 4849328
2007277 4.85e+06 4850000
2007278 4.85066e+06 4850656
2007279 4.85133e+06 4851328
2007280 4.852e+06 4852000
2007281 4.85266e+06 4852656
2007282 4.85333e+06 4853328
2007283 4.854e+06 4854000
2007284 4.85466e+06 4854656
2007285 4.85533e+06 4855328
2007286 4.856e+06 4856000
2007287 4.85666e+06 4856656
2007288 4.85733e+06 4857328
2007289 4.858e+06 4858000
2007290 4.85866e+06 4858656
2007291 4.85933e+06 4859328
2007292 4.86e+06 4860000
2007293 4.86066e+06 4860656
2007294 4.86133e+06 4861328
2007295 4.862e+06 4862000
2007296 4.86266e+06 4862656
2007297 4.86333e+06 4863328
2007298 4.864e+06 4864000
2007299 4.86466e+06 4864656
2007300 4.86533e+06 4865328
2007301 4.866e+06 4866000
2007302 4.86666e+06 4866656
2007303 4.86733e+06 4867328
2007304 4.868e+06 4868000
2007305 4.86866e+06 4868656
2007306 4.86933e+06 4869328
2007307 4.87e+06 4870000
2007308 4.87066e+06 4870656
2007309 4.87133e+06 4871328
2007310 4.872e+06 4872000
2007311 4.87266e+06 4872656
2007312 4.87333e+06 4873328
2007313 4.874e+06 4874000
2007314 4.87466e+06 4874656
2007315 4.87533e+06 4875328
2007316 4.876e+06 4876000
2007317 4.87666e+06 4876656
2007318 4.87733e+06 4877328
2007319 4.878e+06 4878000
2007320 4.87866e+06 4878656
2007321 4.87933e+06 4879328
2007322 4.88e+06 4880000
2007323 4.88066e+06 4880656
2007324 4.88133e+06 4881328
2007325 4.882e+06 4882000
2007326 4.88266e+06 4882656
2007327 4.88333e+06 4883328
2007328 4.884e+06 4884000
2007329 4.88466e+06 4884656
2007330 4.88533e+06 4885328
2007331 4.886e+06 4886000
2007332 4.88666e+06 4886656
2007333 4.88733e+06 4887328
2007334 4.888e+06 4888000
2007335 4.88866e+06 4888656
2007336 4.88933e+06 4889328
2007337 4.89e+06 4890000
2007338 4.89066e+06 4890656
2007339 4.89133e+06 4891328
2007340 4.892e+06 4892000
2007341 4.89266e+06 4892656
2007342 4.89333e+06 4893328
2007343 4.894e+06 4894000
2007344 4.89466e+06 4894656
2007345 4.89533e+06 4895328
2007346 4.896e+06 4896000
2007347 4.89666e+06 4896656
2007348 4.89733e+06 4897328
2007349 4.898e+06 4898000
2007350 4.89866e+06 4898656
2007351 4.89933e+06 4899328
2007352 4.9e+06 4900000
2007353 4.90066e+06 4900656
2007354 4.90133e+06 4901328
2007355 4.902e+06 4902000
2007356 4.90266e+06 4902656
2007357 4.90333e+06 4903328
2007358 4.904e+06 4904000
2007359 4.90466e+06 4904656
2007360 4.90533e+06 4905328
2007361 4.906e+06 4906000
2007362 4.90666e+06 4906656
2007363 4.90733e+06 4907328
2007364 4.908e+06 4908000
2007365 4.90866e+06 4908656
2007366 4.90933e+06 4909328
2007367 4.91e+06 4910000
2007368 4.91066e+06 4910656
2007369 4.91133e+06 4911328
2007370 4.912e+06 4912000
2007371 4.91266e+06 4912656
2007372 4.91333e+06 4913328
2007373 4.914e+06 4914000
2007374 4.91466e+06 4914656
2007375 4.91533e+06 4915328
2007376 4.916e+06 4916000
2007377 4.91666e+06 4916656
2007378 4.91733e+06 4917328
2007379 4.918e+06 4918000
2007380 4.91866e+06 4918656
2007381 4.91933e+06 4919328
2007382 4.92e+06 4920000
2007383 4.92066e+06 4920656
2007384 4.92133e+06 4921328
2007385 4.922e+06 4922000
2007386 4.92266e+06 4922656
2007387 4.92333e+06 4923328
2007388 4.924e+06 4924000
2007389 4.92466e+06 4924656
2007390 4.92533e+06 4925328
2007391 4.926e+06 4926000
2007392 4.92666e+06 4926656
2007393 4.92733e+06 4927328
2007394 4.928e+06 4928000
2007395 4.92866e+06 4928656
2007396 4.92933e+06 4929328
2007397 4.93e+06 4930000
2007398 4.93066e+06 4930656
2007399 4.93133e+06 4931328
2007400 4.932e+06 4932000
2007401 4.93266e+06 4932656
2007402 4.93333e+06 4933328
2007403 4.934e+06 4934000
2007404 4.93466e+06 4934656
2007405 4.93533e+06 4935328
2007406 4.936e+06 4936000
2007407 4.93666e+06 4936656
2007408 4.93733e+06 4937328
2007409 4.938e+06 4938000
2007410 4.93866e+06 4938656
2007411 4.93933e+06 4939328
2007412 4.94e+06 4940000
2007413 4.94066e+06 4940656
2007414 4.94133e+06 4941328
2007415 4.942e+06 4942000
2007416 4.94266e+06 4942656
2007417 4.94333e+06 4943328
2007418 4.944e+06 4944000
2007419 4.94466e+06 4944656
2007420 4.94533e+06 4945328
2007421 4.946e+06 4946000
2007422 4.94666e+06 4946656
2007423 4.94733e+06 4947328
2007424 4.948e+06 4948000
2007425 4.94866e+06 4948656
2007426 4.94933e+06 4949328
2007427 4.95e+06 4950000
2007428 4.95066e+06 4950656
2007429 4.95133e+06 4951328
2007430 4.952e+06 4952000
2007431 4.95266e+06 4952656
2007432 4.95333e+06 4953328
2007433 4.954e+06 4954000
2007434 4.95466e+06 4954656
2007435 4.95533e+06 4955328
2007436 4.956e+06 4956000
2007437 4.95666e+06 4956656
2007438 4.95733e+06 4957328
2007439 4.958e+06 4958000
2007440 4.95866e+06 4958656
2007441 4.95933e+06 4959328
2007442 4.96e+06 4960000
2007443 4.96066e+06 4960656
2007444 4.96133e+06 4961328
2007445 4.962e+06 4962000
2007446 4.96266e+06 4962656
2007447 4.96333e+06 4963328
2007448 4.964e+06 4964000
2007449 4.96466e+06 4964656
2007450 4.96533e+06 4965328
2007451 4.966e+06 4966000
2007452 4.96666e+06 4966656
2007453 4.96733e+06 4967328
2007454 4.968e+06 4968000
2007455 4.96866e+06 4968656
2007456 4.96933e+06 4969328
2007457 4.97e+06 4970000
2007458 4.97066e+06 4970656
2007459 4.97133e+06 4971328
2007460 4.972e+06 4972000
2007461 4.97266e+06 4972656
2007462 4.97333e+06 4973328
2007463 4.974e+06 4974000
2007464 4.97466e+06 4974656
2007465 4.97533e+06 4975328
2007466 4.976e+06 4976000
2007467 4.97666e+06 4976656
2007468 4.97733e+06 4977328
2007469 4.978e+06 4978000
2007470 4.97866e+06 4978656
2007471 4.97933e+06 4979328
2007472 4.98e+06 4980000
2007473 4.98066e+06 4980656
2007474 4.98133e+06 4981328
2007475 4.982e+06 4982000
2007476 4.98266e+06 4982656
2007477 4.98333e+06 4983328
2007478 4.984e+06 4984000
2007479 4.98466e+06 4984656
2007480 4.98533e+06 4985328
2007481 4.986e+06 4986000
2007482 4.98666e+06 4986656
2007483 4.98733e+06 4987328
2007484 4.988e+06 4988000
2007485 4.98866e+06 4988656
2007486 4.98933e+06 4989328
2007487 4.99e+06 4990000
2007488 4.99066e+06 4990656
2007489 4.99133e+06 4991328
2007490 4.992e+06 4992000
2007491 4.99266e+06 4992656
2007492 4.99333e+06 4993328
2007493 4.994e+06 4994000
2007494 4.99466e+06 4994656
2007495 4.99533e+06 4995328
2007496 4.996e+06 4996000
2007497 4.99666e+06 4996656
2007498 4.99733e+06 4997328
2007499 4.998e+06 4998000
2007500 4.99866e+06 4998656
2007501 4.99933e+06 4999328
2007502 5e+06 5000000
2007503 5.00066e+06 5000656
2007504 5.00133e+06 5001328
2007505 5.002e+06 5002000
2007506 5.00266e+06 5002656
2007507 5.00333e+06 5003328
2007508 5.004e+06 5004000
2007509 5.00466e+06 5004656
2007510 5.00533e+06 5005328
2007511 5.006e+06 5006000
2007512 5.00666e+06 5006656
2007513 5.00733e+06 5007328
2007514 5.008e+06 5008000
2007515 5.00866e+06 5008656
2007516 5.00933e+06 5009328
2007517 5.01e+06 5010000
2007518 5.01066e+06 5010656
2007519 5.01133e+06 5011328
2007520 5.012e+06 5012000
2007521 5.01266e+06 5012656
2007522 5.01333e+06 5013328
2007523 5.014e+06 5014000
2007524 5.01466e+06 5014656
2007525 5.01533e+06 5015328
2007526 5.016e+06 5016000
2007527 5.01666e+06 5016656
2007528 5.01733e+06 5017328
2007529 5.018e+06 5018000
2007530 5.01866e+06 5018656
2007531 5.01933e+06 5019328
2007532 5.02e+06 5020000
2007533 5.02066e+06 5020656
2007534 5.02133e+06 5021328
2007535 5.022e+06 5022000
2007536 5.02266e+06 5022656
2007537 5.02333e+06 5023328
2007538 5.024e+06 5024000
2007539 5.02466e+06 5024656
2007540 5.02533e+06 5025328
2007541 5.026e+06 5026000
2007542 5.02666e+06 5026656
2007543 5.02733e+06 5027328
2007544 5.028e+06 5028000
2007545 5.02866e+06 5028656
2007546 5.02933e+06 5029328
2007547 5.03e+06 5030000
2007548 5.03066e+06 5030656
2007549 5.03133e+06 5031328
2007550 5.032e+06 5032000
2007551 5.03266e+06 5032656
2007552 5.03333e+06 5033328
2007553 5.034e+06 5034000
2007554 5.03466e+06 5034656
2007555 5.03533e+06 5035328
2007556 5.036e+06 5036000
2007557 5.03666e+06 5036656
2007558 5.03733e+06 5037328
2007559 5.038e+06 5038000
2007560 5.03866e+06 5038656
2007561 5.03933e+06 5039328
2007562 5.04e+06 5040000
2007563 5.04066e+06 5040656
2007564 5.04133e+06 5041328
2007565 5.042e+06 5042000
2007566 5.04266e+06 5042656
2007567 5.04333e+06 5043328
2007568 5.044e+06 5044000
2007569 5.04466e+06 5044656
2007570 5.04533e+06 5045328
2007571 5.046e+06 5046000
2007572 5.04666e+06 5046656
2007573 5.04733e+06 5047328
2007574 5.048e+06 5048000
2007575 5.04866e+06 5048656
2007576 5.04933e+06 5049328
2007577 5.05e+06 5050000
2007578 5.05066e+06 5050656
2007579 5.05133e+06 5051328
2007580 5.052e+06 5052000
2007581 5.05266e+06 5052656
2007582 5.05333e+06 5053328
2007583 5.054e+06 5054000
2007584 5.05466e+06 5054656
2007585 5.05533e+06 5055328
2007586 5.056e+06 5056000
2007587 5.05666e+06 5056656
2007588 5.05733e+06 5057328
2007589 5.058e+06 5058000
2007590 5.05866e+06 5058656
2007591 5.05933e+06 5059328
2007592 5.06e+06 5060000
2007593 5.06066e+06 5060656
2007594 5.06133e+06 5061328
2007595 5.062e+06 5062000
2007596 5.06266e+06 5062656
2007597 5.06333e+06 5063328
2007598 5.064e+06 5064000
2007599 5.06466e+06 5064656
2007600 5.06533e+06 5065328
2007601 5.066e+06 5066000
2007602 5.06666e+06 5066656
2007603 5.06733e+06 5067328
2007604 5.068e+06 5068000
2007605 5.06866e+06 5068656
2007606 5.06933e+06 5069328
2007607 5.07e+06 5070000
2007608 5.07066e+06 5070656
2007609 5.07133e+06 5071328
2007610 5.072e+06 5072000
2007611 5.07266e+06 5072656
2007612 5.07333e+06 5073328
2007613 5.074e+06 5074000
2007614 5.07466e+06 5074656
2007615 5.07533e+06 5075328
2007616 5.076e+06 5076000
2007617 5.07666e+06 5076656
2007618 5.07733e+06 5077328
2007619 5.078e+06 5078000
2007620 5.07866e+06 5078656
2007621 5.07933e+06 5079328
2007622 5.08e+06 5080000
2007623 5.08066e+06 5080656
2007624 5.08133e+06 5081328
2007625 5.082e+06 5082000
2007626 5.08266e+06 5082656
2007627 5.08333e+06 5083328
2007628 5.084e+06 5084000
2007629 5.08466e+06 5084656
2007630 5.08533e+06 5085328
2007631 5.086e+06 5086000
2007632 5.08666e+06 5086656
2007633 5.08733e+06 5087328
2007634 5.088e+06 5088000
2007635 5.08866e+06 5088656
2007636 5.08933e+06 5089328
2007637 5.09e+06 5090000
2007638 5.09066e+06 5090656
2007639 5.09133e+06 5091328
2007640 5.092e+06 5092000
2007641 5.09266e+06 5092656
2007642 5.09333e+06 5093328
2007643 5.094e+06 5094000
2007644 5.09466e+06 5094656
2007645 5.09533e+06 5095328
2007646 5.096e+06 5096000
2007647 5.09666e+06 5096656
2007648 5.09733e+06 5097328
2007649 5.098e+06 5098000
2007650 5.09866e+06 5098656
2007651 5.09933e+06 5099328
2007652 5.1e+06 5100000
2007653 5.10066e+06 5100656
2007654 5.10133e+06 5101328
2007655 5.102e+06 5102000
2007656 5.10266e+06 5102656
2007657 5.10333e+06 5103328
2007658 5.104e+06 5104000
2007659 5.10466e+06 5104656
2007660 5.10533e+06 5105328
2007661 5.106e+06 5106000
2007662 5.10666e+06 5106656
2007663 5.10733e+06 5107328
2007664 5.108e+06 5108000
2007665 5.10866e+06 5108656
2007666 5.10933e+06 5109328
2007667 5.11e+06 5110000
2007668 5.11066e+06 5110656
2007669 5.11133e+06 5111328
2007670 5.112e+06 5112000
2007671 5.11266e+06 5112656
2007672 5.11333e+06 5113328
2007673 5.114e+06 5114000
2007674 5.11466e+06 5114656
2007675 5.11533e+06 5115328
2007676 5.116e+06 5116000
2007677 5.11666e+06 5116656
2007678 5.11733e+06 5117328
2007679 5.118e+06 5118000
2007680 5.11866e+06 5118656
2007681 5.11933e+06 5119328
2007682 5.12e+06 5120000
2007683 5.12066e+06 5120656
2007684 5.12133e+06 5121328
2007685 5.122e+06 5122000
2007686 5.12266e+06 5122656
2007687 5.12333e+06 5123328
2007688 5.124e+06 5124000
2007689 5.12466e+06 5124656
2007690 5.12533e+06 5125328
2007691 5.126e+06 5126000
2007692 5.12666e+06 5126656
2007693 5.12733e+06 5127328
2007694 5.128e+06 5128000
2007695 5.12866e+06 5128656
2007696 5.12933e+06 5129328
2007697 5.13e+06 5130000
2007698 5.13066e+06 5130656
2007699 5.13133e+06 5131328
2007700 5.132e+06 5132000
2007701 5.13266e+06 5132656
2007702 5.13333e+06 5133328
2007703 5.134e+06 5134000
2007704 5.13466e+06 5134656
2007705 5.13533e+06 5135328
2007706 5.136e+06 5136000
2007707 5.13666e+06 5136656
2007708 5.13733e+06 5137328
2007709 5.138e+06 5138000
2007710 5.13866e+06 5138656
2007711 5.13933e+06 5139328
2007712 5.14e+06 5140000
2007713 5.14066e+06 5140656
2007714 5.14133e+06 5141328
2007715 5.142e+06 5142000
2007716 5.14266e+06 5142656
2007717 5.14333e+06 5143328
2007718 5.144e+06 5144000
2007719 5.14466e+06 5144656
2007720 5.14533e+06 5145328
2007721 5.146e+06 5146000
2007722 5.14666e+06 5146656
2007723 5.14733e+06 5147328
2007724 5.148e+06 5148000
2007725 5.14866e+06 5148656
2007726 5.14933e+06 5149328
2007727 5.15e+06 5150000
2007728 5.15066e+06 5150656
2007729 5.15133e+06 5151328
2007730 5.152e+06 5152000
2007731 5.15266e+06 5152656
2007732 5.15333e+06 5153328
2007733 5.154e+06 5154000
2007734 5.15466e+06 5154656
2007735 5.15533e+06 5155328
2007736 5.156e+06 5156000
2007737 5.15666e+06 5156656
2007738 5.15733e+06 5157328
2007739 5.158e+06 5158000
2007740 5.15866e+06 5158656
2007741 5.15933e+06 5159328
2007742 5.16e+06 5160000
2007743 5.16066e+06 5160656
2007744 5.16133e+06 5161328
2007745 5.162e+06 5162000
2007746 5.16266e+06 5162656
2007747 5.16333e+06 5163328
2007748 5.164e+06 5164000
2007749 5.16466e+06 5164656
2007750 5.16533e+06 5165328
2007751 5.166e+06 5166000
2007752 5.16666e+06 5166656
2007753 5.16733e+06 5167328
2007754 5.168e+06 5168000
2007755 5.16866e+06 5168656
2007756 5.16933e+06 5169328
2007757 5.17e+06 5170000
2007758 5.17066e+06 5170656
2007759 5.17133e+06 5171328
2007760 5.172e+06 5172000
2007761 5.17266e+06 5172656
2007762 5.17333e+06 5173328
2007763 5.174e+06 5174000
2007764 5.17466e+06 5174656
2007765 5.17533e+06 5175328
2007766 5.176e+06 5176000
2007767 5.17666e+06 5176656
2007768 5.17733e+06 5177328
2007769 5.178e+06 5178000
2007770 5.17866e+06 5178656
2007771 5.17933e+06 5179328
2007772 5.18e+06 5180000
2007773 5.18066e+06 5180656
2007774 5.18133e+06 5181328
2007775 5.182e+06 5182000
2007776 5.18266e+06 5182656
2007777 5.18333e+06 5183328
2007778 5.184e+06 5184000
2007779 5.18466e+06 5184656
2007780 5.18533e+06 5185328
2007781 5.186e+06 5186000
2007782 5.18666e+06 5186656
2007783 5.18733e+06 5187328
2007784 5.188e+06 5188000
2007785 5.18866e+06 5188656
2007786 5.18933e+06 5189328
2007787 5.19e+06 5190000
2007788 5.19066e+06 5190656
2007789 5.19133e+06 5191328
2007790 5.192e+06 5192000
2007791 5.19266e+06 5192656
2007792 5.19333e+06 5193328
2007793 5.194e+06 5194000
2007794 5.19466e+06 5194656
2007795 5.19533e+06 5195328
2007796 5.196e+06 5196000
2007797 5.19666e+06 5196656
2007798 5.19733e+06 5197328
2007799 5.198e+06 5198000
2007800 5.19866e+06 5198656
2007801 5.19933e+06 5199328
2007802 5.2e+06 5200000
2007803 5.20066e+06 5200656
2007804 5.20133e+06 5201328
2007805 5.202e+06 5202000
2007806 5.20266e+06 5202656
2007807 5.20333e+06 5203328
2007808 5.204e+06 5204000
2007809 5.20466e+06 5204656
2007810 5.20533e+06 5205328
2007811 5.206e+06 5206000
2007812 5.20666e+06 5206656
2007813 5.20733e+06 5207328
2007814 5.208e+06 5208000
2007815 5.20866e+06 5208656
2007816 5.20933e+06 5209328
2007817 5.21e+06 5210000
2007818 5.21066e+06 5210656
2007819 5.21133e+06 5211328
2007820 5.212e+06 5212000
2007821 5.21266e+06 5212656
2007822 5.21333e+06 5213328
2007823 5.214e+06 5214000
2007824 5.21466e+06 5214656
2007825 5.21533e+06 5215328
2007826 5.216e+06 5216000
2007827 5.21666e+06 5216656
2007828 5.21733e+06 5217328
2007829 5.218e+06 5218000
2007830 5.21866e+06 5218656
2007831 5.21933e+06 5219328
2007832 5.22e+06 5220000
2007833 5.22066e+06 5220656
2007834 5.22133e+06 5221328
2007835 5.222e+06 5222000
2007836 5.22266e+06 5222656
2007837 5.22333e+06 5223328
2007838 5.224e+06 5224000
2007839 5.22466e+06 5224656
2007840 5.22533e+06 5225328
2007841 5.226e+06 5226000
2007842 5.22666e+06 5226656
2007843 5.22733e+06 5227328
2007844 5.228e+06 5228000
2007845 5.22866e+06 5228656
2007846 5.22933e+06 5229328
2007847 5.23e+06 5230000
2007848 5.23066e+06 5230656
2007849 5.23133e+06 5231328
2007850 5.232e+06 5232000
2007851 5.23266e+06 5232656
2007852 5.23333e+06 5233328
2007853 5.234e+06 5234000
2007854 5.23466e+06 5234656
2007855 5.23533e+06 5235328
2007856 5.236e+06 5236000
2007857 5.23666e+06 5236656
2007858 5.23733e+06 5237328
2007859 5.238e+06 5238000
2007860 5.23866e+06 5238656
2007861 5.23933e+06 5239328
2007862 5.24e+06 5240000
2007863 5.24066e+06 5240656
2007864 5.24133e+06 5241328
2007865 5.242e+06 5242000
2007866 5.24266e+06 5242656
2007867 5.24333e+06 5243328
2007868 5.244e+06 5244000
2007869 5.24466e+06 5244656
2007870 5.24533e+06 5245328
2007871 5.246e+06 5246000
2007872 5.24666e+06 5246656
2007873 5.24733e+06 5247328
2007874 5.248e+06 5248000
2007875 5.24866e+06 5248656
2007876 5.24933e+06 5249328
2007877 5.25e+06 5250000
2007878 5.25066e+06 5250656
2007879 5.25133e+06 5251328
2007880 5.252e+06 5252000
2007881 5.25266e+06 5252656
2007882 5.25333e+06 5253328
2007883 5.254e+06 5254000
2007884 5.25466e+06 5254656
2007885 5.25533e+06 5255328
2007886 5.256e+06 5256000
2007887 5.25666e+06 5256656
2007888 5.25733e+06 5257328
2007889 5.258e+06 5258000
2007890 5.25866e+06 5258656
2007891 5.25933e+06 5259328
2007892 5.26e+06 5260000
2007893 5.26066e+06 5260656
2007894 5.26133e+06 5261328
2007895 5.262e+06 5262000
2007896 5.26266e+06 5262656
2007897 5.26333e+06 5263328
2007898 5.264e+06 5264000
2007899 5.26466e+06 5264656
2007900 5.26533e+06 5265328
2007901 5.266e+06 5266000
2007902 5.26666e+06 5266656
2007903 5.26733e+06 5267328
2007904 5.268e+06 5268000
2007905 5.26866e+06 5268656
2007906 5.26933e+06 5269328
2007907 5.27e+06 5270000
2007908 5.27066e+06 5270656
2007909 5.27133e+06 5271328
2007910 5.272e+06 5272000
2007911 5.27266e+06 5272656
2007912 5.27333e+06 5273328
2007913 5.274e+06 5274000
2007914 5.27466e+06 5274656
2007915 5.27533e+06 5275328
2007916 5.276e+06 5276000
2007917 5.27666e+06 5276656
2007918 5.27733e+06 5277328
2007919 5.278e+06 5278000
2007920 5.27866e+06 5278656
2007921 5.27933e+06 5279328
2007922 5.28e+06 5280000
2007923 5.28066e+06 5280656
2007924 5.28133e+06 5281328
2007925 5.282e+06 5282000
2007926 5.28266e+06 5282656
2007927 5.28333e+06 5283328
2007928 5.284e+06 5284000
2007929 5.28466e+06 5284656
2007930 5.28533e+06 5285328
2007931 5.286e+06 5286000
2007932 5.28666e+06 5286656
2007933 5.28733e+06 5287328
2007934 5.288e+06 5288000
2007935 5.28866e+06 5288656
2007936 5.28933e+06 5289328
2007937 5.29e+06 5290000
2007938 5.29066e+06 5290656
2007939 5.29133e+06 5291328
2007940 5.292e+06 5292000
2007941 5.29266e+06 5292656
2007942 5.29333e+06 5293328
2007943 5.294e+06 5294000
2007944 5.29466e+06 5294656
2007945 5.29533e+06 5295328
2007946 5.296e+06 5296000
2007947 5.29666e+06 5296656
2007948 5.29733e+06 5297328
2007949 5.298e+06 5298000
2007950 5.29866e+06 5298656
2007951 5.29933e+06 5299328
2007952 5.3e+06 5300000
2007953 5.30066e+06 5300656
2007954 5.30133e+06 5301328
2007955 5.302e+06 5302000
2007956 5.30266e+06 5302656
2007957 5.30333e+06 5303328
2007958 5.304e+06 5304000
2007959 5.30466e+06 5304656
2007960 5.30533e+06 5305328
2007961 5.306e+06 5306000
2007962 5.30666e+06 5306656
2007963 5.30733e+06 5307328
2007964 5.308e+06 5308000
2007965 5.30866e+06 5308656
2007966 5.30933e+06 5309328
2007967 5.31e+06 5310000
2007968 5.31066e+06 5310656
2007969 5.31133e+06 5311328
2007970 5.312e+06 5312000
2007971 5.31266e+06 5312656
2007972 5.31333e+06 5313328
2007973 5.314e+06 5314000
2007974 5.31466e+06 5314656
2007975 5.31533e+06 5315328
2007976 5.316e+06 5316000
2007977 5.31666e+06 5316656
2007978 5.31733e+06 5317328
2007979 5.318e+06 5318000
2007980 5.31866e+06 5318656
2007981 5.31933e+06 5319328
2007982 5.32e+06 5320000
2007983 5.32066e+06 5320656
2007984 5.32133e+06 5321328
2007985 5.322e+06 5322000
2007986 5.32266e+06 5322656
2007987 5.32333e+06 5323328
2007988 5.324e+06 5324000
2007989 5.32466e+06 5324656
2007990 5.32533e+06 5325328
2007991 5.326e+06 5326000
2007992 5.32666e+06 5326656
2007993 5.32733e+06 5327328
2007994 5.328e+06 5328000
2007995 5.32866e+06 5328656
2007996 5.32933e+06 5329328
2007997 5.33e+06 5330000
2007998 5.33066e+06 5330656
2007999 5.33133e+06 5331328
2008000 5.332e+06 5332000
2008001 5.33266e+06 5332656
2008002 5.33333e+06 5333328
2008003 5.334e+06 5334000
2008004 5.33466e+06 5334656
2008005 5.33533e+06 5335328
2008006 5.336e+06 5336000
2008007 5.33666e+06 5336656
2008008 5.33733e+06 5337328
2008009 5.338e+06 5338000
2008010 5.33866e+06 5338656
2008011 5.33933e+06 5339328
2008012 5.34e+06 5340000
2008013 5.34066e+06 5340656
2008014 5.34133e+06 5341328
2008015 5.342e+06 5342000
2008016 5.34266e+06 5342656
2008017 5.34333e+06 5343328
2008018 5.344e+06 5344000
2008019 5.34466e+06 5344656
2008020 5.34533e+06 5345328
2008021 5.346e+06 5346000
2008022 5.34666e+06 5346656
2008023 5.34733e+06 5347328
2008024 5.348e+06 5348000
2008025 5.34866e+06 5348656
2008026 5.34933e+06 5349328
2008027 5.35e+06 5350000
2008028 5.35066e+06 5350656
2008029 5.35133e+06 5351328
2008030 5.352e+06 5352000
2008031 5.35266e+06 5352656
2008032 5.35333e+06 5353328
2008033 5.354e+06 5354000
2008034 5.35466e+06 5354656
2008035 5.35533e+06 5355328
2008036 5.356e+06 5356000
2008037 5.35666e+06 5356656
2008038 5.35733e+06 5357328
2008039 5.358e+06 5358000
2008040 5.35866e+06 5358656
2008041 5.35933e+06 5359328
2008042 5.36e+06 5360000
2008043 5.36066e+06 5360656
2008044 5.36133e+06 5361328
2008045 5.362e+06 5362000
2008046 5.36266e+06 5362656
2008047 5.36333e+06 5363328
2008048 5.364e+06 5364000
2008049 5.36466e+06 5364656
2008050 5.36533e+06 5365328
2008051 5.366e+06 5366000
2008052 5.36666e+06 5366656
2008053 5.36733e+06 5367328
2008054 5.368e+06 5368000
2008055 5.36866e+06 5368656
2008056 5.36933e+06 5369328
2008057 5.37e+06 5370000
2008058 5.37066e+06 5370656
2008059 5.37133e+06 5371328
2008060 5.372e+06 5372000
2008061 5.37266e+06 5372656
2008062 5.37333e+06 5373328
2008063 5.374e+06 5374000
2008064 5.37466e+06 5374656
2008065 5.37533e+06 5375328
2008066 5.376e+06 5376000
2008067 5.37666e+06 5376656
2008068 5.37733e+06 5377328
2008069 5.378e+06 5378000
2008070 5.37866e+06 5378656
2008071 5.37933e+06 5379328
2008072 5.38e+06 5380000
2008073 5.38066e+06 5380656
2008074 5.38133e+06 5381328
2008075 5.382e+06 5382000
2008076 5.38266e+06 5382656
2008077 5.38333e+06 5383328
2008078 5.384e+06 5384000
2008079 5.38466e+06 5384656
2008080 5.38533e+06 5385328
2008081 5.386e+06 5386000
2008082 5.38666e+06 5386656
2008083 5.38733e+06 5387328
2008084 5.388e+06 5388000
2008085 5.38866e+06 5388656
2008086 5.38933e+06 5389328
2008087 5.39e+06 5390000
2008088 5.39066e+06 5390656
2008089 5.39133e+06 5391328
2008090 5.392e+06 5392000
2008091 5.39266e+06 5392656
2008092 5.39333e+06 5393328
2008093 5.394e+06 5394000
2008094 5.39466e+06 5394656
2008095 5.39533e+06 5395328
2008096 5.396e+06 5396000
2008097 5.39666e+06 5396656
2008098 5.39733e+06 5397328
2008099 5.398e+06 5398000
2008100 5.39866e+06 5398656
2008101 5.39933e+06 5399328
2008102 5.4e+06 5400000
2008103 5.40066e+06 5400656
2008104 5.40133e+06 5401328
2008105 5.402e+06 5402000
2008106 5.40266e+06 5402656
2008107 5.40333e+06 5403328
2008108 5.404e+06 5404000
2008109 5.40466e+06 5404656
2008110 5.40533e+06 5405328
2008111 5.406e+06 5406000
2008112 5.40666e+06 5406656
2008113 5.40733e+06 5407328
2008114 5.408e+06 5408000
2008115 5.40866e+06 5408656
2008116 5.40933e+06 5409328
2008117 5.41e+06 5410000
2008118 5.41066e+06 5410656
2008119 5.41133e+06 5411328
2008120 5.412e+06 5412000
2008121 5.41266e+06 5412656
2008122 5.41333e+06 5413328
2008123 5.414e+06 5414000
2008124 5.41466e+06 5414656
2008125 5.41533e+06 5415328
2008126 5.416e+06 5416000
2008127 5.41666e+06 5416656
2008128 5.41733e+06 5417328
2008129 5.418e+06 5418000
2008130 5.41866e+06 5418656
2008131 5.41933e+06 5419328
2008132 5.42e+06 5420000
2008133 5.42066e+06 5420656
2008134 5.42133e+06 5421328
2008135 5.422e+06 5422000
2008136 5.42266e+06 5422656
2008137 5.42333e+06 5423328
2008138 5.424e+06 5424000
2008139 5.42466e+06 5424656
2008140 5.42533e+06 5425328
2008141 5.426e+06 5426000
2008142 5.42666e+06 5426656
2008143 5.42733e+06 5427328
2008144 5.428e+06 5428000
2008145 5.42866e+06 5428656
2008146 5.42933e+06 5429328
2008147 5.43e+06 5430000
2008148 5.43066e+06 5430656
2008149 5.43133e+06 5431328
2008150 5.432e+06 5432000
2008151 5.43266e+06 5432656
2008152 5.43333e+06 5433328
2008153 5.434e+06 5434000
2008154 5.43466e+06 5434656
2008155 5.43533e+06 5435328
2008156 5.436e+06 5436000
2008157 5.43666e+06 5436656
2008158 5.43733e+06 5437328
2008159 5.438e+06 5438000
2008160 5.43866e+06 5438656
2008161 5.43933e+06 5439328
2008162 5.44e+06 5440000
2008163 5.44066e+06 5440656
2008164 5.44133e+06 5441328
2008165 5.442e+06 5442000
2008166 5.44266e+06 5442656
2008167 5.44333e+06 5443328
2008168 5.444e+06 5444000
2008169 5.44466e+06 5444656
2008170 5.44533e+06 5445328
2008171 5.446e+06 5446000
2008172 5.44666e+06 5446656
2008173 5.44733e+06 5447328
2008174 5.448e+06 5448000
2008175 5.44866e+06 5448656
2008176 5.44933e+06 5449328
2008177 5.45e+06 5450000
2008178 5.45066e+06 5450656
2008179 5.45133e+06 5451328
2008180 5.452e+06 5452000
2008181 5.45266e+06 5452656
2008182 5.45333e+06 5453328
2008183 5.454e+06 5454000
2008184 5.45466e+06 5454656
2008185 5.45533e+06 5455328
2008186 5.456e+06 5456000
2008187 5.45666e+06 5456656
2008188 5.45733e+06 5457328
2008189 5.458e+06 5458000
2008190 5.45866e+06 5458656
2008191 5.45933e+06 5459328
2008192 5.46e+06 5460000
2008193 5.46066e+06 5460656
2008194 5.46133e+06 5461328
2008195 5.462e+06 5462000
2008196 5.46266e+06 5462656
2008197 5.46333e+06 5463328
2008198 5.464e+06 5464000
2008199 5.46466e+06 5464656
2008200 5.46533e+06 5465328
2008201 5.466e+06 5466000
2008202 5.46666e+06 5466656
2008203 5.46733e+06 5467328
2008204 5.468e+06 5468000
2008205 5.46866e+06 5468656
2008206 5.46933e+06 5469328
2008207 5.47e+06 5470000
2008208 5.47066e+06 5470656
2008209 5.47133e+06 5471328
2008210 5.472e+06 5472000
2008211 5.47266e+06 5472656
2008212 5.47333e+06 5473328
2008213 5.474e+06 5474000
2008214 5.47466e+06 5474656
2008215 5.47533e+06 5475328
2008216 5.476e+06 5476000
2008217 5.47666e+06 5476656
2008218 5.47733e+06 5477328
2008219 5.478e+06 5478000
2008220 5.47866e+06 5478656
2008221 5.47933e+06 5479328
2008222 5.48e+06 5480000
2008223 5.48066e+06 5480656
2008224 5.48133e+06 5481328
2008225 5.482e+06 5482000
2008226 5.48266e+06 5482656
2008227 5.48333e+06 5483328
2008228 5.484e+06 5484000
2008229 5.48466e+06 5484656
2008230 5.48533e+06 5485328
2008231 5.486e+06 5486000
2008232 5.48666e+06 5486656
2008233 5.48733e+06 5487328
2008234 5.488e+06 5488000
2008235 5.48866e+06 5488656
2008236 5.48933e+06 5489328
2008237 5.49e+06 5490000
2008238 5.49066e+06 5490656
2008239 5.49133e+06 5491328
2008240 5.492e+06 5492000
2008241 5.49266e+06 5492656
2008242 5.49333e+06 5493328
2008243 5.494e+06 5494000
2008244 5.49466e+06 5494656
2008245 5.49533e+06 5495328
2008246 5.496e+06 5496000
2008247 5.49666e+06 5496656
2008248 5.49733e+06 5497328
2008249 5.498e+06 5498000
2008250 5.49866e+06 5498656
2008251 5.49933e+06 5499328
2008252 5.5e+06 5500000
2008253 5.50066e+06 5500656
2008254 5.50133e+06 5501328
2008255 5.502e+06 5502000
2008256 5.50266e+06 5502656
2008257 5.50333e+06 5503328
2008258 5.504e+06 5504000
2008259 5.50466e+06 5504656
2008260 5.50533e+06 5505328
2008261 5.506e+06 5506000
2008262 5.50666e+06 5506656
2008263 5.50733e+06 5507328
2008264 5.508e+06 5508000
2008265 5.50866e+06 5508656
2008266 5.50933e+06 5509328
2008267 5.51e+06 5510000
2008268 5.51066e+06 5510656
2008269 5.51133e+06 5511328
2008270 5.512e+06 5512000
2008271 5.51266e+06 5512656
2008272 5.51333e+06 5513328
2008273 5.514e+06 5514000
2008274 5.51466e+06 5514656
2008275 5.51533e+06 5515328
2008276 5.516e+06 5516000
2008277 5.51666e+06 5516656
2008278 5.51733e+06 5517328
2008279 5.518e+06 5518000
2008280 5.51866e+06 5518656
2008281 5.51933e+06 5519328
2008282 5.52e+06 5520000
2008283 5.52066e+06 5520656
2008284 5.52133e+06 5521328
2008285 5.522e+06 5522000
2008286 5.52266e+06 5522656
2008287 5.52333e+06 5523328
2008288 5.524e+06 5524000
2008289 5.52466e+06 5524656
2008290 5.52533e+06 5525328
2008291 5.526e+06 5526000
2008292 5.52666e+06 5526656
2008293 5.52733e+06 5527328
2008294 5.528e+06 5528000
2008295 5.52866e+06 5528656
2008296 5.52933e+06 5529328
2008297 5.53e+06 5530000
2008298 5.53066e+06 5530656
2008299 5.53133e+06 5531328
2008300 5.532e+06 5532000
2008301 5.53266e+06 5532656
2008302 5.53333e+06 5533328
2008303 5.534e+06 5534000
2008304 5.53466e+06 5534656
2008305 5.53533e+06 5535328
2008306 5.536e+06 5536000
2008307 5.53666e+06 5536656
2008308 5.53733e+06 5537328
2008309 5.538e+06 5538000
2008310 5.53866e+06 5538656
2008311 5.53933e+06 5539328
2008312 5.54e+06 5540000
2008313 5.54066e+06 5540656
2008314 5.54133e+06 5541328
2008315 5.542e+06 5542000
2008316 5.54266e+06 5542656
2008317 5.54333e+06 5543328
2008318 5.544e+06 5544000
2008319 5.54466e+06 5544656
2008320 5.54533e+06 5545328
2008321 5.546e+06 5546000
2008322 5.54666e+06 5546656
2008323 5.54733e+06 5547328
2008324 5.548e+06 5548000
2008325 5.54866e+06 5548656
2008326 5.54933e+06 5549328
2008327 5.55e+06 5550000
2008328 5.55066e+06 5550656
2008329 5.55133e+06 5551328
2008330 5.552e+06 5552000
2008331 5.55266e+06 5552656
2008332 5.55333e+06 5553328
2008333 5.554e+06 5554000
2008334 5.55466e+06 5554656
2008335 5.55533e+06 5555328
2008336 5.556e+06 5556000
2008337 5.55666e+06 5556656
2008338 5.55733e+06 5557328
2008339 5.558e+06 5558000
2008340 5.55866e+06 5558656
2008341 5.55933e+06 5559328
2008342 5.56e+06 5560000
2008343 5.56066e+06 5560656
2008344 5.56133e+06 5561328
2008345 5.562e+06 5562000
2008346 5.56266e+06 5562656
2008347 5.56333e+06 5563328
2008348 5.564e+06 5564000
2008349 5.56466e+06 5564656
2008350 5.56533e+06 5565328
2008351 5.566e+06 5566000
2008352 5.56666e+06 5566656
2008353 5.56733e+06 5567328
2008354 5.568e+06 5568000
2008355 5.56866e+06 5568656
2008356 5.56933e+06 5569328
2008357 5.57e+06 5570000
2008358 5.57066e+06 5570656
2008359 5.57133e+06 5571328
2008360 5.572e+06 5572000
2008361 5.57266e+06 5572656
2008362 5.57333e+06 5573328
2008363 5.574e+06 5574000
2008364 5.57466e+06 5574656
2008365 5.57533e+06 5575328
2008366 5.576e+06 5576000
2008367 5.57666e+06 5576656
2008368 5.57733e+06 5577328
2008369 5.578e+06 5578000
2008370 5.57866e+06 5578656
2008371 5.57933e+06 5579328
2008372 5.58e+06 5580000
2008373 5.58066e+06 5580656
2008374 5.58133e+06 5581328
2008375 5.582e+06 5582000
2008376 5.58266e+06 5582656
2008377 5.58333e+06 5583328
2008378 5.584e+06 5584000
2008379 5.58466e+06 5584656
2008380 5.58533e+06 5585328
2008381 5.586e+06 5586000
2008382 5.58666e+06 5586656
2008383 5.58733e+06 5587328
2008384 5.588e+06 5588000
2008385 5.58866e+06 5588656
2008386 5.58933e+06 5589328
2008387 5.59e+06 5590000
2008388 5.59066e+06 5590656
2008389 5.59133e+06 5591328
2008390 5.592e+06 5592000
2008391 5.59266e+06 5592656
2008392 5.59333e+06 5593328
2008393 5.594e+06 5594000
2008394 5.59466e+06 5594656
2008395 5.59533e+06 5595328
2008396 5.596e+06 5596000
2008397 5.59666e+06 5596656
2008398 5.59733e+06 5597328
2008399 5.598e+06 5598000
2008400 5.59866e+06 5598656
2008401 5.59933e+06 5599328
2008402 5.6e+06 5600000
2008403 5.60066e+06 5600656
2008404 5.60133e+06 5601328
2008405 5.602e+06 5602000
2008406 5.60266e+06 5602656
2008407 5.60333e+06 5603328
2008408 5.604e+06 5604000
2008409 5.60466e+06 5604656
2008410 5.60533e+06 5605328
2008411 5.606e+06 5606000
2008412 5.60666e+06 5606656
2008413 5.60733e+06 5607328
2008414 5.608e+06 5608000
2008415 5.60866e+06 5608656
2008416 5.60933e+06 5609328
2008417 5.61e+06 5610000
2008418 5.61066e+06 5610656
2008419 5.61133e+06 5611328
2008420 5.612e+06 5612000
2008421 5.61266e+06 5612656
2008422 5.61333e+06 5613328
2008423 5.614e+06 5614000
2008424 5.61466e+06 5614656
2008425 5.61533e+06 5615328
2008426 5.616e+06 5616000
2008427 5.61666e+06 5616656
2008428 5.61733e+06 5617328
2008429 5.618e+06 5618000
2008430 5.61866e+06 5618656
2008431 5.61933e+06 5619328
2008432 5.62e+06 5620000
2008433 5.62066e+06 5620656
2008434 5.62133e+06 5621328
2008435 5.622e+06 5622000
2008436 5.62266e+06 5622656
2008437 5.62333e+06 5623328
2008438 5.624e+06 5624000
2008439 5.62466e+06 5624656
2008440 5.62533e+06 5625328
2008441 5.626e+06 5626000
2008442 5.62666e+06 5626656
2008443 5.62733e+06 5627328
2008444 5.628e+06 5628000
2008445 5.62866e+06 5628656
2008446 5.62933e+06 5629328
2008447 5.63e+06 5630000
2008448 5.63066e+06 5630656
2008449 5.63133e+06 5631328
2008450 5.632e+06 5632000
2008451 5.63266e+06 5632656
2008452 5.63333e+06 5633328
2008453 5.634e+06 5634000
2008454 5.63466e+06 5634656
2008455 5.63533e+06 5635328
2008456 5.636e+06 5636000
2008457 5.63666e+06 5636656
2008458 5.63733e+06 5637328
2008459 5.638e+06 5638000
2008460 5.63866e+06 5638656
2008461 5.63933e+06 5639328
2008462 5.64e+06 5640000
2008463 5.64066e+06 5640656
2008464 5.64133e+06 5641328
2008465 5.642e+06 5642000
2008466 5.64266e+06 5642656
2008467 5.64333e+06 5643328
2008468 5.644e+06 5644000
2008469 5.64466e+06 5644656
2008470 5.64533e+06 5645328
2008471 5.646e+06 5646000
2008472 5.64666e+06 5646656
2008473 5.64733e+06 5647328
2008474 5.648e+06 5648000
2008475 5.64866e+06 5648656
2008476 5.64933e+06 5649328
2008477 5.65e+06 5650000
2008478 5.65066e+06 5650656
2008479 5.65133e+06 5651328
2008480 5.652e+06 5652000
2008481 5.65266e+06 5652656
2008482 5.65333e+06 5653328
2008483 5.654e+06 5654000
2008484 5.65466e+06 5654656
2008485 5.65533e+06 5655328
2008486 5.656e+06 5656000
2008487 5.65666e+06 5656656
2008488 5.65733e+06 5657328
2008489 5.658e+06 5658000
2008490 5.65866e+06 5658656
2008491 5.65933e+06 5659328
2008492 5.66e+06 5660000
2008493 5.66066e+06 5660656
2008494 5.66133e+06 5661328
2008495 5.662e+06 5662000
2008496 5.66266e+06 5662656
2008497 5.66333e+06 5663328
2008498 5.664e+06 5664000
2008499 5.66466e+06 5664656
2008500 5.66533e+06 5665328
2008501 5.666e+06 5666000
2008502 5.66666e+06 5666656
2008503 5.66733e+06 5667328
2008504 5.668e+06 5668000
2008505 5.66866e+06 5668656
2008506 5.66933e+06 5669328
2008507 5.67e+06 5670000
2008508 5.67066e+06 5670656
2008509 5.67133e+06 5671328
2008510 5.672e+06 5672000
2008511 5.67266e+06 5672656
2008512 5.67333e+06 5673328
2008513 5.674e+06 5674000
2008514 5.67466e+06 5674656
2008515 5.67533e+06 5675328
2008516 5.676e+06 5676000
2008517 5.67666e+06 5676656
2008518 5.67733e+06 5677328
2008519 5.678e+06 5678000
2008520 5.67866e+06 5678656
2008521 5.67933e+06 5679328
2008522 5.68e+06 5680000
2008523 5.68066e+06 5680656
2008524 5.68133e+06 5681328
2008525 5.682e+06 5682000
2008526 5.68266e+06 5682656
2008527 5.68333e+06 5683328
2008528 5.684e+06 5684000
2008529 5.68466e+06 5684656
2008530 5.68533e+06 5685328
2008531 5.686e+06 5686000
2008532 5.68666e+06 5686656
2008533 5.68733e+06 5687328
2008534 5.688e+06 5688000
2008535 5.68866e+06 5688656
2008536 5.68933e+06 5689328
2008537 5.69e+06 5690000
2008538 5.69066e+06 5690656
2008539 5.69133e+06 5691328
2008540 5.692e+06 5692000
2008541 5.69266e+06 5692656
2008542 5.69333e+06 5693328
2008543 5.694e+06 5694000
2008544 5.69466e+06 5694656
2008545 5.69533e+06 5695328
2008546 5.696e+06 5696000
2008547 5.69666e+06 5696656
2008548 5.69733e+06 5697328
2008549 5.698e+06 5698000
2008550 5.69866e+06 5698656
2008551 5.69933e+06 5699328
2008552 5.7e+06 5700000
2008553 5.70066e+06 5700656
2008554 5.70133e+06 5701328
2008555 5.702e+06 5702000
2008556 5.70266e+06 5702656
2008557 5.70333e+06 5703328
2008558 5.704e+06 5704000
2008559 5.70466e+06 5704656
2008560 5.70533e+06 5705328
2008561 5.706e+06 5706000
2008562 5.70666e+06 5706656
2008563 5.70733e+06 5707328
2008564 5.708e+06 5708000
2008565 5.70866e+06 5708656
2008566 5.70933e+06 5709328
2008567 5.71e+06 5710000
2008568 5.71066e+06 5710656
2008569 5.71133e+06 5711328
2008570 5.712e+06 5712000
2008571 5.71266e+06 5712656
2008572 5.71333e+06 5713328
2008573 5.714e+06 5714000
2008574 5.71466e+06 5714656
2008575 5.71533e+06 5715328
2008576 5.716e+06 5716000
2008577 5.71666e+06 5716656
2008578 5.71733e+06 5717328
2008579 5.718e+06 5718000
2008580 5.71866e+06 5718656
2008581 5.71933e+06 5719328
2008582 5.72e+06 5720000
2008583 5.72066e+06 5720656
2008584 5.72133e+06 5721328
2008585 5.722e+06 5722000
2008586 5.72266e+06 5722656
2008587 5.72333e+06 5723328
2008588 5.724e+06 5724000
2008589 5.72466e+06 5724656
2008590 5.72533e+06 5725328
2008591 5.726e+06 5726000
2008592 5.72666e+06 5726656
2008593 5.72733e+06 5727328
2008594 5.728e+06 5728000
2008595 5.72866e+06 5728656
2008596 5.72933e+06 5729328
2008597 5.73e+06 5730000
2008598 5.73066e+06 5730656
2008599 5.73133e+06 5731328
2008600 5.732e+06 5732000
2008601 5.73266e+06 5732656
2008602 5.73333e+06 5733328
2008603 5.734e+06 5734000
2008604 5.73466e+06 5734656
2008605 5.73533e+06 5735328
2008606 5.736e+06 5736000
2008607 5.73666e+06 5736656
2008608 5.73733e+06 5737328
2008609 5.738e+06 5738000
2008610 5.73866e+06 5738656
2008611 5.73933e+06 5739328
2008612 5.74e+06 5740000
2008613 5.74066e+06 5740656
2008614 5.74133e+06 5741328
2008615 5.742e+06 5742000
2008616 5.74266e+06 5742656
2008617 5.74333e+06 5743328
2008618 5.744e+06 5744000
2008619 5.74466e+06 5744656
2008620 5.74533e+06 5745328
2008621 5.746e+06 5746000
2008622 5.74666e+06 5746656
2008623 5.74733e+06 5747328
2008624 5.748e+06 5748000
2008625 5.74866e+06 5748656
2008626 5.74933e+06 5749328
2008627 5.75e+06 5750000
2008628 5.75066e+06 5750656
2008629 5.75133e+06 5751328
2008630 5.752e+06 5752000
2008631 5.75266e+06 5752656
2008632 5.75333e+06 5753328
2008633 5.754e+06 5754000
2008634 5.75466e+06 5754656
2008635 5.75533e+06 5755328
2008636 5.756e+06 5756000
2008637 5.75666e+06 5756656
2008638 5.75733e+06 5757328
2008639 5.758e+06 5758000
2008640 5.75866e+06 5758656
2008641 5.75933e+06 5759328
2008642 5.76e+06 5760000
2008643 5.76066e+06 5760656
2008644 5.76133e+06 5761328
2008645 5.762e+06 5762000
2008646 5.76266e+06 5762656
2008647 5.76333e+06 5763328
2008648 5.764e+06 5764000
2008649 5.76466e+06 5764656
2008650 5.76533e+06 5765328
2008651 5.766e+06 5766000
2008652 5.76666e+06 5766656
2008653 5.76733e+06 5767328
2008654 5.768e+06 5768000
2008655 5.76866e+06 5768656
2008656 5.76933e+06 5769328
2008657 5.77e+06 5770000
2008658 5.77066e+06 5770656
2008659 5.77133e+06 5771328
2008660 5.772e+06 5772000
2008661 5.77266e+06 5772656
2008662 5.77333e+06 5773328
2008663 5.774e+06 5774000
2008664 5.77466e+06 5774656
2008665 5.77533e+06 5775328
2008666 5.776e+06 5776000
2008667 5.77666e+06 5776656
2008668 5.77733e+06 5777328
2008669 5.778e+06 5778000
2008670 5.77866e+06 5778656
2008671 5.77933e+06 5779328
2008672 5.78e+06 5780000
2008673 5.78066e+06 5780656
2008674 5.78133e+06 5781328
2008675 5.782e+06 5782000
2008676 5.78266e+06 5782656
2008677 5.78333e+06 5783328
2008678 5.784e+06 5784000
2008679 5.78466e+06 5784656
2008680 5.78533e+06 5785328
2008681 5.786e+06 5786000
2008682 5.78666e+06 5786656
2008683 5.78733e+06 5787328
2008684 5.788e+06 5788000
2008685 5.78866e+06 5788656
2008686 5.78933e+06 5789328
2008687 5.79e+06 5790000
2008688 5.79066e+06 5790656
2008689 5.79133e+06 5791328
2008690 5.792e+06 5792000
2008691 5.79266e+06 5792656
2008692 5.79333e+06 5793328
2008693 5.794e+06 5794000
2008694 5.79466e+06 5794656
2008695 5.79533e+06 5795328
2008696 5.796e+06 5796000
2008697 5.79666e+06 5796656
2008698 5.79733e+06 5797328
2008699 5.798e+06 5798000
2008700 5.79866e+06 5798656
2008701 5.79933e+06 5799328
2008702 5.8e+06 5800000
2008703 5.80066e+06 5800656
2008704 5.80133e+06 5801328
2008705 5.802e+06 5802000
2008706 5.80266e+06 5802656
2008707 5.80333e+06 5803328
2008708 5.804e+06 5804000
2008709 5.80466e+06 5804656
2008710 5.80533e+06 5805328
2008711 5.806e+06 5806000
2008712 5.80666e+06 5806656
2008713 5.80733e+06 5807328
2008714 5.808e+06 5808000
2008715 5.80866e+06 5808656
2008716 5.80933e+06 5809328
2008717 5.81e+06 5810000
2008718 5.81066e+06 5810656
2008719 5.81133e+06 5811328
2008720 5.812e+06 5812000
2008721 5.81266e+06 5812656
2008722 5.81333e+06 5813328
2008723 5.814e+06 5814000
2008724 5.81466e+06 5814656
2008725 5.81533e+06 5815328
2008726 5.816e+06 5816000
2008727 5.81666e+06 5816656
2008728 5.81733e+06 5817328
2008729 5.818e+06 5818000
2008730 5.81866e+06 5818656
2008731 5.81933e+06 5819328
2008732 5.82e+06 5820000
2008733 5.82066e+06 5820656
2008734 5.82133e+06 5821328
2008735 5.822e+06 5822000
2008736 5.82266e+06 5822656
2008737 5.82333e+06 5823328
2008738 5.824e+06 5824000
2008739 5.82466e+06 5824656
2008740 5.82533e+06 5825328
2008741 5.826e+06 5826000
2008742 5.82666e+06 5826656
2008743 5.82733e+06 5827328
2008744 5.828e+06 5828000
2008745 5.82866e+06 5828656
2008746 5.82933e+06 5829328
2008747 5.83e+06 5830000
2008748 5.83066e+06 5830656
2008749 5.83133e+06 5831328
2008750 5.832e+06 5832000
2008751 5.83266e+06 5832656
2008752 5.83333e+06 5833328
2008753 5.834e+06 5834000
2008754 5.83466e+06 5834656
2008755 5.83533e+06 5835328
2008756 5.836e+06 5836000
2008757 5.83666e+06 5836656
2008758 5.83733e+06 5837328
2008759 5.838e+06 5838000
2008760 5.83866e+06 5838656
2008761 5.83933e+06 5839328
2008762 5.84e+06 5840000
2008763 5.84066e+06 5840656
2008764 5.84133e+06 5841328
2008765 5.842e+06 5842000
2008766 5.84266e+06 5842656
2008767 5.84333e+06 5843328
2008768 5.844e+06 5844000
2008769 5.84466e+06 5844656
2008770 5.84533e+06 5845328
2008771 5.846e+06 5846000
2008772 5.84666e+06 5846656
2008773 5.84733e+06 5847328
2008774 5.848e+06 5848000
2008775 5.84866e+06 5848656
2008776 5.84933e+06 5849328
2008777 5.85e+06 5850000
2008778 5.85066e+06 5850656
2008779 5.85133e+06 5851328
2008780 5.852e+06 5852000
2008781 5.85266e+06 5852656
2008782 5.85333e+06 5853328
2008783 5.854e+06 5854000
2008784 5.85466e+06 5854656
2008785 5.85533e+06 5855328
2008786 5.856e+06 5856000
2008787 5.85666e+06 5856656
2008788 5.85733e+06 5857328
2008789 5.858e+06 5858000
2008790 5.85866e+06 5858656
2008791 5.85933e+06 5859328
2008792 5.86e+06 5860000
2008793 5.86066e+06 5860656
2008794 5.86133e+06 5861328
2008795 5.862e+06 5862000
2008796 5.86266e+06 5862656
2008797 5.86333e+06 5863328
2008798 5.864e+06 5864000
2008799 5.86466e+06 5864656
2008800 5.86533e+06 5865328
2008801 5.866e+06 5866000
2008802 5.86666e+06 5866656
2008803 5.86733e+06 5867328
2008804 5.868e+06 5868000
2008805 5.86866e+06 5868656
2008806 5.86933e+06 5869328
2008807 5.87e+06 5870000
2008808 5.87066e+06 5870656
2008809 5.87133e+06 5871328
2008810 5.872e+06 5872000
2008811 5.87266e+06 5872656
2008812 5.87333e+06 5873328
2008813 5.874e+06 5874000
2008814 5.87466e+06 5874656
2008815 5.87533e+06 5875328
2008816 5.876e+06 5876000
2008817 5.87666e+06 5876656
2008818 5.87733e+06 5877328
2008819 5.878e+06 5878000
2008820 5.87866e+06 5878656
2008821 5.87933e+06 5879328
2008822 5.88e+06 5880000
2008823 5.88066e+06 5880656
2008824 5.88133e+06 5881328
2008825 5.882e+06 5882000
2008826 5.88266e+06 5882656
2008827 5.88333e+06 5883328
2008828 5.884e+06 5884000
2008829 5.88466e+06 5884656
2008830 5.88533e+06 5885328
2008831 5.886e+06 5886000
2008832 5.88666e+06 5886656
2008833 5.88733e+06 5887328
2008834 5.888e+06 5888000
2008835 5.88866e+06 5888656
2008836 5.88933e+06 5889328
2008837 5.89e+06 5890000
2008838 5.89066e+06 5890656
2008839 5.89133e+06 5891328
2008840 5.892e+06 5892000
2008841 5.89266e+06 5892656
2008842 5.89333e+06 5893328
2008843 5.894e+06 5894000
2008844 5.89466e+06 5894656
2008845 5.89533e+06 5895328
2008846 5.896e+06 5896000
2008847 5.89666e+06 5896656
2008848 5.89733e+06 5897328
2008849 5.898e+06 5898000
2008850 5.89866e+06 5898656
2008851 5.89933e+06 5899328
2008852 5.9e+06 5900000
2008853 5.90066e+06 5900656
2008854 5.90133e+06 5901328
2008855 5.902e+06 5902000
2008856 5.90266e+06 5902656
2008857 5.90333e+06 5903328
2008858 5.904e+06 5904000
2008859 5.90466e+06 5904656
2008860 5.90533e+06 5905328
2008861 5.906e+06 5906000
2008862 5.90666e+06 5906656
2008863 5.90733e+06 5907328
2008864 5.908e+06 5908000
2008865 5.90866e+06 5908656
2008866 5.90933e+06 5909328
2008867 5.91e+06 5910000
2008868 5.91066e+06 5910656
2008869 5.91133e+06 5911328
2008870 5.912e+06 5912000
2008871 5.91266e+06 5912656
2008872 5.91333e+06 5913328
2008873 5.914e+06 5914000
2008874 5.91466e+06 5914656
2008875 5.91533e+06 5915328
2008876 5.916e+06 5916000
2008877 5.91666e+06 5916656
2008878 5.91733e+06 5917328
2008879 5.918e+06 5918000
2008880 5.91866e+06 5918656
2008881 5.91933e+06 5919328
2008882 5.92e+06 5920000
2008883 5.92066e+06 5920656
2008884 5.92133e+06 5921328
2008885 5.922e+06 5922000
2008886 5.92266e+06 5922656
2008887 5.92333e+06 5923328
2008888 5.924e+06 5924000
2008889 5.92466e+06 5924656
2008890 5.92533e+06 5925328
2008891 5.926e+06 5926000
2008892 5.92666e+06 5926656
2008893 5.92733e+06 5927328
2008894 5.928e+06 5928000
2008895 5.92866e+06 5928656
2008896 5.92933e+06 5929328
2008897 5.93e+06 5930000
2008898 5.93066e+06 5930656
2008899 5.93133e+06 5931328
2008900 5.932e+06 5932000
2008901 5.93266e+06 5932656
2008902 5.93333e+06 5933328
2008903 5.934e+06 5934000
2008904 5.93466e+06 5934656
2008905 5.93533e+06 5935328
2008906 5.936e+06 5936000
2008907 5.93666e+06 5936656
2008908 5.93733e+06 5937328
2008909 5.938e+06 5938000
2008910 5.93866e+06 5938656
2008911 5.93933e+06 5939328
2008912 5.94e+06 5940000
2008913 5.94066e+06 5940656
2008914 5.94133e+06 5941328
2008915 5.942e+06 5942000
2008916 5.94266e+06 5942656
2008917 5.94333e+06 5943328
2008918 5.944e+06 5944000
2008919 5.94466e+06 5944656
2008920 5.94533e+06 5945328
2008921 5.946e+06 5946000
2008922 5.94666e+06 5946656
2008923 5.94733e+06 5947328
2008924 5.948e+06 5948000
2008925 5.94866e+06 5948656
2008926 5.94933e+06 5949328
2008927 5.95e+06 5950000
2008928 5.95066e+06 5950656
2008929 5.95133e+06 5951328
2008930 5.952e+06 5952000
2008931 5.95266e+06 5952656
2008932 5.95333e+06 5953328
2008933 5.954e+06 5954000
2008934 5.95466e+06 5954656
2008935 5.95533e+06 5955328
2008936 5.956e+06 5956000
2008937 5.95666e+06 5956656
2008938 5.95733e+06 5957328
2008939 5.958e+06 5958000
2008940 5.95866e+06 5958656
2008941 5.95933e+06 5959328
2008942 5.96e+06 5960000
2008943 5.96066e+06 5960656
2008944 5.96133e+06 5961328
2008945 5.962e+06 5962000
2008946 5.96266e+06 5962656
2008947 5.96333e+06 5963328
2008948 5.964e+06 5964000
2008949 5.96466e+06 5964656
2008950 5.96533e+06 5965328
2008951 5.966e+06 5966000
2008952 5.96666e+06 5966656
2008953 5.96733e+06 5967328
2008954 5.968e+06 5968000
2008955 5.96866e+06 5968656
2008956 5.96933e+06 5969328
2008957 5.97e+06 5970000
2008958 5.97066e+06 5970656
2008959 5.97133e+06 5971328
2008960 5.972e+06 5972000
2008961 5.97266e+06 5972656
2008962 5.97333e+06 5973328
2008963 5.974e+06 5974000
2008964 5.97466e+06 5974656
2008965 5.97533e+06 5975328
2008966 5.976e+06 5976000
2008967 5.97666e+06 5976656
2008968 5.97733e+06 5977328
2008969 5.978e+06 5978000
2008970 5.97866e+06 5978656
2008971 5.97933e+06 5979328
2008972 5.98e+06 5980000
2008973 5.98066e+06 5980656
2008974 5.98133e+06 5981328
2008975 5.982e+06 5982000
2008976 5.98266e+06 5982656
2008977 5.98333e+06 5983328
2008978 5.984e+06 5984000
2008979 5.98466e+06 5984656
2008980 5.98533e+06 5985328
2008981 5.986e+06 5986000
2008982 5.98666e+06 5986656
2008983 5.98733e+06 5987328
2008984 5.988e+06 5988000
2008985 5.98866e+06 5988656
2008986 5.98933e+06 5989328
2008987 5.99e+06 5990000
2008988 5.99066e+06 5990656
2008989 5.99133e+06 5991328
2008990 5.992e+06 5992000
2008991 5.99266e+06 5992656
2008992 5.99333e+06 5993328
2008993 5.994e+06 5994000
2008994 5.99466e+06 5994656
2008995 5.99533e+06 5995328
2008996 5.996e+06 5996000
2008997 5.99666e+06 5996656
2008998 5.99733e+06 5997328
2008999 5.998e+06 5998000
2009000 5.99866e+06 5998656
2009001 5.99933e+06 5999328
2009002 6e+06 6000000
2009003 6.00066e+06 6000656
2009004 6.00133e+06 6001328
2009005 6.002e+06 6002000
2009006 6.00266e+06 6002656
2009007 6.00333e+06 6003328
2009008 6.004e+06 6004000
2009009 6.00466e+06 6004656
2009010 6.00533e+06 6005328
2009011 6.006e+06 6006000
2009012 6.00666e+06 6006656
2009013 6.00733e+06 6007328
2009014 6.008e+06 6008000
2009015 6.00866e+06 6008656
2009016 6.00933e+06 6009328
2009017 6.01e+06 6010000
2009018 6.01066e+06 6010656
2009019 6.01133e+06 6011328
2009020 6.012e+06 6012000
2009021 6.01266e+06 6012656
2009022 6.01333e+06 6013328
2009023 6.014e+06 6014000
2009024 6.01466e+06 6014656
2009025 6.01533e+06 6015328
2009026 6.016e+06 6016000
2009027 6.01666e+06 6016656
2009028 6.01733e+06 6017328
2009029 6.018e+06 6018000
2009030 6.01866e+06 6018656
2009031 6.01933e+06 6019328
2009032 6.02e+06 6020000
2009033 6.02066e+06 6020656
2009034 6.02133e+06 6021328
2009035 6.022e+06 6022000
2009036 6.02266e+06 6022656
2009037 6.02333e+06 6023328
2009038 6.024e+06 6024000
2009039 6.02466e+06 6024656
2009040 6.02533e+06 6025328
2009041 6.026e+06 6026000
2009042 6.02666e+06 6026656
2009043 6.02733e+06 6027328
2009044 6.028e+06 6028000
2009045 6.02866e+06 6028656
2009046 6.02933e+06 6029328
2009047 6.03e+06 6030000
2009048 6.03066e+06 6030656
2009049 6.03133e+06 6031328
2009050 6.032e+06 6032000
2009051 6.03266e+06 6032656
2009052 6.03333e+06 6033328
2009053 6.034e+06 6034000
2009054 6.03466e+06 6034656
2009055 6.03533e+06 6035328
2009056 6.036e+06 6036000
2009057 6.03666e+06 6036656
2009058 6.03733e+06 6037328
2009059 6.038e+06 6038000
2009060 6.03866e+06 6038656
2009061 6.03933e+06 6039328
2009062 6.04e+06 6040000
2009063 6.04066e+06 6040656
2009064 6.04133e+06 6041328
2009065 6.042e+06 6042000
2009066 6.04266e+06 6042656
2009067 6.04333e+06 6043328
2009068 6.044e+06 6044000
2009069 6.04466e+06 6044656
2009070 6.04533e+06 6045328
2009071 6.046e+06 6046000
2009072 6.04666e+06 6046656
2009073 6.04733e+06 6047328
2009074 6.048e+06 6048000
2009075 6.04866e+06 6048656
2009076 6.04933e+06 6049328
2009077 6.05e+06 6050000
2009078 6.05066e+06 6050656
2009079 6.05133e+06 6051328
2009080 6.052e+06 6052000
2009081 6.05266e+06 6052656
2009082 6.05333e+06 6053328
2009083 6.054e+06 6054000
2009084 6.05466e+06 6054656
2009085 6.05533e+06 6055328
2009086 6.056e+06 6056000
2009087 6.05666e+06 6056656
2009088 6.05733e+06 6057328
2009089 6.058e+06 6058000
2009090 6.05866e+06 6058656
2009091 6.05933e+06 6059328
2009092 6.06e+06 6060000
2009093 6.06066e+06 6060656
2009094 6.06133e+06 6061328
2009095 6.062e+06 6062000
2009096 6.06266e+06 6062656
2009097 6.06333e+06 6063328
2009098 6.064e+06 6064000
2009099 6.06466e+06 6064656
2009100 6.06533e+06 6065328
2009101 6.066e+06 6066000
2009102 6.06666e+06 6066656
2009103 6.06733e+06 6067328
2009104 6.068e+06 6068000
2009105 6.06866e+06 6068656
2009106 6.06933e+06 6069328
2009107 6.07e+06 6070000
2009108 6.07066e+06 6070656
2009109 6.07133e+06 6071328
2009110 6.072e+06 6072000
2009111 6.07266e+06 6072656
2009112 6.07333e+06 6073328
2009113 6.074e+06 6074000
2009114 6.07466e+06 6074656
2009115 6.07533e+06 6075328
2009116 6.076e+06 6076000
2009117 6.07666e+06 6076656
2009118 6.07733e+06 6077328
2009119 6.078e+06 6078000
2009120 6.07866e+06 6078656
2009121 6.07933e+06 6079328
2009122 6.08e+06 6080000
2009123 6.08066e+06 6080656
2009124 6.08133e+06 6081328
2009125 6.082e+06 6082000
2009126 6.08266e+06 6082656
2009127 6.08333e+06 6083328
2009128 6.084e+06 6084000
2009129 6.08466e+06 6084656
2009130 6.08533e+06 6085328
2009131 6.086e+06 6086000
2009132 6.08666e+06 6086656
2009133 6.08733e+06 6087328
2009134 6.088e+06 6088000
2009135 6.08866e+06 6088656
2009136 6.08933e+06 6089328
2009137 6.09e+06 6090000
2009138 6.09066e+06 6090656
2009139 6.09133e+06 6091328
2009140 6.092e+06 6092000
2009141 6.09266e+06 6092656
2009142 6.09333e+06 6093328
2009143 6.094e+06 6094000
2009144 6.09466e+06 6094656
2009145 6.09533e+06 6095328
2009146 6.096e+06 6096000
2009147 6.09666e+06 6096656
2009148 6.09733e+06 6097328
2009149 6.098e+06 6098000
2009150 6.09866e+06 6098656
2009151 6.09933e+06 6099328
2009152 6.1e+06 6100000
2009153 6.10066e+06 6100656
2009154 6.10133e+06 6101328
2009155 6.102e+06 6102000
2009156 6.10266e+06 6102656
2009157 6.10333e+06 6103328
2009158 6.104e+06 6104000
2009159 6.10466e+06 6104656
2009160 6.10533e+06 6105328
2009161 6.106e+06 6106000
2009162 6.10666e+06 6106656
2009163 6.10733e+06 6107328
2009164 6.108e+06 6108000
2009165 6.10866e+06 6108656
2009166 6.10933e+06 6109328
2009167 6.11e+06 6110000
2009168 6.11066e+06 6110656
2009169 6.11133e+06 6111328
2009170 6.112e+06 6112000
2009171 6.11266e+06 6112656
2009172 6.11333e+06 6113328
2009173 6.114e+06 6114000
2009174 6.11466e+06 6114656
2009175 6.11533e+06 6115328
2009176 6.116e+06 6116000
2009177 6.11666e+06 6116656
2009178 6.11733e+06 6117328
2009179 6.118e+06 6118000
2009180 6.11866e+06 6118656
2009181 6.11933e+06 6119328
2009182 6.12e+06 6120000
2009183 6.12066e+06 6120656
2009184 6.12133e+06 6121328
2009185 6.122e+06 6122000
2009186 6.12266e+06 6122656
2009187 6.12333e+06 6123328
2009188 6.124e+06 6124000
2009189 6.12466e+06 6124656
2009190 6.12533e+06 6125328
2009191 6.126e+06 6126000
2009192 6.12666e+06 6126656
2009193 6.12733e+06 6127328
2009194 6.128e+06 6128000
2009195 6.12866e+06 6128656
2009196 6.12933e+06 6129328
2009197 6.13e+06 6130000
2009198 6.13066e+06 6130656
2009199 6.13133e+06 6131328
2009200 6.132e+06 6132000
2009201 6.13266e+06 6132656
2009202 6.13333e+06 6133328
2009203 6.134e+06 6134000
2009204 6.13466e+06 6134656
2009205 6.13533e+06 6135328
2009206 6.136e+06 6136000
2009207 6.13666e+06 6136656
2009208 6.13733e+06 6137328
2009209 6.138e+06 6138000
2009210 6.13866e+06 6138656
2009211 6.13933e+06 6139328
2009212 6.14e+06 6140000
2009213 6.14066e+06 6140656
2009214 6.14133e+06 6141328
2009215 6.142e+06 6142000
2009216 6.14266e+06 6142656
2009217 6.14333e+06 6143328
2009218 6.144e+06 6144000
2009219 6.14466e+06 6144656
2009220 6.14533e+06 6145328
2009221 6.146e+06 6146000
2009222 6.14666e+06 6146656
2009223 6.14733e+06 6147328
2009224 6.148e+06 6148000
2009225 6.14866e+06 6148656
2009226 6.14933e+06 6149328
2009227 6.15e+06 6150000
2009228 6.15066e+06 6150656
2009229 6.15133e+06 6151328
2009230 6.152e+06 6152000
2009231 6.15266e+06 6152656
2009232 6.15333e+06 6153328
2009233 6.154e+06 6154000
2009234 6.15466e+06 6154656
2009235 6.15533e+06 6155328
2009236 6.156e+06 6156000
2009237 6.15666e+06 6156656
2009238 6.15733e+06 6157328
2009239 6.158e+06 6158000
2009240 6.15866e+06 6158656
2009241 6.15933e+06 6159328
2009242 6.16e+06 6160000
2009243 6.16066e+06 6160656
2009244 6.16133e+06 6161328
2009245 6.162e+06 6162000
2009246 6.16266e+06 6162656
2009247 6.16333e+06 6163328
2009248 6.164e+06 6164000
2009249 6.16466e+06 6164656
2009250 6.16533e+06 6165328
2009251 6.166e+06 6166000
2009252 6.16666e+06 6166656
2009253 6.16733e+06 6167328
2009254 6.168e+06 6168000
2009255 6.16866e+06 6168656
2009256 6.16933e+06 6169328
2009257 6.17e+06 6170000
2009258 6.17066e+06 6170656
2009259 6.17133e+06 6171328
2009260 6.172e+06 6172000
2009261 6.17266e+06 6172656
2009262 6.17333e+06 6173328
2009263 6.174e+06 6174000
2009264 6.17466e+06 6174656
2009265 6.17533e+06 6175328
2009266 6.176e+06 6176000
2009267 6.17666e+06 6176656
2009268 6.17733e+06 6177328
2009269 6.178e+06 6178000
2009270 6.17866e+06 6178656
2009271 6.17933e+06 6179328
2009272 6.18e+06 6180000
2009273 6.18066e+06 6180656
2009274 6.18133e+06 6181328
2009275 6.182e+06 6182000
2009276 6.18266e+06 6182656
2009277 6.18333e+06 6183328
2009278 6.184e+06 6184000
2009279 6.18466e+06 6184656
2009280 6.18533e+06 6185328
2009281 6.186e+06 6186000
2009282 6.18666e+06 6186656
2009283 6.18733e+06 6187328
2009284 6.188e+06 6188000
2009285 6.18866e+06 6188656
2009286 6.18933e+06 6189328
2009287 6.19e+06 6190000
2009288 6.19066e+06 6190656
2009289 6.19133e+06 6191328
2009290 6.192e+06 6192000
2009291 6.19266e+06 6192656
2009292 6.19333e+06 6193328
2009293 6.194e+06 6194000
2009294 6.19466e+06 6194656
2009295 6.19533e+06 6195328
2009296 6.196e+06 6196000
2009297 6.19666e+06 6196656
2009298 6.19733e+06 6197328
2009299 6.198e+06 6198000
2009300 6.19866e+06 6198656
2009301 6.19933e+06 6199328
2009302 6.2e+06 6200000
2009303 6.20066e+06 6200656
2009304 6.20133e+06 6201328
2009305 6.202e+06 6202000
2009306 6.20266e+06 6202656
2009307 6.20333e+06 6203328
2009308 6.204e+06 6204000
2009309 6.20466e+06 6204656
2009310 6.20533e+06 6205328
2009311 6.206e+06 6206000
2009312 6.20666e+06 6206656
2009313 6.20733e+06 6207328
2009314 6.208e+06 6208000
2009315 6.20866e+06 6208656
2009316 6.20933e+06 6209328
2009317 6.21e+06 6210000
2009318 6.21066e+06 6210656
2009319 6.21133e+06 6211328
2009320 6.212e+06 6212000
2009321 6.21266e+06 6212656
2009322 6.21333e+06 6213328
2009323 6.214e+06 6214000
2009324 6.21466e+06 6214656
2009325 6.21533e+06 6215328
2009326 6.216e+06 6216000
2009327 6.21666e+06 6216656
2009328 6.21733e+06 6217328
2009329 6.218e+06 6218000
2009330 6.21866e+06 6218656
2009331 6.21933e+06 6219328
2009332 6.22e+06 6220000
2009333 6.22066e+06 6220656
2009334 6.22133e+06 6221328
2009335 6.222e+06 6222000
2009336 6.22266e+06 6222656
2009337 6.22333e+06 6223328
2009338 6.224e+06 6224000
2009339 6.22466e+06 6224656
2009340 6.22533e+06 6225328
2009341 6.226e+06 6226000
2009342 6.22666e+06 6226656
2009343 6.22733e+06 6227328
2009344 6.228e+06 6228000
2009345 6.22866e+06 6228656
2009346 6.22933e+06 6229328
2009347 6.23e+06 6230000
2009348 6.23066e+06 6230656
2009349 6.23133e+06 6231328
2009350 6.232e+06 6232000
2009351 6.23266e+06 6232656
2009352 6.23333e+06 6233328
2009353 6.234e+06 6234000
2009354 6.23466e+06 6234656
2009355 6.23533e+06 6235328
2009356 6.236e+06 6236000
2009357 6.23666e+06 6236656
2009358 6.23733e+06 6237328
2009359 6.238e+06 6238000
2009360 6.23866e+06 6238656
2009361 6.23933e+06 6239328
2009362 6.24e+06 6240000
2009363 6.24066e+06 6240656
2009364 6.24133e+06 6241328
2009365 6.242e+06 6242000
2009366 6.24266e+06 6242656
2009367 6.24333e+06 6243328
2009368 6.244e+06 6244000
2009369 6.24466e+06 6244656
2009370 6.24533e+06 6245328
2009371 6.246e+06 6246000
2009372 6.24666e+06 6246656
2009373 6.24733e+06 6247328
2009374 6.248e+06 6248000
2009375 6.24866e+06 6248656
2009376 6.24933e+06 6249328
2009377 6.25e+06 6250000
2009378 6.25066e+06 6250656
2009379 6.25133e+06 6251328
2009380 6.252e+06 6252000
2009381 6.25266e+06 6252656
2009382 6.25333e+06 6253328
2009383 6.254e+06 6254000
2009384 6.25466e+06 6254656
2009385 6.25533e+06 6255328
2009386 6.256e+06 6256000
2009387 6.25666e+06 6256656
2009388 6.25733e+06 6257328
2009389 6.258e+06 6258000
2009390 6.25866e+06 6258656
2009391 6.25933e+06 6259328
2009392 6.26e+06 6260000
2009393 6.26066e+06 6260656
2009394 6.26133e+06 6261328
2009395 6.262e+06 6262000
2009396 6.26266e+06 6262656
2009397 6.26333e+06 6263328
2009398 6.264e+06 6264000
2009399 6.26466e+06 6264656
2009400 6.26533e+06 6265328
2009401 6.266e+06 6266000
2009402 6.26666e+06 6266656
2009403 6.26733e+06 6267328
2009404 6.268e+06 6268000
2009405 6.26866e+06 6268656
2009406 6.26933e+06 6269328
2009407 6.27e+06 6270000
2009408 6.27066e+06 6270656
2009409 6.27133e+06 6271328
2009410 6.272e+06 6272000
2009411 6.27266e+06 6272656
2009412 6.27333e+06 6273328
2009413 6.274e+06 6274000
2009414 6.27466e+06 6274656
2009415 6.27533e+06 6275328
2009416 6.276e+06 6276000
2009417 6.27666e+06 6276656
2009418 6.27733e+06 6277328
2009419 6.278e+06 6278000
2009420 6.27866e+06 6278656
2009421 6.27933e+06 6279328
2009422 6.28e+06 6280000
2009423 6.28066e+06 6280656
2009424 6.28133e+06 6281328
2009425 6.282e+06 6282000
2009426 6.28266e+06 6282656
2009427 6.28333e+06 6283328
2009428 6.284e+06 6284000
2009429 6.28466e+06 6284656
2009430 6.28533e+06 6285328
2009431 6.286e+06 6286000
2009432 6.28666e+06 6286656
2009433 6.28733e+06 6287328
2009434 6.288e+06 6288000
2009435 6.28866e+06 6288656
2009436 6.28933e+06 6289328
2009437 6.29e+06 6290000
2009438 6.29066e+06 6290656
2009439 6.29133e+06 6291328
2009440 6.292e+06 6292000
2009441 6.29266e+06 6292656
2009442 6.29333e+06 6293328
2009443 6.294e+06 6294000
2009444 6.29466e+06 6294656
2009445 6.29533e+06 6295328
2009446 6.296e+06 6296000
2009447 6.29666e+06 6296656
2009448 6.29733e+06 6297328
2009449 6.298e+06 6298000
2009450 6.29866e+06 6298656
2009451 6.29933e+06 6299328
2009452 6.3e+06 6300000
2009453 6.30066e+06 6300656
2009454 6.30133e+06 6301328
2009455 6.302e+06 6302000
2009456 6.30266e+06 6302656
2009457 6.30333e+06 6303328
2009458 6.304e+06 6304000
2009459 6.30466e+06 6304656
2009460 6.30533e+06 6305328
2009461 6.306e+06 6306000
2009462 6.30666e+06 6306656
2009463 6.30733e+06 6307328
2009464 6.308e+06 6308000
2009465 6.30866e+06 6308656
2009466 6.30933e+06 6309328
2009467 6.31e+06 6310000
2009468 6.31066e+06 6310656
2009469 6.31133e+06 6311328
2009470 6.312e+06 6312000
2009471 6.31266e+06 6312656
2009472 6.31333e+06 6313328
2009473 6.314e+06 6314000
2009474 6.31466e+06 6314656
2009475 6.31533e+06 6315328
2009476 6.316e+06 6316000
2009477 6.31666e+06 6316656
2009478 6.31733e+06 6317328
2009479 6.318e+06 6318000
2009480 6.31866e+06 6318656
2009481 6.31933e+06 6319328
2009482 6.32e+06 6320000
2009483 6.32066e+06 6320656
2009484 6.32133e+06 6321328
2009485 6.322e+06 6322000
2009486 6.32266e+06 6322656
2009487 6.32333e+06 6323328
2009488 6.324e+06 6324000
2009489 6.32466e+06 6324656
2009490 6.32533e+06 6325328
2009491 6.326e+06 6326000
2009492 6.32666e+06 6326656
2009493 6.32733e+06 6327328
2009494 6.328e+06 6328000
2009495 6.32866e+06 6328656
2009496 6.32933e+06 6329328
2009497 6.33e+06 6330000
2009498 6.33066e+06 6330656
2009499 6.33133e+06 6331328
2009500 6.332e+06 6332000
2009501 6.33266e+06 6332656
2009502 6.33333e+06 6333328
2009503 6.334e+06 6334000
2009504 6.33466e+06 6334656
2009505 6.33533e+06 6335328
2009506 6.336e+06 6336000
2009507 6.33666e+06 6336656
2009508 6.33733e+06 6337328
2009509 6.338e+06 6338000
2009510 6.33866e+06 6338656
2009511 6.33933e+06 6339328
2009512 6.34e+06 6340000
2009513 6.34066e+06 6340656
2009514 6.34133e+06 6341328
2009515 6.342e+06 6342000
2009516 6.34266e+06 6342656
2009517 6.34333e+06 6343328
2009518 6.344e+06 6344000
2009519 6.34466e+06 6344656
2009520 6.34533e+06 6345328
2009521 6.346e+06 6346000
2009522 6.34666e+06 6346656
2009523 6.34733e+06 6347328
2009524 6.348e+06 6348000
2009525 6.34866e+06 6348656
2009526 6.34933e+06 6349328
2009527 6.35e+06 6350000
2009528 6.35066e+06 6350656
2009529 6.35133e+06 6351328
2009530 6.352e+06 6352000
2009531 6.35266e+06 6352656
2009532 6.35333e+06 6353328
2009533 6.354e+06 6354000
2009534 6.35466e+06 6354656
2009535 6.35533e+06 6355328
2009536 6.356e+06 6356000
2009537 6.35666e+06 6356656
2009538 6.35733e+06 6357328
2009539 6.358e+06 6358000
2009540 6.35866e+06 6358656
2009541 6.35933e+06 6359328
2009542 6.36e+06 6360000
2009543 6.36066e+06 6360656
2009544 6.36133e+06 6361328
2009545 6.362e+06 6362000
2009546 6.36266e+06 6362656
2009547 6.36333e+06 6363328
2009548 6.364e+06 6364000
2009549 6.36466e+06 6364656
2009550 6.36533e+06 6365328
2009551 6.366e+06 6366000
2009552 6.36666e+06 6366656
2009553 6.36733e+06 6367328
2009554 6.368e+06 6368000
2009555 6.36866e+06 6368656
2009556 6.36933e+06 6369328
2009557 6.37e+06 6370000
2009558 6.37066e+06 6370656
2009559 6.37133e+06 6371328
2009560 6.372e+06 6372000
2009561 6.37266e+06 6372656
2009562 6.37333e+06 6373328
2009563 6.374e+06 6374000
2009564 6.37466e+06 6374656
2009565 6.37533e+06 6375328
2009566 6.376e+06 6376000
2009567 6.37666e+06 6376656
2009568 6.37733e+06 6377328
2009569 6.378e+06 6378000
2009570 6.37866e+06 6378656
2009571 6.37933e+06 6379328
2009572 6.38e+06 6380000
2009573 6.38066e+06 6380656
2009574 6.38133e+06 6381328
2009575 6.382e+06 6382000
2009576 6.38266e+06 6382656
2009577 6.38333e+06 6383328
2009578 6.384e+06 6384000
2009579 6.38466e+06 6384656
2009580 6.38533e+06 6385328
2009581 6.386e+06 6386000
2009582 6.38666e+06 6386656
2009583 6.38733e+06 6387328
2009584 6.388e+06 6388000
2009585 6.38866e+06 6388656
2009586 6.38933e+06 6389328
2009587 6.39e+06 6390000
2009588 6.39066e+06 6390656
2009589 6.39133e+06 6391328
2009590 6.392e+06 6392000
2009591 6.39266e+06 6392656
2009592 6.39333e+06 6393328
2009593 6.394e+06 6394000
2009594 6.39466e+06 6394656
2009595 6.39533e+06 6395328
2009596 6.396e+06 6396000
2009597 6.39666e+06 6396656
2009598 6.39733e+06 6397328
2009599 6.398e+06 6398000
2009600 6.39866e+06 6398656
2009601 6.39933e+06 6399328
2009602 6.4e+06 6400000
2009603 6.40066e+06 6400656
2009604 6.40133e+06 6401328
2009605 6.402e+06 6402000
2009606 6.40266e+06 6402656
2009607 6.40333e+06 6403328
2009608 6.404e+06 6404000
2009609 6.40466e+06 6404656
2009610 6.40533e+06 6405328
2009611 6.406e+06 6406000
2009612 6.40666e+06 6406656
2009613 6.40733e+06 6407328
2009614 6.408e+06 6408000
2009615 6.40866e+06 6408656
2009616 6.40933e+06 6409328
2009617 6.41e+06 6410000
2009618 6.41066e+06 6410656
2009619 6.41133e+06 6411328
2009620 6.412e+06 6412000
2009621 6.41266e+06 6412656
2009622 6.41333e+06 6413328
2009623 6.414e+06 6414000
2009624 6.41466e+06 6414656
2009625 6.41533e+06 6415328
2009626 6.416e+06 6416000
2009627 6.41666e+06 6416656
2009628 6.41733e+06 6417328
2009629 6.418e+06 6418000
2009630 6.41866e+06 6418656
2009631 6.41933e+06 6419328
2009632 6.42e+06 6420000
2009633 6.42066e+06 6420656
2009634 6.42133e+06 6421328
2009635 6.422e+06 6422000
2009636 6.42266e+06 6422656
2009637 6.42333e+06 6423328
2009638 6.424e+06 6424000
2009639 6.42466e+06 6424656
2009640 6.42533e+06 6425328
2009641 6.426e+06 6426000
2009642 6.42666e+06 6426656
2009643 6.42733e+06 6427328
2009644 6.428e+06 6428000
2009645 6.42866e+06 6428656
2009646 6.42933e+06 6429328
2009647 6.43e+06 6430000
2009648 6.43066e+06 6430656
2009649 6.43133e+06 6431328
2009650 6.432e+06 6432000
2009651 6.43266e+06 6432656
2009652 6.43333e+06 6433328
2009653 6.434e+06 6434000
2009654 6.43466e+06 6434656
2009655 6.43533e+06 6435328
2009656 6.436e+06 6436000
2009657 6.43666e+06 6436656
2009658 6.43733e+06 6437328
2009659 6.438e+06 6438000
2009660 6.43866e+06 6438656
2009661 6.43933e+06 6439328
2009662 6.44e+06 6440000
2009663 6.44066e+06 6440656
2009664 6.44133e+06 6441328
2009665 6.442e+06 6442000
2009666 6.44266e+06 6442656
2009667 6.44333e+06 6443328
2009668 6.444e+06 6444000
2009669 6.44466e+06 6444656
2009670 6.44533e+06 6445328
2009671 6.446e+06 6446000
2009672 6.44666e+06 6446656
2009673 6.44733e+06 6447328
2009674 6.448e+06 6448000
2009675 6.44866e+06 6448656
2009676 6.44933e+06 6449328
2009677 6.45e+06 6450000
2009678 6.45066e+06 6450656
2009679 6.45133e+06 6451328
2009680 6.452e+06 6452000
2009681 6.45266e+06 6452656
2009682 6.45333e+06 6453328
2009683 6.454e+06 6454000
2009684 6.45466e+06 6454656
2009685 6.45533e+06 6455328
2009686 6.456e+06 6456000
2009687 6.45666e+06 6456656
2009688 6.45733e+06 6457328
2009689 6.458e+06 6458000
2009690 6.45866e+06 6458656
2009691 6.45933e+06 6459328
2009692 6.46e+06 6460000
2009693 6.46066e+06 6460656
2009694 6.46133e+06 6461328
2009695 6.462e+06 6462000
2009696 6.46266e+06 6462656
2009697 6.46333e+06 6463328
2009698 6.464e+06 6464000
2009699 6.46466e+06 6464656
2009700 6.46533e+06 6465328
2009701 6.466e+06 6466000
2009702 6.46666e+06 6466656
2009703 6.46733e+06 6467328
2009704 6.468e+06 6468000
2009705 6.46866e+06 6468656
2009706 6.46933e+06 6469328
2009707 6.47e+06 6470000
2009708 6.47066e+06 6470656
2009709 6.47133e+06 6471328
2009710 6.472e+06 6472000
2009711 6.47266e+06 6472656
2009712 6.47333e+06 6473328
2009713 6.474e+06 6474000
2009714 6.47466e+06 6474656
2009715 6.47533e+06 6475328
2009716 6.476e+06 6476000
2009717 6.47666e+06 6476656
2009718 6.47733e+06 6477328
2009719 6.478e+06 6478000
2009720 6.47866e+06 6478656
2009721 6.47933e+06 6479328
2009722 6.48e+06 6480000
2009723 6.48066e+06 6480656
2009724 6.48133e+06 6481328
2009725 6.482e+06 6482000
2009726 6.48266e+06 6482656
2009727 6.48333e+06 6483328
2009728 6.484e+06 6484000
2009729 6.48466e+06 6484656
2009730 6.48533e+06 6485328
2009731 6.486e+06 6486000
2009732 6.48666e+06 6486656
2009733 6.48733e+06 6487328
2009734 6.488e+06 6488000
2009735 6.48866e+06 6488656
2009736 6.48933e+06 6489328
2009737 6.49e+06 6490000
2009738 6.49066e+06 6490656
2009739 6.49133e+06 6491328
2009740 6.492e+06 6492000
2009741 6.49266e+06 6492656
2009742 6.49333e+06 6493328
2009743 6.494e+06 6494000
2009744 6.49466e+06 6494656
2009745 6.49533e+06 6495328
2009746 6.496e+06 6496000
2009747 6.49666e+06 6496656
2009748 6.49733e+06 6497328
2009749 6.498e+06 6498000
2009750 6.49866e+06 6498656
2009751 6.49933e+06 6499328
2009752 6.5e+06 6500000
2009753 6.50066e+06 6500656
2009754 6.50133e+06 6501328
2009755 6.502e+06 6502000
2009756 6.50266e+06 6502656
2009757 6.50333e+06 6503328
2009758 6.504e+06 6504000
2009759 6.50466e+06 6504656
2009760 6.50533e+06 6505328
2009761 6.506e+06 6506000
2009762 6.50666e+06 6506656
2009763 6.50733e+06 6507328
2009764 6.508e+06 6508000
2009765 6.50866e+06 6508656
2009766 6.50933e+06 6509328
2009767 6.51e+06 6510000
2009768 6.51066e+06 6510656
2009769 6.51133e+06 6511328
2009770 6.512e+06 6512000
2009771 6.51266e+06 6512656
2009772 6.51333e+06 6513328
2009773 6.514e+06 6514000
2009774 6.51466e+06 6514656
2009775 6.51533e+06 6515328
2009776 6.516e+06 6516000
2009777 6.51666e+06 6516656
2009778 6.51733e+06 6517328
2009779 6.518e+06 6518000
2009780 6.51866e+06 6518656
2009781 6.51933e+06 6519328
2009782 6.52e+06 6520000
2009783 6.52066e+06 6520656
2009784 6.52133e+06 6521328
2009785 6.522e+06 6522000
2009786 6.52266e+06 6522656
2009787 6.52333e+06 6523328
2009788 6.524e+06 6524000
2009789 6.52466e+06 6524656
2009790 6.52533e+06 6525328
2009791 6.526e+06 6526000
2009792 6.52666e+06 6526656
2009793 6.52733e+06 6527328
2009794 6.528e+06 6528000
2009795 6.52866e+06 6528656
2009796 6.52933e+06 6529328
2009797 6.53e+06 6530000
2009798 6.53066e+06 6530656
2009799 6.53133e+06 6531328
2009800 6.532e+06 6532000
2009801 6.53266e+06 6532656
2009802 6.53333e+06 6533328
2009803 6.534e+06 6534000
2009804 6.53466e+06 6534656
2009805 6.53533e+06 6535328
2009806 6.536e+06 6536000
2009807 6.53666e+06 6536656
2009808 6.53733e+06 6537328
2009809 6.538e+06 6538000
2009810 6.53866e+06 6538656
2009811 6.53933e+06 6539328
2009812 6.54e+06 6540000
2009813 6.54066e+06 6540656
2009814 6.54133e+06 6541328
2009815 6.542e+06 6542000
2009816 6.54266e+06 6542656
2009817 6.54333e+06 6543328
2009818 6.544e+06 6544000
2009819 6.54466e+06 6544656
2009820 6.54533e+06 6545328
2009821 6.546e+06 6546000
2009822 6.54666e+06 6546656
2009823 6.54733e+06 6547328
2009824 6.548e+06 6548000
2009825 6.54866e+06 6548656
2009826 6.54933e+06 6549328
2009827 6.55e+06 6550000
2009828 6.55066e+06 6550656
2009829 6.55133e+06 6551328
2009830 6.552e+06 6552000
2009831 6.55266e+06 6552656
2009832 6.55333e+06 6553328
2009833 6.554e+06 6554000
2009834 6.55466e+06 6554656
2009835 6.55533e+06 6555328
2009836 6.556e+06 6556000
2009837 6.55666e+06 6556656
2009838 6.55733e+06 6557328
2009839 6.558e+06 6558000
2009840 6.55866e+06 6558656
2009841 6.55933e+06 6559328
2009842 6.56e+06 6560000
2009843 6.56066e+06 6560656
2009844 6.56133e+06 6561328
2009845 6.562e+06 6562000
2009846 6.56266e+06 6562656
2009847 6.56333e+06 6563328
2009848 6.564e+06 6564000
2009849 6.56466e+06 6564656
2009850 6.56533e+06 6565328
2009851 6.566e+06 6566000
2009852 6.56666e+06 6566656
2009853 6.56733e+06 6567328
2009854 6.568e+06 6568000
2009855 6.56866e+06 6568656
2009856 6.56933e+06 6569328
2009857 6.57e+06 6570000
2009858 6.57066e+06 6570656
2009859 6.57133e+06 6571328
2009860 6.572e+06 6572000
2009861 6.57266e+06 6572656
2009862 6.57333e+06 6573328
2009863 6.574e+06 6574000
2009864 6.57466e+06 6574656
2009865 6.57533e+06 6575328
2009866 6.576e+06 6576000
2009867 6.57666e+06 6576656
2009868 6.57733e+06 6577328
2009869 6.578e+06 6578000
2009870 6.57866e+06 6578656
2009871 6.57933e+06 6579328
2009872 6.58e+06 6580000
2009873 6.58066e+06 6580656
2009874 6.58133e+06 6581328
2009875 6.582e+06 6582000
2009876 6.58266e+06 6582656
2009877 6.58333e+06 6583328
2009878 6.584e+06 6584000
2009879 6.58466e+06 6584656
2009880 6.58533e+06 6585328
2009881 6.586e+06 6586000
2009882 6.58666e+06 6586656
2009883 6.58733e+06 6587328
2009884 6.588e+06 6588000
2009885 6.58866e+06 6588656
2009886 6.58933e+06 6589328
2009887 6.59e+06 6590000
2009888 6.59066e+06 6590656
2009889 6.59133e+06 6591328
2009890 6.592e+06 6592000
2009891 6.59266e+06 6592656
2009892 6.59333e+06 6593328
2009893 6.594e+06 6594000
2009894 6.59466e+06 6594656
2009895 6.59533e+06 6595328
2009896 6.596e+06 6596000
2009897 6.59666e+06 6596656
2009898 6.59733e+06 6597328
2009899 6.598e+06 6598000
2009900 6.59866e+06 6598656
2009901 6.59933e+06 6599328
2009902 6.6e+06 6600000
2009903 6.60066e+06 6600656
2009904 6.60133e+06 6601328
2009905 6.602e+06 6602000
2009906 6.60266e+06 6602656
2009907 6.60333e+06 6603328
2009908 6.604e+06 6604000
2009909 6.60466e+06 6604656
2009910 6.60533e+06 6605328
2009911 6.606e+06 6606000
2009912 6.60666e+06 6606656
2009913 6.60733e+06 6607328
2009914 6.608e+06 6608000
2009915 6.60866e+06 6608656
2009916 6.60933e+06 6609328
2009917 6.61e+06 6610000
2009918 6.61066e+06 6610656
2009919 6.61133e+06 6611328
2009920 6.612e+06 6612000
2009921 6.61266e+06 6612656
2009922 6.61333e+06 6613328
2009923 6.614e+06 6614000
2009924 6.61466e+06 6614656
2009925 6.61533e+06 6615328
2009926 6.616e+06 6616000
2009927 6.61666e+06 6616656
2009928 6.61733e+06 6617328
2009929 6.618e+06 6618000
2009930 6.61866e+06 6618656
2009931 6.61933e+06 6619328
2009932 6.62e+06 6620000
2009933 6.62066e+06 6620656
2009934 6.62133e+06 6621328
2009935 6.622e+06 6622000
2009936 6.62266e+06 6622656
2009937 6.62333e+06 6623328
2009938 6.624e+06 6624000
2009939 6.62466e+06 6624656
2009940 6.62533e+06 6625328
2009941 6.626e+06 6626000
2009942 6.62666e+06 6626656
2009943 6.62733e+06 6627328
2009944 6.628e+06 6628000
2009945 6.62866e+06 6628656
2009946 6.62933e+06 6629328
2009947 6.63e+06 6630000
2009948 6.63066e+06 6630656
2009949 6.63133e+06 6631328
2009950 6.632e+06 6632000
2009951 6.63266e+06 6632656
2009952 6.63333e+06 6633328
2009953 6.634e+06 6634000
2009954 6.63466e+06 6634656
2009955 6.63533e+06 6635328
2009956 6.636e+06 6636000
2009957 6.63666e+06 6636656
2009958 6.63733e+06 6637328
2009959 6.638e+06 6638000
2009960 6.63866e+06 6638656
2009961 6.63933e+06 6639328
2009962 6.64e+06 6640000
2009963 6.64066e+06 6640656
2009964 6.64133e+06 6641328
2009965 6.642e+06 6642000
2009966 6.64266e+06 6642656
2009967 6.64333e+06 6643328
2009968 6.644e+06 6644000
2009969 6.64466e+06 6644656
2009970 6.64533e+06 6645328
2009971 6.646e+06 6646000
2009972 6.64666e+06 6646656
2009973 6.64733e+06 6647328
2009974 6.648e+06 6648000
2009975 6.64866e+06 6648656
2009976 6.64933e+06 6649328
2009977 6.65e+06 6650000
2009978 6.65066e+06 6650656
2009979 6.65133e+06 6651328
2009980 6.652e+06 6652000
2009981 6.65266e+06 6652656
2009982 6.65333e+06 6653328
2009983 6.654e+06 6654000
2009984 6.65466e+06 6654656
2009985 6.65533e+06 6655328
2009986 6.656e+06 6656000
2009987 6.65666e+06 6656656
2009988 6.65733e+06 6657328
2009989 6.658e+06 6658000
2009990 6.65866e+06 6658656
2009991 6.65933e+06 6659328
2009992 6.66e+06 6660000
2009993 6.66066e+06 6660656
2009994 6.66133e+06 6661328
2009995 6.662e+06 6662000
2009996 6.66266e+06 6662656
2009997 6.66333e+06 6663328
2009998 6.664e+06 6664000
2009999 6.66466e+06 6664656
2010000 6.66533e+06 6665328
