# 时间(微秒) 聚合吞吐量(包/微秒) 累计聚合包数
1000100 0 0
1000200 0 0
1000300 0 0
1000400 0 0
1000500 0 0
1000600 0 0
1000700 0 0
1000800 0 0
1000900 0 0
1001000 0 0
1001100 0 0
1001200 0 0
1001300 0 0
1001400 0 0
1001500 0 0
1001600 0 0
1001700 0 0
1001800 0 0
1001900 0 0
1002000 0 0
1002100 0 0
1002200 0 0
1002300 0 0
1002400 0 0
1002500 0 0
1002600 0 0
1002700 0 0
1002800 0 0
1002900 0 0
1003000 0 0
1003100 0 0
1003200 0 0
1003300 0 0
1003400 0 0
1003500 0 0
1003600 0 0
1003700 0 0
1003800 0 0
1003900 0 0
1004000 0 0
1004100 0 0
1004200 0 0
1004300 0 0
1004400 0 0
1004500 0 0
1004600 0 0
1004700 0 0
1004800 0 0
1004900 0 0
1005000 0 0
1005100 0 0
1005200 0 0
1005300 0 0
1005400 0 0
1005500 0 0
1005600 0 0
1005700 0 0
1005800 0 0
1005900 0 0
1006000 0 0
1006100 0 0
1006200 0 0
1006300 0 0
1006400 0 0
1006500 0 0
1006600 0 0
1006700 0 0
1006800 0 0
1006900 0 0
1007000 0 0
1007100 0 0
1007200 0 0
1007300 0 0
1007400 0 0
1007500 0 0
1007600 0 0
1007700 0 0
1007800 0 0
1007900 0 0
1008000 0 0
1008100 0 0
1008200 0 0
1008300 0 0
1008400 0 0
1008500 0 0
1008600 0 0
1008700 0 0
1008800 0 0
1008900 0 0
1009000 0 0
1009100 0 0
1009200 0 0
1009300 0 0
1009400 0 0
1009500 0 0
1009600 0 0
1009700 0 0
1009800 0 0
1009900 0 0
1010000 0 0
1010100 0 0
1010200 0 0
1010300 0 0
1010400 0 0
1010500 0 0
1010600 0 0
1010700 0 0
1010800 0 0
1010900 0 0
1011000 0 0
1011100 0 0
1011200 0 0
1011300 0 0
1011400 0 0
1011500 0 0
1011600 0 0
1011700 0 0
1011800 0 0
1011900 0 0
1012000 0 0
1012100 0 0
1012200 0 0
1012300 0 0
1012400 0 0
1012500 0 0
1012600 0 0
1012700 0 0
1012800 0 0
1012900 0 0
1013000 0 0
1013100 0 0
1013200 0 0
1013300 0 0
1013400 0 0
1013500 0 0
1013600 0 0
1013700 0 0
1013800 0 0
1013900 0 0
1014000 0 0
1014100 0 0
1014200 0 0
1014300 0 0
1014400 0 0
1014500 0 0
1014600 0 0
1014700 0 0
1014800 0 0
1014900 0 0
1015000 0 0
1015100 0 0
1015200 0 0
1015300 0 0
1015400 0 0
1015500 0 0
1015600 0 0
1015700 0 0
1015800 0 0
1015900 0 0
1016000 0 0
1016100 0 0
1016200 0 0
1016300 0 0
1016400 0 0
1016500 0 0
1016600 0 0
1016700 0 0
1016800 0 0
1016900 0 0
1017000 0 0
1017100 0 0
1017200 0 0
1017300 0 0
1017400 0 0
1017500 0 0
1017600 0 0
1017700 0 0
1017800 0 0
1017900 0 0
1018000 0 0
1018100 0 0
1018200 0 0
1018300 0 0
1018400 0 0
1018500 0 0
1018600 0 0
1018700 0 0
1018800 0 0
1018900 0 0
1019000 0 0
1019100 0 0
1019200 0 0
1019300 0 0
1019400 0 0
1019500 0 0
1019600 0 0
1019700 0 0
1019800 0 0
1019900 0 0
1020000 0 0
1020100 0 0
1020200 0 0
1020300 0 0
1020400 0 0
1020500 0 0
1020600 0 0
1020700 0 0
1020800 0 0
1020900 0 0
1021000 0 0
1021100 0 0
1021200 0 0
1021300 0 0
1021400 0 0
1021500 0 0
1021600 0 0
1021700 0 0
1021800 0 0
1021900 0 0
1022000 0 0
1022100 0 0
1022200 0 0
1022300 0 0
1022400 0 0
1022500 0 0
1022600 0 0
1022700 0 0
1022800 0 0
1022900 0 0
1023000 0 0
1023100 0 0
1023200 0 0
1023300 0 0
1023400 0 0
1023500 0 0
1023600 0 0
1023700 0 0
1023800 0 0
1023900 0 0
1024000 0 0
1024100 0 0
1024200 0 0
1024300 0 0
1024400 0 0
1024500 0 0
1024600 0 0
1024700 0 0
1024800 0 0
1024900 0 0
1025000 0 0
1025100 0 0
1025200 0 0
1025300 0 0
1025400 0 0
1025500 0 0
1025600 0 0
1025700 0 0
1025800 0 0
1025900 0 0
1026000 0 0
1026100 0 0
1026200 0 0
1026300 0 0
1026400 0 0
1026500 0 0
1026600 0 0
1026700 0 0
1026800 0 0
1026900 0 0
1027000 0 0
1027100 0 0
1027200 0 0
1027300 0 0
1027400 0 0
1027500 0 0
1027600 0 0
1027700 0 0
1027800 0 0
1027900 0 0
1028000 0 0
1028100 0 0
1028200 0 0
1028300 0 0
1028400 0 0
1028500 0 0
1028600 0 0
1028700 0 0
1028800 0 0
1028900 0 0
1029000 0 0
1029100 0 0
1029200 0 0
1029300 0 0
1029400 0 0
1029500 0 0
1029600 0 0
1029700 0 0
1029800 0 0
1029900 0 0
1030000 0 0
1030100 0 0
1030200 0 0
1030300 0 0
1030400 0 0
1030500 0 0
1030600 0 0
1030700 0 0
1030800 0 0
1030900 0 0
1031000 0 0
1031100 0 0
1031200 0 0
1031300 0 0
1031400 0 0
1031500 0 0
1031600 0 0
1031700 0 0
1031800 0 0
1031900 0 0
1032000 0 0
1032100 0 0
1032200 0 0
1032300 0 0
1032400 0 0
1032500 0 0
1032600 0 0
1032700 0 0
1032800 0 0
1032900 0 0
1033000 0 0
1033100 0 0
1033200 0 0
1033300 0 0
1033400 0 0
1033500 0 0
1033600 0 0
1033700 0 0
1033800 0 0
1033900 0 0
1034000 0 0
1034100 0 0
1034200 0 0
1034300 0 0
1034400 0 0
1034500 0 0
1034600 0 0
1034700 0 0
1034800 0 0
1034900 0 0
1035000 0 0
1035100 0 0
1035200 0 0
1035300 0 0
1035400 0 0
1035500 0 0
1035600 0 0
1035700 0 0
1035800 0 0
1035900 0 0
1036000 0 0
1036100 0 0
1036200 0 0
1036300 0 0
1036400 0 0
1036500 0 0
1036600 0 0
1036700 0 0
1036800 0 0
1036900 0 0
1037000 0 0
1037100 0 0
1037200 0 0
1037300 0 0
1037400 0 0
1037500 0 0
1037600 0 0
1037700 0 0
1037800 0 0
1037900 0 0
1038000 0 0
1038100 0 0
1038200 0 0
1038300 0 0
1038400 0 0
1038500 0 0
1038600 0 0
1038700 0 0
1038800 0 0
1038900 0 0
1039000 0 0
1039100 0 0
1039200 0 0
1039300 0 0
1039400 0 0
1039500 0 0
1039600 0 0
1039700 0 0
1039800 0 0
1039900 0 0
1040000 0 0
1040100 0 0
1040200 0 0
1040300 0 0
1040400 0 0
1040500 0 0
1040600 0 0
1040700 0 0
1040800 0 0
1040900 0 0
1041000 0 0
1041100 0 0
1041200 0 0
1041300 0 0
1041400 0 0
1041500 0 0
1041600 0 0
1041700 0 0
1041800 0 0
1041900 0 0
1042000 0 0
1042100 0 0
1042200 0 0
1042300 0 0
1042400 0 0
1042500 0 0
1042600 0 0
1042700 0 0
1042800 0 0
1042900 0 0
1043000 0 0
1043100 0 0
1043200 0 0
1043300 0 0
1043400 0 0
1043500 0 0
1043600 0 0
1043700 0 0
1043800 0 0
1043900 0 0
1044000 0 0
1044100 0 0
1044200 0 0
1044300 0 0
1044400 0 0
1044500 0 0
1044600 0 0
1044700 0 0
1044800 0 0
1044900 0 0
1045000 0 0
1045100 0 0
1045200 0 0
1045300 0 0
1045400 0 0
1045500 0 0
1045600 0 0
1045700 0 0
1045800 0 0
1045900 0 0
1046000 0 0
1046100 0 0
1046200 0 0
1046300 0 0
1046400 0 0
1046500 0 0
1046600 0 0
1046700 0 0
1046800 0 0
1046900 0 0
1047000 0 0
1047100 0 0
1047200 0 0
1047300 0 0
1047400 0 0
1047500 0 0
1047600 0 0
1047700 0 0
1047800 0 0
1047900 0 0
1048000 0 0
1048100 0 0
1048200 0 0
1048300 0 0
1048400 0 0
1048500 0 0
1048600 0 0
1048700 0 0
1048800 0 0
1048900 0 0
1049000 0 0
1049100 0 0
1049200 0 0
1049300 0 0
1049400 0 0
1049500 0 0
1049600 0 0
1049700 0 0
1049800 0 0
1049900 0 0
1050000 0 0
1050100 0 0
1050200 0 0
1050300 0 0
1050400 0 0
1050500 0 0
1050600 0 0
1050700 0 0
1050800 0 0
1050900 0 0
1051000 0 0
1051100 0 0
1051200 0 0
1051300 0 0
1051400 0 0
1051500 0 0
1051600 0 0
1051700 0 0
1051800 0 0
1051900 0 0
1052000 0 0
1052100 0 0
1052200 0 0
1052300 0 0
1052400 0 0
1052500 0 0
1052600 0 0
1052700 0 0
1052800 0 0
1052900 0 0
1053000 0 0
1053100 0 0
1053200 0 0
1053300 0 0
1053400 0 0
1053500 0 0
1053600 0 0
1053700 0 0
1053800 0 0
1053900 0 0
1054000 0 0
1054100 0 0
1054200 0 0
1054300 0 0
1054400 0 0
1054500 0 0
1054600 0 0
1054700 0 0
1054800 0 0
1054900 0 0
1055000 0 0
1055100 0 0
1055200 0 0
1055300 0 0
1055400 0 0
1055500 0 0
1055600 0 0
1055700 0 0
1055800 0 0
1055900 0 0
1056000 0 0
1056100 0 0
1056200 0 0
1056300 0 0
1056400 0 0
1056500 0 0
1056600 0 0
1056700 0 0
1056800 0 0
1056900 0 0
1057000 0 0
1057100 0 0
1057200 0 0
1057300 0 0
1057400 0 0
1057500 0 0
1057600 0 0
1057700 0 0
1057800 0 0
1057900 0 0
1058000 0 0
1058100 0 0
1058200 0 0
1058300 0 0
1058400 0 0
1058500 0 0
1058600 0 0
1058700 0 0
1058800 0 0
1058900 0 0
1059000 0 0
1059100 0 0
1059200 0 0
1059300 0 0
1059400 0 0
1059500 0 0
1059600 0 0
1059700 0 0
1059800 0 0
1059900 0 0
1060000 0 0
1060100 0 0
1060200 0 0
1060300 0 0
1060400 0 0
1060500 0 0
1060600 0 0
1060700 0 0
1060800 0 0
1060900 0 0
1061000 0 0
1061100 0 0
1061200 0 0
1061300 0 0
1061400 0 0
1061500 0 0
1061600 0 0
1061700 0 0
1061800 0 0
1061900 0 0
1062000 0 0
1062100 0 0
1062200 0 0
1062300 0 0
1062400 0 0
1062500 0 0
1062600 0 0
1062700 0 0
1062800 0 0
1062900 0 0
1063000 0 0
1063100 0 0
1063200 0 0
1063300 0 0
1063400 0 0
1063500 0 0
1063600 0 0
1063700 0 0
1063800 0 0
1063900 0 0
1064000 0 0
1064100 0 0
1064200 0 0
1064300 0 0
1064400 0 0
1064500 0 0
1064600 0 0
1064700 0 0
1064800 0 0
1064900 0 0
1065000 0 0
1065100 0 0
1065200 0 0
1065300 0 0
1065400 0 0
1065500 0 0
1065600 0 0
1065700 0 0
1065800 0 0
1065900 0 0
1066000 0 0
1066100 0 0
1066200 0 0
1066300 0 0
1066400 0 0
1066500 0 0
1066600 0 0
1066700 0 0
1066800 0 0
1066900 0 0
1067000 0 0
1067100 0 0
1067200 0 0
1067300 0 0
1067400 0 0
1067500 0 0
1067600 0 0
1067700 0 0
1067800 0 0
1067900 0 0
1068000 0 0
1068100 0 0
1068200 0 0
1068300 0 0
1068400 0 0
1068500 0 0
1068600 0 0
1068700 0 0
1068800 0 0
1068900 0 0
1069000 0 0
1069100 0 0
1069200 0 0
1069300 0 0
1069400 0 0
1069500 0 0
1069600 0 0
1069700 0 0
1069800 0 0
1069900 0 0
1070000 0 0
1070100 0 0
1070200 0 0
1070300 0 0
1070400 0 0
1070500 0 0
1070600 0 0
1070700 0 0
1070800 0 0
1070900 0 0
1071000 0 0
1071100 0 0
1071200 0 0
1071300 0 0
1071400 0 0
1071500 0 0
1071600 0 0
1071700 0 0
1071800 0 0
1071900 0 0
1072000 0 0
1072100 0 0
1072200 0 0
1072300 0 0
1072400 0 0
1072500 0 0
1072600 0 0
1072700 0 0
1072800 0 0
1072900 0 0
1073000 0 0
1073100 0 0
1073200 0 0
1073300 0 0
1073400 0 0
1073500 0 0
1073600 0 0
1073700 0 0
1073800 0 0
1073900 0 0
1074000 0 0
1074100 0 0
1074200 0 0
1074300 0 0
1074400 0 0
1074500 0 0
1074600 0 0
1074700 0 0
1074800 0 0
1074900 0 0
1075000 0 0
1075100 0 0
1075200 0 0
1075300 0 0
1075400 0 0
1075500 0 0
1075600 0 0
1075700 0 0
1075800 0 0
1075900 0 0
1076000 0 0
1076100 0 0
1076200 0 0
1076300 0 0
1076400 0 0
1076500 0 0
1076600 0 0
1076700 0 0
1076800 0 0
1076900 0 0
1077000 0 0
1077100 0 0
1077200 0 0
1077300 0 0
1077400 0 0
1077500 0 0
1077600 0 0
1077700 0 0
1077800 0 0
1077900 0 0
1078000 0 0
1078100 0 0
1078200 0 0
1078300 0 0
1078400 0 0
1078500 0 0
1078600 0 0
1078700 0 0
1078800 0 0
1078900 0 0
1079000 0 0
1079100 0 0
1079200 0 0
1079300 0 0
1079400 0 0
1079500 0 0
1079600 0 0
1079700 0 0
1079800 0 0
1079900 0 0
1080000 0 0
1080100 0 0
1080200 0 0
1080300 0 0
1080400 0 0
1080500 0 0
1080600 0 0
1080700 0 0
1080800 0 0
1080900 0 0
1081000 0 0
1081100 0 0
1081200 0 0
1081300 0 0
1081400 0 0
1081500 0 0
1081600 0 0
1081700 0 0
1081800 0 0
1081900 0 0
1082000 0 0
1082100 0 0
1082200 0 0
1082300 0 0
1082400 0 0
1082500 0 0
1082600 0 0
1082700 0 0
1082800 0 0
1082900 0 0
1083000 0 0
1083100 0 0
1083200 0 0
1083300 0 0
1083400 0 0
1083500 0 0
1083600 0 0
1083700 0 0
1083800 0 0
1083900 0 0
1084000 0 0
1084100 0 0
1084200 0 0
1084300 0 0
1084400 0 0
1084500 0 0
1084600 0 0
1084700 0 0
1084800 0 0
1084900 0 0
1085000 0 0
1085100 0 0
1085200 0 0
1085300 0 0
1085400 0 0
1085500 0 0
1085600 0 0
1085700 0 0
1085800 0 0
1085900 0 0
1086000 0 0
1086100 0 0
1086200 0 0
1086300 0 0
1086400 0 0
1086500 0 0
1086600 0 0
1086700 0 0
1086800 0 0
1086900 0 0
1087000 0 0
1087100 0 0
1087200 0 0
1087300 0 0
1087400 0 0
1087500 0 0
1087600 0 0
1087700 0 0
1087800 0 0
1087900 0 0
1088000 0 0
1088100 0 0
1088200 0 0
1088300 0 0
1088400 0 0
1088500 0 0
1088600 0 0
1088700 0 0
1088800 0 0
1088900 0 0
1089000 0 0
1089100 0 0
1089200 0 0
1089300 0 0
1089400 0 0
1089500 0 0
1089600 0 0
1089700 0 0
1089800 0 0
1089900 0 0
1090000 0 0
1090100 0 0
1090200 0 0
1090300 0 0
1090400 0 0
1090500 0 0
1090600 0 0
1090700 0 0
1090800 0 0
1090900 0 0
1091000 0 0
1091100 0 0
1091200 0 0
1091300 0 0
1091400 0 0
1091500 0 0
1091600 0 0
1091700 0 0
1091800 0 0
1091900 0 0
1092000 0 0
1092100 0 0
1092200 0 0
1092300 0 0
1092400 0 0
1092500 0 0
1092600 0 0
1092700 0 0
1092800 0 0
1092900 0 0
1093000 0 0
1093100 0 0
1093200 0 0
1093300 0 0
1093400 0 0
1093500 0 0
1093600 0 0
1093700 0 0
1093800 0 0
1093900 0 0
1094000 0 0
1094100 0 0
1094200 0 0
1094300 0 0
1094400 0 0
1094500 0 0
1094600 0 0
1094700 0 0
1094800 0 0
1094900 0 0
1095000 0 0
1095100 0 0
1095200 0 0
1095300 0 0
1095400 0 0
1095500 0 0
1095600 0 0
1095700 0 0
1095800 0 0
1095900 0 0
1096000 0 0
1096100 0 0
1096200 0 0
1096300 0 0
1096400 0 0
1096500 0 0
1096600 0 0
1096700 0 0
1096800 0 0
1096900 0 0
1097000 0 0
1097100 0 0
1097200 0 0
1097300 0 0
1097400 0 0
1097500 0 0
1097600 0 0
1097700 0 0
1097800 0 0
1097900 0 0
1098000 0 0
1098100 0 0
1098200 0 0
1098300 0 0
1098400 0 0
1098500 0 0
1098600 0 0
1098700 0 0
1098800 0 0
1098900 0 0
1099000 0 0
1099100 0 0
1099200 0 0
1099300 0 0
1099400 0 0
1099500 0 0
1099600 0 0
1099700 0 0
1099800 0 0
1099900 0 0
1100000 0 0
1100100 0 0
1100200 0 0
1100300 0 0
1100400 0 0
1100500 0 0
1100600 0 0
1100700 0 0
1100800 0 0
1100900 0 0
1101000 0 0
1101100 0 0
1101200 0 0
1101300 0 0
1101400 0 0
1101500 0 0
1101600 0 0
1101700 0 0
1101800 0 0
1101900 0 0
1102000 0 0
1102100 0 0
1102200 0 0
1102300 0 0
1102400 0 0
1102500 0 0
1102600 0 0
1102700 0 0
1102800 0 0
1102900 0 0
1103000 0 0
1103100 0 0
1103200 0 0
1103300 0 0
1103400 0 0
1103500 0 0
1103600 0 0
1103700 0 0
1103800 0 0
1103900 0 0
1104000 0 0
1104100 0 0
1104200 0 0
1104300 0 0
1104400 0 0
1104500 0 0
1104600 0 0
1104700 0 0
1104800 0 0
1104900 0 0
1105000 0 0
1105100 0 0
1105200 0 0
1105300 0 0
1105400 0 0
1105500 0 0
1105600 0 0
1105700 0 0
1105800 0 0
1105900 0 0
1106000 0 0
1106100 0 0
1106200 0 0
1106300 0 0
1106400 0 0
1106500 0 0
1106600 0 0
1106700 0 0
1106800 0 0
1106900 0 0
1107000 0 0
1107100 0 0
1107200 0 0
1107300 0 0
1107400 0 0
1107500 0 0
1107600 0 0
1107700 0 0
1107800 0 0
1107900 0 0
1108000 0 0
1108100 0 0
1108200 0 0
1108300 0 0
1108400 0 0
1108500 0 0
1108600 0 0
1108700 0 0
1108800 0 0
1108900 0 0
1109000 0 0
1109100 0 0
1109200 0 0
1109300 0 0
1109400 0 0
1109500 0 0
1109600 0 0
1109700 0 0
1109800 0 0
1109900 0 0
1110000 0 0
1110100 0 0
1110200 0 0
1110300 0 0
1110400 0 0
1110500 0 0
1110600 0 0
1110700 0 0
1110800 0 0
1110900 0 0
1111000 0 0
1111100 0 0
1111200 0 0
1111300 0 0
1111400 0 0
1111500 0 0
1111600 0 0
1111700 0 0
1111800 0 0
1111900 0 0
1112000 0 0
1112100 0 0
1112200 0 0
1112300 0 0
1112400 0 0
1112500 0 0
1112600 0 0
1112700 0 0
1112800 0 0
1112900 0 0
1113000 0 0
1113100 0 0
1113200 0 0
1113300 0 0
1113400 0 0
1113500 0 0
1113600 0 0
1113700 0 0
1113800 0 0
1113900 0 0
1114000 0 0
1114100 0 0
1114200 0 0
1114300 0 0
1114400 0 0
1114500 0 0
1114600 0 0
1114700 0 0
1114800 0 0
1114900 0 0
1115000 0 0
1115100 0 0
1115200 0 0
1115300 0 0
1115400 0 0
1115500 0 0
1115600 0 0
1115700 0 0
1115800 0 0
1115900 0 0
1116000 0 0
1116100 0 0
1116200 0 0
1116300 0 0
1116400 0 0
1116500 0 0
1116600 0 0
1116700 0 0
1116800 0 0
1116900 0 0
1117000 0 0
1117100 0 0
1117200 0 0
1117300 0 0
1117400 0 0
1117500 0 0
1117600 0 0
1117700 0 0
1117800 0 0
1117900 0 0
1118000 0 0
1118100 0 0
1118200 0 0
1118300 0 0
1118400 0 0
1118500 0 0
1118600 0 0
1118700 0 0
1118800 0 0
1118900 0 0
1119000 0 0
1119100 0 0
1119200 0 0
1119300 0 0
1119400 0 0
1119500 0 0
1119600 0 0
1119700 0 0
1119800 0 0
1119900 0 0
1120000 0 0
1120100 0 0
1120200 0 0
1120300 0 0
1120400 0 0
1120500 0 0
1120600 0 0
1120700 0 0
1120800 0 0
1120900 0 0
1121000 0 0
1121100 0 0
1121200 0 0
1121300 0 0
1121400 0 0
1121500 0 0
1121600 0 0
1121700 0 0
1121800 0 0
1121900 0 0
1122000 0 0
1122100 0 0
1122200 0 0
1122300 0 0
1122400 0 0
1122500 0 0
1122600 0 0
1122700 0 0
1122800 0 0
1122900 0 0
1123000 0 0
1123100 0 0
1123200 0 0
1123300 0 0
1123400 0 0
1123500 0 0
1123600 0 0
1123700 0 0
1123800 0 0
1123900 0 0
1124000 0 0
1124100 0 0
1124200 0 0
1124300 0 0
1124400 0 0
1124500 0 0
1124600 0 0
1124700 0 0
1124800 0 0
1124900 0 0
1125000 0 0
1125100 0 0
1125200 0 0
1125300 0 0
1125400 0 0
1125500 0 0
1125600 0 0
1125700 0 0
1125800 0 0
1125900 0 0
1126000 0 0
1126100 0 0
1126200 0 0
1126300 0 0
1126400 0 0
1126500 0 0
1126600 0 0
1126700 0 0
1126800 0 0
1126900 0 0
1127000 0 0
1127100 0 0
1127200 0 0
1127300 0 0
1127400 0 0
1127500 0 0
1127600 0 0
1127700 0 0
1127800 0 0
1127900 0 0
1128000 0 0
1128100 0 0
1128200 0 0
1128300 0 0
1128400 0 0
1128500 0 0
1128600 0 0
1128700 0 0
1128800 0 0
1128900 0 0
1129000 0 0
1129100 0 0
1129200 0 0
1129300 0 0
1129400 0 0
1129500 0 0
1129600 0 0
1129700 0 0
1129800 0 0
1129900 0 0
1130000 0 0
1130100 0 0
1130200 0 0
1130300 0 0
1130400 0 0
1130500 0 0
1130600 0 0
1130700 0 0
1130800 0 0
1130900 0 0
1131000 0 0
1131100 0 0
1131200 0 0
1131300 0 0
1131400 0 0
1131500 0 0
1131600 0 0
1131700 0 0
1131800 0 0
1131900 0 0
1132000 0 0
1132100 0 0
1132200 0 0
1132300 0 0
1132400 0 0
1132500 0 0
1132600 0 0
1132700 0 0
1132800 0 0
1132900 0 0
1133000 0 0
1133100 0 0
1133200 0 0
1133300 0 0
1133400 0 0
1133500 0 0
1133600 0 0
1133700 0 0
1133800 0 0
1133900 0 0
1134000 0 0
1134100 0 0
1134200 0 0
1134300 0 0
1134400 0 0
1134500 0 0
1134600 0 0
1134700 0 0
1134800 0 0
1134900 0 0
1135000 0 0
1135100 0 0
1135200 0 0
1135300 0 0
1135400 0 0
1135500 0 0
1135600 0 0
1135700 0 0
1135800 0 0
1135900 0 0
1136000 0 0
1136100 0 0
1136200 0 0
1136300 0 0
1136400 0 0
1136500 0 0
1136600 0 0
1136700 0 0
1136800 0 0
1136900 0 0
1137000 0 0
1137100 0 0
1137200 0 0
1137300 0 0
1137400 0 0
1137500 0 0
1137600 0 0
1137700 0 0
1137800 0 0
1137900 0 0
1138000 0 0
1138100 0 0
1138200 0 0
1138300 0 0
1138400 0 0
1138500 0 0
1138600 0 0
1138700 0 0
1138800 0 0
1138900 0 0
1139000 0 0
1139100 0 0
1139200 0 0
1139300 0 0
1139400 0 0
1139500 0 0
1139600 0 0
1139700 0 0
1139800 0 0
1139900 0 0
1140000 0 0
1140100 0 0
1140200 0 0
1140300 0 0
1140400 0 0
1140500 0 0
1140600 0 0
1140700 0 0
1140800 0 0
1140900 0 0
1141000 0 0
1141100 0 0
1141200 0 0
1141300 0 0
1141400 0 0
1141500 0 0
1141600 0 0
1141700 0 0
1141800 0 0
1141900 0 0
1142000 0 0
1142100 0 0
1142200 0 0
1142300 0 0
1142400 0 0
1142500 0 0
1142600 0 0
1142700 0 0
1142800 0 0
1142900 0 0
1143000 0 0
1143100 0 0
1143200 0 0
1143300 0 0
1143400 0 0
1143500 0 0
1143600 0 0
1143700 0 0
1143800 0 0
1143900 0 0
1144000 0 0
1144100 0 0
1144200 0 0
1144300 0 0
1144400 0 0
1144500 0 0
1144600 0 0
1144700 0 0
1144800 0 0
1144900 0 0
1145000 0 0
1145100 0 0
1145200 0 0
1145300 0 0
1145400 0 0
1145500 0 0
1145600 0 0
1145700 0 0
1145800 0 0
1145900 0 0
1146000 0 0
1146100 0 0
1146200 0 0
1146300 0 0
1146400 0 0
1146500 0 0
1146600 0 0
1146700 0 0
1146800 0 0
1146900 0 0
1147000 0 0
1147100 0 0
1147200 0 0
1147300 0 0
1147400 0 0
1147500 0 0
1147600 0 0
1147700 0 0
1147800 0 0
1147900 0 0
1148000 0 0
1148100 0 0
1148200 0 0
1148300 0 0
1148400 0 0
1148500 0 0
1148600 0 0
1148700 0 0
1148800 0 0
1148900 0 0
1149000 0 0
1149100 0 0
1149200 0 0
1149300 0 0
1149400 0 0
1149500 0 0
1149600 0 0
1149700 0 0
1149800 0 0
1149900 0 0
1150000 0 0
1150100 0 0
1150200 0 0
1150300 0 0
1150400 0 0
1150500 0 0
1150600 0 0
1150700 0 0
1150800 0 0
1150900 0 0
1151000 0 0
1151100 0 0
1151200 0 0
1151300 0 0
1151400 0 0
1151500 0 0
1151600 0 0
1151700 0 0
1151800 0 0
1151900 0 0
1152000 0 0
1152100 0 0
1152200 0 0
1152300 0 0
1152400 0 0
1152500 0 0
1152600 0 0
1152700 0 0
1152800 0 0
1152900 0 0
1153000 0 0
1153100 0 0
1153200 0 0
1153300 0 0
1153400 0 0
1153500 0 0
1153600 0 0
1153700 0 0
1153800 0 0
1153900 0 0
1154000 0 0
1154100 0 0
1154200 0 0
1154300 0 0
1154400 0 0
1154500 0 0
1154600 0 0
1154700 0 0
1154800 0 0
1154900 0 0
1155000 0 0
1155100 0 0
1155200 0 0
1155300 0 0
1155400 0 0
1155500 0 0
1155600 0 0
1155700 0 0
1155800 0 0
1155900 0 0
1156000 0 0
1156100 0 0
1156200 0 0
1156300 0 0
1156400 0 0
1156500 0 0
1156600 0 0
1156700 0 0
1156800 0 0
1156900 0 0
1157000 0 0
1157100 0 0
1157200 0 0
1157300 0 0
1157400 0 0
1157500 0 0
1157600 0 0
1157700 0 0
1157800 0 0
1157900 0 0
1158000 0 0
1158100 0 0
1158200 0 0
1158300 0 0
1158400 0 0
1158500 0 0
1158600 0 0
1158700 0 0
1158800 0 0
1158900 0 0
1159000 0 0
1159100 0 0
1159200 0 0
1159300 0 0
1159400 0 0
1159500 0 0
1159600 0 0
1159700 0 0
1159800 0 0
1159900 0 0
1160000 0 0
1160100 0 0
1160200 0 0
1160300 0 0
1160400 0 0
1160500 0 0
1160600 0 0
1160700 0 0
1160800 0 0
1160900 0 0
1161000 0 0
1161100 0 0
1161200 0 0
1161300 0 0
1161400 0 0
1161500 0 0
1161600 0 0
1161700 0 0
1161800 0 0
1161900 0 0
1162000 0 0
1162100 0 0
1162200 0 0
1162300 0 0
1162400 0 0
1162500 0 0
1162600 0 0
1162700 0 0
1162800 0 0
1162900 0 0
1163000 0 0
1163100 0 0
1163200 0 0
1163300 0 0
1163400 0 0
1163500 0 0
1163600 0 0
1163700 0 0
1163800 0 0
1163900 0 0
1164000 0 0
1164100 0 0
1164200 0 0
1164300 0 0
1164400 0 0
1164500 0 0
1164600 0 0
1164700 0 0
1164800 0 0
1164900 0 0
1165000 0 0
1165100 0 0
1165200 0 0
1165300 0 0
1165400 0 0
1165500 0 0
1165600 0 0
1165700 0 0
1165800 0 0
1165900 0 0
1166000 0 0
1166100 0 0
1166200 0 0
1166300 0 0
1166400 0 0
1166500 0 0
1166600 0 0
1166700 0 0
1166800 0 0
1166900 0 0
1167000 0 0
1167100 0 0
1167200 0 0
1167300 0 0
1167400 0 0
1167500 0 0
1167600 0 0
1167700 0 0
1167800 0 0
1167900 0 0
1168000 0 0
1168100 0 0
1168200 0 0
1168300 0 0
1168400 0 0
1168500 0 0
1168600 0 0
1168700 0 0
1168800 0 0
1168900 0 0
1169000 0 0
1169100 0 0
1169200 0 0
1169300 0 0
1169400 0 0
1169500 0 0
1169600 0 0
1169700 0 0
1169800 0 0
1169900 0 0
1170000 0 0
1170100 0 0
1170200 0 0
1170300 0 0
1170400 0 0
1170500 0 0
1170600 0 0
1170700 0 0
1170800 0 0
1170900 0 0
1171000 0 0
1171100 0 0
1171200 0 0
1171300 0 0
1171400 0 0
1171500 0 0
1171600 0 0
1171700 0 0
1171800 0 0
1171900 0 0
1172000 0 0
1172100 0 0
1172200 0 0
1172300 0 0
1172400 0 0
1172500 0 0
1172600 0 0
1172700 0 0
1172800 0 0
1172900 0 0
1173000 0 0
1173100 0 0
1173200 0 0
1173300 0 0
1173400 0 0
1173500 0 0
1173600 0 0
1173700 0 0
1173800 0 0
1173900 0 0
1174000 0 0
1174100 0 0
1174200 0 0
1174300 0 0
1174400 0 0
1174500 0 0
1174600 0 0
1174700 0 0
1174800 0 0
1174900 0 0
1175000 0 0
1175100 0 0
1175200 0 0
1175300 0 0
1175400 0 0
1175500 0 0
1175600 0 0
1175700 0 0
1175800 0 0
1175900 0 0
1176000 0 0
1176100 0 0
1176200 0 0
1176300 0 0
1176400 0 0
1176500 0 0
1176600 0 0
1176700 0 0
1176800 0 0
1176900 0 0
1177000 0 0
1177100 0 0
1177200 0 0
1177300 0 0
1177400 0 0
1177500 0 0
1177600 0 0
1177700 0 0
1177800 0 0
1177900 0 0
1178000 0 0
1178100 0 0
1178200 0 0
1178300 0 0
1178400 0 0
1178500 0 0
1178600 0 0
1178700 0 0
1178800 0 0
1178900 0 0
1179000 0 0
1179100 0 0
1179200 0 0
1179300 0 0
1179400 0 0
1179500 0 0
1179600 0 0
1179700 0 0
1179800 0 0
1179900 0 0
1180000 0 0
1180100 0 0
1180200 0 0
1180300 0 0
1180400 0 0
1180500 0 0
1180600 0 0
1180700 0 0
1180800 0 0
1180900 0 0
1181000 0 0
1181100 0 0
1181200 0 0
1181300 0 0
1181400 0 0
1181500 0 0
1181600 0 0
1181700 0 0
1181800 0 0
1181900 0 0
1182000 0 0
1182100 0 0
1182200 0 0
1182300 0 0
1182400 0 0
1182500 0 0
1182600 0 0
1182700 0 0
1182800 0 0
1182900 0 0
1183000 0 0
1183100 0 0
1183200 0 0
1183300 0 0
1183400 0 0
1183500 0 0
1183600 0 0
1183700 0 0
1183800 0 0
1183900 0 0
1184000 0 0
1184100 0 0
1184200 0 0
1184300 0 0
1184400 0 0
1184500 0 0
1184600 0 0
1184700 0 0
1184800 0 0
1184900 0 0
1185000 0 0
1185100 0 0
1185200 0 0
1185300 0 0
1185400 0 0
1185500 0 0
1185600 0 0
1185700 0 0
1185800 0 0
1185900 0 0
1186000 0 0
1186100 0 0
1186200 0 0
1186300 0 0
1186400 0 0
1186500 0 0
1186600 0 0
1186700 0 0
1186800 0 0
1186900 0 0
1187000 0 0
1187100 0 0
1187200 0 0
1187300 0 0
1187400 0 0
1187500 0 0
1187600 0 0
1187700 0 0
1187800 0 0
1187900 0 0
1188000 0 0
1188100 0 0
1188200 0 0
1188300 0 0
1188400 0 0
1188500 0 0
1188600 0 0
1188700 0 0
1188800 0 0
1188900 0 0
1189000 0 0
1189100 0 0
1189200 0 0
1189300 0 0
1189400 0 0
1189500 0 0
1189600 0 0
1189700 0 0
1189800 0 0
1189900 0 0
1190000 0 0
1190100 0 0
1190200 0 0
1190300 0 0
1190400 0 0
1190500 0 0
1190600 0 0
1190700 0 0
1190800 0 0
1190900 0 0
1191000 0 0
1191100 0 0
1191200 0 0
1191300 0 0
1191400 0 0
1191500 0 0
1191600 0 0
1191700 0 0
1191800 0 0
1191900 0 0
1192000 0 0
1192100 0 0
1192200 0 0
1192300 0 0
1192400 0 0
1192500 0 0
1192600 0 0
1192700 0 0
1192800 0 0
1192900 0 0
1193000 0 0
1193100 0 0
1193200 0 0
1193300 0 0
1193400 0 0
1193500 0 0
1193600 0 0
1193700 0 0
1193800 0 0
1193900 0 0
1194000 0 0
1194100 0 0
1194200 0 0
1194300 0 0
1194400 0 0
1194500 0 0
1194600 0 0
1194700 0 0
1194800 0 0
1194900 0 0
1195000 0 0
1195100 0 0
1195200 0 0
1195300 0 0
1195400 0 0
1195500 0 0
1195600 0 0
1195700 0 0
1195800 0 0
1195900 0 0
1196000 0 0
1196100 0 0
1196200 0 0
1196300 0 0
1196400 0 0
1196500 0 0
1196600 0 0
1196700 0 0
1196800 0 0
1196900 0 0
1197000 0 0
1197100 0 0
1197200 0 0
1197300 0 0
1197400 0 0
1197500 0 0
1197600 0 0
1197700 0 0
1197800 0 0
1197900 0 0
1198000 0 0
1198100 0 0
1198200 0 0
1198300 0 0
1198400 0 0
1198500 0 0
1198600 0 0
1198700 0 0
1198800 0 0
1198900 0 0
1199000 0 0
1199100 0 0
1199200 0 0
1199300 0 0
1199400 0 0
1199500 0 0
1199600 0 0
1199700 0 0
1199800 0 0
1199900 0 0
1200000 0 0
1200100 0 0
1200200 0 0
1200300 0 0
1200400 0 0
1200500 0 0
1200600 0 0
1200700 0 0
1200800 0 0
1200900 0 0
1201000 0 0
1201100 0 0
1201200 0 0
1201300 0 0
1201400 0 0
1201500 0 0
1201600 0 0
1201700 0 0
1201800 0 0
1201900 0 0
1202000 0 0
1202100 0 0
1202200 0 0
1202300 0 0
1202400 0 0
1202500 0 0
1202600 0 0
1202700 0 0
1202800 0 0
1202900 0 0
1203000 0 0
1203100 0 0
1203200 0 0
1203300 0 0
1203400 0 0
1203500 0 0
1203600 0 0
1203700 0 0
1203800 0 0
1203900 0 0
1204000 0 0
1204100 0 0
1204200 0 0
1204300 0 0
1204400 0 0
1204500 0 0
1204600 0 0
1204700 0 0
1204800 0 0
1204900 0 0
1205000 0 0
1205100 0 0
1205200 0 0
1205300 0 0
1205400 0 0
1205500 0 0
1205600 0 0
1205700 0 0
1205800 0 0
1205900 0 0
1206000 0 0
1206100 0 0
1206200 0 0
1206300 0 0
1206400 0 0
1206500 0 0
1206600 0 0
1206700 0 0
1206800 0 0
1206900 0 0
1207000 0 0
1207100 0 0
1207200 0 0
1207300 0 0
1207400 0 0
1207500 0 0
1207600 0 0
1207700 0 0
1207800 0 0
1207900 0 0
1208000 0 0
1208100 0 0
1208200 0 0
1208300 0 0
1208400 0 0
1208500 0 0
1208600 0 0
1208700 0 0
1208800 0 0
1208900 0 0
1209000 0 0
1209100 0 0
1209200 0 0
1209300 0 0
1209400 0 0
1209500 0 0
1209600 0 0
1209700 0 0
1209800 0 0
1209900 0 0
1210000 0 0
1210100 0 0
1210200 0 0
1210300 0 0
1210400 0 0
1210500 0 0
1210600 0 0
1210700 0 0
1210800 0 0
1210900 0 0
1211000 0 0
1211100 0 0
1211200 0 0
1211300 0 0
1211400 0 0
1211500 0 0
1211600 0 0
1211700 0 0
1211800 0 0
1211900 0 0
1212000 0 0
1212100 0 0
1212200 0 0
1212300 0 0
1212400 0 0
1212500 0 0
1212600 0 0
1212700 0 0
1212800 0 0
1212900 0 0
1213000 0 0
1213100 0 0
1213200 0 0
1213300 0 0
1213400 0 0
1213500 0 0
1213600 0 0
1213700 0 0
1213800 0 0
1213900 0 0
1214000 0 0
1214100 0 0
1214200 0 0
1214300 0 0
1214400 0 0
1214500 0 0
1214600 0 0
1214700 0 0
1214800 0 0
1214900 0 0
1215000 0 0
1215100 0 0
1215200 0 0
1215300 0 0
1215400 0 0
1215500 0 0
1215600 0 0
1215700 0 0
1215800 0 0
1215900 0 0
1216000 0 0
1216100 0 0
1216200 0 0
1216300 0 0
1216400 0 0
1216500 0 0
1216600 0 0
1216700 0 0
1216800 0 0
1216900 0 0
1217000 0 0
1217100 0 0
1217200 0 0
1217300 0 0
1217400 0 0
1217500 0 0
1217600 0 0
1217700 0 0
1217800 0 0
1217900 0 0
1218000 0 0
1218100 0 0
1218200 0 0
1218300 0 0
1218400 0 0
1218500 0 0
1218600 0 0
1218700 0 0
1218800 0 0
1218900 0 0
1219000 0 0
1219100 0 0
1219200 0 0
1219300 0 0
1219400 0 0
1219500 0 0
1219600 0 0
1219700 0 0
1219800 0 0
1219900 0 0
1220000 0 0
1220100 0 0
1220200 0 0
1220300 0 0
1220400 0 0
1220500 0 0
1220600 0 0
1220700 0 0
1220800 0 0
1220900 0 0
1221000 0 0
1221100 0 0
1221200 0 0
1221300 0 0
1221400 0 0
1221500 0 0
1221600 0 0
1221700 0 0
1221800 0 0
1221900 0 0
1222000 0 0
1222100 0 0
1222200 0 0
1222300 0 0
1222400 0 0
1222500 0 0
1222600 0 0
1222700 0 0
1222800 0 0
1222900 0 0
1223000 0 0
1223100 0 0
1223200 0 0
1223300 0 0
1223400 0 0
1223500 0 0
1223600 0 0
1223700 0 0
1223800 0 0
1223900 0 0
1224000 0 0
1224100 0 0
1224200 0 0
1224300 0 0
1224400 0 0
1224500 0 0
1224600 0 0
1224700 0 0
1224800 0 0
1224900 0 0
1225000 0 0
1225100 0 0
1225200 0 0
1225300 0 0
1225400 0 0
1225500 0 0
1225600 0 0
1225700 0 0
1225800 0 0
1225900 0 0
1226000 0 0
1226100 0 0
1226200 0 0
1226300 0 0
1226400 0 0
1226500 0 0
1226600 0 0
1226700 0 0
1226800 0 0
1226900 0 0
1227000 0 0
1227100 0 0
1227200 0 0
1227300 0 0
1227400 0 0
1227500 0 0
1227600 0 0
1227700 0 0
1227800 0 0
1227900 0 0
1228000 0 0
1228100 0 0
1228200 0 0
1228300 0 0
1228400 0 0
1228500 0 0
1228600 0 0
1228700 0 0
1228800 0 0
1228900 0 0
1229000 0 0
1229100 0 0
1229200 0 0
1229300 0 0
1229400 0 0
1229500 0 0
1229600 0 0
1229700 0 0
1229800 0 0
1229900 0 0
1230000 0 0
1230100 0 0
1230200 0 0
1230300 0 0
1230400 0 0
1230500 0 0
1230600 0 0
1230700 0 0
1230800 0 0
1230900 0 0
1231000 0 0
1231100 0 0
1231200 0 0
1231300 0 0
1231400 0 0
1231500 0 0
1231600 0 0
1231700 0 0
1231800 0 0
1231900 0 0
1232000 0 0
1232100 0 0
1232200 0 0
1232300 0 0
1232400 0 0
1232500 0 0
1232600 0 0
1232700 0 0
1232800 0 0
1232900 0 0
1233000 0 0
1233100 0 0
1233200 0 0
1233300 0 0
1233400 0 0
1233500 0 0
1233600 0 0
1233700 0 0
1233800 0 0
1233900 0 0
1234000 0 0
1234100 0 0
1234200 0 0
1234300 0 0
1234400 0 0
1234500 0 0
1234600 0 0
1234700 0 0
1234800 0 0
1234900 0 0
1235000 0 0
1235100 0 0
1235200 0 0
1235300 0 0
1235400 0 0
1235500 0 0
1235600 0 0
1235700 0 0
1235800 0 0
1235900 0 0
1236000 0 0
1236100 0 0
1236200 0 0
1236300 0 0
1236400 0 0
1236500 0 0
1236600 0 0
1236700 0 0
1236800 0 0
1236900 0 0
1237000 0 0
1237100 0 0
1237200 0 0
1237300 0 0
1237400 0 0
1237500 0 0
1237600 0 0
1237700 0 0
1237800 0 0
1237900 0 0
1238000 0 0
1238100 0 0
1238200 0 0
1238300 0 0
1238400 0 0
1238500 0 0
1238600 0 0
1238700 0 0
1238800 0 0
1238900 0 0
1239000 0 0
1239100 0 0
1239200 0 0
1239300 0 0
1239400 0 0
1239500 0 0
1239600 0 0
1239700 0 0
1239800 0 0
1239900 0 0
1240000 0 0
1240100 0 0
1240200 0 0
1240300 0 0
1240400 0 0
1240500 0 0
1240600 0 0
1240700 0 0
1240800 0 0
1240900 0 0
1241000 0 0
1241100 0 0
1241200 0 0
1241300 0 0
1241400 0 0
1241500 0 0
1241600 0 0
1241700 0 0
1241800 0 0
1241900 0 0
1242000 0 0
1242100 0 0
1242200 0 0
1242300 0 0
1242400 0 0
1242500 0 0
1242600 0 0
1242700 0 0
1242800 0 0
1242900 0 0
1243000 0 0
1243100 0 0
1243200 0 0
1243300 0 0
1243400 0 0
1243500 0 0
1243600 0 0
1243700 0 0
1243800 0 0
1243900 0 0
1244000 0 0
1244100 0 0
1244200 0 0
1244300 0 0
1244400 0 0
1244500 0 0
1244600 0 0
1244700 0 0
1244800 0 0
1244900 0 0
1245000 0 0
1245100 0 0
1245200 0 0
1245300 0 0
1245400 0 0
1245500 0 0
1245600 0 0
1245700 0 0
1245800 0 0
1245900 0 0
1246000 0 0
1246100 0 0
1246200 0 0
1246300 0 0
1246400 0 0
1246500 0 0
1246600 0 0
1246700 0 0
1246800 0 0
1246900 0 0
1247000 0 0
1247100 0 0
1247200 0 0
1247300 0 0
1247400 0 0
1247500 0 0
1247600 0 0
1247700 0 0
1247800 0 0
1247900 0 0
1248000 0 0
1248100 0 0
1248200 0 0
1248300 0 0
1248400 0 0
1248500 0 0
1248600 0 0
1248700 0 0
1248800 0 0
1248900 0 0
1249000 0 0
1249100 0 0
1249200 0 0
1249300 0 0
1249400 0 0
1249500 0 0
1249600 0 0
1249700 0 0
1249800 0 0
1249900 0 0
1250000 0 0
1250100 0 0
1250200 0 0
1250300 0 0
1250400 0 0
1250500 0 0
1250600 0 0
1250700 0 0
1250800 0 0
1250900 0 0
1251000 0 0
1251100 0 0
1251200 0 0
1251300 0 0
1251400 0 0
1251500 0 0
1251600 0 0
1251700 0 0
1251800 0 0
1251900 0 0
1252000 0 0
1252100 0 0
1252200 0 0
1252300 0 0
1252400 0 0
1252500 0 0
1252600 0 0
1252700 0 0
1252800 0 0
1252900 0 0
1253000 0 0
1253100 0 0
1253200 0 0
1253300 0 0
1253400 0 0
1253500 0 0
1253600 0 0
1253700 0 0
1253800 0 0
1253900 0 0
1254000 0 0
1254100 0 0
1254200 0 0
1254300 0 0
1254400 0 0
1254500 0 0
1254600 0 0
1254700 0 0
1254800 0 0
1254900 0 0
1255000 0 0
1255100 0 0
1255200 0 0
1255300 0 0
1255400 0 0
1255500 0 0
1255600 0 0
1255700 0 0
1255800 0 0
1255900 0 0
1256000 0 0
1256100 0 0
1256200 0 0
1256300 0 0
1256400 0 0
1256500 0 0
1256600 0 0
1256700 0 0
1256800 0 0
1256900 0 0
1257000 0 0
1257100 0 0
1257200 0 0
1257300 0 0
1257400 0 0
1257500 0 0
1257600 0 0
1257700 0 0
1257800 0 0
1257900 0 0
1258000 0 0
1258100 0 0
1258200 0 0
1258300 0 0
1258400 0 0
1258500 0 0
1258600 0 0
1258700 0 0
1258800 0 0
1258900 0 0
1259000 0 0
1259100 0 0
1259200 0 0
1259300 0 0
1259400 0 0
1259500 0 0
1259600 0 0
1259700 0 0
1259800 0 0
1259900 0 0
1260000 0 0
1260100 0 0
1260200 0 0
1260300 0 0
1260400 0 0
1260500 0 0
1260600 0 0
1260700 0 0
1260800 0 0
1260900 0 0
1261000 0 0
1261100 0 0
1261200 0 0
1261300 0 0
1261400 0 0
1261500 0 0
1261600 0 0
1261700 0 0
1261800 0 0
1261900 0 0
1262000 0 0
1262100 0 0
1262200 0 0
1262300 0 0
1262400 0 0
1262500 0 0
1262600 0 0
1262700 0 0
1262800 0 0
1262900 0 0
1263000 0 0
1263100 0 0
1263200 0 0
1263300 0 0
1263400 0 0
1263500 0 0
1263600 0 0
1263700 0 0
1263800 0 0
1263900 0 0
1264000 0 0
1264100 0 0
1264200 0 0
1264300 0 0
1264400 0 0
1264500 0 0
1264600 0 0
1264700 0 0
1264800 0 0
1264900 0 0
1265000 0 0
1265100 0 0
1265200 0 0
1265300 0 0
1265400 0 0
1265500 0 0
1265600 0 0
1265700 0 0
1265800 0 0
1265900 0 0
1266000 0 0
1266100 0 0
1266200 0 0
1266300 0 0
1266400 0 0
1266500 0 0
1266600 0 0
1266700 0 0
1266800 0 0
1266900 0 0
1267000 0 0
1267100 0 0
1267200 0 0
1267300 0 0
1267400 0 0
1267500 0 0
1267600 0 0
1267700 0 0
1267800 0 0
1267900 0 0
1268000 0 0
1268100 0 0
1268200 0 0
1268300 0 0
1268400 0 0
1268500 0 0
1268600 0 0
1268700 0 0
1268800 0 0
1268900 0 0
1269000 0 0
1269100 0 0
1269200 0 0
1269300 0 0
1269400 0 0
1269500 0 0
1269600 0 0
1269700 0 0
1269800 0 0
1269900 0 0
1270000 0 0
1270100 0 0
1270200 0 0
1270300 0 0
1270400 0 0
1270500 0 0
1270600 0 0
1270700 0 0
1270800 0 0
1270900 0 0
1271000 0 0
1271100 0 0
1271200 0 0
1271300 0 0
1271400 0 0
1271500 0 0
1271600 0 0
1271700 0 0
1271800 0 0
1271900 0 0
1272000 0 0
1272100 0 0
1272200 0 0
1272300 0 0
1272400 0 0
1272500 0 0
1272600 0 0
1272700 0 0
1272800 0 0
1272900 0 0
1273000 0 0
1273100 0 0
1273200 0 0
1273300 0 0
1273400 0 0
1273500 0 0
1273600 0 0
1273700 0 0
1273800 0 0
1273900 0 0
1274000 0 0
1274100 0 0
1274200 0 0
1274300 0 0
1274400 0 0
1274500 0 0
1274600 0 0
1274700 0 0
1274800 0 0
1274900 0 0
1275000 0 0
1275100 0 0
1275200 0 0
1275300 0 0
1275400 0 0
1275500 0 0
1275600 0 0
1275700 0 0
1275800 0 0
1275900 0 0
1276000 0 0
1276100 0 0
1276200 0 0
1276300 0 0
1276400 0 0
1276500 0 0
1276600 0 0
1276700 0 0
1276800 0 0
1276900 0 0
1277000 0 0
1277100 0 0
1277200 0 0
1277300 0 0
1277400 0 0
1277500 0 0
1277600 0 0
1277700 0 0
1277800 0 0
1277900 0 0
1278000 0 0
1278100 0 0
1278200 0 0
1278300 0 0
1278400 0 0
1278500 0 0
1278600 0 0
1278700 0 0
1278800 0 0
1278900 0 0
1279000 0 0
1279100 0 0
1279200 0 0
1279300 0 0
1279400 0 0
1279500 0 0
1279600 0 0
1279700 0 0
1279800 0 0
1279900 0 0
1280000 0 0
1280100 0 0
1280200 0 0
1280300 0 0
1280400 0 0
1280500 0 0
1280600 0 0
1280700 0 0
1280800 0 0
1280900 0 0
1281000 0 0
1281100 0 0
1281200 0 0
1281300 0 0
1281400 0 0
1281500 0 0
1281600 0 0
1281700 0 0
1281800 0 0
1281900 0 0
1282000 0 0
1282100 0 0
1282200 0 0
1282300 0 0
1282400 0 0
1282500 0 0
1282600 0 0
1282700 0 0
1282800 0 0
1282900 0 0
1283000 0 0
1283100 0 0
1283200 0 0
1283300 0 0
1283400 0 0
1283500 0 0
1283600 0 0
1283700 0 0
1283800 0 0
1283900 0 0
1284000 0 0
1284100 0 0
1284200 0 0
1284300 0 0
1284400 0 0
1284500 0 0
1284600 0 0
1284700 0 0
1284800 0 0
1284900 0 0
1285000 0 0
1285100 0 0
1285200 0 0
1285300 0 0
1285400 0 0
1285500 0 0
1285600 0 0
1285700 0 0
1285800 0 0
1285900 0 0
1286000 0 0
1286100 0 0
1286200 0 0
1286300 0 0
1286400 0 0
1286500 0 0
1286600 0 0
1286700 0 0
1286800 0 0
1286900 0 0
1287000 0 0
1287100 0 0
1287200 0 0
1287300 0 0
1287400 0 0
1287500 0 0
1287600 0 0
1287700 0 0
1287800 0 0
1287900 0 0
1288000 0 0
1288100 0 0
1288200 0 0
1288300 0 0
1288400 0 0
1288500 0 0
1288600 0 0
1288700 0 0
1288800 0 0
1288900 0 0
1289000 0 0
1289100 0 0
1289200 0 0
1289300 0 0
1289400 0 0
1289500 0 0
1289600 0 0
1289700 0 0
1289800 0 0
1289900 0 0
1290000 0 0
1290100 0 0
1290200 0 0
1290300 0 0
1290400 0 0
1290500 0 0
1290600 0 0
1290700 0 0
1290800 0 0
1290900 0 0
1291000 0 0
1291100 0 0
1291200 0 0
1291300 0 0
1291400 0 0
1291500 0 0
1291600 0 0
1291700 0 0
1291800 0 0
1291900 0 0
1292000 0 0
1292100 0 0
1292200 0 0
1292300 0 0
1292400 0 0
1292500 0 0
1292600 0 0
1292700 0 0
1292800 0 0
1292900 0 0
1293000 0 0
1293100 0 0
1293200 0 0
1293300 0 0
1293400 0 0
1293500 0 0
1293600 0 0
1293700 0 0
1293800 0 0
1293900 0 0
1294000 0 0
1294100 0 0
1294200 0 0
1294300 0 0
1294400 0 0
1294500 0 0
1294600 0 0
1294700 0 0
1294800 0 0
1294900 0 0
1295000 0 0
1295100 0 0
1295200 0 0
1295300 0 0
1295400 0 0
1295500 0 0
1295600 0 0
1295700 0 0
1295800 0 0
1295900 0 0
1296000 0 0
1296100 0 0
1296200 0 0
1296300 0 0
1296400 0 0
1296500 0 0
1296600 0 0
1296700 0 0
1296800 0 0
1296900 0 0
1297000 0 0
1297100 0 0
1297200 0 0
1297300 0 0
1297400 0 0
1297500 0 0
1297600 0 0
1297700 0 0
1297800 0 0
1297900 0 0
1298000 0 0
1298100 0 0
1298200 0 0
1298300 0 0
1298400 0 0
1298500 0 0
1298600 0 0
1298700 0 0
1298800 0 0
1298900 0 0
1299000 0 0
1299100 0 0
1299200 0 0
1299300 0 0
1299400 0 0
1299500 0 0
1299600 0 0
1299700 0 0
1299800 0 0
1299900 0 0
1300000 0 0
1300100 0 0
1300200 0 0
1300300 0 0
1300400 0 0
1300500 0 0
1300600 0 0
1300700 0 0
1300800 0 0
1300900 0 0
1301000 0 0
1301100 0 0
1301200 0 0
1301300 0 0
1301400 0 0
1301500 0 0
1301600 0 0
1301700 0 0
1301800 0 0
1301900 0 0
1302000 0 0
1302100 0 0
1302200 0 0
1302300 0 0
1302400 0 0
1302500 0 0
1302600 0 0
1302700 0 0
1302800 0 0
1302900 0 0
1303000 0 0
1303100 0 0
1303200 0 0
1303300 0 0
1303400 0 0
1303500 0 0
1303600 0 0
1303700 0 0
1303800 0 0
1303900 0 0
1304000 0 0
1304100 0 0
1304200 0 0
1304300 0 0
1304400 0 0
1304500 0 0
1304600 0 0
1304700 0 0
1304800 0 0
1304900 0 0
1305000 0 0
1305100 0 0
1305200 0 0
1305300 0 0
1305400 0 0
1305500 0 0
1305600 0 0
1305700 0 0
1305800 0 0
1305900 0 0
1306000 0 0
1306100 0 0
1306200 0 0
1306300 0 0
1306400 0 0
1306500 0 0
1306600 0 0
1306700 0 0
1306800 0 0
1306900 0 0
1307000 0 0
1307100 0 0
1307200 0 0
1307300 0 0
1307400 0 0
1307500 0 0
1307600 0 0
1307700 0 0
1307800 0 0
1307900 0 0
1308000 0 0
1308100 0 0
1308200 0 0
1308300 0 0
1308400 0 0
1308500 0 0
1308600 0 0
1308700 0 0
1308800 0 0
1308900 0 0
1309000 0 0
1309100 0 0
1309200 0 0
1309300 0 0
1309400 0 0
1309500 0 0
1309600 0 0
1309700 0 0
1309800 0 0
1309900 0 0
1310000 0 0
1310100 0 0
1310200 0 0
1310300 0 0
1310400 0 0
1310500 0 0
1310600 0 0
1310700 0 0
1310800 0 0
1310900 0 0
1311000 0 0
1311100 0 0
1311200 0 0
1311300 0 0
1311400 0 0
1311500 0 0
1311600 0 0
1311700 0 0
1311800 0 0
1311900 0 0
1312000 0 0
1312100 0 0
1312200 0 0
1312300 0 0
1312400 0 0
1312500 0 0
1312600 0 0
1312700 0 0
1312800 0 0
1312900 0 0
1313000 0 0
1313100 0 0
1313200 0 0
1313300 0 0
1313400 0 0
1313500 0 0
1313600 0 0
1313700 0 0
1313800 0 0
1313900 0 0
1314000 0 0
1314100 0 0
1314200 0 0
1314300 0 0
1314400 0 0
1314500 0 0
1314600 0 0
1314700 0 0
1314800 0 0
1314900 0 0
1315000 0 0
1315100 0 0
1315200 0 0
1315300 0 0
1315400 0 0
1315500 0 0
1315600 0 0
1315700 0 0
1315800 0 0
1315900 0 0
1316000 0 0
1316100 0 0
1316200 0 0
1316300 0 0
1316400 0 0
1316500 0 0
1316600 0 0
1316700 0 0
1316800 0 0
1316900 0 0
1317000 0 0
1317100 0 0
1317200 0 0
1317300 0 0
1317400 0 0
1317500 0 0
1317600 0 0
1317700 0 0
1317800 0 0
1317900 0 0
1318000 0 0
1318100 0 0
1318200 0 0
1318300 0 0
1318400 0 0
1318500 0 0
1318600 0 0
1318700 0 0
1318800 0 0
1318900 0 0
1319000 0 0
1319100 0 0
1319200 0 0
1319300 0 0
1319400 0 0
1319500 0 0
1319600 0 0
1319700 0 0
1319800 0 0
1319900 0 0
1320000 0 0
1320100 0 0
1320200 0 0
1320300 0 0
1320400 0 0
1320500 0 0
1320600 0 0
1320700 0 0
1320800 0 0
1320900 0 0
1321000 0 0
1321100 0 0
1321200 0 0
1321300 0 0
1321400 0 0
1321500 0 0
1321600 0 0
1321700 0 0
1321800 0 0
1321900 0 0
1322000 0 0
1322100 0 0
1322200 0 0
1322300 0 0
1322400 0 0
1322500 0 0
1322600 0 0
1322700 0 0
1322800 0 0
1322900 0 0
1323000 0 0
1323100 0 0
1323200 0 0
1323300 0 0
1323400 0 0
1323500 0 0
1323600 0 0
1323700 0 0
1323800 0 0
1323900 0 0
1324000 0 0
1324100 0 0
1324200 0 0
1324300 0 0
1324400 0 0
1324500 0 0
1324600 0 0
1324700 0 0
1324800 0 0
1324900 0 0
1325000 0 0
1325100 0 0
1325200 0 0
1325300 0 0
1325400 0 0
1325500 0 0
1325600 0 0
1325700 0 0
1325800 0 0
1325900 0 0
1326000 0 0
1326100 0 0
1326200 0 0
1326300 0 0
1326400 0 0
1326500 0 0
1326600 0 0
1326700 0 0
1326800 0 0
1326900 0 0
1327000 0 0
1327100 0 0
1327200 0 0
1327300 0 0
1327400 0 0
1327500 0 0
1327600 0 0
1327700 0 0
1327800 0 0
1327900 0 0
1328000 0 0
1328100 0 0
1328200 0 0
1328300 0 0
1328400 0 0
1328500 0 0
1328600 0 0
1328700 0 0
1328800 0 0
1328900 0 0
1329000 0 0
1329100 0 0
1329200 0 0
1329300 0 0
1329400 0 0
1329500 0 0
1329600 0 0
1329700 0 0
1329800 0 0
1329900 0 0
1330000 0 0
1330100 0 0
1330200 0 0
1330300 0 0
1330400 0 0
1330500 0 0
1330600 0 0
1330700 0 0
1330800 0 0
1330900 0 0
1331000 0 0
1331100 0 0
1331200 0 0
1331300 0 0
1331400 0 0
1331500 0 0
1331600 0 0
1331700 0 0
1331800 0 0
1331900 0 0
1332000 0 0
1332100 0 0
1332200 0 0
1332300 0 0
1332400 0 0
1332500 0 0
1332600 0 0
1332700 0 0
1332800 0 0
1332900 0 0
1333000 0 0
1333100 0 0
1333200 0 0
1333300 0 0
1333400 0 0
1333500 0 0
1333600 0 0
1333700 0 0
1333800 0 0
1333900 0 0
1334000 0 0
1334100 0 0
1334200 0 0
1334300 0 0
1334400 0 0
1334500 0 0
1334600 0 0
1334700 0 0
1334800 0 0
1334900 0 0
1335000 0 0
1335100 0 0
1335200 0 0
1335300 0 0
1335400 0 0
1335500 0 0
1335600 0 0
1335700 0 0
1335800 0 0
1335900 0 0
1336000 0 0
1336100 0 0
1336200 0 0
1336300 0 0
1336400 0 0
1336500 0 0
1336600 0 0
1336700 0 0
1336800 0 0
1336900 0 0
1337000 0 0
1337100 0 0
1337200 0 0
1337300 0 0
1337400 0 0
1337500 0 0
1337600 0 0
1337700 0 0
1337800 0 0
1337900 0 0
1338000 0 0
1338100 0 0
1338200 0 0
1338300 0 0
1338400 0 0
1338500 0 0
1338600 0 0
1338700 0 0
1338800 0 0
1338900 0 0
1339000 0 0
1339100 0 0
1339200 0 0
1339300 0 0
1339400 0 0
1339500 0 0
1339600 0 0
1339700 0 0
1339800 0 0
1339900 0 0
1340000 0 0
1340100 0 0
1340200 0 0
1340300 0 0
1340400 0 0
1340500 0 0
1340600 0 0
1340700 0 0
1340800 0 0
1340900 0 0
1341000 0 0
1341100 0 0
1341200 0 0
1341300 0 0
1341400 0 0
1341500 0 0
1341600 0 0
1341700 0 0
1341800 0 0
1341900 0 0
1342000 0 0
1342100 0 0
1342200 0 0
1342300 0 0
1342400 0 0
1342500 0 0
1342600 0 0
1342700 0 0
1342800 0 0
1342900 0 0
1343000 0 0
1343100 0 0
1343200 0 0
1343300 0 0
1343400 0 0
1343500 0 0
1343600 0 0
1343700 0 0
1343800 0 0
1343900 0 0
1344000 0 0
1344100 0 0
1344200 0 0
1344300 0 0
1344400 0 0
1344500 0 0
1344600 0 0
1344700 0 0
1344800 0 0
1344900 0 0
1345000 0 0
1345100 0 0
1345200 0 0
1345300 0 0
1345400 0 0
1345500 0 0
1345600 0 0
1345700 0 0
1345800 0 0
1345900 0 0
1346000 0 0
1346100 0 0
1346200 0 0
1346300 0 0
1346400 0 0
1346500 0 0
1346600 0 0
1346700 0 0
1346800 0 0
1346900 0 0
1347000 0 0
1347100 0 0
1347200 0 0
1347300 0 0
1347400 0 0
1347500 0 0
1347600 0 0
1347700 0 0
1347800 0 0
1347900 0 0
1348000 0 0
1348100 0 0
1348200 0 0
1348300 0 0
1348400 0 0
1348500 0 0
1348600 0 0
1348700 0 0
1348800 0 0
1348900 0 0
1349000 0 0
1349100 0 0
1349200 0 0
1349300 0 0
1349400 0 0
1349500 0 0
1349600 0 0
1349700 0 0
1349800 0 0
1349900 0 0
1350000 0 0
1350100 0 0
1350200 0 0
1350300 0 0
1350400 0 0
1350500 0 0
1350600 0 0
1350700 0 0
1350800 0 0
1350900 0 0
1351000 0 0
1351100 0 0
1351200 0 0
1351300 0 0
1351400 0 0
1351500 0 0
1351600 0 0
1351700 0 0
1351800 0 0
1351900 0 0
1352000 0 0
1352100 0 0
1352200 0 0
1352300 0 0
1352400 0 0
1352500 0 0
1352600 0 0
1352700 0 0
1352800 0 0
1352900 0 0
1353000 0 0
1353100 0 0
1353200 0 0
1353300 0 0
1353400 0 0
1353500 0 0
1353600 0 0
1353700 0 0
1353800 0 0
1353900 0 0
1354000 0 0
1354100 0 0
1354200 0 0
1354300 0 0
1354400 0 0
1354500 0 0
1354600 0 0
1354700 0 0
1354800 0 0
1354900 0 0
1355000 0 0
1355100 0 0
1355200 0 0
1355300 0 0
1355400 0 0
1355500 0 0
1355600 0 0
1355700 0 0
1355800 0 0
1355900 0 0
1356000 0 0
1356100 0 0
1356200 0 0
1356300 0 0
1356400 0 0
1356500 0 0
1356600 0 0
1356700 0 0
1356800 0 0
1356900 0 0
1357000 0 0
1357100 0 0
1357200 0 0
1357300 0 0
1357400 0 0
1357500 0 0
1357600 0 0
1357700 0 0
1357800 0 0
1357900 0 0
1358000 0 0
1358100 0 0
1358200 0 0
1358300 0 0
1358400 0 0
1358500 0 0
1358600 0 0
1358700 0 0
1358800 0 0
1358900 0 0
1359000 0 0
1359100 0 0
1359200 0 0
1359300 0 0
1359400 0 0
1359500 0 0
1359600 0 0
1359700 0 0
1359800 0 0
1359900 0 0
1360000 0 0
1360100 0 0
1360200 0 0
1360300 0 0
1360400 0 0
1360500 0 0
1360600 0 0
1360700 0 0
1360800 0 0
1360900 0 0
1361000 0 0
1361100 0 0
1361200 0 0
1361300 0 0
1361400 0 0
1361500 0 0
1361600 0 0
1361700 0 0
1361800 0 0
1361900 0 0
1362000 0 0
1362100 0 0
1362200 0 0
1362300 0 0
1362400 0 0
1362500 0 0
1362600 0 0
1362700 0 0
1362800 0 0
1362900 0 0
1363000 0 0
1363100 0 0
1363200 0 0
1363300 0 0
1363400 0 0
1363500 0 0
1363600 0 0
1363700 0 0
1363800 0 0
1363900 0 0
1364000 0 0
1364100 0 0
1364200 0 0
1364300 0 0
1364400 0 0
1364500 0 0
1364600 0 0
1364700 0 0
1364800 0 0
1364900 0 0
1365000 0 0
1365100 0 0
1365200 0 0
1365300 0 0
1365400 0 0
1365500 0 0
1365600 0 0
1365700 0 0
1365800 0 0
1365900 0 0
1366000 0 0
1366100 0 0
1366200 0 0
1366300 0 0
1366400 0 0
1366500 0 0
1366600 0 0
1366700 0 0
1366800 0 0
1366900 0 0
1367000 0 0
1367100 0 0
1367200 0 0
1367300 0 0
1367400 0 0
1367500 0 0
1367600 0 0
1367700 0 0
1367800 0 0
1367900 0 0
1368000 0 0
1368100 0 0
1368200 0 0
1368300 0 0
1368400 0 0
1368500 0 0
1368600 0 0
1368700 0 0
1368800 0 0
1368900 0 0
1369000 0 0
1369100 0 0
1369200 0 0
1369300 0 0
1369400 0 0
1369500 0 0
1369600 0 0
1369700 0 0
1369800 0 0
1369900 0 0
1370000 0 0
1370100 0 0
1370200 0 0
1370300 0 0
1370400 0 0
1370500 0 0
1370600 0 0
1370700 0 0
1370800 0 0
1370900 0 0
1371000 0 0
1371100 0 0
1371200 0 0
1371300 0 0
1371400 0 0
1371500 0 0
1371600 0 0
1371700 0 0
1371800 0 0
1371900 0 0
1372000 0 0
1372100 0 0
1372200 0 0
1372300 0 0
1372400 0 0
1372500 0 0
1372600 0 0
1372700 0 0
1372800 0 0
1372900 0 0
1373000 0 0
1373100 0 0
1373200 0 0
1373300 0 0
1373400 0 0
1373500 0 0
1373600 0 0
1373700 0 0
1373800 0 0
1373900 0 0
1374000 0 0
1374100 0 0
1374200 0 0
1374300 0 0
1374400 0 0
1374500 0 0
1374600 0 0
1374700 0 0
1374800 0 0
1374900 0 0
1375000 0 0
1375100 0 0
1375200 0 0
1375300 0 0
1375400 0 0
1375500 0 0
1375600 0 0
1375700 0 0
1375800 0 0
1375900 0 0
1376000 0 0
1376100 0 0
1376200 0 0
1376300 0 0
1376400 0 0
1376500 0 0
1376600 0 0
1376700 0 0
1376800 0 0
1376900 0 0
1377000 0 0
1377100 0 0
1377200 0 0
1377300 0 0
1377400 0 0
1377500 0 0
1377600 0 0
1377700 0 0
1377800 0 0
1377900 0 0
1378000 0 0
1378100 0 0
1378200 0 0
1378300 0 0
1378400 0 0
1378500 0 0
1378600 0 0
1378700 0 0
1378800 0 0
1378900 0 0
1379000 0 0
1379100 0 0
1379200 0 0
1379300 0 0
1379400 0 0
1379500 0 0
1379600 0 0
1379700 0 0
1379800 0 0
1379900 0 0
1380000 0 0
1380100 0 0
1380200 0 0
1380300 0 0
1380400 0 0
1380500 0 0
1380600 0 0
1380700 0 0
1380800 0 0
1380900 0 0
1381000 0 0
1381100 0 0
1381200 0 0
1381300 0 0
1381400 0 0
1381500 0 0
1381600 0 0
1381700 0 0
1381800 0 0
1381900 0 0
1382000 0 0
1382100 0 0
1382200 0 0
1382300 0 0
1382400 0 0
1382500 0 0
1382600 0 0
1382700 0 0
1382800 0 0
1382900 0 0
1383000 0 0
1383100 0 0
1383200 0 0
1383300 0 0
1383400 0 0
1383500 0 0
1383600 0 0
1383700 0 0
1383800 0 0
1383900 0 0
1384000 0 0
1384100 0 0
1384200 0 0
1384300 0 0
1384400 0 0
1384500 0 0
1384600 0 0
1384700 0 0
1384800 0 0
1384900 0 0
1385000 0 0
1385100 0 0
1385200 0 0
1385300 0 0
1385400 0 0
1385500 0 0
1385600 0 0
1385700 0 0
1385800 0 0
1385900 0 0
1386000 0 0
1386100 0 0
1386200 0 0
1386300 0 0
1386400 0 0
1386500 0 0
1386600 0 0
1386700 0 0
1386800 0 0
1386900 0 0
1387000 0 0
1387100 0 0
1387200 0 0
1387300 0 0
1387400 0 0
1387500 0 0
1387600 0 0
1387700 0 0
1387800 0 0
1387900 0 0
1388000 0 0
1388100 0 0
1388200 0 0
1388300 0 0
1388400 0 0
1388500 0 0
1388600 0 0
1388700 0 0
1388800 0 0
1388900 0 0
1389000 0 0
1389100 0 0
1389200 0 0
1389300 0 0
1389400 0 0
1389500 0 0
1389600 0 0
1389700 0 0
1389800 0 0
1389900 0 0
1390000 0 0
1390100 0 0
1390200 0 0
1390300 0 0
1390400 0 0
1390500 0 0
1390600 0 0
1390700 0 0
1390800 0 0
1390900 0 0
1391000 0 0
1391100 0 0
1391200 0 0
1391300 0 0
1391400 0 0
1391500 0 0
1391600 0 0
1391700 0 0
1391800 0 0
1391900 0 0
1392000 0 0
1392100 0 0
1392200 0 0
1392300 0 0
1392400 0 0
1392500 0 0
1392600 0 0
1392700 0 0
1392800 0 0
1392900 0 0
1393000 0 0
1393100 0 0
1393200 0 0
1393300 0 0
1393400 0 0
1393500 0 0
1393600 0 0
1393700 0 0
1393800 0 0
1393900 0 0
1394000 0 0
1394100 0 0
1394200 0 0
1394300 0 0
1394400 0 0
1394500 0 0
1394600 0 0
1394700 0 0
1394800 0 0
1394900 0 0
1395000 0 0
1395100 0 0
1395200 0 0
1395300 0 0
1395400 0 0
1395500 0 0
1395600 0 0
1395700 0 0
1395800 0 0
1395900 0 0
1396000 0 0
1396100 0 0
1396200 0 0
1396300 0 0
1396400 0 0
1396500 0 0
1396600 0 0
1396700 0 0
1396800 0 0
1396900 0 0
1397000 0 0
1397100 0 0
1397200 0 0
1397300 0 0
1397400 0 0
1397500 0 0
1397600 0 0
1397700 0 0
1397800 0 0
1397900 0 0
1398000 0 0
1398100 0 0
1398200 0 0
1398300 0 0
1398400 0 0
1398500 0 0
1398600 0 0
1398700 0 0
1398800 0 0
1398900 0 0
1399000 0 0
1399100 0 0
1399200 0 0
1399300 0 0
1399400 0 0
1399500 0 0
1399600 0 0
1399700 0 0
1399800 0 0
1399900 0 0
1400000 0 0
1400100 0 0
1400200 0 0
1400300 0 0
1400400 0 0
1400500 0 0
1400600 0 0
1400700 0 0
1400800 0 0
1400900 0 0
1401000 0 0
1401100 0 0
1401200 0 0
1401300 0 0
1401400 0 0
1401500 0 0
1401600 0 0
1401700 0 0
1401800 0 0
1401900 0 0
1402000 0 0
1402100 0 0
1402200 0 0
1402300 0 0
1402400 0 0
1402500 0 0
1402600 0 0
1402700 0 0
1402800 0 0
1402900 0 0
1403000 0 0
1403100 0 0
1403200 0 0
1403300 0 0
1403400 0 0
1403500 0 0
1403600 0 0
1403700 0 0
1403800 0 0
1403900 0 0
1404000 0 0
1404100 0 0
1404200 0 0
1404300 0 0
1404400 0 0
1404500 0 0
1404600 0 0
1404700 0 0
1404800 0 0
1404900 0 0
1405000 0 0
1405100 0 0
1405200 0 0
1405300 0 0
1405400 0 0
1405500 0 0
1405600 0 0
1405700 0 0
1405800 0 0
1405900 0 0
1406000 0 0
1406100 0 0
1406200 0 0
1406300 0 0
1406400 0 0
1406500 0 0
1406600 0 0
1406700 0 0
1406800 0 0
1406900 0 0
1407000 0 0
1407100 0 0
1407200 0 0
1407300 0 0
1407400 0 0
1407500 0 0
1407600 0 0
1407700 0 0
1407800 0 0
1407900 0 0
1408000 0 0
1408100 0 0
1408200 0 0
1408300 0 0
1408400 0 0
1408500 0 0
1408600 0 0
1408700 0 0
1408800 0 0
1408900 0 0
1409000 0 0
1409100 0 0
1409200 0 0
1409300 0 0
1409400 0 0
1409500 0 0
1409600 0 0
1409700 0 0
1409800 0 0
1409900 0 0
1410000 0 0
1410100 0 0
1410200 0 0
1410300 0 0
1410400 0 0
1410500 0 0
1410600 0 0
1410700 0 0
1410800 0 0
1410900 0 0
1411000 0 0
1411100 0 0
1411200 0 0
1411300 0 0
1411400 0 0
1411500 0 0
1411600 0 0
1411700 0 0
1411800 0 0
1411900 0 0
1412000 0 0
1412100 0 0
1412200 0 0
1412300 0 0
1412400 0 0
1412500 0 0
1412600 0 0
1412700 0 0
1412800 0 0
1412900 0 0
1413000 0 0
1413100 0 0
1413200 0 0
1413300 0 0
1413400 0 0
1413500 0 0
1413600 0 0
1413700 0 0
1413800 0 0
1413900 0 0
1414000 0 0
1414100 0 0
1414200 0 0
1414300 0 0
1414400 0 0
1414500 0 0
1414600 0 0
1414700 0 0
1414800 0 0
1414900 0 0
1415000 0 0
1415100 0 0
1415200 0 0
1415300 0 0
1415400 0 0
1415500 0 0
1415600 0 0
1415700 0 0
1415800 0 0
1415900 0 0
1416000 0 0
1416100 0 0
1416200 0 0
1416300 0 0
1416400 0 0
1416500 0 0
1416600 0 0
1416700 0 0
1416800 0 0
1416900 0 0
1417000 0 0
1417100 0 0
1417200 0 0
1417300 0 0
1417400 0 0
1417500 0 0
1417600 0 0
1417700 0 0
1417800 0 0
1417900 0 0
1418000 0 0
1418100 0 0
1418200 0 0
1418300 0 0
1418400 0 0
1418500 0 0
1418600 0 0
1418700 0 0
1418800 0 0
1418900 0 0
1419000 0 0
1419100 0 0
1419200 0 0
1419300 0 0
1419400 0 0
1419500 0 0
1419600 0 0
1419700 0 0
1419800 0 0
1419900 0 0
1420000 0 0
1420100 0 0
1420200 0 0
1420300 0 0
1420400 0 0
1420500 0 0
1420600 0 0
1420700 0 0
1420800 0 0
1420900 0 0
1421000 0 0
1421100 0 0
1421200 0 0
1421300 0 0
1421400 0 0
1421500 0 0
1421600 0 0
1421700 0 0
1421800 0 0
1421900 0 0
1422000 0 0
1422100 0 0
1422200 0 0
1422300 0 0
1422400 0 0
1422500 0 0
1422600 0 0
1422700 0 0
1422800 0 0
1422900 0 0
1423000 0 0
1423100 0 0
1423200 0 0
1423300 0 0
1423400 0 0
1423500 0 0
1423600 0 0
1423700 0 0
1423800 0 0
1423900 0 0
1424000 0 0
1424100 0 0
1424200 0 0
1424300 0 0
1424400 0 0
1424500 0 0
1424600 0 0
1424700 0 0
1424800 0 0
1424900 0 0
1425000 0 0
1425100 0 0
1425200 0 0
1425300 0 0
1425400 0 0
1425500 0 0
1425600 0 0
1425700 0 0
1425800 0 0
1425900 0 0
1426000 0 0
1426100 0 0
1426200 0 0
1426300 0 0
1426400 0 0
1426500 0 0
1426600 0 0
1426700 0 0
1426800 0 0
1426900 0 0
1427000 0 0
1427100 0 0
1427200 0 0
1427300 0 0
1427400 0 0
1427500 0 0
1427600 0 0
1427700 0 0
1427800 0 0
1427900 0 0
1428000 0 0
1428100 0 0
1428200 0 0
1428300 0 0
1428400 0 0
1428500 0 0
1428600 0 0
1428700 0 0
1428800 0 0
1428900 0 0
1429000 0 0
1429100 0 0
1429200 0 0
1429300 0 0
1429400 0 0
1429500 0 0
1429600 0 0
1429700 0 0
1429800 0 0
1429900 0 0
1430000 0 0
1430100 0 0
1430200 0 0
1430300 0 0
1430400 0 0
1430500 0 0
1430600 0 0
1430700 0 0
1430800 0 0
1430900 0 0
1431000 0 0
1431100 0 0
1431200 0 0
1431300 0 0
1431400 0 0
1431500 0 0
1431600 0 0
1431700 0 0
1431800 0 0
1431900 0 0
1432000 0 0
1432100 0 0
1432200 0 0
1432300 0 0
1432400 0 0
1432500 0 0
1432600 0 0
1432700 0 0
1432800 0 0
1432900 0 0
1433000 0 0
1433100 0 0
1433200 0 0
1433300 0 0
1433400 0 0
1433500 0 0
1433600 0 0
1433700 0 0
1433800 0 0
1433900 0 0
1434000 0 0
1434100 0 0
1434200 0 0
1434300 0 0
1434400 0 0
1434500 0 0
1434600 0 0
1434700 0 0
1434800 0 0
1434900 0 0
1435000 0 0
1435100 0 0
1435200 0 0
1435300 0 0
1435400 0 0
1435500 0 0
1435600 0 0
1435700 0 0
1435800 0 0
1435900 0 0
1436000 0 0
1436100 0 0
1436200 0 0
1436300 0 0
1436400 0 0
1436500 0 0
1436600 0 0
1436700 0 0
1436800 0 0
1436900 0 0
1437000 0 0
1437100 0 0
1437200 0 0
1437300 0 0
1437400 0 0
1437500 0 0
1437600 0 0
1437700 0 0
1437800 0 0
1437900 0 0
1438000 0 0
1438100 0 0
1438200 0 0
1438300 0 0
1438400 0 0
1438500 0 0
1438600 0 0
1438700 0 0
1438800 0 0
1438900 0 0
1439000 0 0
1439100 0 0
1439200 0 0
1439300 0 0
1439400 0 0
1439500 0 0
1439600 0 0
1439700 0 0
1439800 0 0
1439900 0 0
1440000 0 0
1440100 0 0
1440200 0 0
1440300 0 0
1440400 0 0
1440500 0 0
1440600 0 0
1440700 0 0
1440800 0 0
1440900 0 0
1441000 0 0
1441100 0 0
1441200 0 0
1441300 0 0
1441400 0 0
1441500 0 0
1441600 0 0
1441700 0 0
1441800 0 0
1441900 0 0
1442000 0 0
1442100 0 0
1442200 0 0
1442300 0 0
1442400 0 0
1442500 0 0
1442600 0 0
1442700 0 0
1442800 0 0
1442900 0 0
1443000 0 0
1443100 0 0
1443200 0 0
1443300 0 0
1443400 0 0
1443500 0 0
1443600 0 0
1443700 0 0
1443800 0 0
1443900 0 0
1444000 0 0
1444100 0 0
1444200 0 0
1444300 0 0
1444400 0 0
1444500 0 0
1444600 0 0
1444700 0 0
1444800 0 0
1444900 0 0
1445000 0 0
1445100 0 0
1445200 0 0
1445300 0 0
1445400 0 0
1445500 0 0
1445600 0 0
1445700 0 0
1445800 0 0
1445900 0 0
1446000 0 0
1446100 0 0
1446200 0 0
1446300 0 0
1446400 0 0
1446500 0 0
1446600 0 0
1446700 0 0
1446800 0 0
1446900 0 0
1447000 0 0
1447100 0 0
1447200 0 0
1447300 0 0
1447400 0 0
1447500 0 0
1447600 0 0
1447700 0 0
1447800 0 0
1447900 0 0
1448000 0 0
1448100 0 0
1448200 0 0
1448300 0 0
1448400 0 0
1448500 0 0
1448600 0 0
1448700 0 0
1448800 0 0
1448900 0 0
1449000 0 0
1449100 0 0
1449200 0 0
1449300 0 0
1449400 0 0
1449500 0 0
1449600 0 0
1449700 0 0
1449800 0 0
1449900 0 0
1450000 0 0
1450100 0 0
1450200 0 0
1450300 0 0
1450400 0 0
1450500 0 0
1450600 0 0
1450700 0 0
1450800 0 0
1450900 0 0
1451000 0 0
1451100 0 0
1451200 0 0
1451300 0 0
1451400 0 0
1451500 0 0
1451600 0 0
1451700 0 0
1451800 0 0
1451900 0 0
1452000 0 0
1452100 0 0
1452200 0 0
1452300 0 0
1452400 0 0
1452500 0 0
1452600 0 0
1452700 0 0
1452800 0 0
1452900 0 0
1453000 0 0
1453100 0 0
1453200 0 0
1453300 0 0
1453400 0 0
1453500 0 0
1453600 0 0
1453700 0 0
1453800 0 0
1453900 0 0
1454000 0 0
1454100 0 0
1454200 0 0
1454300 0 0
1454400 0 0
1454500 0 0
1454600 0 0
1454700 0 0
1454800 0 0
1454900 0 0
1455000 0 0
1455100 0 0
1455200 0 0
1455300 0 0
1455400 0 0
1455500 0 0
1455600 0 0
1455700 0 0
1455800 0 0
1455900 0 0
1456000 0 0
1456100 0 0
1456200 0 0
1456300 0 0
1456400 0 0
1456500 0 0
1456600 0 0
1456700 0 0
1456800 0 0
1456900 0 0
1457000 0 0
1457100 0 0
1457200 0 0
1457300 0 0
1457400 0 0
1457500 0 0
1457600 0 0
1457700 0 0
1457800 0 0
1457900 0 0
1458000 0 0
1458100 0 0
1458200 0 0
1458300 0 0
1458400 0 0
1458500 0 0
1458600 0 0
1458700 0 0
1458800 0 0
1458900 0 0
1459000 0 0
1459100 0 0
1459200 0 0
1459300 0 0
1459400 0 0
1459500 0 0
1459600 0 0
1459700 0 0
1459800 0 0
1459900 0 0
1460000 0 0
1460100 0 0
1460200 0 0
1460300 0 0
1460400 0 0
1460500 0 0
1460600 0 0
1460700 0 0
1460800 0 0
1460900 0 0
1461000 0 0
1461100 0 0
1461200 0 0
1461300 0 0
1461400 0 0
1461500 0 0
1461600 0 0
1461700 0 0
1461800 0 0
1461900 0 0
1462000 0 0
1462100 0 0
1462200 0 0
1462300 0 0
1462400 0 0
1462500 0 0
1462600 0 0
1462700 0 0
1462800 0 0
1462900 0 0
1463000 0 0
1463100 0 0
1463200 0 0
1463300 0 0
1463400 0 0
1463500 0 0
1463600 0 0
1463700 0 0
1463800 0 0
1463900 0 0
1464000 0 0
1464100 0 0
1464200 0 0
1464300 0 0
1464400 0 0
1464500 0 0
1464600 0 0
1464700 0 0
1464800 0 0
1464900 0 0
1465000 0 0
1465100 0 0
1465200 0 0
1465300 0 0
1465400 0 0
1465500 0 0
1465600 0 0
1465700 0 0
1465800 0 0
1465900 0 0
1466000 0 0
1466100 0 0
1466200 0 0
1466300 0 0
1466400 0 0
1466500 0 0
1466600 0 0
1466700 0 0
1466800 0 0
1466900 0 0
1467000 0 0
1467100 0 0
1467200 0 0
1467300 0 0
1467400 0 0
1467500 0 0
1467600 0 0
1467700 0 0
1467800 0 0
1467900 0 0
1468000 0 0
1468100 0 0
1468200 0 0
1468300 0 0
1468400 0 0
1468500 0 0
1468600 0 0
1468700 0 0
1468800 0 0
1468900 0 0
1469000 0 0
1469100 0 0
1469200 0 0
1469300 0 0
1469400 0 0
1469500 0 0
1469600 0 0
1469700 0 0
1469800 0 0
1469900 0 0
1470000 0 0
1470100 0 0
1470200 0 0
1470300 0 0
1470400 0 0
1470500 0 0
1470600 0 0
1470700 0 0
1470800 0 0
1470900 0 0
1471000 0 0
1471100 0 0
1471200 0 0
1471300 0 0
1471400 0 0
1471500 0 0
1471600 0 0
1471700 0 0
1471800 0 0
1471900 0 0
1472000 0 0
1472100 0 0
1472200 0 0
1472300 0 0
1472400 0 0
1472500 0 0
1472600 0 0
1472700 0 0
1472800 0 0
1472900 0 0
1473000 0 0
1473100 0 0
1473200 0 0
1473300 0 0
1473400 0 0
1473500 0 0
1473600 0 0
1473700 0 0
1473800 0 0
1473900 0 0
1474000 0 0
1474100 0 0
1474200 0 0
1474300 0 0
1474400 0 0
1474500 0 0
1474600 0 0
1474700 0 0
1474800 0 0
1474900 0 0
1475000 0 0
1475100 0 0
1475200 0 0
1475300 0 0
1475400 0 0
1475500 0 0
1475600 0 0
1475700 0 0
1475800 0 0
1475900 0 0
1476000 0 0
1476100 0 0
1476200 0 0
1476300 0 0
1476400 0 0
1476500 0 0
1476600 0 0
1476700 0 0
1476800 0 0
1476900 0 0
1477000 0 0
1477100 0 0
1477200 0 0
1477300 0 0
1477400 0 0
1477500 0 0
1477600 0 0
1477700 0 0
1477800 0 0
1477900 0 0
1478000 0 0
1478100 0 0
1478200 0 0
1478300 0 0
1478400 0 0
1478500 0 0
1478600 0 0
1478700 0 0
1478800 0 0
1478900 0 0
1479000 0 0
1479100 0 0
1479200 0 0
1479300 0 0
1479400 0 0
1479500 0 0
1479600 0 0
1479700 0 0
1479800 0 0
1479900 0 0
1480000 0 0
1480100 0 0
1480200 0 0
1480300 0 0
1480400 0 0
1480500 0 0
1480600 0 0
1480700 0 0
1480800 0 0
1480900 0 0
1481000 0 0
1481100 0 0
1481200 0 0
1481300 0 0
1481400 0 0
1481500 0 0
1481600 0 0
1481700 0 0
1481800 0 0
1481900 0 0
1482000 0 0
1482100 0 0
1482200 0 0
1482300 0 0
1482400 0 0
1482500 0 0
1482600 0 0
1482700 0 0
1482800 0 0
1482900 0 0
1483000 0 0
1483100 0 0
1483200 0 0
1483300 0 0
1483400 0 0
1483500 0 0
1483600 0 0
1483700 0 0
1483800 0 0
1483900 0 0
1484000 0 0
1484100 0 0
1484200 0 0
1484300 0 0
1484400 0 0
1484500 0 0
1484600 0 0
1484700 0 0
1484800 0 0
1484900 0 0
1485000 0 0
1485100 0 0
1485200 0 0
1485300 0 0
1485400 0 0
1485500 0 0
1485600 0 0
1485700 0 0
1485800 0 0
1485900 0 0
1486000 0 0
1486100 0 0
1486200 0 0
1486300 0 0
1486400 0 0
1486500 0 0
1486600 0 0
1486700 0 0
1486800 0 0
1486900 0 0
1487000 0 0
1487100 0 0
1487200 0 0
1487300 0 0
1487400 0 0
1487500 0 0
1487600 0 0
1487700 0 0
1487800 0 0
1487900 0 0
1488000 0 0
1488100 0 0
1488200 0 0
1488300 0 0
1488400 0 0
1488500 0 0
1488600 0 0
1488700 0 0
1488800 0 0
1488900 0 0
1489000 0 0
1489100 0 0
1489200 0 0
1489300 0 0
1489400 0 0
1489500 0 0
1489600 0 0
1489700 0 0
1489800 0 0
1489900 0 0
1490000 0 0
1490100 0 0
1490200 0 0
1490300 0 0
1490400 0 0
1490500 0 0
1490600 0 0
1490700 0 0
1490800 0 0
1490900 0 0
1491000 0 0
1491100 0 0
1491200 0 0
1491300 0 0
1491400 0 0
1491500 0 0
1491600 0 0
1491700 0 0
1491800 0 0
1491900 0 0
1492000 0 0
1492100 0 0
1492200 0 0
1492300 0 0
1492400 0 0
1492500 0 0
1492600 0 0
1492700 0 0
1492800 0 0
1492900 0 0
1493000 0 0
1493100 0 0
1493200 0 0
1493300 0 0
1493400 0 0
1493500 0 0
1493600 0 0
1493700 0 0
1493800 0 0
1493900 0 0
1494000 0 0
1494100 0 0
1494200 0 0
1494300 0 0
1494400 0 0
1494500 0 0
1494600 0 0
1494700 0 0
1494800 0 0
1494900 0 0
1495000 0 0
1495100 0 0
1495200 0 0
1495300 0 0
1495400 0 0
1495500 0 0
1495600 0 0
1495700 0 0
1495800 0 0
1495900 0 0
1496000 0 0
1496100 0 0
1496200 0 0
1496300 0 0
1496400 0 0
1496500 0 0
1496600 0 0
1496700 0 0
1496800 0 0
1496900 0 0
1497000 0 0
1497100 0 0
1497200 0 0
1497300 0 0
1497400 0 0
1497500 0 0
1497600 0 0
1497700 0 0
1497800 0 0
1497900 0 0
1498000 0 0
1498100 0 0
1498200 0 0
1498300 0 0
1498400 0 0
1498500 0 0
1498600 0 0
1498700 0 0
1498800 0 0
1498900 0 0
1499000 0 0
1499100 0 0
1499200 0 0
1499300 0 0
1499400 0 0
1499500 0 0
1499600 0 0
1499700 0 0
1499800 0 0
1499900 0 0
1500000 0 0
1500100 0 0
1500200 0 0
1500300 0 0
1500400 0 0
1500500 0 0
1500600 0 0
1500700 0 0
1500800 0 0
1500900 0 0
1501000 0 0
1501100 0 0
1501200 0 0
1501300 0 0
1501400 0 0
1501500 0 0
1501600 0 0
1501700 0 0
1501800 0 0
1501900 0 0
1502000 0 0
1502100 0 0
1502200 0 0
1502300 0 0
1502400 0 0
1502500 0 0
1502600 0 0
1502700 0 0
1502800 0 0
1502900 0 0
1503000 0 0
1503100 0 0
1503200 0 0
1503300 0 0
1503400 0 0
1503500 0 0
1503600 0 0
1503700 0 0
1503800 0 0
1503900 0 0
1504000 0 0
1504100 0 0
1504200 0 0
1504300 0 0
1504400 0 0
1504500 0 0
1504600 0 0
1504700 0 0
1504800 0 0
1504900 0 0
1505000 0 0
1505100 0 0
1505200 0 0
1505300 0 0
1505400 0 0
1505500 0 0
1505600 0 0
1505700 0 0
1505800 0 0
1505900 0 0
1506000 0 0
1506100 0 0
1506200 0 0
1506300 0 0
1506400 0 0
1506500 0 0
1506600 0 0
1506700 0 0
1506800 0 0
1506900 0 0
1507000 0 0
1507100 0 0
1507200 0 0
1507300 0 0
1507400 0 0
1507500 0 0
1507600 0 0
1507700 0 0
1507800 0 0
1507900 0 0
1508000 0 0
1508100 0 0
1508200 0 0
1508300 0 0
1508400 0 0
1508500 0 0
1508600 0 0
1508700 0 0
1508800 0 0
1508900 0 0
1509000 0 0
1509100 0 0
1509200 0 0
1509300 0 0
1509400 0 0
1509500 0 0
1509600 0 0
1509700 0 0
1509800 0 0
1509900 0 0
1510000 0 0
1510100 0 0
1510200 0 0
1510300 0 0
1510400 0 0
1510500 0 0
1510600 0 0
1510700 0 0
1510800 0 0
1510900 0 0
1511000 0 0
1511100 0 0
1511200 0 0
1511300 0 0
1511400 0 0
1511500 0 0
1511600 0 0
1511700 0 0
1511800 0 0
1511900 0 0
1512000 0 0
1512100 0 0
1512200 0 0
1512300 0 0
1512400 0 0
1512500 0 0
1512600 0 0
1512700 0 0
1512800 0 0
1512900 0 0
1513000 0 0
1513100 0 0
1513200 0 0
1513300 0 0
1513400 0 0
1513500 0 0
1513600 0 0
1513700 0 0
1513800 0 0
1513900 0 0
1514000 0 0
1514100 0 0
1514200 0 0
1514300 0 0
1514400 0 0
1514500 0 0
1514600 0 0
1514700 0 0
1514800 0 0
1514900 0 0
1515000 0 0
1515100 0 0
1515200 0 0
1515300 0 0
1515400 0 0
1515500 0 0
1515600 0 0
1515700 0 0
1515800 0 0
1515900 0 0
1516000 0 0
1516100 0 0
1516200 0 0
1516300 0 0
1516400 0 0
1516500 0 0
1516600 0 0
1516700 0 0
1516800 0 0
1516900 0 0
1517000 0 0
1517100 0 0
1517200 0 0
1517300 0 0
1517400 0 0
1517500 0 0
1517600 0 0
1517700 0 0
1517800 0 0
1517900 0 0
1518000 0 0
1518100 0 0
1518200 0 0
1518300 0 0
1518400 0 0
1518500 0 0
1518600 0 0
1518700 0 0
1518800 0 0
1518900 0 0
1519000 0 0
1519100 0 0
1519200 0 0
1519300 0 0
1519400 0 0
1519500 0 0
1519600 0 0
1519700 0 0
1519800 0 0
1519900 0 0
1520000 0 0
1520100 0 0
1520200 0 0
1520300 0 0
1520400 0 0
1520500 0 0
1520600 0 0
1520700 0 0
1520800 0 0
1520900 0 0
1521000 0 0
1521100 0 0
1521200 0 0
1521300 0 0
1521400 0 0
1521500 0 0
1521600 0 0
1521700 0 0
1521800 0 0
1521900 0 0
1522000 0 0
1522100 0 0
1522200 0 0
1522300 0 0
1522400 0 0
1522500 0 0
1522600 0 0
1522700 0 0
1522800 0 0
1522900 0 0
1523000 0 0
1523100 0 0
1523200 0 0
1523300 0 0
1523400 0 0
1523500 0 0
1523600 0 0
1523700 0 0
1523800 0 0
1523900 0 0
1524000 0 0
1524100 0 0
1524200 0 0
1524300 0 0
1524400 0 0
1524500 0 0
1524600 0 0
1524700 0 0
1524800 0 0
1524900 0 0
1525000 0 0
1525100 0 0
1525200 0 0
1525300 0 0
1525400 0 0
1525500 0 0
1525600 0 0
1525700 0 0
1525800 0 0
1525900 0 0
1526000 0 0
1526100 0 0
1526200 0 0
1526300 0 0
1526400 0 0
1526500 0 0
1526600 0 0
1526700 0 0
1526800 0 0
1526900 0 0
1527000 0 0
1527100 0 0
1527200 0 0
1527300 0 0
1527400 0 0
1527500 0 0
1527600 0 0
1527700 0 0
1527800 0 0
1527900 0 0
1528000 0 0
1528100 0 0
1528200 0 0
1528300 0 0
1528400 0 0
1528500 0 0
1528600 0 0
1528700 0 0
1528800 0 0
1528900 0 0
1529000 0 0
1529100 0 0
1529200 0 0
1529300 0 0
1529400 0 0
1529500 0 0
1529600 0 0
1529700 0 0
1529800 0 0
1529900 0 0
1530000 0 0
1530100 0 0
1530200 0 0
1530300 0 0
1530400 0 0
1530500 0 0
1530600 0 0
1530700 0 0
1530800 0 0
1530900 0 0
1531000 0 0
1531100 0 0
1531200 0 0
1531300 0 0
1531400 0 0
1531500 0 0
1531600 0 0
1531700 0 0
1531800 0 0
1531900 0 0
1532000 0 0
1532100 0 0
1532200 0 0
1532300 0 0
1532400 0 0
1532500 0 0
1532600 0 0
1532700 0 0
1532800 0 0
1532900 0 0
1533000 0 0
1533100 0 0
1533200 0 0
1533300 0 0
1533400 0 0
1533500 0 0
1533600 0 0
1533700 0 0
1533800 0 0
1533900 0 0
1534000 0 0
1534100 0 0
1534200 0 0
1534300 0 0
1534400 0 0
1534500 0 0
1534600 0 0
1534700 0 0
1534800 0 0
1534900 0 0
1535000 0 0
1535100 0 0
1535200 0 0
1535300 0 0
1535400 0 0
1535500 0 0
1535600 0 0
1535700 0 0
1535800 0 0
1535900 0 0
1536000 0 0
1536100 0 0
1536200 0 0
1536300 0 0
1536400 0 0
1536500 0 0
1536600 0 0
1536700 0 0
1536800 0 0
1536900 0 0
1537000 0 0
1537100 0 0
1537200 0 0
1537300 0 0
1537400 0 0
1537500 0 0
1537600 0 0
1537700 0 0
1537800 0 0
1537900 0 0
1538000 0 0
1538100 0 0
1538200 0 0
1538300 0 0
1538400 0 0
1538500 0 0
1538600 0 0
1538700 0 0
1538800 0 0
1538900 0 0
1539000 0 0
1539100 0 0
1539200 0 0
1539300 0 0
1539400 0 0
1539500 0 0
1539600 0 0
1539700 0 0
1539800 0 0
1539900 0 0
1540000 0 0
1540100 0 0
1540200 0 0
1540300 0 0
1540400 0 0
1540500 0 0
1540600 0 0
1540700 0 0
1540800 0 0
1540900 0 0
1541000 0 0
1541100 0 0
1541200 0 0
1541300 0 0
1541400 0 0
1541500 0 0
1541600 0 0
1541700 0 0
1541800 0 0
1541900 0 0
1542000 0 0
1542100 0 0
1542200 0 0
1542300 0 0
1542400 0 0
1542500 0 0
1542600 0 0
1542700 0 0
1542800 0 0
1542900 0 0
1543000 0 0
1543100 0 0
1543200 0 0
1543300 0 0
1543400 0 0
1543500 0 0
1543600 0 0
1543700 0 0
1543800 0 0
1543900 0 0
1544000 0 0
1544100 0 0
1544200 0 0
1544300 0 0
1544400 0 0
1544500 0 0
1544600 0 0
1544700 0 0
1544800 0 0
1544900 0 0
1545000 0 0
1545100 0 0
1545200 0 0
1545300 0 0
1545400 0 0
1545500 0 0
1545600 0 0
1545700 0 0
1545800 0 0
1545900 0 0
1546000 0 0
1546100 0 0
1546200 0 0
1546300 0 0
1546400 0 0
1546500 0 0
1546600 0 0
1546700 0 0
1546800 0 0
1546900 0 0
1547000 0 0
1547100 0 0
1547200 0 0
1547300 0 0
1547400 0 0
1547500 0 0
1547600 0 0
1547700 0 0
1547800 0 0
1547900 0 0
1548000 0 0
1548100 0 0
1548200 0 0
1548300 0 0
1548400 0 0
1548500 0 0
1548600 0 0
1548700 0 0
1548800 0 0
1548900 0 0
1549000 0 0
1549100 0 0
1549200 0 0
1549300 0 0
1549400 0 0
1549500 0 0
1549600 0 0
1549700 0 0
1549800 0 0
1549900 0 0
1550000 0 0
1550100 0 0
1550200 0 0
1550300 0 0
1550400 0 0
1550500 0 0
1550600 0 0
1550700 0 0
1550800 0 0
1550900 0 0
1551000 0 0
1551100 0 0
1551200 0 0
1551300 0 0
1551400 0 0
1551500 0 0
1551600 0 0
1551700 0 0
1551800 0 0
1551900 0 0
1552000 0 0
1552100 0 0
1552200 0 0
1552300 0 0
1552400 0 0
1552500 0 0
1552600 0 0
1552700 0 0
1552800 0 0
1552900 0 0
1553000 0 0
1553100 0 0
1553200 0 0
1553300 0 0
1553400 0 0
1553500 0 0
1553600 0 0
1553700 0 0
1553800 0 0
1553900 0 0
1554000 0 0
1554100 0 0
1554200 0 0
1554300 0 0
1554400 0 0
1554500 0 0
1554600 0 0
1554700 0 0
1554800 0 0
1554900 0 0
1555000 0 0
1555100 0 0
1555200 0 0
1555300 0 0
1555400 0 0
1555500 0 0
1555600 0 0
1555700 0 0
1555800 0 0
1555900 0 0
1556000 0 0
1556100 0 0
1556200 0 0
1556300 0 0
1556400 0 0
1556500 0 0
1556600 0 0
1556700 0 0
1556800 0 0
1556900 0 0
1557000 0 0
1557100 0 0
1557200 0 0
1557300 0 0
1557400 0 0
1557500 0 0
1557600 0 0
1557700 0 0
1557800 0 0
1557900 0 0
1558000 0 0
1558100 0 0
1558200 0 0
1558300 0 0
1558400 0 0
1558500 0 0
1558600 0 0
1558700 0 0
1558800 0 0
1558900 0 0
1559000 0 0
1559100 0 0
1559200 0 0
1559300 0 0
1559400 0 0
1559500 0 0
1559600 0 0
1559700 0 0
1559800 0 0
1559900 0 0
1560000 0 0
1560100 0 0
1560200 0 0
1560300 0 0
1560400 0 0
1560500 0 0
1560600 0 0
1560700 0 0
1560800 0 0
1560900 0 0
1561000 0 0
1561100 0 0
1561200 0 0
1561300 0 0
1561400 0 0
1561500 0 0
1561600 0 0
1561700 0 0
1561800 0 0
1561900 0 0
1562000 0 0
1562100 0 0
1562200 0 0
1562300 0 0
1562400 0 0
1562500 0 0
1562600 0 0
1562700 0 0
1562800 0 0
1562900 0 0
1563000 0 0
1563100 0 0
1563200 0 0
1563300 0 0
1563400 0 0
1563500 0 0
1563600 0 0
1563700 0 0
1563800 0 0
1563900 0 0
1564000 0 0
1564100 0 0
1564200 0 0
1564300 0 0
1564400 0 0
1564500 0 0
1564600 0 0
1564700 0 0
1564800 0 0
1564900 0 0
1565000 0 0
1565100 0 0
1565200 0 0
1565300 0 0
1565400 0 0
1565500 0 0
1565600 0 0
1565700 0 0
1565800 0 0
1565900 0 0
1566000 0 0
1566100 0 0
1566200 0 0
1566300 0 0
1566400 0 0
1566500 0 0
1566600 0 0
1566700 0 0
1566800 0 0
1566900 0 0
1567000 0 0
1567100 0 0
1567200 0 0
1567300 0 0
1567400 0 0
1567500 0 0
1567600 0 0
1567700 0 0
1567800 0 0
1567900 0 0
1568000 0 0
1568100 0 0
1568200 0 0
1568300 0 0
1568400 0 0
1568500 0 0
1568600 0 0
1568700 0 0
1568800 0 0
1568900 0 0
1569000 0 0
1569100 0 0
1569200 0 0
1569300 0 0
1569400 0 0
1569500 0 0
1569600 0 0
1569700 0 0
1569800 0 0
1569900 0 0
1570000 0 0
1570100 0 0
1570200 0 0
1570300 0 0
1570400 0 0
1570500 0 0
1570600 0 0
1570700 0 0
1570800 0 0
1570900 0 0
1571000 0 0
1571100 0 0
1571200 0 0
1571300 0 0
1571400 0 0
1571500 0 0
1571600 0 0
1571700 0 0
1571800 0 0
1571900 0 0
1572000 0 0
1572100 0 0
1572200 0 0
1572300 0 0
1572400 0 0
1572500 0 0
1572600 0 0
1572700 0 0
1572800 0 0
1572900 0 0
1573000 0 0
1573100 0 0
1573200 0 0
1573300 0 0
1573400 0 0
1573500 0 0
1573600 0 0
1573700 0 0
1573800 0 0
1573900 0 0
1574000 0 0
1574100 0 0
1574200 0 0
1574300 0 0
1574400 0 0
1574500 0 0
1574600 0 0
1574700 0 0
1574800 0 0
1574900 0 0
1575000 0 0
1575100 0 0
1575200 0 0
1575300 0 0
1575400 0 0
1575500 0 0
1575600 0 0
1575700 0 0
1575800 0 0
1575900 0 0
1576000 0 0
1576100 0 0
1576200 0 0
1576300 0 0
1576400 0 0
1576500 0 0
1576600 0 0
1576700 0 0
1576800 0 0
1576900 0 0
1577000 0 0
1577100 0 0
1577200 0 0
1577300 0 0
1577400 0 0
1577500 0 0
1577600 0 0
1577700 0 0
1577800 0 0
1577900 0 0
1578000 0 0
1578100 0 0
1578200 0 0
1578300 0 0
1578400 0 0
1578500 0 0
1578600 0 0
1578700 0 0
1578800 0 0
1578900 0 0
1579000 0 0
1579100 0 0
1579200 0 0
1579300 0 0
1579400 0 0
1579500 0 0
1579600 0 0
1579700 0 0
1579800 0 0
1579900 0 0
1580000 0 0
1580100 0 0
1580200 0 0
1580300 0 0
1580400 0 0
1580500 0 0
1580600 0 0
1580700 0 0
1580800 0 0
1580900 0 0
1581000 0 0
1581100 0 0
1581200 0 0
1581300 0 0
1581400 0 0
1581500 0 0
1581600 0 0
1581700 0 0
1581800 0 0
1581900 0 0
1582000 0 0
1582100 0 0
1582200 0 0
1582300 0 0
1582400 0 0
1582500 0 0
1582600 0 0
1582700 0 0
1582800 0 0
1582900 0 0
1583000 0 0
1583100 0 0
1583200 0 0
1583300 0 0
1583400 0 0
1583500 0 0
1583600 0 0
1583700 0 0
1583800 0 0
1583900 0 0
1584000 0 0
1584100 0 0
1584200 0 0
1584300 0 0
1584400 0 0
1584500 0 0
1584600 0 0
1584700 0 0
1584800 0 0
1584900 0 0
1585000 0 0
1585100 0 0
1585200 0 0
1585300 0 0
1585400 0 0
1585500 0 0
1585600 0 0
1585700 0 0
1585800 0 0
1585900 0 0
1586000 0 0
1586100 0 0
1586200 0 0
1586300 0 0
1586400 0 0
1586500 0 0
1586600 0 0
1586700 0 0
1586800 0 0
1586900 0 0
1587000 0 0
1587100 0 0
1587200 0 0
1587300 0 0
1587400 0 0
1587500 0 0
1587600 0 0
1587700 0 0
1587800 0 0
1587900 0 0
1588000 0 0
1588100 0 0
1588200 0 0
1588300 0 0
1588400 0 0
1588500 0 0
1588600 0 0
1588700 0 0
1588800 0 0
1588900 0 0
1589000 0 0
1589100 0 0
1589200 0 0
1589300 0 0
1589400 0 0
1589500 0 0
1589600 0 0
1589700 0 0
1589800 0 0
1589900 0 0
1590000 0 0
1590100 0 0
1590200 0 0
1590300 0 0
1590400 0 0
1590500 0 0
1590600 0 0
1590700 0 0
1590800 0 0
1590900 0 0
1591000 0 0
1591100 0 0
1591200 0 0
1591300 0 0
1591400 0 0
1591500 0 0
1591600 0 0
1591700 0 0
1591800 0 0
1591900 0 0
1592000 0 0
1592100 0 0
1592200 0 0
1592300 0 0
1592400 0 0
1592500 0 0
1592600 0 0
1592700 0 0
1592800 0 0
1592900 0 0
1593000 0 0
1593100 0 0
1593200 0 0
1593300 0 0
1593400 0 0
1593500 0 0
1593600 0 0
1593700 0 0
1593800 0 0
1593900 0 0
1594000 0 0
1594100 0 0
1594200 0 0
1594300 0 0
1594400 0 0
1594500 0 0
1594600 0 0
1594700 0 0
1594800 0 0
1594900 0 0
1595000 0 0
1595100 0 0
1595200 0 0
1595300 0 0
1595400 0 0
1595500 0 0
1595600 0 0
1595700 0 0
1595800 0 0
1595900 0 0
1596000 0 0
1596100 0 0
1596200 0 0
1596300 0 0
1596400 0 0
1596500 0 0
1596600 0 0
1596700 0 0
1596800 0 0
1596900 0 0
1597000 0 0
1597100 0 0
1597200 0 0
1597300 0 0
1597400 0 0
1597500 0 0
1597600 0 0
1597700 0 0
1597800 0 0
1597900 0 0
1598000 0 0
1598100 0 0
1598200 0 0
1598300 0 0
1598400 0 0
1598500 0 0
1598600 0 0
1598700 0 0
1598800 0 0
1598900 0 0
1599000 0 0
1599100 0 0
1599200 0 0
1599300 0 0
1599400 0 0
1599500 0 0
1599600 0 0
1599700 0 0
1599800 0 0
1599900 0 0
1600000 0 0
1600100 0 0
1600200 0 0
1600300 0 0
1600400 0 0
1600500 0 0
1600600 0 0
1600700 0 0
1600800 0 0
1600900 0 0
1601000 0 0
1601100 0 0
1601200 0 0
1601300 0 0
1601400 0 0
1601500 0 0
1601600 0 0
1601700 0 0
1601800 0 0
1601900 0 0
1602000 0 0
1602100 0 0
1602200 0 0
1602300 0 0
1602400 0 0
1602500 0 0
1602600 0 0
1602700 0 0
1602800 0 0
1602900 0 0
1603000 0 0
1603100 0 0
1603200 0 0
1603300 0 0
1603400 0 0
1603500 0 0
1603600 0 0
1603700 0 0
1603800 0 0
1603900 0 0
1604000 0 0
1604100 0 0
1604200 0 0
1604300 0 0
1604400 0 0
1604500 0 0
1604600 0 0
1604700 0 0
1604800 0 0
1604900 0 0
1605000 0 0
1605100 0 0
1605200 0 0
1605300 0 0
1605400 0 0
1605500 0 0
1605600 0 0
1605700 0 0
1605800 0 0
1605900 0 0
1606000 0 0
1606100 0 0
1606200 0 0
1606300 0 0
1606400 0 0
1606500 0 0
1606600 0 0
1606700 0 0
1606800 0 0
1606900 0 0
1607000 0 0
1607100 0 0
1607200 0 0
1607300 0 0
1607400 0 0
1607500 0 0
1607600 0 0
1607700 0 0
1607800 0 0
1607900 0 0
1608000 0 0
1608100 0 0
1608200 0 0
1608300 0 0
1608400 0 0
1608500 0 0
1608600 0 0
1608700 0 0
1608800 0 0
1608900 0 0
1609000 0 0
1609100 0 0
1609200 0 0
1609300 0 0
1609400 0 0
1609500 0 0
1609600 0 0
1609700 0 0
1609800 0 0
1609900 0 0
1610000 0 0
1610100 0 0
1610200 0 0
1610300 0 0
1610400 0 0
1610500 0 0
1610600 0 0
1610700 0 0
1610800 0 0
1610900 0 0
1611000 0 0
1611100 0 0
1611200 0 0
1611300 0 0
1611400 0 0
1611500 0 0
1611600 0 0
1611700 0 0
1611800 0 0
1611900 0 0
1612000 0 0
1612100 0 0
1612200 0 0
1612300 0 0
1612400 0 0
1612500 0 0
1612600 0 0
1612700 0 0
1612800 0 0
1612900 0 0
1613000 0 0
1613100 0 0
1613200 0 0
1613300 0 0
1613400 0 0
1613500 0 0
1613600 0 0
1613700 0 0
1613800 0 0
1613900 0 0
1614000 0 0
1614100 0 0
1614200 0 0
1614300 0 0
1614400 0 0
1614500 0 0
1614600 0 0
1614700 0 0
1614800 0 0
1614900 0 0
1615000 0 0
1615100 0 0
1615200 0 0
1615300 0 0
1615400 0 0
1615500 0 0
1615600 0 0
1615700 0 0
1615800 0 0
1615900 0 0
1616000 0 0
1616100 0 0
1616200 0 0
1616300 0 0
1616400 0 0
1616500 0 0
1616600 0 0
1616700 0 0
1616800 0 0
1616900 0 0
1617000 0 0
1617100 0 0
1617200 0 0
1617300 0 0
1617400 0 0
1617500 0 0
1617600 0 0
1617700 0 0
1617800 0 0
1617900 0 0
1618000 0 0
1618100 0 0
1618200 0 0
1618300 0 0
1618400 0 0
1618500 0 0
1618600 0 0
1618700 0 0
1618800 0 0
1618900 0 0
1619000 0 0
1619100 0 0
1619200 0 0
1619300 0 0
1619400 0 0
1619500 0 0
1619600 0 0
1619700 0 0
1619800 0 0
1619900 0 0
1620000 0 0
1620100 0 0
1620200 0 0
1620300 0 0
1620400 0 0
1620500 0 0
1620600 0 0
1620700 0 0
1620800 0 0
1620900 0 0
1621000 0 0
1621100 0 0
1621200 0 0
1621300 0 0
1621400 0 0
1621500 0 0
1621600 0 0
1621700 0 0
1621800 0 0
1621900 0 0
1622000 0 0
1622100 0 0
1622200 0 0
1622300 0 0
1622400 0 0
1622500 0 0
1622600 0 0
1622700 0 0
1622800 0 0
1622900 0 0
1623000 0 0
1623100 0 0
1623200 0 0
1623300 0 0
1623400 0 0
1623500 0 0
1623600 0 0
1623700 0 0
1623800 0 0
1623900 0 0
1624000 0 0
1624100 0 0
1624200 0 0
1624300 0 0
1624400 0 0
1624500 0 0
1624600 0 0
1624700 0 0
1624800 0 0
1624900 0 0
1625000 0 0
1625100 0 0
1625200 0 0
1625300 0 0
1625400 0 0
1625500 0 0
1625600 0 0
1625700 0 0
1625800 0 0
1625900 0 0
1626000 0 0
1626100 0 0
1626200 0 0
1626300 0 0
1626400 0 0
1626500 0 0
1626600 0 0
1626700 0 0
1626800 0 0
1626900 0 0
1627000 0 0
1627100 0 0
1627200 0 0
1627300 0 0
1627400 0 0
1627500 0 0
1627600 0 0
1627700 0 0
1627800 0 0
1627900 0 0
1628000 0 0
1628100 0 0
1628200 0 0
1628300 0 0
1628400 0 0
1628500 0 0
1628600 0 0
1628700 0 0
1628800 0 0
1628900 0 0
1629000 0 0
1629100 0 0
1629200 0 0
1629300 0 0
1629400 0 0
1629500 0 0
1629600 0 0
1629700 0 0
1629800 0 0
1629900 0 0
1630000 0 0
1630100 0 0
1630200 0 0
1630300 0 0
1630400 0 0
1630500 0 0
1630600 0 0
1630700 0 0
1630800 0 0
1630900 0 0
1631000 0 0
1631100 0 0
1631200 0 0
1631300 0 0
1631400 0 0
1631500 0 0
1631600 0 0
1631700 0 0
1631800 0 0
1631900 0 0
1632000 0 0
1632100 0 0
1632200 0 0
1632300 0 0
1632400 0 0
1632500 0 0
1632600 0 0
1632700 0 0
1632800 0 0
1632900 0 0
1633000 0 0
1633100 0 0
1633200 0 0
1633300 0 0
1633400 0 0
1633500 0 0
1633600 0 0
1633700 0 0
1633800 0 0
1633900 0 0
1634000 0 0
1634100 0 0
1634200 0 0
1634300 0 0
1634400 0 0
1634500 0 0
1634600 0 0
1634700 0 0
1634800 0 0
1634900 0 0
1635000 0 0
1635100 0 0
1635200 0 0
1635300 0 0
1635400 0 0
1635500 0 0
1635600 0 0
1635700 0 0
1635800 0 0
1635900 0 0
1636000 0 0
1636100 0 0
1636200 0 0
1636300 0 0
1636400 0 0
1636500 0 0
1636600 0 0
1636700 0 0
1636800 0 0
1636900 0 0
1637000 0 0
1637100 0 0
1637200 0 0
1637300 0 0
1637400 0 0
1637500 0 0
1637600 0 0
1637700 0 0
1637800 0 0
1637900 0 0
1638000 0 0
1638100 0 0
1638200 0 0
1638300 0 0
1638400 0 0
1638500 0 0
1638600 0 0
1638700 0 0
1638800 0 0
1638900 0 0
1639000 0 0
1639100 0 0
1639200 0 0
1639300 0 0
1639400 0 0
1639500 0 0
1639600 0 0
1639700 0 0
1639800 0 0
1639900 0 0
1640000 0 0
1640100 0 0
1640200 0 0
1640300 0 0
1640400 0 0
1640500 0 0
1640600 0 0
1640700 0 0
1640800 0 0
1640900 0 0
1641000 0 0
1641100 0 0
1641200 0 0
1641300 0 0
1641400 0 0
1641500 0 0
1641600 0 0
1641700 0 0
1641800 0 0
1641900 0 0
1642000 0 0
1642100 0 0
1642200 0 0
1642300 0 0
1642400 0 0
1642500 0 0
1642600 0 0
1642700 0 0
1642800 0 0
1642900 0 0
1643000 0 0
1643100 0 0
1643200 0 0
1643300 0 0
1643400 0 0
1643500 0 0
1643600 0 0
1643700 0 0
1643800 0 0
1643900 0 0
1644000 0 0
1644100 0 0
1644200 0 0
1644300 0 0
1644400 0 0
1644500 0 0
1644600 0 0
1644700 0 0
1644800 0 0
1644900 0 0
1645000 0 0
1645100 0 0
1645200 0 0
1645300 0 0
1645400 0 0
1645500 0 0
1645600 0 0
1645700 0 0
1645800 0 0
1645900 0 0
1646000 0 0
1646100 0 0
1646200 0 0
1646300 0 0
1646400 0 0
1646500 0 0
1646600 0 0
1646700 0 0
1646800 0 0
1646900 0 0
1647000 0 0
1647100 0 0
1647200 0 0
1647300 0 0
1647400 0 0
1647500 0 0
1647600 0 0
1647700 0 0
1647800 0 0
1647900 0 0
1648000 0 0
1648100 0 0
1648200 0 0
1648300 0 0
1648400 0 0
1648500 0 0
1648600 0 0
1648700 0 0
1648800 0 0
1648900 0 0
1649000 0 0
1649100 0 0
1649200 0 0
1649300 0 0
1649400 0 0
1649500 0 0
1649600 0 0
1649700 0 0
1649800 0 0
1649900 0 0
1650000 0 0
1650100 0 0
1650200 0 0
1650300 0 0
1650400 0 0
1650500 0 0
1650600 0 0
1650700 0 0
1650800 0 0
1650900 0 0
1651000 0 0
1651100 0 0
1651200 0 0
1651300 0 0
1651400 0 0
1651500 0 0
1651600 0 0
1651700 0 0
1651800 0 0
1651900 0 0
1652000 0 0
1652100 0 0
1652200 0 0
1652300 0 0
1652400 0 0
1652500 0 0
1652600 0 0
1652700 0 0
1652800 0 0
1652900 0 0
1653000 0 0
1653100 0 0
1653200 0 0
1653300 0 0
1653400 0 0
1653500 0 0
1653600 0 0
1653700 0 0
1653800 0 0
1653900 0 0
1654000 0 0
1654100 0 0
1654200 0 0
1654300 0 0
1654400 0 0
1654500 0 0
1654600 0 0
1654700 0 0
1654800 0 0
1654900 0 0
1655000 0 0
1655100 0 0
1655200 0 0
1655300 0 0
1655400 0 0
1655500 0 0
1655600 0 0
1655700 0 0
1655800 0 0
1655900 0 0
1656000 0 0
1656100 0 0
1656200 0 0
1656300 0 0
1656400 0 0
1656500 0 0
1656600 0 0
1656700 0 0
1656800 0 0
1656900 0 0
1657000 0 0
1657100 0 0
1657200 0 0
1657300 0 0
1657400 0 0
1657500 0 0
1657600 0 0
1657700 0 0
1657800 0 0
1657900 0 0
1658000 0 0
1658100 0 0
1658200 0 0
1658300 0 0
1658400 0 0
1658500 0 0
1658600 0 0
1658700 0 0
1658800 0 0
1658900 0 0
1659000 0 0
1659100 0 0
1659200 0 0
1659300 0 0
1659400 0 0
1659500 0 0
1659600 0 0
1659700 0 0
1659800 0 0
1659900 0 0
1660000 0 0
1660100 0 0
1660200 0 0
1660300 0 0
1660400 0 0
1660500 0 0
1660600 0 0
1660700 0 0
1660800 0 0
1660900 0 0
1661000 0 0
1661100 0 0
1661200 0 0
1661300 0 0
1661400 0 0
1661500 0 0
1661600 0 0
1661700 0 0
1661800 0 0
1661900 0 0
1662000 0 0
1662100 0 0
1662200 0 0
1662300 0 0
1662400 0 0
1662500 0 0
1662600 0 0
1662700 0 0
1662800 0 0
1662900 0 0
1663000 0 0
1663100 0 0
1663200 0 0
1663300 0 0
1663400 0 0
1663500 0 0
1663600 0 0
1663700 0 0
1663800 0 0
1663900 0 0
1664000 0 0
1664100 0 0
1664200 0 0
1664300 0 0
1664400 0 0
1664500 0 0
1664600 0 0
1664700 0 0
1664800 0 0
1664900 0 0
1665000 0 0
1665100 0 0
1665200 0 0
1665300 0 0
1665400 0 0
1665500 0 0
1665600 0 0
1665700 0 0
1665800 0 0
1665900 0 0
1666000 0 0
1666100 0 0
1666200 0 0
1666300 0 0
1666400 0 0
1666500 0 0
1666600 0 0
1666700 0 0
1666800 0 0
1666900 0 0
1667000 0 0
1667100 0 0
1667200 0 0
1667300 0 0
1667400 0 0
1667500 0 0
1667600 0 0
1667700 0 0
1667800 0 0
1667900 0 0
1668000 0 0
1668100 0 0
1668200 0 0
1668300 0 0
1668400 0 0
1668500 0 0
1668600 0 0
1668700 0 0
1668800 0 0
1668900 0 0
1669000 0 0
1669100 0 0
1669200 0 0
1669300 0 0
1669400 0 0
1669500 0 0
1669600 0 0
1669700 0 0
1669800 0 0
1669900 0 0
1670000 0 0
1670100 0 0
1670200 0 0
1670300 0 0
1670400 0 0
1670500 0 0
1670600 0 0
1670700 0 0
1670800 0 0
1670900 0 0
1671000 0 0
1671100 0 0
1671200 0 0
1671300 0 0
1671400 0 0
1671500 0 0
1671600 0 0
1671700 0 0
1671800 0 0
1671900 0 0
1672000 0 0
1672100 0 0
1672200 0 0
1672300 0 0
1672400 0 0
1672500 0 0
1672600 0 0
1672700 0 0
1672800 0 0
1672900 0 0
1673000 0 0
1673100 0 0
1673200 0 0
1673300 0 0
1673400 0 0
1673500 0 0
1673600 0 0
1673700 0 0
1673800 0 0
1673900 0 0
1674000 0 0
1674100 0 0
1674200 0 0
1674300 0 0
1674400 0 0
1674500 0 0
1674600 0 0
1674700 0 0
1674800 0 0
1674900 0 0
1675000 0 0
1675100 0 0
1675200 0 0
1675300 0 0
1675400 0 0
1675500 0 0
1675600 0 0
1675700 0 0
1675800 0 0
1675900 0 0
1676000 0 0
1676100 0 0
1676200 0 0
1676300 0 0
1676400 0 0
1676500 0 0
1676600 0 0
1676700 0 0
1676800 0 0
1676900 0 0
1677000 0 0
1677100 0 0
1677200 0 0
1677300 0 0
1677400 0 0
1677500 0 0
1677600 0 0
1677700 0 0
1677800 0 0
1677900 0 0
1678000 0 0
1678100 0 0
1678200 0 0
1678300 0 0
1678400 0 0
1678500 0 0
1678600 0 0
1678700 0 0
1678800 0 0
1678900 0 0
1679000 0 0
1679100 0 0
1679200 0 0
1679300 0 0
1679400 0 0
1679500 0 0
1679600 0 0
1679700 0 0
1679800 0 0
1679900 0 0
1680000 0 0
1680100 0 0
1680200 0 0
1680300 0 0
1680400 0 0
1680500 0 0
1680600 0 0
1680700 0 0
1680800 0 0
1680900 0 0
1681000 0 0
1681100 0 0
1681200 0 0
1681300 0 0
1681400 0 0
1681500 0 0
1681600 0 0
1681700 0 0
1681800 0 0
1681900 0 0
1682000 0 0
1682100 0 0
1682200 0 0
1682300 0 0
1682400 0 0
1682500 0 0
1682600 0 0
1682700 0 0
1682800 0 0
1682900 0 0
1683000 0 0
1683100 0 0
1683200 0 0
1683300 0 0
1683400 0 0
1683500 0 0
1683600 0 0
1683700 0 0
1683800 0 0
1683900 0 0
1684000 0 0
1684100 0 0
1684200 0 0
1684300 0 0
1684400 0 0
1684500 0 0
1684600 0 0
1684700 0 0
1684800 0 0
1684900 0 0
1685000 0 0
1685100 0 0
1685200 0 0
1685300 0 0
1685400 0 0
1685500 0 0
1685600 0 0
1685700 0 0
1685800 0 0
1685900 0 0
1686000 0 0
1686100 0 0
1686200 0 0
1686300 0 0
1686400 0 0
1686500 0 0
1686600 0 0
1686700 0 0
1686800 0 0
1686900 0 0
1687000 0 0
1687100 0 0
1687200 0 0
1687300 0 0
1687400 0 0
1687500 0 0
1687600 0 0
1687700 0 0
1687800 0 0
1687900 0 0
1688000 0 0
1688100 0 0
1688200 0 0
1688300 0 0
1688400 0 0
1688500 0 0
1688600 0 0
1688700 0 0
1688800 0 0
1688900 0 0
1689000 0 0
1689100 0 0
1689200 0 0
1689300 0 0
1689400 0 0
1689500 0 0
1689600 0 0
1689700 0 0
1689800 0 0
1689900 0 0
1690000 0 0
1690100 0 0
1690200 0 0
1690300 0 0
1690400 0 0
1690500 0 0
1690600 0 0
1690700 0 0
1690800 0 0
1690900 0 0
1691000 0 0
1691100 0 0
1691200 0 0
1691300 0 0
1691400 0 0
1691500 0 0
1691600 0 0
1691700 0 0
1691800 0 0
1691900 0 0
1692000 0 0
1692100 0 0
1692200 0 0
1692300 0 0
1692400 0 0
1692500 0 0
1692600 0 0
1692700 0 0
1692800 0 0
1692900 0 0
1693000 0 0
1693100 0 0
1693200 0 0
1693300 0 0
1693400 0 0
1693500 0 0
1693600 0 0
1693700 0 0
1693800 0 0
1693900 0 0
1694000 0 0
1694100 0 0
1694200 0 0
1694300 0 0
1694400 0 0
1694500 0 0
1694600 0 0
1694700 0 0
1694800 0 0
1694900 0 0
1695000 0 0
1695100 0 0
1695200 0 0
1695300 0 0
1695400 0 0
1695500 0 0
1695600 0 0
1695700 0 0
1695800 0 0
1695900 0 0
1696000 0 0
1696100 0 0
1696200 0 0
1696300 0 0
1696400 0 0
1696500 0 0
1696600 0 0
1696700 0 0
1696800 0 0
1696900 0 0
1697000 0 0
1697100 0 0
1697200 0 0
1697300 0 0
1697400 0 0
1697500 0 0
1697600 0 0
1697700 0 0
1697800 0 0
1697900 0 0
1698000 0 0
1698100 0 0
1698200 0 0
1698300 0 0
1698400 0 0
1698500 0 0
1698600 0 0
1698700 0 0
1698800 0 0
1698900 0 0
1699000 0 0
1699100 0 0
1699200 0 0
1699300 0 0
1699400 0 0
1699500 0 0
1699600 0 0
1699700 0 0
1699800 0 0
1699900 0 0
1700000 0 0
1700100 0 0
1700200 0 0
1700300 0 0
1700400 0 0
1700500 0 0
1700600 0 0
1700700 0 0
1700800 0 0
1700900 0 0
1701000 0 0
1701100 0 0
1701200 0 0
1701300 0 0
1701400 0 0
1701500 0 0
1701600 0 0
1701700 0 0
1701800 0 0
1701900 0 0
1702000 0 0
1702100 0 0
1702200 0 0
1702300 0 0
1702400 0 0
1702500 0 0
1702600 0 0
1702700 0 0
1702800 0 0
1702900 0 0
1703000 0 0
1703100 0 0
1703200 0 0
1703300 0 0
1703400 0 0
1703500 0 0
1703600 0 0
1703700 0 0
1703800 0 0
1703900 0 0
1704000 0 0
1704100 0 0
1704200 0 0
1704300 0 0
1704400 0 0
1704500 0 0
1704600 0 0
1704700 0 0
1704800 0 0
1704900 0 0
1705000 0 0
1705100 0 0
1705200 0 0
1705300 0 0
1705400 0 0
1705500 0 0
1705600 0 0
1705700 0 0
1705800 0 0
1705900 0 0
1706000 0 0
1706100 0 0
1706200 0 0
1706300 0 0
1706400 0 0
1706500 0 0
1706600 0 0
1706700 0 0
1706800 0 0
1706900 0 0
1707000 0 0
1707100 0 0
1707200 0 0
1707300 0 0
1707400 0 0
1707500 0 0
1707600 0 0
1707700 0 0
1707800 0 0
1707900 0 0
1708000 0 0
1708100 0 0
1708200 0 0
1708300 0 0
1708400 0 0
1708500 0 0
1708600 0 0
1708700 0 0
1708800 0 0
1708900 0 0
1709000 0 0
1709100 0 0
1709200 0 0
1709300 0 0
1709400 0 0
1709500 0 0
1709600 0 0
1709700 0 0
1709800 0 0
1709900 0 0
1710000 0 0
1710100 0 0
1710200 0 0
1710300 0 0
1710400 0 0
1710500 0 0
1710600 0 0
1710700 0 0
1710800 0 0
1710900 0 0
1711000 0 0
1711100 0 0
1711200 0 0
1711300 0 0
1711400 0 0
1711500 0 0
1711600 0 0
1711700 0 0
1711800 0 0
1711900 0 0
1712000 0 0
1712100 0 0
1712200 0 0
1712300 0 0
1712400 0 0
1712500 0 0
1712600 0 0
1712700 0 0
1712800 0 0
1712900 0 0
1713000 0 0
1713100 0 0
1713200 0 0
1713300 0 0
1713400 0 0
1713500 0 0
1713600 0 0
1713700 0 0
1713800 0 0
1713900 0 0
1714000 0 0
1714100 0 0
1714200 0 0
1714300 0 0
1714400 0 0
1714500 0 0
1714600 0 0
1714700 0 0
1714800 0 0
1714900 0 0
1715000 0 0
1715100 0 0
1715200 0 0
1715300 0 0
1715400 0 0
1715500 0 0
1715600 0 0
1715700 0 0
1715800 0 0
1715900 0 0
1716000 0 0
1716100 0 0
1716200 0 0
1716300 0 0
1716400 0 0
1716500 0 0
1716600 0 0
1716700 0 0
1716800 0 0
1716900 0 0
1717000 0 0
1717100 0 0
1717200 0 0
1717300 0 0
1717400 0 0
1717500 0 0
1717600 0 0
1717700 0 0
1717800 0 0
1717900 0 0
1718000 0 0
1718100 0 0
1718200 0 0
1718300 0 0
1718400 0 0
1718500 0 0
1718600 0 0
1718700 0 0
1718800 0 0
1718900 0 0
1719000 0 0
1719100 0 0
1719200 0 0
1719300 0 0
1719400 0 0
1719500 0 0
1719600 0 0
1719700 0 0
1719800 0 0
1719900 0 0
1720000 0 0
1720100 0 0
1720200 0 0
1720300 0 0
1720400 0 0
1720500 0 0
1720600 0 0
1720700 0 0
1720800 0 0
1720900 0 0
1721000 0 0
1721100 0 0
1721200 0 0
1721300 0 0
1721400 0 0
1721500 0 0
1721600 0 0
1721700 0 0
1721800 0 0
1721900 0 0
1722000 0 0
1722100 0 0
1722200 0 0
1722300 0 0
1722400 0 0
1722500 0 0
1722600 0 0
1722700 0 0
1722800 0 0
1722900 0 0
1723000 0 0
1723100 0 0
1723200 0 0
1723300 0 0
1723400 0 0
1723500 0 0
1723600 0 0
1723700 0 0
1723800 0 0
1723900 0 0
1724000 0 0
1724100 0 0
1724200 0 0
1724300 0 0
1724400 0 0
1724500 0 0
1724600 0 0
1724700 0 0
1724800 0 0
1724900 0 0
1725000 0 0
1725100 0 0
1725200 0 0
1725300 0 0
1725400 0 0
1725500 0 0
1725600 0 0
1725700 0 0
1725800 0 0
1725900 0 0
1726000 0 0
1726100 0 0
1726200 0 0
1726300 0 0
1726400 0 0
1726500 0 0
1726600 0 0
1726700 0 0
1726800 0 0
1726900 0 0
1727000 0 0
1727100 0 0
1727200 0 0
1727300 0 0
1727400 0 0
1727500 0 0
1727600 0 0
1727700 0 0
1727800 0 0
1727900 0 0
1728000 0 0
1728100 0 0
1728200 0 0
1728300 0 0
1728400 0 0
1728500 0 0
1728600 0 0
1728700 0 0
1728800 0 0
1728900 0 0
1729000 0 0
1729100 0 0
1729200 0 0
1729300 0 0
1729400 0 0
1729500 0 0
1729600 0 0
1729700 0 0
1729800 0 0
1729900 0 0
1730000 0 0
1730100 0 0
1730200 0 0
1730300 0 0
1730400 0 0
1730500 0 0
1730600 0 0
1730700 0 0
1730800 0 0
1730900 0 0
1731000 0 0
1731100 0 0
1731200 0 0
1731300 0 0
1731400 0 0
1731500 0 0
1731600 0 0
1731700 0 0
1731800 0 0
1731900 0 0
1732000 0 0
1732100 0 0
1732200 0 0
1732300 0 0
1732400 0 0
1732500 0 0
1732600 0 0
1732700 0 0
1732800 0 0
1732900 0 0
1733000 0 0
1733100 0 0
1733200 0 0
1733300 0 0
1733400 0 0
1733500 0 0
1733600 0 0
1733700 0 0
1733800 0 0
1733900 0 0
1734000 0 0
1734100 0 0
1734200 0 0
1734300 0 0
1734400 0 0
1734500 0 0
1734600 0 0
1734700 0 0
1734800 0 0
1734900 0 0
1735000 0 0
1735100 0 0
1735200 0 0
1735300 0 0
1735400 0 0
1735500 0 0
1735600 0 0
1735700 0 0
1735800 0 0
1735900 0 0
1736000 0 0
1736100 0 0
1736200 0 0
1736300 0 0
1736400 0 0
1736500 0 0
1736600 0 0
1736700 0 0
1736800 0 0
1736900 0 0
1737000 0 0
1737100 0 0
1737200 0 0
1737300 0 0
1737400 0 0
1737500 0 0
1737600 0 0
1737700 0 0
1737800 0 0
1737900 0 0
1738000 0 0
1738100 0 0
1738200 0 0
1738300 0 0
1738400 0 0
1738500 0 0
1738600 0 0
1738700 0 0
1738800 0 0
1738900 0 0
1739000 0 0
1739100 0 0
1739200 0 0
1739300 0 0
1739400 0 0
1739500 0 0
1739600 0 0
1739700 0 0
1739800 0 0
1739900 0 0
1740000 0 0
1740100 0 0
1740200 0 0
1740300 0 0
1740400 0 0
1740500 0 0
1740600 0 0
1740700 0 0
1740800 0 0
1740900 0 0
1741000 0 0
1741100 0 0
1741200 0 0
1741300 0 0
1741400 0 0
1741500 0 0
1741600 0 0
1741700 0 0
1741800 0 0
1741900 0 0
1742000 0 0
1742100 0 0
1742200 0 0
1742300 0 0
1742400 0 0
1742500 0 0
1742600 0 0
1742700 0 0
1742800 0 0
1742900 0 0
1743000 0 0
1743100 0 0
1743200 0 0
1743300 0 0
1743400 0 0
1743500 0 0
1743600 0 0
1743700 0 0
1743800 0 0
1743900 0 0
1744000 0 0
1744100 0 0
1744200 0 0
1744300 0 0
1744400 0 0
1744500 0 0
1744600 0 0
1744700 0 0
1744800 0 0
1744900 0 0
1745000 0 0
1745100 0 0
1745200 0 0
1745300 0 0
1745400 0 0
1745500 0 0
1745600 0 0
1745700 0 0
1745800 0 0
1745900 0 0
1746000 0 0
1746100 0 0
1746200 0 0
1746300 0 0
1746400 0 0
1746500 0 0
1746600 0 0
1746700 0 0
1746800 0 0
1746900 0 0
1747000 0 0
1747100 0 0
1747200 0 0
1747300 0 0
1747400 0 0
1747500 0 0
1747600 0 0
1747700 0 0
1747800 0 0
1747900 0 0
1748000 0 0
1748100 0 0
1748200 0 0
1748300 0 0
1748400 0 0
1748500 0 0
1748600 0 0
1748700 0 0
1748800 0 0
1748900 0 0
1749000 0 0
1749100 0 0
1749200 0 0
1749300 0 0
1749400 0 0
1749500 0 0
1749600 0 0
1749700 0 0
1749800 0 0
1749900 0 0
1750000 0 0
1750100 0 0
1750200 0 0
1750300 0 0
1750400 0 0
1750500 0 0
1750600 0 0
1750700 0 0
1750800 0 0
1750900 0 0
1751000 0 0
1751100 0 0
1751200 0 0
1751300 0 0
1751400 0 0
1751500 0 0
1751600 0 0
1751700 0 0
1751800 0 0
1751900 0 0
1752000 0 0
1752100 0 0
1752200 0 0
1752300 0 0
1752400 0 0
1752500 0 0
1752600 0 0
1752700 0 0
1752800 0 0
1752900 0 0
1753000 0 0
1753100 0 0
1753200 0 0
1753300 0 0
1753400 0 0
1753500 0 0
1753600 0 0
1753700 0 0
1753800 0 0
1753900 0 0
1754000 0 0
1754100 0 0
1754200 0 0
1754300 0 0
1754400 0 0
1754500 0 0
1754600 0 0
1754700 0 0
1754800 0 0
1754900 0 0
1755000 0 0
1755100 0 0
1755200 0 0
1755300 0 0
1755400 0 0
1755500 0 0
1755600 0 0
1755700 0 0
1755800 0 0
1755900 0 0
1756000 0 0
1756100 0 0
1756200 0 0
1756300 0 0
1756400 0 0
1756500 0 0
1756600 0 0
1756700 0 0
1756800 0 0
1756900 0 0
1757000 0 0
1757100 0 0
1757200 0 0
1757300 0 0
1757400 0 0
1757500 0 0
1757600 0 0
1757700 0 0
1757800 0 0
1757900 0 0
1758000 0 0
1758100 0 0
1758200 0 0
1758300 0 0
1758400 0 0
1758500 0 0
1758600 0 0
1758700 0 0
1758800 0 0
1758900 0 0
1759000 0 0
1759100 0 0
1759200 0 0
1759300 0 0
1759400 0 0
1759500 0 0
1759600 0 0
1759700 0 0
1759800 0 0
1759900 0 0
1760000 0 0
1760100 0 0
1760200 0 0
1760300 0 0
1760400 0 0
1760500 0 0
1760600 0 0
1760700 0 0
1760800 0 0
1760900 0 0
1761000 0 0
1761100 0 0
1761200 0 0
1761300 0 0
1761400 0 0
1761500 0 0
1761600 0 0
1761700 0 0
1761800 0 0
1761900 0 0
1762000 0 0
1762100 0 0
1762200 0 0
1762300 0 0
1762400 0 0
1762500 0 0
1762600 0 0
1762700 0 0
1762800 0 0
1762900 0 0
1763000 0 0
1763100 0 0
1763200 0 0
1763300 0 0
1763400 0 0
1763500 0 0
1763600 0 0
1763700 0 0
1763800 0 0
1763900 0 0
1764000 0 0
1764100 0 0
1764200 0 0
1764300 0 0
1764400 0 0
1764500 0 0
1764600 0 0
1764700 0 0
1764800 0 0
1764900 0 0
1765000 0 0
1765100 0 0
1765200 0 0
1765300 0 0
1765400 0 0
1765500 0 0
1765600 0 0
1765700 0 0
1765800 0 0
1765900 0 0
1766000 0 0
1766100 0 0
1766200 0 0
1766300 0 0
1766400 0 0
1766500 0 0
1766600 0 0
1766700 0 0
1766800 0 0
1766900 0 0
1767000 0 0
1767100 0 0
1767200 0 0
1767300 0 0
1767400 0 0
1767500 0 0
1767600 0 0
1767700 0 0
1767800 0 0
1767900 0 0
1768000 0 0
1768100 0 0
1768200 0 0
1768300 0 0
1768400 0 0
1768500 0 0
1768600 0 0
1768700 0 0
1768800 0 0
1768900 0 0
1769000 0 0
1769100 0 0
1769200 0 0
1769300 0 0
1769400 0 0
1769500 0 0
1769600 0 0
1769700 0 0
1769800 0 0
1769900 0 0
1770000 0 0
1770100 0 0
1770200 0 0
1770300 0 0
1770400 0 0
1770500 0 0
1770600 0 0
1770700 0 0
1770800 0 0
1770900 0 0
1771000 0 0
1771100 0 0
1771200 0 0
1771300 0 0
1771400 0 0
1771500 0 0
1771600 0 0
1771700 0 0
1771800 0 0
1771900 0 0
1772000 0 0
1772100 0 0
1772200 0 0
1772300 0 0
1772400 0 0
1772500 0 0
1772600 0 0
1772700 0 0
1772800 0 0
1772900 0 0
1773000 0 0
1773100 0 0
1773200 0 0
1773300 0 0
1773400 0 0
1773500 0 0
1773600 0 0
1773700 0 0
1773800 0 0
1773900 0 0
1774000 0 0
1774100 0 0
1774200 0 0
1774300 0 0
1774400 0 0
1774500 0 0
1774600 0 0
1774700 0 0
1774800 0 0
1774900 0 0
1775000 0 0
1775100 0 0
1775200 0 0
1775300 0 0
1775400 0 0
1775500 0 0
1775600 0 0
1775700 0 0
1775800 0 0
1775900 0 0
1776000 0 0
1776100 0 0
1776200 0 0
1776300 0 0
1776400 0 0
1776500 0 0
1776600 0 0
1776700 0 0
1776800 0 0
1776900 0 0
1777000 0 0
1777100 0 0
1777200 0 0
1777300 0 0
1777400 0 0
1777500 0 0
1777600 0 0
1777700 0 0
1777800 0 0
1777900 0 0
1778000 0 0
1778100 0 0
1778200 0 0
1778300 0 0
1778400 0 0
1778500 0 0
1778600 0 0
1778700 0 0
1778800 0 0
1778900 0 0
1779000 0 0
1779100 0 0
1779200 0 0
1779300 0 0
1779400 0 0
1779500 0 0
1779600 0 0
1779700 0 0
1779800 0 0
1779900 0 0
1780000 0 0
1780100 0 0
1780200 0 0
1780300 0 0
1780400 0 0
1780500 0 0
1780600 0 0
1780700 0 0
1780800 0 0
1780900 0 0
1781000 0 0
1781100 0 0
1781200 0 0
1781300 0 0
1781400 0 0
1781500 0 0
1781600 0 0
1781700 0 0
1781800 0 0
1781900 0 0
1782000 0 0
1782100 0 0
1782200 0 0
1782300 0 0
1782400 0 0
1782500 0 0
1782600 0 0
1782700 0 0
1782800 0 0
1782900 0 0
1783000 0 0
1783100 0 0
1783200 0 0
1783300 0 0
1783400 0 0
1783500 0 0
1783600 0 0
1783700 0 0
1783800 0 0
1783900 0 0
1784000 0 0
1784100 0 0
1784200 0 0
1784300 0 0
1784400 0 0
1784500 0 0
1784600 0 0
1784700 0 0
1784800 0 0
1784900 0 0
1785000 0 0
1785100 0 0
1785200 0 0
1785300 0 0
1785400 0 0
1785500 0 0
1785600 0 0
1785700 0 0
1785800 0 0
1785900 0 0
1786000 0 0
1786100 0 0
1786200 0 0
1786300 0 0
1786400 0 0
1786500 0 0
1786600 0 0
1786700 0 0
1786800 0 0
1786900 0 0
1787000 0 0
1787100 0 0
1787200 0 0
1787300 0 0
1787400 0 0
1787500 0 0
1787600 0 0
1787700 0 0
1787800 0 0
1787900 0 0
1788000 0 0
1788100 0 0
1788200 0 0
1788300 0 0
1788400 0 0
1788500 0 0
1788600 0 0
1788700 0 0
1788800 0 0
1788900 0 0
1789000 0 0
1789100 0 0
1789200 0 0
1789300 0 0
1789400 0 0
1789500 0 0
1789600 0 0
1789700 0 0
1789800 0 0
1789900 0 0
1790000 0 0
1790100 0 0
1790200 0 0
1790300 0 0
1790400 0 0
1790500 0 0
1790600 0 0
1790700 0 0
1790800 0 0
1790900 0 0
1791000 0 0
1791100 0 0
1791200 0 0
1791300 0 0
1791400 0 0
1791500 0 0
1791600 0 0
1791700 0 0
1791800 0 0
1791900 0 0
1792000 0 0
1792100 0 0
1792200 0 0
1792300 0 0
1792400 0 0
1792500 0 0
1792600 0 0
1792700 0 0
1792800 0 0
1792900 0 0
1793000 0 0
1793100 0 0
1793200 0 0
1793300 0 0
1793400 0 0
1793500 0 0
1793600 0 0
1793700 0 0
1793800 0 0
1793900 0 0
1794000 0 0
1794100 0 0
1794200 0 0
1794300 0 0
1794400 0 0
1794500 0 0
1794600 0 0
1794700 0 0
1794800 0 0
1794900 0 0
1795000 0 0
1795100 0 0
1795200 0 0
1795300 0 0
1795400 0 0
1795500 0 0
1795600 0 0
1795700 0 0
1795800 0 0
1795900 0 0
1796000 0 0
1796100 0 0
1796200 0 0
1796300 0 0
1796400 0 0
1796500 0 0
1796600 0 0
1796700 0 0
1796800 0 0
1796900 0 0
1797000 0 0
1797100 0 0
1797200 0 0
1797300 0 0
1797400 0 0
1797500 0 0
1797600 0 0
1797700 0 0
1797800 0 0
1797900 0 0
1798000 0 0
1798100 0 0
1798200 0 0
1798300 0 0
1798400 0 0
1798500 0 0
1798600 0 0
1798700 0 0
1798800 0 0
1798900 0 0
1799000 0 0
1799100 0 0
1799200 0 0
1799300 0 0
1799400 0 0
1799500 0 0
1799600 0 0
1799700 0 0
1799800 0 0
1799900 0 0
1800000 0 0
1800100 0 0
1800200 0 0
1800300 0 0
1800400 0 0
1800500 0 0
1800600 0 0
1800700 0 0
1800800 0 0
1800900 0 0
1801000 0 0
1801100 0 0
1801200 0 0
1801300 0 0
1801400 0 0
1801500 0 0
1801600 0 0
1801700 0 0
1801800 0 0
1801900 0 0
1802000 0 0
1802100 0 0
1802200 0 0
1802300 0 0
1802400 0 0
1802500 0 0
1802600 0 0
1802700 0 0
1802800 0 0
1802900 0 0
1803000 0 0
1803100 0 0
1803200 0 0
1803300 0 0
1803400 0 0
1803500 0 0
1803600 0 0
1803700 0 0
1803800 0 0
1803900 0 0
1804000 0 0
1804100 0 0
1804200 0 0
1804300 0 0
1804400 0 0
1804500 0 0
1804600 0 0
1804700 0 0
1804800 0 0
1804900 0 0
1805000 0 0
1805100 0 0
1805200 0 0
1805300 0 0
1805400 0 0
1805500 0 0
1805600 0 0
1805700 0 0
1805800 0 0
1805900 0 0
1806000 0 0
1806100 0 0
1806200 0 0
1806300 0 0
1806400 0 0
1806500 0 0
1806600 0 0
1806700 0 0
1806800 0 0
1806900 0 0
1807000 0 0
1807100 0 0
1807200 0 0
1807300 0 0
1807400 0 0
1807500 0 0
1807600 0 0
1807700 0 0
1807800 0 0
1807900 0 0
1808000 0 0
1808100 0 0
1808200 0 0
1808300 0 0
1808400 0 0
1808500 0 0
1808600 0 0
1808700 0 0
1808800 0 0
1808900 0 0
1809000 0 0
1809100 0 0
1809200 0 0
1809300 0 0
1809400 0 0
1809500 0 0
1809600 0 0
1809700 0 0
1809800 0 0
1809900 0 0
1810000 0 0
1810100 0 0
1810200 0 0
1810300 0 0
1810400 0 0
1810500 0 0
1810600 0 0
1810700 0 0
1810800 0 0
1810900 0 0
1811000 0 0
1811100 0 0
1811200 0 0
1811300 0 0
1811400 0 0
1811500 0 0
1811600 0 0
1811700 0 0
1811800 0 0
1811900 0 0
1812000 0 0
1812100 0 0
1812200 0 0
1812300 0 0
1812400 0 0
1812500 0 0
1812600 0 0
1812700 0 0
1812800 0 0
1812900 0 0
1813000 0 0
1813100 0 0
1813200 0 0
1813300 0 0
1813400 0 0
1813500 0 0
1813600 0 0
1813700 0 0
1813800 0 0
1813900 0 0
1814000 0 0
1814100 0 0
1814200 0 0
1814300 0 0
1814400 0 0
1814500 0 0
1814600 0 0
1814700 0 0
1814800 0 0
1814900 0 0
1815000 0 0
1815100 0 0
1815200 0 0
1815300 0 0
1815400 0 0
1815500 0 0
1815600 0 0
1815700 0 0
1815800 0 0
1815900 0 0
1816000 0 0
1816100 0 0
1816200 0 0
1816300 0 0
1816400 0 0
1816500 0 0
1816600 0 0
1816700 0 0
1816800 0 0
1816900 0 0
1817000 0 0
1817100 0 0
1817200 0 0
1817300 0 0
1817400 0 0
1817500 0 0
1817600 0 0
1817700 0 0
1817800 0 0
1817900 0 0
1818000 0 0
1818100 0 0
1818200 0 0
1818300 0 0
1818400 0 0
1818500 0 0
1818600 0 0
1818700 0 0
1818800 0 0
1818900 0 0
1819000 0 0
1819100 0 0
1819200 0 0
1819300 0 0
1819400 0 0
1819500 0 0
1819600 0 0
1819700 0 0
1819800 0 0
1819900 0 0
1820000 0 0
1820100 0 0
1820200 0 0
1820300 0 0
1820400 0 0
1820500 0 0
1820600 0 0
1820700 0 0
1820800 0 0
1820900 0 0
1821000 0 0
1821100 0 0
1821200 0 0
1821300 0 0
1821400 0 0
1821500 0 0
1821600 0 0
1821700 0 0
1821800 0 0
1821900 0 0
1822000 0 0
1822100 0 0
1822200 0 0
1822300 0 0
1822400 0 0
1822500 0 0
1822600 0 0
1822700 0 0
1822800 0 0
1822900 0 0
1823000 0 0
1823100 0 0
1823200 0 0
1823300 0 0
1823400 0 0
1823500 0 0
1823600 0 0
1823700 0 0
1823800 0 0
1823900 0 0
1824000 0 0
1824100 0 0
1824200 0 0
1824300 0 0
1824400 0 0
1824500 0 0
1824600 0 0
1824700 0 0
1824800 0 0
1824900 0 0
1825000 0 0
1825100 0 0
1825200 0 0
1825300 0 0
1825400 0 0
1825500 0 0
1825600 0 0
1825700 0 0
1825800 0 0
1825900 0 0
1826000 0 0
1826100 0 0
1826200 0 0
1826300 0 0
1826400 0 0
1826500 0 0
1826600 0 0
1826700 0 0
1826800 0 0
1826900 0 0
1827000 0 0
1827100 0 0
1827200 0 0
1827300 0 0
1827400 0 0
1827500 0 0
1827600 0 0
1827700 0 0
1827800 0 0
1827900 0 0
1828000 0 0
1828100 0 0
1828200 0 0
1828300 0 0
1828400 0 0
1828500 0 0
1828600 0 0
1828700 0 0
1828800 0 0
1828900 0 0
1829000 0 0
1829100 0 0
1829200 0 0
1829300 0 0
1829400 0 0
1829500 0 0
1829600 0 0
1829700 0 0
1829800 0 0
1829900 0 0
1830000 0 0
1830100 0 0
1830200 0 0
1830300 0 0
1830400 0 0
1830500 0 0
1830600 0 0
1830700 0 0
1830800 0 0
1830900 0 0
1831000 0 0
1831100 0 0
1831200 0 0
1831300 0 0
1831400 0 0
1831500 0 0
1831600 0 0
1831700 0 0
1831800 0 0
1831900 0 0
1832000 0 0
1832100 0 0
1832200 0 0
1832300 0 0
1832400 0 0
1832500 0 0
1832600 0 0
1832700 0 0
1832800 0 0
1832900 0 0
1833000 0 0
1833100 0 0
1833200 0 0
1833300 0 0
1833400 0 0
1833500 0 0
1833600 0 0
1833700 0 0
1833800 0 0
1833900 0 0
1834000 0 0
1834100 0 0
1834200 0 0
1834300 0 0
1834400 0 0
1834500 0 0
1834600 0 0
1834700 0 0
1834800 0 0
1834900 0 0
1835000 0 0
1835100 0 0
1835200 0 0
1835300 0 0
1835400 0 0
1835500 0 0
1835600 0 0
1835700 0 0
1835800 0 0
1835900 0 0
1836000 0 0
1836100 0 0
1836200 0 0
1836300 0 0
1836400 0 0
1836500 0 0
1836600 0 0
1836700 0 0
1836800 0 0
1836900 0 0
1837000 0 0
1837100 0 0
1837200 0 0
1837300 0 0
1837400 0 0
1837500 0 0
1837600 0 0
1837700 0 0
1837800 0 0
1837900 0 0
1838000 0 0
1838100 0 0
1838200 0 0
1838300 0 0
1838400 0 0
1838500 0 0
1838600 0 0
1838700 0 0
1838800 0 0
1838900 0 0
1839000 0 0
1839100 0 0
1839200 0 0
1839300 0 0
1839400 0 0
1839500 0 0
1839600 0 0
1839700 0 0
1839800 0 0
1839900 0 0
1840000 0 0
1840100 0 0
1840200 0 0
1840300 0 0
1840400 0 0
1840500 0 0
1840600 0 0
1840700 0 0
1840800 0 0
1840900 0 0
1841000 0 0
1841100 0 0
1841200 0 0
1841300 0 0
1841400 0 0
1841500 0 0
1841600 0 0
1841700 0 0
1841800 0 0
1841900 0 0
1842000 0 0
1842100 0 0
1842200 0 0
1842300 0 0
1842400 0 0
1842500 0 0
1842600 0 0
1842700 0 0
1842800 0 0
1842900 0 0
1843000 0 0
1843100 0 0
1843200 0 0
1843300 0 0
1843400 0 0
1843500 0 0
1843600 0 0
1843700 0 0
1843800 0 0
1843900 0 0
1844000 0 0
1844100 0 0
1844200 0 0
1844300 0 0
1844400 0 0
1844500 0 0
1844600 0 0
1844700 0 0
1844800 0 0
1844900 0 0
1845000 0 0
1845100 0 0
1845200 0 0
1845300 0 0
1845400 0 0
1845500 0 0
1845600 0 0
1845700 0 0
1845800 0 0
1845900 0 0
1846000 0 0
1846100 0 0
1846200 0 0
1846300 0 0
1846400 0 0
1846500 0 0
1846600 0 0
1846700 0 0
1846800 0 0
1846900 0 0
1847000 0 0
1847100 0 0
1847200 0 0
1847300 0 0
1847400 0 0
1847500 0 0
1847600 0 0
1847700 0 0
1847800 0 0
1847900 0 0
1848000 0 0
1848100 0 0
1848200 0 0
1848300 0 0
1848400 0 0
1848500 0 0
1848600 0 0
1848700 0 0
1848800 0 0
1848900 0 0
1849000 0 0
1849100 0 0
1849200 0 0
1849300 0 0
1849400 0 0
1849500 0 0
1849600 0 0
1849700 0 0
1849800 0 0
1849900 0 0
1850000 0 0
1850100 0 0
1850200 0 0
1850300 0 0
1850400 0 0
1850500 0 0
1850600 0 0
1850700 0 0
1850800 0 0
1850900 0 0
1851000 0 0
1851100 0 0
1851200 0 0
1851300 0 0
1851400 0 0
1851500 0 0
1851600 0 0
1851700 0 0
1851800 0 0
1851900 0 0
1852000 0 0
1852100 0 0
1852200 0 0
1852300 0 0
1852400 0 0
1852500 0 0
1852600 0 0
1852700 0 0
1852800 0 0
1852900 0 0
1853000 0 0
1853100 0 0
1853200 0 0
1853300 0 0
1853400 0 0
1853500 0 0
1853600 0 0
1853700 0 0
1853800 0 0
1853900 0 0
1854000 0 0
1854100 0 0
1854200 0 0
1854300 0 0
1854400 0 0
1854500 0 0
1854600 0 0
1854700 0 0
1854800 0 0
1854900 0 0
1855000 0 0
1855100 0 0
1855200 0 0
1855300 0 0
1855400 0 0
1855500 0 0
1855600 0 0
1855700 0 0
1855800 0 0
1855900 0 0
1856000 0 0
1856100 0 0
1856200 0 0
1856300 0 0
1856400 0 0
1856500 0 0
1856600 0 0
1856700 0 0
1856800 0 0
1856900 0 0
1857000 0 0
1857100 0 0
1857200 0 0
1857300 0 0
1857400 0 0
1857500 0 0
1857600 0 0
1857700 0 0
1857800 0 0
1857900 0 0
1858000 0 0
1858100 0 0
1858200 0 0
1858300 0 0
1858400 0 0
1858500 0 0
1858600 0 0
1858700 0 0
1858800 0 0
1858900 0 0
1859000 0 0
1859100 0 0
1859200 0 0
1859300 0 0
1859400 0 0
1859500 0 0
1859600 0 0
1859700 0 0
1859800 0 0
1859900 0 0
1860000 0 0
1860100 0 0
1860200 0 0
1860300 0 0
1860400 0 0
1860500 0 0
1860600 0 0
1860700 0 0
1860800 0 0
1860900 0 0
1861000 0 0
1861100 0 0
1861200 0 0
1861300 0 0
1861400 0 0
1861500 0 0
1861600 0 0
1861700 0 0
1861800 0 0
1861900 0 0
1862000 0 0
1862100 0 0
1862200 0 0
1862300 0 0
1862400 0 0
1862500 0 0
1862600 0 0
1862700 0 0
1862800 0 0
1862900 0 0
1863000 0 0
1863100 0 0
1863200 0 0
1863300 0 0
1863400 0 0
1863500 0 0
1863600 0 0
1863700 0 0
1863800 0 0
1863900 0 0
1864000 0 0
1864100 0 0
1864200 0 0
1864300 0 0
1864400 0 0
1864500 0 0
1864600 0 0
1864700 0 0
1864800 0 0
1864900 0 0
1865000 0 0
1865100 0 0
1865200 0 0
1865300 0 0
1865400 0 0
1865500 0 0
1865600 0 0
1865700 0 0
1865800 0 0
1865900 0 0
1866000 0 0
1866100 0 0
1866200 0 0
1866300 0 0
1866400 0 0
1866500 0 0
1866600 0 0
1866700 0 0
1866800 0 0
1866900 0 0
1867000 0 0
1867100 0 0
1867200 0 0
1867300 0 0
1867400 0 0
1867500 0 0
1867600 0 0
1867700 0 0
1867800 0 0
1867900 0 0
1868000 0 0
1868100 0 0
1868200 0 0
1868300 0 0
1868400 0 0
1868500 0 0
1868600 0 0
1868700 0 0
1868800 0 0
1868900 0 0
1869000 0 0
1869100 0 0
1869200 0 0
1869300 0 0
1869400 0 0
1869500 0 0
1869600 0 0
1869700 0 0
1869800 0 0
1869900 0 0
1870000 0 0
1870100 0 0
1870200 0 0
1870300 0 0
1870400 0 0
1870500 0 0
1870600 0 0
1870700 0 0
1870800 0 0
1870900 0 0
1871000 0 0
1871100 0 0
1871200 0 0
1871300 0 0
1871400 0 0
1871500 0 0
1871600 0 0
1871700 0 0
1871800 0 0
1871900 0 0
1872000 0 0
1872100 0 0
1872200 0 0
1872300 0 0
1872400 0 0
1872500 0 0
1872600 0 0
1872700 0 0
1872800 0 0
1872900 0 0
1873000 0 0
1873100 0 0
1873200 0 0
1873300 0 0
1873400 0 0
1873500 0 0
1873600 0 0
1873700 0 0
1873800 0 0
1873900 0 0
1874000 0 0
1874100 0 0
1874200 0 0
1874300 0 0
1874400 0 0
1874500 0 0
1874600 0 0
1874700 0 0
1874800 0 0
1874900 0 0
1875000 0 0
1875100 0 0
1875200 0 0
1875300 0 0
1875400 0 0
1875500 0 0
1875600 0 0
1875700 0 0
1875800 0 0
1875900 0 0
1876000 0 0
1876100 0 0
1876200 0 0
1876300 0 0
1876400 0 0
1876500 0 0
1876600 0 0
1876700 0 0
1876800 0 0
1876900 0 0
1877000 0 0
1877100 0 0
1877200 0 0
1877300 0 0
1877400 0 0
1877500 0 0
1877600 0 0
1877700 0 0
1877800 0 0
1877900 0 0
1878000 0 0
1878100 0 0
1878200 0 0
1878300 0 0
1878400 0 0
1878500 0 0
1878600 0 0
1878700 0 0
1878800 0 0
1878900 0 0
1879000 0 0
1879100 0 0
1879200 0 0
1879300 0 0
1879400 0 0
1879500 0 0
1879600 0 0
1879700 0 0
1879800 0 0
1879900 0 0
1880000 0 0
1880100 0 0
1880200 0 0
1880300 0 0
1880400 0 0
1880500 0 0
1880600 0 0
1880700 0 0
1880800 0 0
1880900 0 0
1881000 0 0
1881100 0 0
1881200 0 0
1881300 0 0
1881400 0 0
1881500 0 0
1881600 0 0
1881700 0 0
1881800 0 0
1881900 0 0
1882000 0 0
1882100 0 0
1882200 0 0
1882300 0 0
1882400 0 0
1882500 0 0
1882600 0 0
1882700 0 0
1882800 0 0
1882900 0 0
1883000 0 0
1883100 0 0
1883200 0 0
1883300 0 0
1883400 0 0
1883500 0 0
1883600 0 0
1883700 0 0
1883800 0 0
1883900 0 0
1884000 0 0
1884100 0 0
1884200 0 0
1884300 0 0
1884400 0 0
1884500 0 0
1884600 0 0
1884700 0 0
1884800 0 0
1884900 0 0
1885000 0 0
1885100 0 0
1885200 0 0
1885300 0 0
1885400 0 0
1885500 0 0
1885600 0 0
1885700 0 0
1885800 0 0
1885900 0 0
1886000 0 0
1886100 0 0
1886200 0 0
1886300 0 0
1886400 0 0
1886500 0 0
1886600 0 0
1886700 0 0
1886800 0 0
1886900 0 0
1887000 0 0
1887100 0 0
1887200 0 0
1887300 0 0
1887400 0 0
1887500 0 0
1887600 0 0
1887700 0 0
1887800 0 0
1887900 0 0
1888000 0 0
1888100 0 0
1888200 0 0
1888300 0 0
1888400 0 0
1888500 0 0
1888600 0 0
1888700 0 0
1888800 0 0
1888900 0 0
1889000 0 0
1889100 0 0
1889200 0 0
1889300 0 0
1889400 0 0
1889500 0 0
1889600 0 0
1889700 0 0
1889800 0 0
1889900 0 0
1890000 0 0
1890100 0 0
1890200 0 0
1890300 0 0
1890400 0 0
1890500 0 0
1890600 0 0
1890700 0 0
1890800 0 0
1890900 0 0
1891000 0 0
1891100 0 0
1891200 0 0
1891300 0 0
1891400 0 0
1891500 0 0
1891600 0 0
1891700 0 0
1891800 0 0
1891900 0 0
1892000 0 0
1892100 0 0
1892200 0 0
1892300 0 0
1892400 0 0
1892500 0 0
1892600 0 0
1892700 0 0
1892800 0 0
1892900 0 0
1893000 0 0
1893100 0 0
1893200 0 0
1893300 0 0
1893400 0 0
1893500 0 0
1893600 0 0
1893700 0 0
1893800 0 0
1893900 0 0
1894000 0 0
1894100 0 0
1894200 0 0
1894300 0 0
1894400 0 0
1894500 0 0
1894600 0 0
1894700 0 0
1894800 0 0
1894900 0 0
1895000 0 0
1895100 0 0
1895200 0 0
1895300 0 0
1895400 0 0
1895500 0 0
1895600 0 0
1895700 0 0
1895800 0 0
1895900 0 0
1896000 0 0
1896100 0 0
1896200 0 0
1896300 0 0
1896400 0 0
1896500 0 0
1896600 0 0
1896700 0 0
1896800 0 0
1896900 0 0
1897000 0 0
1897100 0 0
1897200 0 0
1897300 0 0
1897400 0 0
1897500 0 0
1897600 0 0
1897700 0 0
1897800 0 0
1897900 0 0
1898000 0 0
1898100 0 0
1898200 0 0
1898300 0 0
1898400 0 0
1898500 0 0
1898600 0 0
1898700 0 0
1898800 0 0
1898900 0 0
1899000 0 0
1899100 0 0
1899200 0 0
1899300 0 0
1899400 0 0
1899500 0 0
1899600 0 0
1899700 0 0
1899800 0 0
1899900 0 0
1900000 0 0
1900100 0 0
1900200 0 0
1900300 0 0
1900400 0 0
1900500 0 0
1900600 0 0
1900700 0 0
1900800 0 0
1900900 0 0
1901000 0 0
1901100 0 0
1901200 0 0
1901300 0 0
1901400 0 0
1901500 0 0
1901600 0 0
1901700 0 0
1901800 0 0
1901900 0 0
1902000 0 0
1902100 0 0
1902200 0 0
1902300 0 0
1902400 0 0
1902500 0 0
1902600 0 0
1902700 0 0
1902800 0 0
1902900 0 0
1903000 0 0
1903100 0 0
1903200 0 0
1903300 0 0
1903400 0 0
1903500 0 0
1903600 0 0
1903700 0 0
1903800 0 0
1903900 0 0
1904000 0 0
1904100 0 0
1904200 0 0
1904300 0 0
1904400 0 0
1904500 0 0
1904600 0 0
1904700 0 0
1904800 0 0
1904900 0 0
1905000 0 0
1905100 0 0
1905200 0 0
1905300 0 0
1905400 0 0
1905500 0 0
1905600 0 0
1905700 0 0
1905800 0 0
1905900 0 0
1906000 0 0
1906100 0 0
1906200 0 0
1906300 0 0
1906400 0 0
1906500 0 0
1906600 0 0
1906700 0 0
1906800 0 0
1906900 0 0
1907000 0 0
1907100 0 0
1907200 0 0
1907300 0 0
1907400 0 0
1907500 0 0
1907600 0 0
1907700 0 0
1907800 0 0
1907900 0 0
1908000 0 0
1908100 0 0
1908200 0 0
1908300 0 0
1908400 0 0
1908500 0 0
1908600 0 0
1908700 0 0
1908800 0 0
1908900 0 0
1909000 0 0
1909100 0 0
1909200 0 0
1909300 0 0
1909400 0 0
1909500 0 0
1909600 0 0
1909700 0 0
1909800 0 0
1909900 0 0
1910000 0 0
1910100 0 0
1910200 0 0
1910300 0 0
1910400 0 0
1910500 0 0
1910600 0 0
1910700 0 0
1910800 0 0
1910900 0 0
1911000 0 0
1911100 0 0
1911200 0 0
1911300 0 0
1911400 0 0
1911500 0 0
1911600 0 0
1911700 0 0
1911800 0 0
1911900 0 0
1912000 0 0
1912100 0 0
1912200 0 0
1912300 0 0
1912400 0 0
1912500 0 0
1912600 0 0
1912700 0 0
1912800 0 0
1912900 0 0
1913000 0 0
1913100 0 0
1913200 0 0
1913300 0 0
1913400 0 0
1913500 0 0
1913600 0 0
1913700 0 0
1913800 0 0
1913900 0 0
1914000 0 0
1914100 0 0
1914200 0 0
1914300 0 0
1914400 0 0
1914500 0 0
1914600 0 0
1914700 0 0
1914800 0 0
1914900 0 0
1915000 0 0
1915100 0 0
1915200 0 0
1915300 0 0
1915400 0 0
1915500 0 0
1915600 0 0
1915700 0 0
1915800 0 0
1915900 0 0
1916000 0 0
1916100 0 0
1916200 0 0
1916300 0 0
1916400 0 0
1916500 0 0
1916600 0 0
1916700 0 0
1916800 0 0
1916900 0 0
1917000 0 0
1917100 0 0
1917200 0 0
1917300 0 0
1917400 0 0
1917500 0 0
1917600 0 0
1917700 0 0
1917800 0 0
1917900 0 0
1918000 0 0
1918100 0 0
1918200 0 0
1918300 0 0
1918400 0 0
1918500 0 0
1918600 0 0
1918700 0 0
1918800 0 0
1918900 0 0
1919000 0 0
1919100 0 0
1919200 0 0
1919300 0 0
1919400 0 0
1919500 0 0
1919600 0 0
1919700 0 0
1919800 0 0
1919900 0 0
1920000 0 0
1920100 0 0
1920200 0 0
1920300 0 0
1920400 0 0
1920500 0 0
1920600 0 0
1920700 0 0
1920800 0 0
1920900 0 0
1921000 0 0
1921100 0 0
1921200 0 0
1921300 0 0
1921400 0 0
1921500 0 0
1921600 0 0
1921700 0 0
1921800 0 0
1921900 0 0
1922000 0 0
1922100 0 0
1922200 0 0
1922300 0 0
1922400 0 0
1922500 0 0
1922600 0 0
1922700 0 0
1922800 0 0
1922900 0 0
1923000 0 0
1923100 0 0
1923200 0 0
1923300 0 0
1923400 0 0
1923500 0 0
1923600 0 0
1923700 0 0
1923800 0 0
1923900 0 0
1924000 0 0
1924100 0 0
1924200 0 0
1924300 0 0
1924400 0 0
1924500 0 0
1924600 0 0
1924700 0 0
1924800 0 0
1924900 0 0
1925000 0 0
1925100 0 0
1925200 0 0
1925300 0 0
1925400 0 0
1925500 0 0
1925600 0 0
1925700 0 0
1925800 0 0
1925900 0 0
1926000 0 0
1926100 0 0
1926200 0 0
1926300 0 0
1926400 0 0
1926500 0 0
1926600 0 0
1926700 0 0
1926800 0 0
1926900 0 0
1927000 0 0
1927100 0 0
1927200 0 0
1927300 0 0
1927400 0 0
1927500 0 0
1927600 0 0
1927700 0 0
1927800 0 0
1927900 0 0
1928000 0 0
1928100 0 0
1928200 0 0
1928300 0 0
1928400 0 0
1928500 0 0
1928600 0 0
1928700 0 0
1928800 0 0
1928900 0 0
1929000 0 0
1929100 0 0
1929200 0 0
1929300 0 0
1929400 0 0
1929500 0 0
1929600 0 0
1929700 0 0
1929800 0 0
1929900 0 0
1930000 0 0
1930100 0 0
1930200 0 0
1930300 0 0
1930400 0 0
1930500 0 0
1930600 0 0
1930700 0 0
1930800 0 0
1930900 0 0
1931000 0 0
1931100 0 0
1931200 0 0
1931300 0 0
1931400 0 0
1931500 0 0
1931600 0 0
1931700 0 0
1931800 0 0
1931900 0 0
1932000 0 0
1932100 0 0
1932200 0 0
1932300 0 0
1932400 0 0
1932500 0 0
1932600 0 0
1932700 0 0
1932800 0 0
1932900 0 0
1933000 0 0
1933100 0 0
1933200 0 0
1933300 0 0
1933400 0 0
1933500 0 0
1933600 0 0
1933700 0 0
1933800 0 0
1933900 0 0
1934000 0 0
1934100 0 0
1934200 0 0
1934300 0 0
1934400 0 0
1934500 0 0
1934600 0 0
1934700 0 0
1934800 0 0
1934900 0 0
1935000 0 0
1935100 0 0
1935200 0 0
1935300 0 0
1935400 0 0
1935500 0 0
1935600 0 0
1935700 0 0
1935800 0 0
1935900 0 0
1936000 0 0
1936100 0 0
1936200 0 0
1936300 0 0
1936400 0 0
1936500 0 0
1936600 0 0
1936700 0 0
1936800 0 0
1936900 0 0
1937000 0 0
1937100 0 0
1937200 0 0
1937300 0 0
1937400 0 0
1937500 0 0
1937600 0 0
1937700 0 0
1937800 0 0
1937900 0 0
1938000 0 0
1938100 0 0
1938200 0 0
1938300 0 0
1938400 0 0
1938500 0 0
1938600 0 0
1938700 0 0
1938800 0 0
1938900 0 0
1939000 0 0
1939100 0 0
1939200 0 0
1939300 0 0
1939400 0 0
1939500 0 0
1939600 0 0
1939700 0 0
1939800 0 0
1939900 0 0
1940000 0 0
1940100 0 0
1940200 0 0
1940300 0 0
1940400 0 0
1940500 0 0
1940600 0 0
1940700 0 0
1940800 0 0
1940900 0 0
1941000 0 0
1941100 0 0
1941200 0 0
1941300 0 0
1941400 0 0
1941500 0 0
1941600 0 0
1941700 0 0
1941800 0 0
1941900 0 0
1942000 0 0
1942100 0 0
1942200 0 0
1942300 0 0
1942400 0 0
1942500 0 0
1942600 0 0
1942700 0 0
1942800 0 0
1942900 0 0
1943000 0 0
1943100 0 0
1943200 0 0
1943300 0 0
1943400 0 0
1943500 0 0
1943600 0 0
1943700 0 0
1943800 0 0
1943900 0 0
1944000 0 0
1944100 0 0
1944200 0 0
1944300 0 0
1944400 0 0
1944500 0 0
1944600 0 0
1944700 0 0
1944800 0 0
1944900 0 0
1945000 0 0
1945100 0 0
1945200 0 0
1945300 0 0
1945400 0 0
1945500 0 0
1945600 0 0
1945700 0 0
1945800 0 0
1945900 0 0
1946000 0 0
1946100 0 0
1946200 0 0
1946300 0 0
1946400 0 0
1946500 0 0
1946600 0 0
1946700 0 0
1946800 0 0
1946900 0 0
1947000 0 0
1947100 0 0
1947200 0 0
1947300 0 0
1947400 0 0
1947500 0 0
1947600 0 0
1947700 0 0
1947800 0 0
1947900 0 0
1948000 0 0
1948100 0 0
1948200 0 0
1948300 0 0
1948400 0 0
1948500 0 0
1948600 0 0
1948700 0 0
1948800 0 0
1948900 0 0
1949000 0 0
1949100 0 0
1949200 0 0
1949300 0 0
1949400 0 0
1949500 0 0
1949600 0 0
1949700 0 0
1949800 0 0
1949900 0 0
1950000 0 0
1950100 0 0
1950200 0 0
1950300 0 0
1950400 0 0
1950500 0 0
1950600 0 0
1950700 0 0
1950800 0 0
1950900 0 0
1951000 0 0
1951100 0 0
1951200 0 0
1951300 0 0
1951400 0 0
1951500 0 0
1951600 0 0
1951700 0 0
1951800 0 0
1951900 0 0
1952000 0 0
1952100 0 0
1952200 0 0
1952300 0 0
1952400 0 0
1952500 0 0
1952600 0 0
1952700 0 0
1952800 0 0
1952900 0 0
1953000 0 0
1953100 0 0
1953200 0 0
1953300 0 0
1953400 0 0
1953500 0 0
1953600 0 0
1953700 0 0
1953800 0 0
1953900 0 0
1954000 0 0
1954100 0 0
1954200 0 0
1954300 0 0
1954400 0 0
1954500 0 0
1954600 0 0
1954700 0 0
1954800 0 0
1954900 0 0
1955000 0 0
1955100 0 0
1955200 0 0
1955300 0 0
1955400 0 0
1955500 0 0
1955600 0 0
1955700 0 0
1955800 0 0
1955900 0 0
1956000 0 0
1956100 0 0
1956200 0 0
1956300 0 0
1956400 0 0
1956500 0 0
1956600 0 0
1956700 0 0
1956800 0 0
1956900 0 0
1957000 0 0
1957100 0 0
1957200 0 0
1957300 0 0
1957400 0 0
1957500 0 0
1957600 0 0
1957700 0 0
1957800 0 0
1957900 0 0
1958000 0 0
1958100 0 0
1958200 0 0
1958300 0 0
1958400 0 0
1958500 0 0
1958600 0 0
1958700 0 0
1958800 0 0
1958900 0 0
1959000 0 0
1959100 0 0
1959200 0 0
1959300 0 0
1959400 0 0
1959500 0 0
1959600 0 0
1959700 0 0
1959800 0 0
1959900 0 0
1960000 0 0
1960100 0 0
1960200 0 0
1960300 0 0
1960400 0 0
1960500 0 0
1960600 0 0
1960700 0 0
1960800 0 0
1960900 0 0
1961000 0 0
1961100 0 0
1961200 0 0
1961300 0 0
1961400 0 0
1961500 0 0
1961600 0 0
1961700 0 0
1961800 0 0
1961900 0 0
1962000 0 0
1962100 0 0
1962200 0 0
1962300 0 0
1962400 0 0
1962500 0 0
1962600 0 0
1962700 0 0
1962800 0 0
1962900 0 0
1963000 0 0
1963100 0 0
1963200 0 0
1963300 0 0
1963400 0 0
1963500 0 0
1963600 0 0
1963700 0 0
1963800 0 0
1963900 0 0
1964000 0 0
1964100 0 0
1964200 0 0
1964300 0 0
1964400 0 0
1964500 0 0
1964600 0 0
1964700 0 0
1964800 0 0
1964900 0 0
1965000 0 0
1965100 0 0
1965200 0 0
1965300 0 0
1965400 0 0
1965500 0 0
1965600 0 0
1965700 0 0
1965800 0 0
1965900 0 0
1966000 0 0
1966100 0 0
1966200 0 0
1966300 0 0
1966400 0 0
1966500 0 0
1966600 0 0
1966700 0 0
1966800 0 0
1966900 0 0
1967000 0 0
1967100 0 0
1967200 0 0
1967300 0 0
1967400 0 0
1967500 0 0
1967600 0 0
1967700 0 0
1967800 0 0
1967900 0 0
1968000 0 0
1968100 0 0
1968200 0 0
1968300 0 0
1968400 0 0
1968500 0 0
1968600 0 0
1968700 0 0
1968800 0 0
1968900 0 0
1969000 0 0
1969100 0 0
1969200 0 0
1969300 0 0
1969400 0 0
1969500 0 0
1969600 0 0
1969700 0 0
1969800 0 0
1969900 0 0
1970000 0 0
1970100 0 0
1970200 0 0
1970300 0 0
1970400 0 0
1970500 0 0
1970600 0 0
1970700 0 0
1970800 0 0
1970900 0 0
1971000 0 0
1971100 0 0
1971200 0 0
1971300 0 0
1971400 0 0
1971500 0 0
1971600 0 0
1971700 0 0
1971800 0 0
1971900 0 0
1972000 0 0
1972100 0 0
1972200 0 0
1972300 0 0
1972400 0 0
1972500 0 0
1972600 0 0
1972700 0 0
1972800 0 0
1972900 0 0
1973000 0 0
1973100 0 0
1973200 0 0
1973300 0 0
1973400 0 0
1973500 0 0
1973600 0 0
1973700 0 0
1973800 0 0
1973900 0 0
1974000 0 0
1974100 0 0
1974200 0 0
1974300 0 0
1974400 0 0
1974500 0 0
1974600 0 0
1974700 0 0
1974800 0 0
1974900 0 0
1975000 0 0
1975100 0 0
1975200 0 0
1975300 0 0
1975400 0 0
1975500 0 0
1975600 0 0
1975700 0 0
1975800 0 0
1975900 0 0
1976000 0 0
1976100 0 0
1976200 0 0
1976300 0 0
1976400 0 0
1976500 0 0
1976600 0 0
1976700 0 0
1976800 0 0
1976900 0 0
1977000 0 0
1977100 0 0
1977200 0 0
1977300 0 0
1977400 0 0
1977500 0 0
1977600 0 0
1977700 0 0
1977800 0 0
1977900 0 0
1978000 0 0
1978100 0 0
1978200 0 0
1978300 0 0
1978400 0 0
1978500 0 0
1978600 0 0
1978700 0 0
1978800 0 0
1978900 0 0
1979000 0 0
1979100 0 0
1979200 0 0
1979300 0 0
1979400 0 0
1979500 0 0
1979600 0 0
1979700 0 0
1979800 0 0
1979900 0 0
1980000 0 0
1980100 0 0
1980200 0 0
1980300 0 0
1980400 0 0
1980500 0 0
1980600 0 0
1980700 0 0
1980800 0 0
1980900 0 0
1981000 0 0
1981100 0 0
1981200 0 0
1981300 0 0
1981400 0 0
1981500 0 0
1981600 0 0
1981700 0 0
1981800 0 0
1981900 0 0
1982000 0 0
1982100 0 0
1982200 0 0
1982300 0 0
1982400 0 0
1982500 0 0
1982600 0 0
1982700 0 0
1982800 0 0
1982900 0 0
1983000 0 0
1983100 0 0
1983200 0 0
1983300 0 0
1983400 0 0
1983500 0 0
1983600 0 0
1983700 0 0
1983800 0 0
1983900 0 0
1984000 0 0
1984100 0 0
1984200 0 0
1984300 0 0
1984400 0 0
1984500 0 0
1984600 0 0
1984700 0 0
1984800 0 0
1984900 0 0
1985000 0 0
1985100 0 0
1985200 0 0
1985300 0 0
1985400 0 0
1985500 0 0
1985600 0 0
1985700 0 0
1985800 0 0
1985900 0 0
1986000 0 0
1986100 0 0
1986200 0 0
1986300 0 0
1986400 0 0
1986500 0 0
1986600 0 0
1986700 0 0
1986800 0 0
1986900 0 0
1987000 0 0
1987100 0 0
1987200 0 0
1987300 0 0
1987400 0 0
1987500 0 0
1987600 0 0
1987700 0 0
1987800 0 0
1987900 0 0
1988000 0 0
1988100 0 0
1988200 0 0
1988300 0 0
1988400 0 0
1988500 0 0
1988600 0 0
1988700 0 0
1988800 0 0
1988900 0 0
1989000 0 0
1989100 0 0
1989200 0 0
1989300 0 0
1989400 0 0
1989500 0 0
1989600 0 0
1989700 0 0
1989800 0 0
1989900 0 0
1990000 0 0
1990100 0 0
1990200 0 0
1990300 0 0
1990400 0 0
1990500 0 0
1990600 0 0
1990700 0 0
1990800 0 0
1990900 0 0
1991000 0 0
1991100 0 0
1991200 0 0
1991300 0 0
1991400 0 0
1991500 0 0
1991600 0 0
1991700 0 0
1991800 0 0
1991900 0 0
1992000 0 0
1992100 0 0
1992200 0 0
1992300 0 0
1992400 0 0
1992500 0 0
1992600 0 0
1992700 0 0
1992800 0 0
1992900 0 0
1993000 0 0
1993100 0 0
1993200 0 0
1993300 0 0
1993400 0 0
1993500 0 0
1993600 0 0
1993700 0 0
1993800 0 0
1993900 0 0
1994000 0 0
1994100 0 0
1994200 0 0
1994300 0 0
1994400 0 0
1994500 0 0
1994600 0 0
1994700 0 0
1994800 0 0
1994900 0 0
1995000 0 0
1995100 0 0
1995200 0 0
1995300 0 0
1995400 0 0
1995500 0 0
1995600 0 0
1995700 0 0
1995800 0 0
1995900 0 0
1996000 0 0
1996100 0 0
1996200 0 0
1996300 0 0
1996400 0 0
1996500 0 0
1996600 0 0
1996700 0 0
1996800 0 0
1996900 0 0
1997000 0 0
1997100 0 0
1997200 0 0
1997300 0 0
1997400 0 0
1997500 0 0
1997600 0 0
1997700 0 0
1997800 0 0
1997900 0 0
1998000 0 0
1998100 0 0
1998200 0 0
1998300 0 0
1998400 0 0
1998500 0 0
1998600 0 0
1998700 0 0
1998800 0 0
1998900 0 0
1999000 0 0
1999100 0 0
1999200 0 0
1999300 0 0
1999400 0 0
1999500 0 0
1999600 0 0
1999700 0 0
1999800 0 0
1999900 0 0
2000000 0 0
2000100 324.39 32439
2000200 663.54 66354
2000300 994.95 99495
2000400 1329.03 132903
2000500 1667.54 166754
2000600 1998.15 199815
2000700 2333.75 233375
2000800 2496.92 249692
2000900 2496.92 249692
2001000 2496.92 249692
2001100 2496.92 249692
2001200 2496.92 249692
2001300 2496.92 249692
2001400 2496.92 249692
2001500 2496.92 249692
2001600 2496.92 249692
2001700 2496.92 249692
2001800 2496.92 249692
2001900 2496.92 249692
2002000 2496.92 249692
2002100 2496.92 249692
2002200 2496.92 249692
2002300 2496.92 249692
2002400 2496.92 249692
2002500 2496.92 249692
2002600 2496.92 249692
2002700 2496.92 249692
2002800 2496.92 249692
2002900 2496.92 249692
2003000 2496.92 249692
2003100 2496.92 249692
2003200 2496.92 249692
2003300 2496.92 249692
2003400 2496.92 249692
2003500 2496.92 249692
2003600 2496.92 249692
2003700 2496.92 249692
2003800 2496.92 249692
2003900 2496.92 249692
2004000 2496.92 249692
2004100 2496.92 249692
2004200 2496.92 249692
2004300 2496.92 249692
2004400 2496.92 249692
2004500 2496.92 249692
2004600 2496.92 249692
2004700 2496.92 249692
2004800 2496.92 249692
2004900 2496.92 249692
2005000 2496.92 249692
2005100 2496.92 249692
2005200 2496.92 249692
2005300 2496.92 249692
2005400 2496.92 249692
2005500 2496.92 249692
2005600 2496.92 249692
2005700 2496.92 249692
2005800 2496.92 249692
2005900 2496.92 249692
2006000 2496.92 249692
2006100 2496.92 249692
2006200 2496.92 249692
2006300 2496.92 249692
2006400 2496.92 249692
2006500 2496.92 249692
2006600 2496.92 249692
2006700 2496.92 249692
2006800 2496.92 249692
2006900 2496.92 249692
2007000 2496.92 249692
2007100 2496.92 249692
2007200 2496.92 249692
2007300 2496.92 249692
2007400 2496.92 249692
2007500 2496.92 249692
2007600 2496.92 249692
2007700 2496.92 249692
2007800 2496.92 249692
2007900 2496.92 249692
2008000 2496.92 249692
2008100 2496.92 249692
2008200 2496.92 249692
2008300 2496.92 249692
2008400 2496.92 249692
2008500 2496.92 249692
2008600 2496.92 249692
2008700 2496.92 249692
2008800 2496.92 249692
2008900 2496.92 249692
2009000 2496.92 249692
2009100 2496.92 249692
2009200 2496.92 249692
2009300 2496.92 249692
2009400 2496.92 249692
2009500 2496.92 249692
2009600 2496.92 249692
2009700 2496.92 249692
2009800 2496.92 249692
2009900 2496.92 249692
2010000 2496.92 249692
2010100 2496.92 249692
2010200 2496.92 249692
2010300 2496.92 249692
2010400 2496.92 249692
2010500 2496.92 249692
2010600 2496.92 249692
2010700 2496.92 249692
2010800 2496.92 249692
2010900 2496.92 249692
2011000 2496.92 249692
2011100 2496.92 249692
2011200 2496.92 249692
2011300 2496.92 249692
2011400 2496.92 249692
2011500 2496.92 249692
2011600 2496.92 249692
2011700 2496.92 249692
2011800 2496.92 249692
2011900 2496.92 249692
2012000 2496.92 249692
2012100 2496.92 249692
2012200 2496.92 249692
2012300 2496.92 249692
2012400 2496.92 249692
2012500 2496.92 249692
2012600 2496.92 249692
2012700 2496.92 249692
2012800 2496.92 249692
2012900 2496.92 249692
2013000 2496.92 249692
2013100 2496.92 249692
2013200 2496.92 249692
2013300 2496.92 249692
2013400 2496.92 249692
2013500 2496.92 249692
2013600 2496.92 249692
2013700 2496.92 249692
2013800 2496.92 249692
2013900 2496.92 249692
2014000 2496.92 249692
2014100 2496.92 249692
2014200 2496.92 249692
2014300 2496.92 249692
2014400 2496.92 249692
2014500 2496.92 249692
2014600 2496.92 249692
2014700 2496.92 249692
2014800 2496.92 249692
2014900 2496.92 249692
2015000 2496.92 249692
2015100 2496.92 249692
2015200 2496.92 249692
2015300 2496.92 249692
2015400 2496.92 249692
2015500 2496.92 249692
2015600 2496.92 249692
2015700 2496.92 249692
2015800 2496.92 249692
2015900 2496.92 249692
2016000 2496.92 249692
2016100 2496.92 249692
2016200 2496.92 249692
2016300 2496.92 249692
2016400 2496.92 249692
2016500 2496.92 249692
2016600 2496.92 249692
2016700 2496.92 249692
2016800 2496.92 249692
2016900 2496.92 249692
2017000 2496.92 249692
2017100 2496.92 249692
2017200 2496.92 249692
2017300 2496.92 249692
2017400 2496.92 249692
2017500 2496.92 249692
2017600 2496.92 249692
2017700 2496.92 249692
2017800 2496.92 249692
2017900 2496.92 249692
2018000 2496.92 249692
2018100 2496.92 249692
2018200 2496.92 249692
2018300 2496.92 249692
2018400 2496.92 249692
2018500 2496.92 249692
2018600 2496.92 249692
2018700 2496.92 249692
2018800 2496.92 249692
2018900 2496.92 249692
2019000 2496.92 249692
2019100 2496.92 249692
2019200 2496.92 249692
2019300 2496.92 249692
2019400 2496.92 249692
2019500 2496.92 249692
2019600 2496.92 249692
2019700 2496.92 249692
2019800 2496.92 249692
2019900 2496.92 249692
2020000 2496.92 249692
2020100 2496.92 249692
2020200 2496.92 249692
2020300 2496.92 249692
2020400 2496.92 249692
2020500 2496.92 249692
2020600 2496.92 249692
2020700 2496.92 249692
2020800 2496.92 249692
2020900 2496.92 249692
2021000 2496.92 249692
2021100 2496.92 249692
2021200 2496.92 249692
2021300 2496.92 249692
2021400 2496.92 249692
2021500 2496.92 249692
2021600 2496.92 249692
2021700 2496.92 249692
2021800 2496.92 249692
2021900 2496.92 249692
2022000 2496.92 249692
2022100 2496.92 249692
2022200 2496.92 249692
2022300 2496.92 249692
2022400 2496.92 249692
2022500 2496.92 249692
2022600 2496.92 249692
2022700 2496.92 249692
2022800 2496.92 249692
2022900 2496.92 249692
2023000 2496.92 249692
2023100 2496.92 249692
2023200 2496.92 249692
2023300 2496.92 249692
2023400 2496.92 249692
2023500 2496.92 249692
2023600 2496.92 249692
2023700 2496.92 249692
2023800 2496.92 249692
2023900 2496.92 249692
2024000 2496.92 249692
2024100 2496.92 249692
2024200 2496.92 249692
2024300 2496.92 249692
2024400 2496.92 249692
2024500 2496.92 249692
2024600 2496.92 249692
2024700 2496.92 249692
2024800 2496.92 249692
2024900 2496.92 249692
2025000 2496.92 249692
2025100 2496.92 249692
2025200 2496.92 249692
2025300 2496.92 249692
2025400 2496.92 249692
2025500 2496.92 249692
2025600 2496.92 249692
2025700 2496.92 249692
2025800 2496.92 249692
2025900 2496.92 249692
2026000 2496.92 249692
2026100 2496.92 249692
2026200 2496.92 249692
2026300 2496.92 249692
2026400 2496.92 249692
2026500 2496.92 249692
2026600 2496.92 249692
2026700 2496.92 249692
2026800 2496.92 249692
2026900 2496.92 249692
2027000 2496.92 249692
2027100 2496.92 249692
2027200 2496.92 249692
2027300 2496.92 249692
2027400 2496.92 249692
2027500 2496.92 249692
2027600 2496.92 249692
2027700 2496.92 249692
2027800 2496.92 249692
2027900 2496.92 249692
2028000 2496.92 249692
2028100 2496.92 249692
2028200 2496.92 249692
2028300 2496.92 249692
2028400 2496.92 249692
2028500 2496.92 249692
2028600 2496.92 249692
2028700 2496.92 249692
2028800 2496.92 249692
2028900 2496.92 249692
2029000 2496.92 249692
2029100 2496.92 249692
2029200 2496.92 249692
2029300 2496.92 249692
2029400 2496.92 249692
2029500 2496.92 249692
2029600 2496.92 249692
2029700 2496.92 249692
2029800 2496.92 249692
2029900 2496.92 249692
2030000 2496.92 249692
2030100 2496.92 249692
2030200 2496.92 249692
2030300 2496.92 249692
2030400 2496.92 249692
2030500 2496.92 249692
2030600 2496.92 249692
2030700 2496.92 249692
2030800 2496.92 249692
2030900 2496.92 249692
2031000 2496.92 249692
2031100 2496.92 249692
2031200 2496.92 249692
2031300 2496.92 249692
2031400 2496.92 249692
2031500 2496.92 249692
2031600 2496.92 249692
2031700 2496.92 249692
2031800 2496.92 249692
2031900 2496.92 249692
2032000 2496.92 249692
2032100 2496.92 249692
2032200 2496.92 249692
2032300 2496.92 249692
2032400 2496.92 249692
2032500 2496.92 249692
2032600 2496.92 249692
2032700 2496.92 249692
2032800 2496.92 249692
2032900 2496.92 249692
2033000 2496.92 249692
2033100 2496.92 249692
2033200 2496.92 249692
2033300 2496.92 249692
2033400 2496.92 249692
2033500 2496.92 249692
2033600 2496.92 249692
2033700 2496.92 249692
2033800 2496.92 249692
2033900 2496.92 249692
2034000 2496.92 249692
2034100 2496.92 249692
2034200 2496.92 249692
2034300 2496.92 249692
2034400 2496.92 249692
2034500 2496.92 249692
2034600 2496.92 249692
2034700 2496.92 249692
2034800 2496.92 249692
2034900 2496.92 249692
2035000 2496.92 249692
2035100 2496.92 249692
2035200 2496.92 249692
2035300 2496.92 249692
2035400 2496.92 249692
2035500 2496.92 249692
2035600 2496.92 249692
2035700 2496.92 249692
2035800 2496.92 249692
2035900 2496.92 249692
2036000 2496.92 249692
2036100 2496.92 249692
2036200 2496.92 249692
2036300 2496.92 249692
2036400 2496.92 249692
2036500 2496.92 249692
2036600 2496.92 249692
2036700 2496.92 249692
2036800 2496.92 249692
2036900 2496.92 249692
2037000 2496.92 249692
2037100 2496.92 249692
2037200 2496.92 249692
2037300 2496.92 249692
2037400 2496.92 249692
2037500 2496.92 249692
2037600 2496.92 249692
2037700 2496.92 249692
2037800 2496.92 249692
2037900 2496.92 249692
2038000 2496.92 249692
2038100 2496.92 249692
2038200 2496.92 249692
2038300 2496.92 249692
2038400 2496.92 249692
2038500 2496.92 249692
2038600 2496.92 249692
2038700 2496.92 249692
2038800 2496.92 249692
2038900 2496.92 249692
2039000 2496.92 249692
2039100 2496.92 249692
2039200 2496.92 249692
2039300 2496.92 249692
2039400 2496.92 249692
2039500 2496.92 249692
2039600 2496.92 249692
2039700 2496.92 249692
2039800 2496.92 249692
2039900 2496.92 249692
2040000 2496.92 249692
2040100 2496.92 249692
2040200 2496.92 249692
2040300 2496.92 249692
2040400 2496.92 249692
2040500 2496.92 249692
2040600 2496.92 249692
2040700 2496.92 249692
2040800 2496.92 249692
2040900 2496.92 249692
2041000 2496.92 249692
2041100 2496.92 249692
2041200 2496.92 249692
2041300 2496.92 249692
2041400 2496.92 249692
2041500 2496.92 249692
2041600 2496.92 249692
2041700 2496.92 249692
2041800 2496.92 249692
2041900 2496.92 249692
2042000 2496.92 249692
2042100 2496.92 249692
2042200 2496.92 249692
2042300 2496.92 249692
2042400 2496.92 249692
2042500 2496.92 249692
2042600 2496.92 249692
2042700 2496.92 249692
2042800 2496.92 249692
2042900 2496.92 249692
2043000 2496.92 249692
2043100 2496.92 249692
2043200 2496.92 249692
2043300 2496.92 249692
2043400 2496.92 249692
2043500 2496.92 249692
2043600 2496.92 249692
2043700 2496.92 249692
2043800 2496.92 249692
2043900 2496.92 249692
2044000 2496.92 249692
2044100 2496.92 249692
2044200 2496.92 249692
2044300 2496.92 249692
2044400 2496.92 249692
2044500 2496.92 249692
2044600 2496.92 249692
2044700 2496.92 249692
2044800 2496.92 249692
2044900 2496.92 249692
2045000 2496.92 249692
2045100 2496.92 249692
2045200 2496.92 249692
2045300 2496.92 249692
2045400 2496.92 249692
2045500 2496.92 249692
2045600 2496.92 249692
2045700 2496.92 249692
2045800 2496.92 249692
2045900 2496.92 249692
2046000 2496.92 249692
2046100 2496.92 249692
2046200 2496.92 249692
2046300 2496.92 249692
2046400 2496.92 249692
2046500 2496.92 249692
2046600 2496.92 249692
2046700 2496.92 249692
2046800 2496.92 249692
2046900 2496.92 249692
2047000 2496.92 249692
2047100 2496.92 249692
2047200 2496.92 249692
2047300 2496.92 249692
2047400 2496.92 249692
2047500 2496.92 249692
2047600 2496.92 249692
2047700 2496.92 249692
2047800 2496.92 249692
2047900 2496.92 249692
2048000 2496.92 249692
2048100 2496.92 249692
2048200 2496.92 249692
2048300 2496.92 249692
2048400 2496.92 249692
2048500 2496.92 249692
2048600 2496.92 249692
2048700 2496.92 249692
2048800 2496.92 249692
2048900 2496.92 249692
2049000 2496.92 249692
2049100 2496.92 249692
2049200 2496.92 249692
2049300 2496.92 249692
2049400 2496.92 249692
2049500 2496.92 249692
2049600 2496.92 249692
2049700 2496.92 249692
2049800 2496.92 249692
2049900 2496.92 249692
2050000 2496.92 249692
2050100 2496.92 249692
2050200 2496.92 249692
2050300 2496.92 249692
2050400 2496.92 249692
2050500 2496.92 249692
2050600 2496.92 249692
2050700 2496.92 249692
2050800 2496.92 249692
2050900 2496.92 249692
2051000 2496.92 249692
2051100 2496.92 249692
2051200 2496.92 249692
2051300 2496.92 249692
2051400 2496.92 249692
2051500 2496.92 249692
2051600 2496.92 249692
2051700 2496.92 249692
2051800 2496.92 249692
2051900 2496.92 249692
2052000 2496.92 249692
2052100 2496.92 249692
2052200 2496.92 249692
2052300 2496.92 249692
2052400 2496.92 249692
2052500 2496.92 249692
2052600 2496.92 249692
2052700 2496.92 249692
2052800 2496.92 249692
2052900 2496.92 249692
2053000 2496.92 249692
2053100 2496.92 249692
2053200 2496.92 249692
2053300 2496.92 249692
2053400 2496.92 249692
2053500 2496.92 249692
2053600 2496.92 249692
2053700 2496.92 249692
2053800 2496.92 249692
2053900 2496.92 249692
2054000 2496.92 249692
2054100 2496.92 249692
2054200 2496.92 249692
2054300 2496.92 249692
2054400 2496.92 249692
2054500 2496.92 249692
2054600 2496.92 249692
2054700 2496.92 249692
2054800 2496.92 249692
2054900 2496.92 249692
2055000 2496.92 249692
2055100 2496.92 249692
2055200 2496.92 249692
2055300 2496.92 249692
2055400 2496.92 249692
2055500 2496.92 249692
2055600 2496.92 249692
2055700 2496.92 249692
2055800 2496.92 249692
2055900 2496.92 249692
2056000 2496.92 249692
2056100 2496.92 249692
2056200 2496.92 249692
2056300 2496.92 249692
2056400 2496.92 249692
2056500 2496.92 249692
2056600 2496.92 249692
2056700 2496.92 249692
2056800 2496.92 249692
2056900 2496.92 249692
2057000 2496.92 249692
2057100 2496.92 249692
2057200 2496.92 249692
2057300 2496.92 249692
2057400 2496.92 249692
2057500 2496.92 249692
2057600 2496.92 249692
2057700 2496.92 249692
2057800 2496.92 249692
2057900 2496.92 249692
2058000 2496.92 249692
2058100 2496.92 249692
2058200 2496.92 249692
2058300 2496.92 249692
2058400 2496.92 249692
2058500 2496.92 249692
2058600 2496.92 249692
2058700 2496.92 249692
2058800 2496.92 249692
2058900 2496.92 249692
2059000 2496.92 249692
2059100 2496.92 249692
2059200 2496.92 249692
2059300 2496.92 249692
2059400 2496.92 249692
2059500 2496.92 249692
2059600 2496.92 249692
2059700 2496.92 249692
2059800 2496.92 249692
2059900 2496.92 249692
2060000 2496.92 249692
2060100 2496.92 249692
2060200 2496.92 249692
2060300 2496.92 249692
2060400 2496.92 249692
2060500 2496.92 249692
2060600 2496.92 249692
2060700 2496.92 249692
2060800 2496.92 249692
2060900 2496.92 249692
2061000 2496.92 249692
2061100 2496.92 249692
2061200 2496.92 249692
2061300 2496.92 249692
2061400 2496.92 249692
2061500 2496.92 249692
2061600 2496.92 249692
2061700 2496.92 249692
2061800 2496.92 249692
2061900 2496.92 249692
2062000 2496.92 249692
2062100 2496.92 249692
2062200 2496.92 249692
2062300 2496.92 249692
2062400 2496.92 249692
2062500 2496.92 249692
2062600 2496.92 249692
2062700 2496.92 249692
2062800 2496.92 249692
2062900 2496.92 249692
2063000 2496.92 249692
2063100 2496.92 249692
2063200 2496.92 249692
2063300 2496.92 249692
2063400 2496.92 249692
2063500 2496.92 249692
2063600 2496.92 249692
2063700 2496.92 249692
2063800 2496.92 249692
2063900 2496.92 249692
2064000 2496.92 249692
2064100 2496.92 249692
2064200 2496.92 249692
2064300 2496.92 249692
2064400 2496.92 249692
2064500 2496.92 249692
2064600 2496.92 249692
2064700 2496.92 249692
2064800 2496.92 249692
2064900 2496.92 249692
2065000 2496.92 249692
2065100 2496.92 249692
2065200 2496.92 249692
2065300 2496.92 249692
2065400 2496.92 249692
2065500 2496.92 249692
2065600 2496.92 249692
2065700 2496.92 249692
2065800 2496.92 249692
2065900 2496.92 249692
2066000 2496.92 249692
2066100 2496.92 249692
2066200 2496.92 249692
2066300 2496.92 249692
2066400 2496.92 249692
2066500 2496.92 249692
2066600 2496.92 249692
2066700 2496.92 249692
2066800 2496.92 249692
2066900 2496.92 249692
2067000 2496.92 249692
2067100 2496.92 249692
2067200 2496.92 249692
2067300 2496.92 249692
2067400 2496.92 249692
2067500 2496.92 249692
2067600 2496.92 249692
2067700 2496.92 249692
2067800 2496.92 249692
2067900 2496.92 249692
2068000 2496.92 249692
2068100 2496.92 249692
2068200 2496.92 249692
2068300 2496.92 249692
2068400 2496.92 249692
2068500 2496.92 249692
2068600 2496.92 249692
2068700 2496.92 249692
2068800 2496.92 249692
2068900 2496.92 249692
2069000 2496.92 249692
2069100 2496.92 249692
2069200 2496.92 249692
2069300 2496.92 249692
2069400 2496.92 249692
2069500 2496.92 249692
2069600 2496.92 249692
2069700 2496.92 249692
2069800 2496.92 249692
2069900 2496.92 249692
2070000 2496.92 249692
2070100 2496.92 249692
2070200 2496.92 249692
2070300 2496.92 249692
2070400 2496.92 249692
2070500 2496.92 249692
2070600 2496.92 249692
2070700 2496.92 249692
2070800 2496.92 249692
2070900 2496.92 249692
2071000 2496.92 249692
2071100 2496.92 249692
2071200 2496.92 249692
2071300 2496.92 249692
2071400 2496.92 249692
2071500 2496.92 249692
2071600 2496.92 249692
2071700 2496.92 249692
2071800 2496.92 249692
2071900 2496.92 249692
2072000 2496.92 249692
2072100 2496.92 249692
2072200 2496.92 249692
2072300 2496.92 249692
2072400 2496.92 249692
2072500 2496.92 249692
2072600 2496.92 249692
2072700 2496.92 249692
2072800 2496.92 249692
2072900 2496.92 249692
2073000 2496.92 249692
2073100 2496.92 249692
2073200 2496.92 249692
2073300 2496.92 249692
2073400 2496.92 249692
2073500 2496.92 249692
2073600 2496.92 249692
2073700 2496.92 249692
2073800 2496.92 249692
2073900 2496.92 249692
2074000 2496.92 249692
2074100 2496.92 249692
2074200 2496.92 249692
2074300 2496.92 249692
2074400 2496.92 249692
2074500 2496.92 249692
2074600 2496.92 249692
2074700 2496.92 249692
2074800 2496.92 249692
2074900 2496.92 249692
2075000 2496.92 249692
2075100 2496.92 249692
2075200 2496.92 249692
2075300 2496.92 249692
2075400 2496.92 249692
2075500 2496.92 249692
2075600 2496.92 249692
2075700 2496.92 249692
2075800 2496.92 249692
2075900 2496.92 249692
2076000 2496.92 249692
2076100 2496.92 249692
2076200 2496.92 249692
2076300 2496.92 249692
2076400 2496.92 249692
2076500 2496.92 249692
2076600 2496.92 249692
2076700 2496.92 249692
2076800 2496.92 249692
2076900 2496.92 249692
2077000 2496.92 249692
2077100 2496.92 249692
2077200 2496.92 249692
2077300 2496.92 249692
2077400 2496.92 249692
2077500 2496.92 249692
2077600 2496.92 249692
2077700 2496.92 249692
2077800 2496.92 249692
2077900 2496.92 249692
2078000 2496.92 249692
2078100 2496.92 249692
2078200 2496.92 249692
2078300 2496.92 249692
2078400 2496.92 249692
2078500 2496.92 249692
2078600 2496.92 249692
2078700 2496.92 249692
2078800 2496.92 249692
2078900 2496.92 249692
2079000 2496.92 249692
2079100 2496.92 249692
2079200 2496.92 249692
2079300 2496.92 249692
2079400 2496.92 249692
2079500 2496.92 249692
2079600 2496.92 249692
2079700 2496.92 249692
2079800 2496.92 249692
2079900 2496.92 249692
2080000 2496.92 249692
2080100 2496.92 249692
2080200 2496.92 249692
2080300 2496.92 249692
2080400 2496.92 249692
2080500 2496.92 249692
2080600 2496.92 249692
2080700 2496.92 249692
2080800 2496.92 249692
2080900 2496.92 249692
2081000 2496.92 249692
2081100 2496.92 249692
2081200 2496.92 249692
2081300 2496.92 249692
2081400 2496.92 249692
2081500 2496.92 249692
2081600 2496.92 249692
2081700 2496.92 249692
2081800 2496.92 249692
2081900 2496.92 249692
2082000 2496.92 249692
2082100 2496.92 249692
2082200 2496.92 249692
2082300 2496.92 249692
2082400 2496.92 249692
2082500 2496.92 249692
2082600 2496.92 249692
2082700 2496.92 249692
2082800 2496.92 249692
2082900 2496.92 249692
2083000 2496.92 249692
2083100 2496.92 249692
2083200 2496.92 249692
2083300 2496.92 249692
2083400 2496.92 249692
2083500 2496.92 249692
2083600 2496.92 249692
2083700 2496.92 249692
2083800 2496.92 249692
2083900 2496.92 249692
2084000 2496.92 249692
2084100 2496.92 249692
2084200 2496.92 249692
2084300 2496.92 249692
2084400 2496.92 249692
2084500 2496.92 249692
2084600 2496.92 249692
2084700 2496.92 249692
2084800 2496.92 249692
2084900 2496.92 249692
2085000 2496.92 249692
2085100 2496.92 249692
2085200 2496.92 249692
2085300 2496.92 249692
2085400 2496.92 249692
2085500 2496.92 249692
2085600 2496.92 249692
2085700 2496.92 249692
2085800 2496.92 249692
2085900 2496.92 249692
2086000 2496.92 249692
2086100 2496.92 249692
2086200 2496.92 249692
2086300 2496.92 249692
2086400 2496.92 249692
2086500 2496.92 249692
2086600 2496.92 249692
2086700 2496.92 249692
2086800 2496.92 249692
2086900 2496.92 249692
2087000 2496.92 249692
2087100 2496.92 249692
2087200 2496.92 249692
2087300 2496.92 249692
2087400 2496.92 249692
2087500 2496.92 249692
2087600 2496.92 249692
2087700 2496.92 249692
2087800 2496.92 249692
2087900 2496.92 249692
2088000 2496.92 249692
2088100 2496.92 249692
2088200 2496.92 249692
2088300 2496.92 249692
2088400 2496.92 249692
2088500 2496.92 249692
2088600 2496.92 249692
2088700 2496.92 249692
2088800 2496.92 249692
2088900 2496.92 249692
2089000 2496.92 249692
2089100 2496.92 249692
2089200 2496.92 249692
2089300 2496.92 249692
2089400 2496.92 249692
2089500 2496.92 249692
2089600 2496.92 249692
2089700 2496.92 249692
2089800 2496.92 249692
2089900 2496.92 249692
2090000 2496.92 249692
2090100 2496.92 249692
2090200 2496.92 249692
2090300 2496.92 249692
2090400 2496.92 249692
2090500 2496.92 249692
2090600 2496.92 249692
2090700 2496.92 249692
2090800 2496.92 249692
2090900 2496.92 249692
2091000 2496.92 249692
2091100 2496.92 249692
2091200 2496.92 249692
2091300 2496.92 249692
2091400 2496.92 249692
2091500 2496.92 249692
2091600 2496.92 249692
2091700 2496.92 249692
2091800 2496.92 249692
2091900 2496.92 249692
2092000 2496.92 249692
2092100 2496.92 249692
2092200 2496.92 249692
2092300 2496.92 249692
2092400 2496.92 249692
2092500 2496.92 249692
2092600 2496.92 249692
2092700 2496.92 249692
2092800 2496.92 249692
2092900 2496.92 249692
2093000 2496.92 249692
2093100 2496.92 249692
2093200 2496.92 249692
2093300 2496.92 249692
2093400 2496.92 249692
2093500 2496.92 249692
2093600 2496.92 249692
2093700 2496.92 249692
2093800 2496.92 249692
2093900 2496.92 249692
2094000 2496.92 249692
2094100 2496.92 249692
2094200 2496.92 249692
2094300 2496.92 249692
2094400 2496.92 249692
2094500 2496.92 249692
2094600 2496.92 249692
2094700 2496.92 249692
2094800 2496.92 249692
2094900 2496.92 249692
2095000 2496.92 249692
2095100 2496.92 249692
2095200 2496.92 249692
2095300 2496.92 249692
2095400 2496.92 249692
2095500 2496.92 249692
2095600 2496.92 249692
2095700 2496.92 249692
2095800 2496.92 249692
2095900 2496.92 249692
2096000 2496.92 249692
2096100 2496.92 249692
2096200 2496.92 249692
2096300 2496.92 249692
2096400 2496.92 249692
2096500 2496.92 249692
2096600 2496.92 249692
2096700 2496.92 249692
2096800 2496.92 249692
2096900 2496.92 249692
2097000 2496.92 249692
2097100 2496.92 249692
2097200 2496.92 249692
2097300 2496.92 249692
2097400 2496.92 249692
2097500 2496.92 249692
2097600 2496.92 249692
2097700 2496.92 249692
2097800 2496.92 249692
2097900 2496.92 249692
2098000 2496.92 249692
2098100 2496.92 249692
2098200 2496.92 249692
2098300 2496.92 249692
2098400 2496.92 249692
2098500 2496.92 249692
2098600 2496.92 249692
2098700 2496.92 249692
2098800 2496.92 249692
2098900 2496.92 249692
2099000 2496.92 249692
2099100 2496.92 249692
2099200 2496.92 249692
2099300 2496.92 249692
2099400 2496.92 249692
2099500 2496.92 249692
2099600 2496.92 249692
2099700 2496.92 249692
2099800 2496.92 249692
2099900 2496.92 249692
2100000 2496.92 249692
2100100 2496.92 249692
2100200 2496.92 249692
2100300 2496.92 249692
2100400 2496.92 249692
2100500 2496.92 249692
2100600 2496.92 249692
2100700 2496.92 249692
2100800 2496.92 249692
2100900 2496.92 249692
2101000 2496.92 249692
2101100 2496.92 249692
2101200 2496.92 249692
2101300 2496.92 249692
2101400 2496.92 249692
2101500 2496.92 249692
2101600 2496.92 249692
2101700 2496.92 249692
2101800 2496.92 249692
2101900 2496.92 249692
2102000 2496.92 249692
2102100 2496.92 249692
2102200 2496.92 249692
2102300 2496.92 249692
2102400 2496.92 249692
2102500 2496.92 249692
2102600 2496.92 249692
2102700 2496.92 249692
2102800 2496.92 249692
2102900 2496.92 249692
2103000 2496.92 249692
2103100 2496.92 249692
2103200 2496.92 249692
2103300 2496.92 249692
2103400 2496.92 249692
2103500 2496.92 249692
2103600 2496.92 249692
2103700 2496.92 249692
2103800 2496.92 249692
2103900 2496.92 249692
2104000 2496.92 249692
2104100 2496.92 249692
2104200 2496.92 249692
2104300 2496.92 249692
2104400 2496.92 249692
2104500 2496.92 249692
2104600 2496.92 249692
2104700 2496.92 249692
2104800 2496.92 249692
2104900 2496.92 249692
2105000 2496.92 249692
2105100 2496.92 249692
2105200 2496.92 249692
2105300 2496.92 249692
2105400 2496.92 249692
2105500 2496.92 249692
2105600 2496.92 249692
2105700 2496.92 249692
2105800 2496.92 249692
2105900 2496.92 249692
2106000 2496.92 249692
2106100 2496.92 249692
2106200 2496.92 249692
2106300 2496.92 249692
2106400 2496.92 249692
2106500 2496.92 249692
2106600 2496.92 249692
2106700 2496.92 249692
2106800 2496.92 249692
2106900 2496.92 249692
2107000 2496.92 249692
2107100 2496.92 249692
2107200 2496.92 249692
2107300 2496.92 249692
2107400 2496.92 249692
2107500 2496.92 249692
2107600 2496.92 249692
2107700 2496.92 249692
2107800 2496.92 249692
2107900 2496.92 249692
2108000 2496.92 249692
2108100 2496.92 249692
2108200 2496.92 249692
2108300 2496.92 249692
2108400 2496.92 249692
2108500 2496.92 249692
2108600 2496.92 249692
2108700 2496.92 249692
2108800 2496.92 249692
2108900 2496.92 249692
2109000 2496.92 249692
2109100 2496.92 249692
2109200 2496.92 249692
2109300 2496.92 249692
2109400 2496.92 249692
2109500 2496.92 249692
2109600 2496.92 249692
2109700 2496.92 249692
2109800 2496.92 249692
2109900 2496.92 249692
2110000 2496.92 249692
2110100 2496.92 249692
2110200 2496.92 249692
2110300 2496.92 249692
2110400 2496.92 249692
2110500 2496.92 249692
2110600 2496.92 249692
2110700 2496.92 249692
2110800 2496.92 249692
2110900 2496.92 249692
2111000 2496.92 249692
2111100 2496.92 249692
2111200 2496.92 249692
2111300 2496.92 249692
2111400 2496.92 249692
2111500 2496.92 249692
2111600 2496.92 249692
2111700 2496.92 249692
2111800 2496.92 249692
2111900 2496.92 249692
2112000 2496.92 249692
2112100 2496.92 249692
2112200 2496.92 249692
2112300 2496.92 249692
2112400 2496.92 249692
2112500 2496.92 249692
2112600 2496.92 249692
2112700 2496.92 249692
2112800 2496.92 249692
2112900 2496.92 249692
2113000 2496.92 249692
2113100 2496.92 249692
2113200 2496.92 249692
2113300 2496.92 249692
2113400 2496.92 249692
2113500 2496.92 249692
2113600 2496.92 249692
2113700 2496.92 249692
2113800 2496.92 249692
2113900 2496.92 249692
2114000 2496.92 249692
2114100 2496.92 249692
2114200 2496.92 249692
2114300 2496.92 249692
2114400 2496.92 249692
2114500 2496.92 249692
2114600 2496.92 249692
2114700 2496.92 249692
2114800 2496.92 249692
2114900 2496.92 249692
2115000 2496.92 249692
2115100 2496.92 249692
2115200 2496.92 249692
2115300 2496.92 249692
2115400 2496.92 249692
2115500 2496.92 249692
2115600 2496.92 249692
2115700 2496.92 249692
2115800 2496.92 249692
2115900 2496.92 249692
2116000 2496.92 249692
2116100 2496.92 249692
2116200 2496.92 249692
2116300 2496.92 249692
2116400 2496.92 249692
2116500 2496.92 249692
2116600 2496.92 249692
2116700 2496.92 249692
2116800 2496.92 249692
2116900 2496.92 249692
2117000 2496.92 249692
2117100 2496.92 249692
2117200 2496.92 249692
2117300 2496.92 249692
2117400 2496.92 249692
2117500 2496.92 249692
2117600 2496.92 249692
2117700 2496.92 249692
2117800 2496.92 249692
2117900 2496.92 249692
2118000 2496.92 249692
2118100 2496.92 249692
2118200 2496.92 249692
2118300 2496.92 249692
2118400 2496.92 249692
2118500 2496.92 249692
2118600 2496.92 249692
2118700 2496.92 249692
2118800 2496.92 249692
2118900 2496.92 249692
2119000 2496.92 249692
2119100 2496.92 249692
2119200 2496.92 249692
2119300 2496.92 249692
2119400 2496.92 249692
2119500 2496.92 249692
2119600 2496.92 249692
2119700 2496.92 249692
2119800 2496.92 249692
2119900 2496.92 249692
2120000 2496.92 249692
2120100 2496.92 249692
2120200 2496.92 249692
2120300 2496.92 249692
2120400 2496.92 249692
2120500 2496.92 249692
2120600 2496.92 249692
2120700 2496.92 249692
2120800 2496.92 249692
2120900 2496.92 249692
2121000 2496.92 249692
2121100 2496.92 249692
2121200 2496.92 249692
2121300 2496.92 249692
2121400 2496.92 249692
2121500 2496.92 249692
2121600 2496.92 249692
2121700 2496.92 249692
2121800 2496.92 249692
2121900 2496.92 249692
2122000 2496.92 249692
2122100 2496.92 249692
2122200 2496.92 249692
2122300 2496.92 249692
2122400 2496.92 249692
2122500 2496.92 249692
2122600 2496.92 249692
2122700 2496.92 249692
2122800 2496.92 249692
2122900 2496.92 249692
2123000 2496.92 249692
2123100 2496.92 249692
2123200 2496.92 249692
2123300 2496.92 249692
2123400 2496.92 249692
2123500 2496.92 249692
2123600 2496.92 249692
2123700 2496.92 249692
2123800 2496.92 249692
2123900 2496.92 249692
2124000 2496.92 249692
2124100 2496.92 249692
2124200 2496.92 249692
2124300 2496.92 249692
2124400 2496.92 249692
2124500 2496.92 249692
2124600 2496.92 249692
2124700 2496.92 249692
2124800 2496.92 249692
2124900 2496.92 249692
2125000 2496.92 249692
2125100 2496.92 249692
2125200 2496.92 249692
2125300 2496.92 249692
2125400 2496.92 249692
2125500 2496.92 249692
2125600 2496.92 249692
2125700 2496.92 249692
2125800 2496.92 249692
2125900 2496.92 249692
2126000 2496.92 249692
2126100 2496.92 249692
2126200 2496.92 249692
2126300 2496.92 249692
2126400 2496.92 249692
2126500 2496.92 249692
2126600 2496.92 249692
2126700 2496.92 249692
2126800 2496.92 249692
2126900 2496.92 249692
2127000 2496.92 249692
2127100 2496.92 249692
2127200 2496.92 249692
2127300 2496.92 249692
2127400 2496.92 249692
2127500 2496.92 249692
2127600 2496.92 249692
2127700 2496.92 249692
2127800 2496.92 249692
2127900 2496.92 249692
2128000 2496.92 249692
2128100 2496.92 249692
2128200 2496.92 249692
2128300 2496.92 249692
2128400 2496.92 249692
2128500 2496.92 249692
2128600 2496.92 249692
2128700 2496.92 249692
2128800 2496.92 249692
2128900 2496.92 249692
2129000 2496.92 249692
2129100 2496.92 249692
2129200 2496.92 249692
2129300 2496.92 249692
2129400 2496.92 249692
2129500 2496.92 249692
2129600 2496.92 249692
2129700 2496.92 249692
2129800 2496.92 249692
2129900 2496.92 249692
2130000 2496.92 249692
2130100 2496.92 249692
2130200 2496.92 249692
2130300 2496.92 249692
2130400 2496.92 249692
2130500 2496.92 249692
2130600 2496.92 249692
2130700 2496.92 249692
2130800 2496.92 249692
2130900 2496.92 249692
2131000 2496.92 249692
2131100 2496.92 249692
2131200 2496.92 249692
2131300 2496.92 249692
2131400 2496.92 249692
2131500 2496.92 249692
2131600 2496.92 249692
2131700 2496.92 249692
2131800 2496.92 249692
2131900 2496.92 249692
2132000 2496.92 249692
2132100 2496.92 249692
2132200 2496.92 249692
2132300 2496.92 249692
2132400 2496.92 249692
2132500 2496.92 249692
2132600 2496.92 249692
2132700 2496.92 249692
2132800 2496.92 249692
2132900 2496.92 249692
2133000 2496.92 249692
2133100 2496.92 249692
2133200 2496.92 249692
2133300 2496.92 249692
2133400 2496.92 249692
2133500 2496.92 249692
2133600 2496.92 249692
2133700 2496.92 249692
2133800 2496.92 249692
2133900 2496.92 249692
2134000 2496.92 249692
2134100 2496.92 249692
2134200 2496.92 249692
2134300 2496.92 249692
2134400 2496.92 249692
2134500 2496.92 249692
2134600 2496.92 249692
2134700 2496.92 249692
2134800 2496.92 249692
2134900 2496.92 249692
2135000 2496.92 249692
2135100 2496.92 249692
2135200 2496.92 249692
2135300 2496.92 249692
2135400 2496.92 249692
2135500 2496.92 249692
2135600 2496.92 249692
2135700 2496.92 249692
2135800 2496.92 249692
2135900 2496.92 249692
2136000 2496.92 249692
2136100 2496.92 249692
2136200 2496.92 249692
2136300 2496.92 249692
2136400 2496.92 249692
2136500 2496.92 249692
2136600 2496.92 249692
2136700 2496.92 249692
2136800 2496.92 249692
2136900 2496.92 249692
2137000 2496.92 249692
2137100 2496.92 249692
2137200 2496.92 249692
2137300 2496.92 249692
2137400 2496.92 249692
2137500 2496.92 249692
2137600 2496.92 249692
2137700 2496.92 249692
2137800 2496.92 249692
2137900 2496.92 249692
2138000 2496.92 249692
2138100 2496.92 249692
2138200 2496.92 249692
2138300 2496.92 249692
2138400 2496.92 249692
2138500 2496.92 249692
2138600 2496.92 249692
2138700 2496.92 249692
2138800 2496.92 249692
2138900 2496.92 249692
2139000 2496.92 249692
2139100 2496.92 249692
2139200 2496.92 249692
2139300 2496.92 249692
2139400 2496.92 249692
2139500 2496.92 249692
2139600 2496.92 249692
2139700 2496.92 249692
2139800 2496.92 249692
2139900 2496.92 249692
2140000 2496.92 249692
2140100 2496.92 249692
2140200 2496.92 249692
2140300 2496.92 249692
2140400 2496.92 249692
2140500 2496.92 249692
2140600 2496.92 249692
2140700 2496.92 249692
2140800 2496.92 249692
2140900 2496.92 249692
2141000 2496.92 249692
2141100 2496.92 249692
2141200 2496.92 249692
2141300 2496.92 249692
2141400 2496.92 249692
2141500 2496.92 249692
2141600 2496.92 249692
2141700 2496.92 249692
2141800 2496.92 249692
2141900 2496.92 249692
2142000 2496.92 249692
2142100 2496.92 249692
2142200 2496.92 249692
2142300 2496.92 249692
2142400 2496.92 249692
2142500 2496.92 249692
2142600 2496.92 249692
2142700 2496.92 249692
2142800 2496.92 249692
2142900 2496.92 249692
2143000 2496.92 249692
2143100 2496.92 249692
2143200 2496.92 249692
2143300 2496.92 249692
2143400 2496.92 249692
2143500 2496.92 249692
2143600 2496.92 249692
2143700 2496.92 249692
2143800 2496.92 249692
2143900 2496.92 249692
2144000 2496.92 249692
2144100 2496.92 249692
2144200 2496.92 249692
2144300 2496.92 249692
2144400 2496.92 249692
2144500 2496.92 249692
2144600 2496.92 249692
2144700 2496.92 249692
2144800 2496.92 249692
2144900 2496.92 249692
2145000 2496.92 249692
2145100 2496.92 249692
2145200 2496.92 249692
2145300 2496.92 249692
2145400 2496.92 249692
2145500 2496.92 249692
2145600 2496.92 249692
2145700 2496.92 249692
2145800 2496.92 249692
2145900 2496.92 249692
2146000 2496.92 249692
2146100 2496.92 249692
2146200 2496.92 249692
2146300 2496.92 249692
2146400 2496.92 249692
2146500 2496.92 249692
2146600 2496.92 249692
2146700 2496.92 249692
2146800 2496.92 249692
2146900 2496.92 249692
2147000 2496.92 249692
2147100 2496.92 249692
2147200 2496.92 249692
2147300 2496.92 249692
2147400 2496.92 249692
2147500 2496.92 249692
2147600 2496.92 249692
2147700 2496.92 249692
2147800 2496.92 249692
2147900 2496.92 249692
2148000 2496.92 249692
2148100 2496.92 249692
2148200 2496.92 249692
2148300 2496.92 249692
2148400 2496.92 249692
2148500 2496.92 249692
2148600 2496.92 249692
2148700 2496.92 249692
2148800 2496.92 249692
2148900 2496.92 249692
2149000 2496.92 249692
2149100 2496.92 249692
2149200 2496.92 249692
2149300 2496.92 249692
2149400 2496.92 249692
2149500 2496.92 249692
2149600 2496.92 249692
2149700 2496.92 249692
2149800 2496.92 249692
2149900 2496.92 249692
2150000 2496.92 249692
2150100 2496.92 249692
2150200 2496.92 249692
2150300 2496.92 249692
2150400 2496.92 249692
2150500 2496.92 249692
2150600 2496.92 249692
2150700 2496.92 249692
2150800 2496.92 249692
2150900 2496.92 249692
2151000 2496.92 249692
2151100 2496.92 249692
2151200 2496.92 249692
2151300 2496.92 249692
2151400 2496.92 249692
2151500 2496.92 249692
2151600 2496.92 249692
2151700 2496.92 249692
2151800 2496.92 249692
2151900 2496.92 249692
2152000 2496.92 249692
2152100 2496.92 249692
2152200 2496.92 249692
2152300 2496.92 249692
2152400 2496.92 249692
2152500 2496.92 249692
2152600 2496.92 249692
2152700 2496.92 249692
2152800 2496.92 249692
2152900 2496.92 249692
2153000 2496.92 249692
2153100 2496.92 249692
2153200 2496.92 249692
2153300 2496.92 249692
2153400 2496.92 249692
2153500 2496.92 249692
2153600 2496.92 249692
2153700 2496.92 249692
2153800 2496.92 249692
2153900 2496.92 249692
2154000 2496.92 249692
2154100 2496.92 249692
2154200 2496.92 249692
2154300 2496.92 249692
2154400 2496.92 249692
2154500 2496.92 249692
2154600 2496.92 249692
2154700 2496.92 249692
2154800 2496.92 249692
2154900 2496.92 249692
2155000 2496.92 249692
2155100 2496.92 249692
2155200 2496.92 249692
2155300 2496.92 249692
2155400 2496.92 249692
2155500 2496.92 249692
2155600 2496.92 249692
2155700 2496.92 249692
2155800 2496.92 249692
2155900 2496.92 249692
2156000 2496.92 249692
2156100 2496.92 249692
2156200 2496.92 249692
2156300 2496.92 249692
2156400 2496.92 249692
2156500 2496.92 249692
2156600 2496.92 249692
2156700 2496.92 249692
2156800 2496.92 249692
2156900 2496.92 249692
2157000 2496.92 249692
2157100 2496.92 249692
2157200 2496.92 249692
2157300 2496.92 249692
2157400 2496.92 249692
2157500 2496.92 249692
2157600 2496.92 249692
2157700 2496.92 249692
2157800 2496.92 249692
2157900 2496.92 249692
2158000 2496.92 249692
2158100 2496.92 249692
2158200 2496.92 249692
2158300 2496.92 249692
2158400 2496.92 249692
2158500 2496.92 249692
2158600 2496.92 249692
2158700 2496.92 249692
2158800 2496.92 249692
2158900 2496.92 249692
2159000 2496.92 249692
2159100 2496.92 249692
2159200 2496.92 249692
2159300 2496.92 249692
2159400 2496.92 249692
2159500 2496.92 249692
2159600 2496.92 249692
2159700 2496.92 249692
2159800 2496.92 249692
2159900 2496.92 249692
2160000 2496.92 249692
2160100 2496.92 249692
2160200 2496.92 249692
2160300 2496.92 249692
2160400 2496.92 249692
2160500 2496.92 249692
2160600 2496.92 249692
2160700 2496.92 249692
2160800 2496.92 249692
2160900 2496.92 249692
2161000 2496.92 249692
2161100 2496.92 249692
2161200 2496.92 249692
2161300 2496.92 249692
2161400 2496.92 249692
2161500 2496.92 249692
2161600 2496.92 249692
2161700 2496.92 249692
2161800 2496.92 249692
2161900 2496.92 249692
2162000 2496.92 249692
2162100 2496.92 249692
2162200 2496.92 249692
2162300 2496.92 249692
2162400 2496.92 249692
2162500 2496.92 249692
2162600 2496.92 249692
2162700 2496.92 249692
2162800 2496.92 249692
2162900 2496.92 249692
2163000 2496.92 249692
2163100 2496.92 249692
2163200 2496.92 249692
2163300 2496.92 249692
2163400 2496.92 249692
2163500 2496.92 249692
2163600 2496.92 249692
2163700 2496.92 249692
2163800 2496.92 249692
2163900 2496.92 249692
2164000 2496.92 249692
2164100 2496.92 249692
2164200 2496.92 249692
2164300 2496.92 249692
2164400 2496.92 249692
2164500 2496.92 249692
2164600 2496.92 249692
2164700 2496.92 249692
2164800 2496.92 249692
2164900 2496.92 249692
2165000 2496.92 249692
2165100 2496.92 249692
2165200 2496.92 249692
2165300 2496.92 249692
2165400 2496.92 249692
2165500 2496.92 249692
2165600 2496.92 249692
2165700 2496.92 249692
2165800 2496.92 249692
2165900 2496.92 249692
2166000 2496.92 249692
2166100 2496.92 249692
2166200 2496.92 249692
2166300 2496.92 249692
2166400 2496.92 249692
2166500 2496.92 249692
2166600 2496.92 249692
2166700 2496.92 249692
2166800 2496.92 249692
2166900 2496.92 249692
2167000 2496.92 249692
2167100 2496.92 249692
2167200 2496.92 249692
2167300 2496.92 249692
2167400 2496.92 249692
2167500 2496.92 249692
2167600 2496.92 249692
2167700 2496.92 249692
2167800 2496.92 249692
2167900 2496.92 249692
2168000 2496.92 249692
2168100 2496.92 249692
2168200 2496.92 249692
2168300 2496.92 249692
2168400 2496.92 249692
2168500 2496.92 249692
2168600 2496.92 249692
2168700 2496.92 249692
2168800 2496.92 249692
2168900 2496.92 249692
2169000 2496.92 249692
2169100 2496.92 249692
2169200 2496.92 249692
2169300 2496.92 249692
2169400 2496.92 249692
2169500 2496.92 249692
2169600 2496.92 249692
2169700 2496.92 249692
2169800 2496.92 249692
2169900 2496.92 249692
2170000 2496.92 249692
2170100 2496.92 249692
2170200 2496.92 249692
2170300 2496.92 249692
2170400 2496.92 249692
2170500 2496.92 249692
2170600 2496.92 249692
2170700 2496.92 249692
2170800 2496.92 249692
2170900 2496.92 249692
2171000 2496.92 249692
2171100 2496.92 249692
2171200 2496.92 249692
2171300 2496.92 249692
2171400 2496.92 249692
2171500 2496.92 249692
2171600 2496.92 249692
2171700 2496.92 249692
2171800 2496.92 249692
2171900 2496.92 249692
2172000 2496.92 249692
2172100 2496.92 249692
2172200 2496.92 249692
2172300 2496.92 249692
2172400 2496.92 249692
2172500 2496.92 249692
2172600 2496.92 249692
2172700 2496.92 249692
2172800 2496.92 249692
2172900 2496.92 249692
2173000 2496.92 249692
2173100 2496.92 249692
2173200 2496.92 249692
2173300 2496.92 249692
2173400 2496.92 249692
2173500 2496.92 249692
2173600 2496.92 249692
2173700 2496.92 249692
2173800 2496.92 249692
2173900 2496.92 249692
2174000 2496.92 249692
2174100 2496.92 249692
2174200 2496.92 249692
2174300 2496.92 249692
2174400 2496.92 249692
2174500 2496.92 249692
2174600 2496.92 249692
2174700 2496.92 249692
2174800 2496.92 249692
2174900 2496.92 249692
2175000 2496.92 249692
2175100 2496.92 249692
2175200 2496.92 249692
2175300 2496.92 249692
2175400 2496.92 249692
2175500 2496.92 249692
2175600 2496.92 249692
2175700 2496.92 249692
2175800 2496.92 249692
2175900 2496.92 249692
2176000 2496.92 249692
2176100 2496.92 249692
2176200 2496.92 249692
2176300 2496.92 249692
2176400 2496.92 249692
2176500 2496.92 249692
2176600 2496.92 249692
2176700 2496.92 249692
2176800 2496.92 249692
2176900 2496.92 249692
2177000 2496.92 249692
2177100 2496.92 249692
2177200 2496.92 249692
2177300 2496.92 249692
2177400 2496.92 249692
2177500 2496.92 249692
2177600 2496.92 249692
2177700 2496.92 249692
2177800 2496.92 249692
2177900 2496.92 249692
2178000 2496.92 249692
2178100 2496.92 249692
2178200 2496.92 249692
2178300 2496.92 249692
2178400 2496.92 249692
2178500 2496.92 249692
2178600 2496.92 249692
2178700 2496.92 249692
2178800 2496.92 249692
2178900 2496.92 249692
2179000 2496.92 249692
2179100 2496.92 249692
2179200 2496.92 249692
2179300 2496.92 249692
2179400 2496.92 249692
2179500 2496.92 249692
2179600 2496.92 249692
2179700 2496.92 249692
2179800 2496.92 249692
2179900 2496.92 249692
2180000 2496.92 249692
2180100 2496.92 249692
2180200 2496.92 249692
2180300 2496.92 249692
2180400 2496.92 249692
2180500 2496.92 249692
2180600 2496.92 249692
2180700 2496.92 249692
2180800 2496.92 249692
2180900 2496.92 249692
2181000 2496.92 249692
2181100 2496.92 249692
2181200 2496.92 249692
2181300 2496.92 249692
2181400 2496.92 249692
2181500 2496.92 249692
2181600 2496.92 249692
2181700 2496.92 249692
2181800 2496.92 249692
2181900 2496.92 249692
2182000 2496.92 249692
2182100 2496.92 249692
2182200 2496.92 249692
2182300 2496.92 249692
2182400 2496.92 249692
2182500 2496.92 249692
2182600 2496.92 249692
2182700 2496.92 249692
2182800 2496.92 249692
2182900 2496.92 249692
2183000 2496.92 249692
2183100 2496.92 249692
2183200 2496.92 249692
2183300 2496.92 249692
2183400 2496.92 249692
2183500 2496.92 249692
2183600 2496.92 249692
2183700 2496.92 249692
2183800 2496.92 249692
2183900 2496.92 249692
2184000 2496.92 249692
2184100 2496.92 249692
2184200 2496.92 249692
2184300 2496.92 249692
2184400 2496.92 249692
2184500 2496.92 249692
2184600 2496.92 249692
2184700 2496.92 249692
2184800 2496.92 249692
2184900 2496.92 249692
2185000 2496.92 249692
2185100 2496.92 249692
2185200 2496.92 249692
2185300 2496.92 249692
2185400 2496.92 249692
2185500 2496.92 249692
2185600 2496.92 249692
2185700 2496.92 249692
2185800 2496.92 249692
2185900 2496.92 249692
2186000 2496.92 249692
2186100 2496.92 249692
2186200 2496.92 249692
2186300 2496.92 249692
2186400 2496.92 249692
2186500 2496.92 249692
2186600 2496.92 249692
2186700 2496.92 249692
2186800 2496.92 249692
2186900 2496.92 249692
2187000 2496.92 249692
2187100 2496.92 249692
2187200 2496.92 249692
2187300 2496.92 249692
2187400 2496.92 249692
2187500 2496.92 249692
2187600 2496.92 249692
2187700 2496.92 249692
2187800 2496.92 249692
2187900 2496.92 249692
2188000 2496.92 249692
2188100 2496.92 249692
2188200 2496.92 249692
2188300 2496.92 249692
2188400 2496.92 249692
2188500 2496.92 249692
2188600 2496.92 249692
2188700 2496.92 249692
2188800 2496.92 249692
2188900 2496.92 249692
2189000 2496.92 249692
2189100 2496.92 249692
2189200 2496.92 249692
2189300 2496.92 249692
2189400 2496.92 249692
2189500 2496.92 249692
2189600 2496.92 249692
2189700 2496.92 249692
2189800 2496.92 249692
2189900 2496.92 249692
2190000 2496.92 249692
2190100 2496.92 249692
2190200 2496.92 249692
2190300 2496.92 249692
2190400 2496.92 249692
2190500 2496.92 249692
2190600 2496.92 249692
2190700 2496.92 249692
2190800 2496.92 249692
2190900 2496.92 249692
2191000 2496.92 249692
2191100 2496.92 249692
2191200 2496.92 249692
2191300 2496.92 249692
2191400 2496.92 249692
2191500 2496.92 249692
2191600 2496.92 249692
2191700 2496.92 249692
2191800 2496.92 249692
2191900 2496.92 249692
2192000 2496.92 249692
2192100 2496.92 249692
2192200 2496.92 249692
2192300 2496.92 249692
2192400 2496.92 249692
2192500 2496.92 249692
2192600 2496.92 249692
2192700 2496.92 249692
2192800 2496.92 249692
2192900 2496.92 249692
2193000 2496.92 249692
2193100 2496.92 249692
2193200 2496.92 249692
2193300 2496.92 249692
2193400 2496.92 249692
2193500 2496.92 249692
2193600 2496.92 249692
2193700 2496.92 249692
2193800 2496.92 249692
2193900 2496.92 249692
2194000 2496.92 249692
2194100 2496.92 249692
2194200 2496.92 249692
2194300 2496.92 249692
2194400 2496.92 249692
2194500 2496.92 249692
2194600 2496.92 249692
2194700 2496.92 249692
2194800 2496.92 249692
2194900 2496.92 249692
2195000 2496.92 249692
2195100 2496.92 249692
2195200 2496.92 249692
2195300 2496.92 249692
2195400 2496.92 249692
2195500 2496.92 249692
2195600 2496.92 249692
2195700 2496.92 249692
2195800 2496.92 249692
2195900 2496.92 249692
2196000 2496.92 249692
2196100 2496.92 249692
2196200 2496.92 249692
2196300 2496.92 249692
2196400 2496.92 249692
2196500 2496.92 249692
2196600 2496.92 249692
2196700 2496.92 249692
2196800 2496.92 249692
2196900 2496.92 249692
2197000 2496.92 249692
2197100 2496.92 249692
2197200 2496.92 249692
2197300 2496.92 249692
2197400 2496.92 249692
2197500 2496.92 249692
2197600 2496.92 249692
2197700 2496.92 249692
2197800 2496.92 249692
2197900 2496.92 249692
2198000 2496.92 249692
2198100 2496.92 249692
2198200 2496.92 249692
2198300 2496.92 249692
2198400 2496.92 249692
2198500 2496.92 249692
2198600 2496.92 249692
2198700 2496.92 249692
2198800 2496.92 249692
2198900 2496.92 249692
2199000 2496.92 249692
2199100 2496.92 249692
2199200 2496.92 249692
2199300 2496.92 249692
2199400 2496.92 249692
2199500 2496.92 249692
2199600 2496.92 249692
2199700 2496.92 249692
2199800 2496.92 249692
2199900 2496.92 249692
2200000 2496.92 249692
2200100 2496.92 249692
2200200 2496.92 249692
2200300 2496.92 249692
2200400 2496.92 249692
2200500 2496.92 249692
2200600 2496.92 249692
2200700 2496.92 249692
2200800 2496.92 249692
2200900 2496.92 249692
2201000 2496.92 249692
2201100 2496.92 249692
2201200 2496.92 249692
2201300 2496.92 249692
2201400 2496.92 249692
2201500 2496.92 249692
2201600 2496.92 249692
2201700 2496.92 249692
2201800 2496.92 249692
2201900 2496.92 249692
2202000 2496.92 249692
2202100 2496.92 249692
2202200 2496.92 249692
2202300 2496.92 249692
2202400 2496.92 249692
2202500 2496.92 249692
2202600 2496.92 249692
2202700 2496.92 249692
2202800 2496.92 249692
2202900 2496.92 249692
2203000 2496.92 249692
2203100 2496.92 249692
2203200 2496.92 249692
2203300 2496.92 249692
2203400 2496.92 249692
2203500 2496.92 249692
2203600 2496.92 249692
2203700 2496.92 249692
2203800 2496.92 249692
2203900 2496.92 249692
2204000 2496.92 249692
2204100 2496.92 249692
2204200 2496.92 249692
2204300 2496.92 249692
2204400 2496.92 249692
2204500 2496.92 249692
2204600 2496.92 249692
2204700 2496.92 249692
2204800 2496.92 249692
2204900 2496.92 249692
2205000 2496.92 249692
2205100 2496.92 249692
2205200 2496.92 249692
2205300 2496.92 249692
2205400 2496.92 249692
2205500 2496.92 249692
2205600 2496.92 249692
2205700 2496.92 249692
2205800 2496.92 249692
2205900 2496.92 249692
2206000 2496.92 249692
2206100 2496.92 249692
2206200 2496.92 249692
2206300 2496.92 249692
2206400 2496.92 249692
2206500 2496.92 249692
2206600 2496.92 249692
2206700 2496.92 249692
2206800 2496.92 249692
2206900 2496.92 249692
2207000 2496.92 249692
2207100 2496.92 249692
2207200 2496.92 249692
2207300 2496.92 249692
2207400 2496.92 249692
2207500 2496.92 249692
2207600 2496.92 249692
2207700 2496.92 249692
2207800 2496.92 249692
2207900 2496.92 249692
2208000 2496.92 249692
2208100 2496.92 249692
2208200 2496.92 249692
2208300 2496.92 249692
2208400 2496.92 249692
2208500 2496.92 249692
2208600 2496.92 249692
2208700 2496.92 249692
2208800 2496.92 249692
2208900 2496.92 249692
2209000 2496.92 249692
2209100 2496.92 249692
2209200 2496.92 249692
2209300 2496.92 249692
2209400 2496.92 249692
2209500 2496.92 249692
2209600 2496.92 249692
2209700 2496.92 249692
2209800 2496.92 249692
2209900 2496.92 249692
2210000 2496.92 249692
2210100 2496.92 249692
2210200 2496.92 249692
2210300 2496.92 249692
2210400 2496.92 249692
2210500 2496.92 249692
2210600 2496.92 249692
2210700 2496.92 249692
2210800 2496.92 249692
2210900 2496.92 249692
2211000 2496.92 249692
2211100 2496.92 249692
2211200 2496.92 249692
2211300 2496.92 249692
2211400 2496.92 249692
2211500 2496.92 249692
2211600 2496.92 249692
2211700 2496.92 249692
2211800 2496.92 249692
2211900 2496.92 249692
2212000 2496.92 249692
2212100 2496.92 249692
2212200 2496.92 249692
2212300 2496.92 249692
2212400 2496.92 249692
2212500 2496.92 249692
2212600 2496.92 249692
2212700 2496.92 249692
2212800 2496.92 249692
2212900 2496.92 249692
2213000 2496.92 249692
2213100 2496.92 249692
2213200 2496.92 249692
2213300 2496.92 249692
2213400 2496.92 249692
2213500 2496.92 249692
2213600 2496.92 249692
2213700 2496.92 249692
2213800 2496.92 249692
2213900 2496.92 249692
2214000 2496.92 249692
2214100 2496.92 249692
2214200 2496.92 249692
2214300 2496.92 249692
2214400 2496.92 249692
2214500 2496.92 249692
2214600 2496.92 249692
2214700 2496.92 249692
2214800 2496.92 249692
2214900 2496.92 249692
2215000 2496.92 249692
2215100 2496.92 249692
2215200 2496.92 249692
2215300 2496.92 249692
2215400 2496.92 249692
2215500 2496.92 249692
2215600 2496.92 249692
2215700 2496.92 249692
2215800 2496.92 249692
2215900 2496.92 249692
2216000 2496.92 249692
2216100 2496.92 249692
2216200 2496.92 249692
2216300 2496.92 249692
2216400 2496.92 249692
2216500 2496.92 249692
2216600 2496.92 249692
2216700 2496.92 249692
2216800 2496.92 249692
2216900 2496.92 249692
2217000 2496.92 249692
2217100 2496.92 249692
2217200 2496.92 249692
2217300 2496.92 249692
2217400 2496.92 249692
2217500 2496.92 249692
2217600 2496.92 249692
2217700 2496.92 249692
2217800 2496.92 249692
2217900 2496.92 249692
2218000 2496.92 249692
2218100 2496.92 249692
2218200 2496.92 249692
2218300 2496.92 249692
2218400 2496.92 249692
2218500 2496.92 249692
2218600 2496.92 249692
2218700 2496.92 249692
2218800 2496.92 249692
2218900 2496.92 249692
2219000 2496.92 249692
2219100 2496.92 249692
2219200 2496.92 249692
2219300 2496.92 249692
2219400 2496.92 249692
2219500 2496.92 249692
2219600 2496.92 249692
2219700 2496.92 249692
2219800 2496.92 249692
2219900 2496.92 249692
2220000 2496.92 249692
2220100 2496.92 249692
2220200 2496.92 249692
2220300 2496.92 249692
2220400 2496.92 249692
2220500 2496.92 249692
2220600 2496.92 249692
2220700 2496.92 249692
2220800 2496.92 249692
2220900 2496.92 249692
2221000 2496.92 249692
2221100 2496.92 249692
2221200 2496.92 249692
2221300 2496.92 249692
2221400 2496.92 249692
2221500 2496.92 249692
2221600 2496.92 249692
2221700 2496.92 249692
2221800 2496.92 249692
2221900 2496.92 249692
2222000 2496.92 249692
2222100 2496.92 249692
2222200 2496.92 249692
2222300 2496.92 249692
2222400 2496.92 249692
2222500 2496.92 249692
2222600 2496.92 249692
2222700 2496.92 249692
2222800 2496.92 249692
2222900 2496.92 249692
2223000 2496.92 249692
2223100 2496.92 249692
2223200 2496.92 249692
2223300 2496.92 249692
2223400 2496.92 249692
2223500 2496.92 249692
2223600 2496.92 249692
2223700 2496.92 249692
2223800 2496.92 249692
2223900 2496.92 249692
2224000 2496.92 249692
2224100 2496.92 249692
2224200 2496.92 249692
2224300 2496.92 249692
2224400 2496.92 249692
2224500 2496.92 249692
2224600 2496.92 249692
2224700 2496.92 249692
2224800 2496.92 249692
2224900 2496.92 249692
2225000 2496.92 249692
2225100 2496.92 249692
2225200 2496.92 249692
2225300 2496.92 249692
2225400 2496.92 249692
2225500 2496.92 249692
2225600 2496.92 249692
2225700 2496.92 249692
2225800 2496.92 249692
2225900 2496.92 249692
2226000 2496.92 249692
2226100 2496.92 249692
2226200 2496.92 249692
2226300 2496.92 249692
2226400 2496.92 249692
2226500 2496.92 249692
2226600 2496.92 249692
2226700 2496.92 249692
2226800 2496.92 249692
2226900 2496.92 249692
2227000 2496.92 249692
2227100 2496.92 249692
2227200 2496.92 249692
2227300 2496.92 249692
2227400 2496.92 249692
2227500 2496.92 249692
2227600 2496.92 249692
2227700 2496.92 249692
2227800 2496.92 249692
2227900 2496.92 249692
2228000 2496.92 249692
2228100 2496.92 249692
2228200 2496.92 249692
2228300 2496.92 249692
2228400 2496.92 249692
2228500 2496.92 249692
2228600 2496.92 249692
2228700 2496.92 249692
2228800 2496.92 249692
2228900 2496.92 249692
2229000 2496.92 249692
2229100 2496.92 249692
2229200 2496.92 249692
2229300 2496.92 249692
2229400 2496.92 249692
2229500 2496.92 249692
2229600 2496.92 249692
2229700 2496.92 249692
2229800 2496.92 249692
2229900 2496.92 249692
2230000 2496.92 249692
2230100 2496.92 249692
2230200 2496.92 249692
2230300 2496.92 249692
2230400 2496.92 249692
2230500 2496.92 249692
2230600 2496.92 249692
2230700 2496.92 249692
2230800 2496.92 249692
2230900 2496.92 249692
2231000 2496.92 249692
2231100 2496.92 249692
2231200 2496.92 249692
2231300 2496.92 249692
2231400 2496.92 249692
2231500 2496.92 249692
2231600 2496.92 249692
2231700 2496.92 249692
2231800 2496.92 249692
2231900 2496.92 249692
2232000 2496.92 249692
2232100 2496.92 249692
2232200 2496.92 249692
2232300 2496.92 249692
2232400 2496.92 249692
2232500 2496.92 249692
2232600 2496.92 249692
2232700 2496.92 249692
2232800 2496.92 249692
2232900 2496.92 249692
2233000 2496.92 249692
2233100 2496.92 249692
2233200 2496.92 249692
2233300 2496.92 249692
2233400 2496.92 249692
2233500 2496.92 249692
2233600 2496.92 249692
2233700 2496.92 249692
2233800 2496.92 249692
2233900 2496.92 249692
2234000 2496.92 249692
2234100 2496.92 249692
2234200 2496.92 249692
2234300 2496.92 249692
2234400 2496.92 249692
2234500 2496.92 249692
2234600 2496.92 249692
2234700 2496.92 249692
2234800 2496.92 249692
2234900 2496.92 249692
2235000 2496.92 249692
2235100 2496.92 249692
2235200 2496.92 249692
2235300 2496.92 249692
2235400 2496.92 249692
2235500 2496.92 249692
2235600 2496.92 249692
2235700 2496.92 249692
2235800 2496.92 249692
2235900 2496.92 249692
2236000 2496.92 249692
2236100 2496.92 249692
2236200 2496.92 249692
2236300 2496.92 249692
2236400 2496.92 249692
2236500 2496.92 249692
2236600 2496.92 249692
2236700 2496.92 249692
2236800 2496.92 249692
2236900 2496.92 249692
2237000 2496.92 249692
2237100 2496.92 249692
2237200 2496.92 249692
2237300 2496.92 249692
2237400 2496.92 249692
2237500 2496.92 249692
2237600 2496.92 249692
2237700 2496.92 249692
2237800 2496.92 249692
2237900 2496.92 249692
2238000 2496.92 249692
2238100 2496.92 249692
2238200 2496.92 249692
2238300 2496.92 249692
2238400 2496.92 249692
2238500 2496.92 249692
2238600 2496.92 249692
2238700 2496.92 249692
2238800 2496.92 249692
2238900 2496.92 249692
2239000 2496.92 249692
2239100 2496.92 249692
2239200 2496.92 249692
2239300 2496.92 249692
2239400 2496.92 249692
2239500 2496.92 249692
2239600 2496.92 249692
2239700 2496.92 249692
2239800 2496.92 249692
2239900 2496.92 249692
2240000 2496.92 249692
2240100 2496.92 249692
2240200 2496.92 249692
2240300 2496.92 249692
2240400 2496.92 249692
2240500 2496.92 249692
2240600 2496.92 249692
2240700 2496.92 249692
2240800 2496.92 249692
2240900 2496.92 249692
2241000 2496.92 249692
2241100 2496.92 249692
2241200 2496.92 249692
2241300 2496.92 249692
2241400 2496.92 249692
2241500 2496.92 249692
2241600 2496.92 249692
2241700 2496.92 249692
2241800 2496.92 249692
2241900 2496.92 249692
2242000 2496.92 249692
2242100 2496.92 249692
2242200 2496.92 249692
2242300 2496.92 249692
2242400 2496.92 249692
2242500 2496.92 249692
2242600 2496.92 249692
2242700 2496.92 249692
2242800 2496.92 249692
2242900 2496.92 249692
2243000 2496.92 249692
2243100 2496.92 249692
2243200 2496.92 249692
2243300 2496.92 249692
2243400 2496.92 249692
2243500 2496.92 249692
2243600 2496.92 249692
2243700 2496.92 249692
2243800 2496.92 249692
2243900 2496.92 249692
2244000 2496.92 249692
2244100 2496.92 249692
2244200 2496.92 249692
2244300 2496.92 249692
2244400 2496.92 249692
2244500 2496.92 249692
2244600 2496.92 249692
2244700 2496.92 249692
2244800 2496.92 249692
2244900 2496.92 249692
2245000 2496.92 249692
2245100 2496.92 249692
2245200 2496.92 249692
2245300 2496.92 249692
2245400 2496.92 249692
2245500 2496.92 249692
2245600 2496.92 249692
2245700 2496.92 249692
2245800 2496.92 249692
2245900 2496.92 249692
2246000 2496.92 249692
2246100 2496.92 249692
2246200 2496.92 249692
2246300 2496.92 249692
2246400 2496.92 249692
2246500 2496.92 249692
2246600 2496.92 249692
2246700 2496.92 249692
2246800 2496.92 249692
2246900 2496.92 249692
2247000 2496.92 249692
2247100 2496.92 249692
2247200 2496.92 249692
2247300 2496.92 249692
2247400 2496.92 249692
2247500 2496.92 249692
2247600 2496.92 249692
2247700 2496.92 249692
2247800 2496.92 249692
2247900 2496.92 249692
2248000 2496.92 249692
2248100 2496.92 249692
2248200 2496.92 249692
2248300 2496.92 249692
2248400 2496.92 249692
2248500 2496.92 249692
2248600 2496.92 249692
2248700 2496.92 249692
2248800 2496.92 249692
2248900 2496.92 249692
2249000 2496.92 249692
2249100 2496.92 249692
2249200 2496.92 249692
2249300 2496.92 249692
2249400 2496.92 249692
2249500 2496.92 249692
2249600 2496.92 249692
2249700 2496.92 249692
2249800 2496.92 249692
2249900 2496.92 249692
2250000 2496.92 249692
2250100 2496.92 249692
2250200 2496.92 249692
2250300 2496.92 249692
2250400 2496.92 249692
2250500 2496.92 249692
2250600 2496.92 249692
2250700 2496.92 249692
2250800 2496.92 249692
2250900 2496.92 249692
2251000 2496.92 249692
2251100 2496.92 249692
2251200 2496.92 249692
2251300 2496.92 249692
2251400 2496.92 249692
2251500 2496.92 249692
2251600 2496.92 249692
2251700 2496.92 249692
2251800 2496.92 249692
2251900 2496.92 249692
2252000 2496.92 249692
2252100 2496.92 249692
2252200 2496.92 249692
2252300 2496.92 249692
2252400 2496.92 249692
2252500 2496.92 249692
2252600 2496.92 249692
2252700 2496.92 249692
2252800 2496.92 249692
2252900 2496.92 249692
2253000 2496.92 249692
2253100 2496.92 249692
2253200 2496.92 249692
2253300 2496.92 249692
2253400 2496.92 249692
2253500 2496.92 249692
2253600 2496.92 249692
2253700 2496.92 249692
2253800 2496.92 249692
2253900 2496.92 249692
2254000 2496.92 249692
2254100 2496.92 249692
2254200 2496.92 249692
2254300 2496.92 249692
2254400 2496.92 249692
2254500 2496.92 249692
2254600 2496.92 249692
2254700 2496.92 249692
2254800 2496.92 249692
2254900 2496.92 249692
2255000 2496.92 249692
2255100 2496.92 249692
2255200 2496.92 249692
2255300 2496.92 249692
2255400 2496.92 249692
2255500 2496.92 249692
2255600 2496.92 249692
2255700 2496.92 249692
2255800 2496.92 249692
2255900 2496.92 249692
2256000 2496.92 249692
2256100 2496.92 249692
2256200 2496.92 249692
2256300 2496.92 249692
2256400 2496.92 249692
2256500 2496.92 249692
2256600 2496.92 249692
2256700 2496.92 249692
2256800 2496.92 249692
2256900 2496.92 249692
2257000 2496.92 249692
2257100 2496.92 249692
2257200 2496.92 249692
2257300 2496.92 249692
2257400 2496.92 249692
2257500 2496.92 249692
2257600 2496.92 249692
2257700 2496.92 249692
2257800 2496.92 249692
2257900 2496.92 249692
2258000 2496.92 249692
2258100 2496.92 249692
2258200 2496.92 249692
2258300 2496.92 249692
2258400 2496.92 249692
2258500 2496.92 249692
2258600 2496.92 249692
2258700 2496.92 249692
2258800 2496.92 249692
2258900 2496.92 249692
2259000 2496.92 249692
2259100 2496.92 249692
2259200 2496.92 249692
2259300 2496.92 249692
2259400 2496.92 249692
2259500 2496.92 249692
2259600 2496.92 249692
2259700 2496.92 249692
2259800 2496.92 249692
2259900 2496.92 249692
2260000 2496.92 249692
2260100 2496.92 249692
2260200 2496.92 249692
2260300 2496.92 249692
2260400 2496.92 249692
2260500 2496.92 249692
2260600 2496.92 249692
2260700 2496.92 249692
2260800 2496.92 249692
2260900 2496.92 249692
2261000 2496.92 249692
2261100 2496.92 249692
2261200 2496.92 249692
2261300 2496.92 249692
2261400 2496.92 249692
2261500 2496.92 249692
2261600 2496.92 249692
2261700 2496.92 249692
2261800 2496.92 249692
2261900 2496.92 249692
2262000 2496.92 249692
2262100 2496.92 249692
2262200 2496.92 249692
2262300 2496.92 249692
2262400 2496.92 249692
2262500 2496.92 249692
2262600 2496.92 249692
2262700 2496.92 249692
2262800 2496.92 249692
2262900 2496.92 249692
2263000 2496.92 249692
2263100 2496.92 249692
2263200 2496.92 249692
2263300 2496.92 249692
2263400 2496.92 249692
2263500 2496.92 249692
2263600 2496.92 249692
2263700 2496.92 249692
2263800 2496.92 249692
2263900 2496.92 249692
2264000 2496.92 249692
2264100 2496.92 249692
2264200 2496.92 249692
2264300 2496.92 249692
2264400 2496.92 249692
2264500 2496.92 249692
2264600 2496.92 249692
2264700 2496.92 249692
2264800 2496.92 249692
2264900 2496.92 249692
2265000 2496.92 249692
2265100 2496.92 249692
2265200 2496.92 249692
2265300 2496.92 249692
2265400 2496.92 249692
2265500 2496.92 249692
2265600 2496.92 249692
2265700 2496.92 249692
2265800 2496.92 249692
2265900 2496.92 249692
2266000 2496.92 249692
2266100 2496.92 249692
2266200 2496.92 249692
2266300 2496.92 249692
2266400 2496.92 249692
2266500 2496.92 249692
2266600 2496.92 249692
2266700 2496.92 249692
2266800 2496.92 249692
2266900 2496.92 249692
2267000 2496.92 249692
2267100 2496.92 249692
2267200 2496.92 249692
2267300 2496.92 249692
2267400 2496.92 249692
2267500 2496.92 249692
2267600 2496.92 249692
2267700 2496.92 249692
2267800 2496.92 249692
2267900 2496.92 249692
2268000 2496.92 249692
2268100 2496.92 249692
2268200 2496.92 249692
2268300 2496.92 249692
2268400 2496.92 249692
2268500 2496.92 249692
2268600 2496.92 249692
2268700 2496.92 249692
2268800 2496.92 249692
2268900 2496.92 249692
2269000 2496.92 249692
2269100 2496.92 249692
2269200 2496.92 249692
2269300 2496.92 249692
2269400 2496.92 249692
2269500 2496.92 249692
2269600 2496.92 249692
2269700 2496.92 249692
2269800 2496.92 249692
2269900 2496.92 249692
2270000 2496.92 249692
2270100 2496.92 249692
2270200 2496.92 249692
2270300 2496.92 249692
2270400 2496.92 249692
2270500 2496.92 249692
2270600 2496.92 249692
2270700 2496.92 249692
2270800 2496.92 249692
2270900 2496.92 249692
2271000 2496.92 249692
2271100 2496.92 249692
2271200 2496.92 249692
2271300 2496.92 249692
2271400 2496.92 249692
2271500 2496.92 249692
2271600 2496.92 249692
2271700 2496.92 249692
2271800 2496.92 249692
2271900 2496.92 249692
2272000 2496.92 249692
2272100 2496.92 249692
2272200 2496.92 249692
2272300 2496.92 249692
2272400 2496.92 249692
2272500 2496.92 249692
2272600 2496.92 249692
2272700 2496.92 249692
2272800 2496.92 249692
2272900 2496.92 249692
2273000 2496.92 249692
2273100 2496.92 249692
2273200 2496.92 249692
2273300 2496.92 249692
2273400 2496.92 249692
2273500 2496.92 249692
2273600 2496.92 249692
2273700 2496.92 249692
2273800 2496.92 249692
2273900 2496.92 249692
2274000 2496.92 249692
2274100 2496.92 249692
2274200 2496.92 249692
2274300 2496.92 249692
2274400 2496.92 249692
2274500 2496.92 249692
2274600 2496.92 249692
2274700 2496.92 249692
2274800 2496.92 249692
2274900 2496.92 249692
2275000 2496.92 249692
2275100 2496.92 249692
2275200 2496.92 249692
2275300 2496.92 249692
2275400 2496.92 249692
2275500 2496.92 249692
2275600 2496.92 249692
2275700 2496.92 249692
2275800 2496.92 249692
2275900 2496.92 249692
2276000 2496.92 249692
2276100 2496.92 249692
2276200 2496.92 249692
2276300 2496.92 249692
2276400 2496.92 249692
2276500 2496.92 249692
2276600 2496.92 249692
2276700 2496.92 249692
2276800 2496.92 249692
2276900 2496.92 249692
2277000 2496.92 249692
2277100 2496.92 249692
2277200 2496.92 249692
2277300 2496.92 249692
2277400 2496.92 249692
2277500 2496.92 249692
2277600 2496.92 249692
2277700 2496.92 249692
2277800 2496.92 249692
2277900 2496.92 249692
2278000 2496.92 249692
2278100 2496.92 249692
2278200 2496.92 249692
2278300 2496.92 249692
2278400 2496.92 249692
2278500 2496.92 249692
2278600 2496.92 249692
2278700 2496.92 249692
2278800 2496.92 249692
2278900 2496.92 249692
2279000 2496.92 249692
2279100 2496.92 249692
2279200 2496.92 249692
2279300 2496.92 249692
2279400 2496.92 249692
2279500 2496.92 249692
2279600 2496.92 249692
2279700 2496.92 249692
2279800 2496.92 249692
2279900 2496.92 249692
2280000 2496.92 249692
2280100 2496.92 249692
2280200 2496.92 249692
2280300 2496.92 249692
2280400 2496.92 249692
2280500 2496.92 249692
2280600 2496.92 249692
2280700 2496.92 249692
2280800 2496.92 249692
2280900 2496.92 249692
2281000 2496.92 249692
2281100 2496.92 249692
2281200 2496.92 249692
2281300 2496.92 249692
2281400 2496.92 249692
2281500 2496.92 249692
2281600 2496.92 249692
2281700 2496.92 249692
2281800 2496.92 249692
2281900 2496.92 249692
2282000 2496.92 249692
2282100 2496.92 249692
2282200 2496.92 249692
2282300 2496.92 249692
2282400 2496.92 249692
2282500 2496.92 249692
2282600 2496.92 249692
2282700 2496.92 249692
2282800 2496.92 249692
2282900 2496.92 249692
2283000 2496.92 249692
2283100 2496.92 249692
2283200 2496.92 249692
2283300 2496.92 249692
2283400 2496.92 249692
2283500 2496.92 249692
2283600 2496.92 249692
2283700 2496.92 249692
2283800 2496.92 249692
2283900 2496.92 249692
2284000 2496.92 249692
2284100 2496.92 249692
2284200 2496.92 249692
2284300 2496.92 249692
2284400 2496.92 249692
2284500 2496.92 249692
2284600 2496.92 249692
2284700 2496.92 249692
2284800 2496.92 249692
2284900 2496.92 249692
2285000 2496.92 249692
2285100 2496.92 249692
2285200 2496.92 249692
2285300 2496.92 249692
2285400 2496.92 249692
2285500 2496.92 249692
2285600 2496.92 249692
2285700 2496.92 249692
2285800 2496.92 249692
2285900 2496.92 249692
2286000 2496.92 249692
2286100 2496.92 249692
2286200 2496.92 249692
2286300 2496.92 249692
2286400 2496.92 249692
2286500 2496.92 249692
2286600 2496.92 249692
2286700 2496.92 249692
2286800 2496.92 249692
2286900 2496.92 249692
2287000 2496.92 249692
2287100 2496.92 249692
2287200 2496.92 249692
2287300 2496.92 249692
2287400 2496.92 249692
2287500 2496.92 249692
2287600 2496.92 249692
2287700 2496.92 249692
2287800 2496.92 249692
2287900 2496.92 249692
2288000 2496.92 249692
2288100 2496.92 249692
2288200 2496.92 249692
2288300 2496.92 249692
2288400 2496.92 249692
2288500 2496.92 249692
2288600 2496.92 249692
2288700 2496.92 249692
2288800 2496.92 249692
2288900 2496.92 249692
2289000 2496.92 249692
2289100 2496.92 249692
2289200 2496.92 249692
2289300 2496.92 249692
2289400 2496.92 249692
2289500 2496.92 249692
2289600 2496.92 249692
2289700 2496.92 249692
2289800 2496.92 249692
2289900 2496.92 249692
2290000 2496.92 249692
2290100 2496.92 249692
2290200 2496.92 249692
2290300 2496.92 249692
2290400 2496.92 249692
2290500 2496.92 249692
2290600 2496.92 249692
2290700 2496.92 249692
2290800 2496.92 249692
2290900 2496.92 249692
2291000 2496.92 249692
2291100 2496.92 249692
2291200 2496.92 249692
2291300 2496.92 249692
2291400 2496.92 249692
2291500 2496.92 249692
2291600 2496.92 249692
2291700 2496.92 249692
2291800 2496.92 249692
2291900 2496.92 249692
2292000 2496.92 249692
2292100 2496.92 249692
2292200 2496.92 249692
2292300 2496.92 249692
2292400 2496.92 249692
2292500 2496.92 249692
2292600 2496.92 249692
2292700 2496.92 249692
2292800 2496.92 249692
2292900 2496.92 249692
2293000 2496.92 249692
2293100 2496.92 249692
2293200 2496.92 249692
2293300 2496.92 249692
2293400 2496.92 249692
2293500 2496.92 249692
2293600 2496.92 249692
2293700 2496.92 249692
2293800 2496.92 249692
2293900 2496.92 249692
2294000 2496.92 249692
2294100 2496.92 249692
2294200 2496.92 249692
2294300 2496.92 249692
2294400 2496.92 249692
2294500 2496.92 249692
2294600 2496.92 249692
2294700 2496.92 249692
2294800 2496.92 249692
2294900 2496.92 249692
2295000 2496.92 249692
2295100 2496.92 249692
2295200 2496.92 249692
2295300 2496.92 249692
2295400 2496.92 249692
2295500 2496.92 249692
2295600 2496.92 249692
2295700 2496.92 249692
2295800 2496.92 249692
2295900 2496.92 249692
2296000 2496.92 249692
2296100 2496.92 249692
2296200 2496.92 249692
2296300 2496.92 249692
2296400 2496.92 249692
2296500 2496.92 249692
2296600 2496.92 249692
2296700 2496.92 249692
2296800 2496.92 249692
2296900 2496.92 249692
2297000 2496.92 249692
2297100 2496.92 249692
2297200 2496.92 249692
2297300 2496.92 249692
2297400 2496.92 249692
2297500 2496.92 249692
2297600 2496.92 249692
2297700 2496.92 249692
2297800 2496.92 249692
2297900 2496.92 249692
2298000 2496.92 249692
2298100 2496.92 249692
2298200 2496.92 249692
2298300 2496.92 249692
2298400 2496.92 249692
2298500 2496.92 249692
2298600 2496.92 249692
2298700 2496.92 249692
2298800 2496.92 249692
2298900 2496.92 249692
2299000 2496.92 249692
2299100 2496.92 249692
2299200 2496.92 249692
2299300 2496.92 249692
2299400 2496.92 249692
2299500 2496.92 249692
2299600 2496.92 249692
2299700 2496.92 249692
2299800 2496.92 249692
2299900 2496.92 249692
2300000 2496.92 249692
2300100 2496.92 249692
2300200 2496.92 249692
2300300 2496.92 249692
2300400 2496.92 249692
2300500 2496.92 249692
2300600 2496.92 249692
2300700 2496.92 249692
2300800 2496.92 249692
2300900 2496.92 249692
2301000 2496.92 249692
2301100 2496.92 249692
2301200 2496.92 249692
2301300 2496.92 249692
2301400 2496.92 249692
2301500 2496.92 249692
2301600 2496.92 249692
2301700 2496.92 249692
2301800 2496.92 249692
2301900 2496.92 249692
2302000 2496.92 249692
2302100 2496.92 249692
2302200 2496.92 249692
2302300 2496.92 249692
2302400 2496.92 249692
2302500 2496.92 249692
2302600 2496.92 249692
2302700 2496.92 249692
2302800 2496.92 249692
2302900 2496.92 249692
2303000 2496.92 249692
2303100 2496.92 249692
2303200 2496.92 249692
2303300 2496.92 249692
2303400 2496.92 249692
2303500 2496.92 249692
2303600 2496.92 249692
2303700 2496.92 249692
2303800 2496.92 249692
2303900 2496.92 249692
2304000 2496.92 249692
2304100 2496.92 249692
2304200 2496.92 249692
2304300 2496.92 249692
2304400 2496.92 249692
2304500 2496.92 249692
2304600 2496.92 249692
2304700 2496.92 249692
2304800 2496.92 249692
2304900 2496.92 249692
2305000 2496.92 249692
2305100 2496.92 249692
2305200 2496.92 249692
2305300 2496.92 249692
2305400 2496.92 249692
2305500 2496.92 249692
2305600 2496.92 249692
2305700 2496.92 249692
2305800 2496.92 249692
2305900 2496.92 249692
2306000 2496.92 249692
2306100 2496.92 249692
2306200 2496.92 249692
2306300 2496.92 249692
2306400 2496.92 249692
2306500 2496.92 249692
2306600 2496.92 249692
2306700 2496.92 249692
2306800 2496.92 249692
2306900 2496.92 249692
2307000 2496.92 249692
2307100 2496.92 249692
2307200 2496.92 249692
2307300 2496.92 249692
2307400 2496.92 249692
2307500 2496.92 249692
2307600 2496.92 249692
2307700 2496.92 249692
2307800 2496.92 249692
2307900 2496.92 249692
2308000 2496.92 249692
2308100 2496.92 249692
2308200 2496.92 249692
2308300 2496.92 249692
2308400 2496.92 249692
2308500 2496.92 249692
2308600 2496.92 249692
2308700 2496.92 249692
2308800 2496.92 249692
2308900 2496.92 249692
2309000 2496.92 249692
2309100 2496.92 249692
2309200 2496.92 249692
2309300 2496.92 249692
2309400 2496.92 249692
2309500 2496.92 249692
2309600 2496.92 249692
2309700 2496.92 249692
2309800 2496.92 249692
2309900 2496.92 249692
2310000 2496.92 249692
2310100 2496.92 249692
2310200 2496.92 249692
2310300 2496.92 249692
2310400 2496.92 249692
2310500 2496.92 249692
2310600 2496.92 249692
2310700 2496.92 249692
2310800 2496.92 249692
2310900 2496.92 249692
2311000 2496.92 249692
2311100 2496.92 249692
2311200 2496.92 249692
2311300 2496.92 249692
2311400 2496.92 249692
2311500 2496.92 249692
2311600 2496.92 249692
2311700 2496.92 249692
2311800 2496.92 249692
2311900 2496.92 249692
2312000 2496.92 249692
2312100 2496.92 249692
2312200 2496.92 249692
2312300 2496.92 249692
2312400 2496.92 249692
2312500 2496.92 249692
2312600 2496.92 249692
2312700 2496.92 249692
2312800 2496.92 249692
2312900 2496.92 249692
2313000 2496.92 249692
2313100 2496.92 249692
2313200 2496.92 249692
2313300 2496.92 249692
2313400 2496.92 249692
2313500 2496.92 249692
2313600 2496.92 249692
2313700 2496.92 249692
2313800 2496.92 249692
2313900 2496.92 249692
2314000 2496.92 249692
2314100 2496.92 249692
2314200 2496.92 249692
2314300 2496.92 249692
2314400 2496.92 249692
2314500 2496.92 249692
2314600 2496.92 249692
2314700 2496.92 249692
2314800 2496.92 249692
2314900 2496.92 249692
2315000 2496.92 249692
2315100 2496.92 249692
2315200 2496.92 249692
2315300 2496.92 249692
2315400 2496.92 249692
2315500 2496.92 249692
2315600 2496.92 249692
2315700 2496.92 249692
2315800 2496.92 249692
2315900 2496.92 249692
2316000 2496.92 249692
2316100 2496.92 249692
2316200 2496.92 249692
2316300 2496.92 249692
2316400 2496.92 249692
2316500 2496.92 249692
2316600 2496.92 249692
2316700 2496.92 249692
2316800 2496.92 249692
2316900 2496.92 249692
2317000 2496.92 249692
2317100 2496.92 249692
2317200 2496.92 249692
2317300 2496.92 249692
2317400 2496.92 249692
2317500 2496.92 249692
2317600 2496.92 249692
2317700 2496.92 249692
2317800 2496.92 249692
2317900 2496.92 249692
2318000 2496.92 249692
2318100 2496.92 249692
2318200 2496.92 249692
2318300 2496.92 249692
2318400 2496.92 249692
2318500 2496.92 249692
2318600 2496.92 249692
2318700 2496.92 249692
2318800 2496.92 249692
2318900 2496.92 249692
2319000 2496.92 249692
2319100 2496.92 249692
2319200 2496.92 249692
2319300 2496.92 249692
2319400 2496.92 249692
2319500 2496.92 249692
2319600 2496.92 249692
2319700 2496.92 249692
2319800 2496.92 249692
2319900 2496.92 249692
2320000 2496.92 249692
2320100 2496.92 249692
2320200 2496.92 249692
2320300 2496.92 249692
2320400 2496.92 249692
2320500 2496.92 249692
2320600 2496.92 249692
2320700 2496.92 249692
2320800 2496.92 249692
2320900 2496.92 249692
2321000 2496.92 249692
2321100 2496.92 249692
2321200 2496.92 249692
2321300 2496.92 249692
2321400 2496.92 249692
2321500 2496.92 249692
2321600 2496.92 249692
2321700 2496.92 249692
2321800 2496.92 249692
2321900 2496.92 249692
2322000 2496.92 249692
2322100 2496.92 249692
2322200 2496.92 249692
2322300 2496.92 249692
2322400 2496.92 249692
2322500 2496.92 249692
2322600 2496.92 249692
2322700 2496.92 249692
2322800 2496.92 249692
2322900 2496.92 249692
2323000 2496.92 249692
2323100 2496.92 249692
2323200 2496.92 249692
2323300 2496.92 249692
2323400 2496.92 249692
2323500 2496.92 249692
2323600 2496.92 249692
2323700 2496.92 249692
2323800 2496.92 249692
2323900 2496.92 249692
2324000 2496.92 249692
2324100 2496.92 249692
2324200 2496.92 249692
2324300 2496.92 249692
2324400 2496.92 249692
2324500 2496.92 249692
2324600 2496.92 249692
2324700 2496.92 249692
2324800 2496.92 249692
2324900 2496.92 249692
2325000 2496.92 249692
2325100 2496.92 249692
2325200 2496.92 249692
2325300 2496.92 249692
2325400 2496.92 249692
2325500 2496.92 249692
2325600 2496.92 249692
2325700 2496.92 249692
2325800 2496.92 249692
2325900 2496.92 249692
2326000 2496.92 249692
2326100 2496.92 249692
2326200 2496.92 249692
2326300 2496.92 249692
2326400 2496.92 249692
2326500 2496.92 249692
2326600 2496.92 249692
2326700 2496.92 249692
2326800 2496.92 249692
2326900 2496.92 249692
2327000 2496.92 249692
2327100 2496.92 249692
2327200 2496.92 249692
2327300 2496.92 249692
2327400 2496.92 249692
2327500 2496.92 249692
2327600 2496.92 249692
2327700 2496.92 249692
2327800 2496.92 249692
2327900 2496.92 249692
2328000 2496.92 249692
2328100 2496.92 249692
2328200 2496.92 249692
2328300 2496.92 249692
2328400 2496.92 249692
2328500 2496.92 249692
2328600 2496.92 249692
2328700 2496.92 249692
2328800 2496.92 249692
2328900 2496.92 249692
2329000 2496.92 249692
2329100 2496.92 249692
2329200 2496.92 249692
2329300 2496.92 249692
2329400 2496.92 249692
2329500 2496.92 249692
2329600 2496.92 249692
2329700 2496.92 249692
2329800 2496.92 249692
2329900 2496.92 249692
2330000 2496.92 249692
2330100 2496.92 249692
2330200 2496.92 249692
2330300 2496.92 249692
2330400 2496.92 249692
2330500 2496.92 249692
2330600 2496.92 249692
2330700 2496.92 249692
2330800 2496.92 249692
2330900 2496.92 249692
2331000 2496.92 249692
2331100 2496.92 249692
2331200 2496.92 249692
2331300 2496.92 249692
2331400 2496.92 249692
2331500 2496.92 249692
2331600 2496.92 249692
2331700 2496.92 249692
2331800 2496.92 249692
2331900 2496.92 249692
2332000 2496.92 249692
2332100 2496.92 249692
2332200 2496.92 249692
2332300 2496.92 249692
2332400 2496.92 249692
2332500 2496.92 249692
2332600 2496.92 249692
2332700 2496.92 249692
2332800 2496.92 249692
2332900 2496.92 249692
2333000 2496.92 249692
2333100 2496.92 249692
2333200 2496.92 249692
2333300 2496.92 249692
2333400 2496.92 249692
2333500 2496.92 249692
2333600 2496.92 249692
2333700 2496.92 249692
2333800 2496.92 249692
2333900 2496.92 249692
2334000 2496.92 249692
2334100 2496.92 249692
2334200 2496.92 249692
2334300 2496.92 249692
2334400 2496.92 249692
2334500 2496.92 249692
2334600 2496.92 249692
2334700 2496.92 249692
2334800 2496.92 249692
2334900 2496.92 249692
2335000 2496.92 249692
2335100 2496.92 249692
2335200 2496.92 249692
2335300 2496.92 249692
2335400 2496.92 249692
2335500 2496.92 249692
2335600 2496.92 249692
2335700 2496.92 249692
2335800 2496.92 249692
2335900 2496.92 249692
2336000 2496.92 249692
2336100 2496.92 249692
2336200 2496.92 249692
2336300 2496.92 249692
2336400 2496.92 249692
2336500 2496.92 249692
2336600 2496.92 249692
2336700 2496.92 249692
2336800 2496.92 249692
2336900 2496.92 249692
2337000 2496.92 249692
2337100 2496.92 249692
2337200 2496.92 249692
2337300 2496.92 249692
2337400 2496.92 249692
2337500 2496.92 249692
2337600 2496.92 249692
2337700 2496.92 249692
2337800 2496.92 249692
2337900 2496.92 249692
2338000 2496.92 249692
2338100 2496.92 249692
2338200 2496.92 249692
2338300 2496.92 249692
2338400 2496.92 249692
2338500 2496.92 249692
2338600 2496.92 249692
2338700 2496.92 249692
2338800 2496.92 249692
2338900 2496.92 249692
2339000 2496.92 249692
2339100 2496.92 249692
2339200 2496.92 249692
2339300 2496.92 249692
2339400 2496.92 249692
2339500 2496.92 249692
2339600 2496.92 249692
2339700 2496.92 249692
2339800 2496.92 249692
2339900 2496.92 249692
2340000 2496.92 249692
2340100 2496.92 249692
2340200 2496.92 249692
2340300 2496.92 249692
2340400 2496.92 249692
2340500 2496.92 249692
2340600 2496.92 249692
2340700 2496.92 249692
2340800 2496.92 249692
2340900 2496.92 249692
2341000 2496.92 249692
2341100 2496.92 249692
2341200 2496.92 249692
2341300 2496.92 249692
2341400 2496.92 249692
2341500 2496.92 249692
2341600 2496.92 249692
2341700 2496.92 249692
2341800 2496.92 249692
2341900 2496.92 249692
2342000 2496.92 249692
2342100 2496.92 249692
2342200 2496.92 249692
2342300 2496.92 249692
2342400 2496.92 249692
2342500 2496.92 249692
2342600 2496.92 249692
2342700 2496.92 249692
2342800 2496.92 249692
2342900 2496.92 249692
2343000 2496.92 249692
2343100 2496.92 249692
2343200 2496.92 249692
2343300 2496.92 249692
2343400 2496.92 249692
2343500 2496.92 249692
2343600 2496.92 249692
2343700 2496.92 249692
2343800 2496.92 249692
2343900 2496.92 249692
2344000 2496.92 249692
2344100 2496.92 249692
2344200 2496.92 249692
2344300 2496.92 249692
2344400 2496.92 249692
2344500 2496.92 249692
2344600 2496.92 249692
2344700 2496.92 249692
2344800 2496.92 249692
2344900 2496.92 249692
2345000 2496.92 249692
2345100 2496.92 249692
2345200 2496.92 249692
2345300 2496.92 249692
2345400 2496.92 249692
2345500 2496.92 249692
2345600 2496.92 249692
2345700 2496.92 249692
2345800 2496.92 249692
2345900 2496.92 249692
2346000 2496.92 249692
2346100 2496.92 249692
2346200 2496.92 249692
2346300 2496.92 249692
2346400 2496.92 249692
2346500 2496.92 249692
2346600 2496.92 249692
2346700 2496.92 249692
2346800 2496.92 249692
2346900 2496.92 249692
2347000 2496.92 249692
2347100 2496.92 249692
2347200 2496.92 249692
2347300 2496.92 249692
2347400 2496.92 249692
2347500 2496.92 249692
2347600 2496.92 249692
2347700 2496.92 249692
2347800 2496.92 249692
2347900 2496.92 249692
2348000 2496.92 249692
2348100 2496.92 249692
2348200 2496.92 249692
2348300 2496.92 249692
2348400 2496.92 249692
2348500 2496.92 249692
2348600 2496.92 249692
2348700 2496.92 249692
2348800 2496.92 249692
2348900 2496.92 249692
2349000 2496.92 249692
2349100 2496.92 249692
2349200 2496.92 249692
2349300 2496.92 249692
2349400 2496.92 249692
2349500 2496.92 249692
2349600 2496.92 249692
2349700 2496.92 249692
2349800 2496.92 249692
2349900 2496.92 249692
2350000 2496.92 249692
2350100 2496.92 249692
2350200 2496.92 249692
2350300 2496.92 249692
2350400 2496.92 249692
2350500 2496.92 249692
2350600 2496.92 249692
2350700 2496.92 249692
2350800 2496.92 249692
2350900 2496.92 249692
2351000 2496.92 249692
2351100 2496.92 249692
2351200 2496.92 249692
2351300 2496.92 249692
2351400 2496.92 249692
2351500 2496.92 249692
2351600 2496.92 249692
2351700 2496.92 249692
2351800 2496.92 249692
2351900 2496.92 249692
2352000 2496.92 249692
2352100 2496.92 249692
2352200 2496.92 249692
2352300 2496.92 249692
2352400 2496.92 249692
2352500 2496.92 249692
2352600 2496.92 249692
2352700 2496.92 249692
2352800 2496.92 249692
2352900 2496.92 249692
2353000 2496.92 249692
2353100 2496.92 249692
2353200 2496.92 249692
2353300 2496.92 249692
2353400 2496.92 249692
2353500 2496.92 249692
2353600 2496.92 249692
2353700 2496.92 249692
2353800 2496.92 249692
2353900 2496.92 249692
2354000 2496.92 249692
2354100 2496.92 249692
2354200 2496.92 249692
2354300 2496.92 249692
2354400 2496.92 249692
2354500 2496.92 249692
2354600 2496.92 249692
2354700 2496.92 249692
2354800 2496.92 249692
2354900 2496.92 249692
2355000 2496.92 249692
2355100 2496.92 249692
2355200 2496.92 249692
2355300 2496.92 249692
2355400 2496.92 249692
2355500 2496.92 249692
2355600 2496.92 249692
2355700 2496.92 249692
2355800 2496.92 249692
2355900 2496.92 249692
2356000 2496.92 249692
2356100 2496.92 249692
2356200 2496.92 249692
2356300 2496.92 249692
2356400 2496.92 249692
2356500 2496.92 249692
2356600 2496.92 249692
2356700 2496.92 249692
2356800 2496.92 249692
2356900 2496.92 249692
2357000 2496.92 249692
2357100 2496.92 249692
2357200 2496.92 249692
2357300 2496.92 249692
2357400 2496.92 249692
2357500 2496.92 249692
2357600 2496.92 249692
2357700 2496.92 249692
2357800 2496.92 249692
2357900 2496.92 249692
2358000 2496.92 249692
2358100 2496.92 249692
2358200 2496.92 249692
2358300 2496.92 249692
2358400 2496.92 249692
2358500 2496.92 249692
2358600 2496.92 249692
2358700 2496.92 249692
2358800 2496.92 249692
2358900 2496.92 249692
2359000 2496.92 249692
2359100 2496.92 249692
2359200 2496.92 249692
2359300 2496.92 249692
2359400 2496.92 249692
2359500 2496.92 249692
2359600 2496.92 249692
2359700 2496.92 249692
2359800 2496.92 249692
2359900 2496.92 249692
2360000 2496.92 249692
2360100 2496.92 249692
2360200 2496.92 249692
2360300 2496.92 249692
2360400 2496.92 249692
2360500 2496.92 249692
2360600 2496.92 249692
2360700 2496.92 249692
2360800 2496.92 249692
2360900 2496.92 249692
2361000 2496.92 249692
2361100 2496.92 249692
2361200 2496.92 249692
2361300 2496.92 249692
2361400 2496.92 249692
2361500 2496.92 249692
2361600 2496.92 249692
2361700 2496.92 249692
2361800 2496.92 249692
2361900 2496.92 249692
2362000 2496.92 249692
2362100 2496.92 249692
2362200 2496.92 249692
2362300 2496.92 249692
2362400 2496.92 249692
2362500 2496.92 249692
2362600 2496.92 249692
2362700 2496.92 249692
2362800 2496.92 249692
2362900 2496.92 249692
2363000 2496.92 249692
2363100 2496.92 249692
2363200 2496.92 249692
2363300 2496.92 249692
2363400 2496.92 249692
2363500 2496.92 249692
2363600 2496.92 249692
2363700 2496.92 249692
2363800 2496.92 249692
2363900 2496.92 249692
2364000 2496.92 249692
2364100 2496.92 249692
2364200 2496.92 249692
2364300 2496.92 249692
2364400 2496.92 249692
2364500 2496.92 249692
2364600 2496.92 249692
2364700 2496.92 249692
2364800 2496.92 249692
2364900 2496.92 249692
2365000 2496.92 249692
2365100 2496.92 249692
2365200 2496.92 249692
2365300 2496.92 249692
2365400 2496.92 249692
2365500 2496.92 249692
2365600 2496.92 249692
2365700 2496.92 249692
2365800 2496.92 249692
2365900 2496.92 249692
2366000 2496.92 249692
2366100 2496.92 249692
2366200 2496.92 249692
2366300 2496.92 249692
2366400 2496.92 249692
2366500 2496.92 249692
2366600 2496.92 249692
2366700 2496.92 249692
2366800 2496.92 249692
2366900 2496.92 249692
2367000 2496.92 249692
2367100 2496.92 249692
2367200 2496.92 249692
2367300 2496.92 249692
2367400 2496.92 249692
2367500 2496.92 249692
2367600 2496.92 249692
2367700 2496.92 249692
2367800 2496.92 249692
2367900 2496.92 249692
2368000 2496.92 249692
2368100 2496.92 249692
2368200 2496.92 249692
2368300 2496.92 249692
2368400 2496.92 249692
2368500 2496.92 249692
2368600 2496.92 249692
2368700 2496.92 249692
2368800 2496.92 249692
2368900 2496.92 249692
2369000 2496.92 249692
2369100 2496.92 249692
2369200 2496.92 249692
2369300 2496.92 249692
2369400 2496.92 249692
2369500 2496.92 249692
2369600 2496.92 249692
2369700 2496.92 249692
2369800 2496.92 249692
2369900 2496.92 249692
2370000 2496.92 249692
2370100 2496.92 249692
2370200 2496.92 249692
2370300 2496.92 249692
2370400 2496.92 249692
2370500 2496.92 249692
2370600 2496.92 249692
2370700 2496.92 249692
2370800 2496.92 249692
2370900 2496.92 249692
2371000 2496.92 249692
2371100 2496.92 249692
2371200 2496.92 249692
2371300 2496.92 249692
2371400 2496.92 249692
2371500 2496.92 249692
2371600 2496.92 249692
2371700 2496.92 249692
2371800 2496.92 249692
2371900 2496.92 249692
2372000 2496.92 249692
2372100 2496.92 249692
2372200 2496.92 249692
2372300 2496.92 249692
2372400 2496.92 249692
2372500 2496.92 249692
2372600 2496.92 249692
2372700 2496.92 249692
2372800 2496.92 249692
2372900 2496.92 249692
2373000 2496.92 249692
2373100 2496.92 249692
2373200 2496.92 249692
2373300 2496.92 249692
2373400 2496.92 249692
2373500 2496.92 249692
2373600 2496.92 249692
2373700 2496.92 249692
2373800 2496.92 249692
2373900 2496.92 249692
2374000 2496.92 249692
2374100 2496.92 249692
2374200 2496.92 249692
2374300 2496.92 249692
2374400 2496.92 249692
2374500 2496.92 249692
2374600 2496.92 249692
2374700 2496.92 249692
2374800 2496.92 249692
2374900 2496.92 249692
2375000 2496.92 249692
2375100 2496.92 249692
2375200 2496.92 249692
2375300 2496.92 249692
2375400 2496.92 249692
2375500 2496.92 249692
2375600 2496.92 249692
2375700 2496.92 249692
2375800 2496.92 249692
2375900 2496.92 249692
2376000 2496.92 249692
2376100 2496.92 249692
2376200 2496.92 249692
2376300 2496.92 249692
2376400 2496.92 249692
2376500 2496.92 249692
2376600 2496.92 249692
2376700 2496.92 249692
2376800 2496.92 249692
2376900 2496.92 249692
2377000 2496.92 249692
2377100 2496.92 249692
2377200 2496.92 249692
2377300 2496.92 249692
2377400 2496.92 249692
2377500 2496.92 249692
2377600 2496.92 249692
2377700 2496.92 249692
2377800 2496.92 249692
2377900 2496.92 249692
2378000 2496.92 249692
2378100 2496.92 249692
2378200 2496.92 249692
2378300 2496.92 249692
2378400 2496.92 249692
2378500 2496.92 249692
2378600 2496.92 249692
2378700 2496.92 249692
2378800 2496.92 249692
2378900 2496.92 249692
2379000 2496.92 249692
2379100 2496.92 249692
2379200 2496.92 249692
2379300 2496.92 249692
2379400 2496.92 249692
2379500 2496.92 249692
2379600 2496.92 249692
2379700 2496.92 249692
2379800 2496.92 249692
2379900 2496.92 249692
2380000 2496.92 249692
2380100 2496.92 249692
2380200 2496.92 249692
2380300 2496.92 249692
2380400 2496.92 249692
2380500 2496.92 249692
2380600 2496.92 249692
2380700 2496.92 249692
2380800 2496.92 249692
2380900 2496.92 249692
2381000 2496.92 249692
2381100 2496.92 249692
2381200 2496.92 249692
2381300 2496.92 249692
2381400 2496.92 249692
2381500 2496.92 249692
2381600 2496.92 249692
2381700 2496.92 249692
2381800 2496.92 249692
2381900 2496.92 249692
2382000 2496.92 249692
2382100 2496.92 249692
2382200 2496.92 249692
2382300 2496.92 249692
2382400 2496.92 249692
2382500 2496.92 249692
2382600 2496.92 249692
2382700 2496.92 249692
2382800 2496.92 249692
2382900 2496.92 249692
2383000 2496.92 249692
2383100 2496.92 249692
2383200 2496.92 249692
2383300 2496.92 249692
2383400 2496.92 249692
2383500 2496.92 249692
2383600 2496.92 249692
2383700 2496.92 249692
2383800 2496.92 249692
2383900 2496.92 249692
2384000 2496.92 249692
2384100 2496.92 249692
2384200 2496.92 249692
2384300 2496.92 249692
2384400 2496.92 249692
2384500 2496.92 249692
2384600 2496.92 249692
2384700 2496.92 249692
2384800 2496.92 249692
2384900 2496.92 249692
2385000 2496.92 249692
2385100 2496.92 249692
2385200 2496.92 249692
2385300 2496.92 249692
2385400 2496.92 249692
2385500 2496.92 249692
2385600 2496.92 249692
2385700 2496.92 249692
2385800 2496.92 249692
2385900 2496.92 249692
2386000 2496.92 249692
2386100 2496.92 249692
2386200 2496.92 249692
2386300 2496.92 249692
2386400 2496.92 249692
2386500 2496.92 249692
2386600 2496.92 249692
2386700 2496.92 249692
2386800 2496.92 249692
2386900 2496.92 249692
2387000 2496.92 249692
2387100 2496.92 249692
2387200 2496.92 249692
2387300 2496.92 249692
2387400 2496.92 249692
2387500 2496.92 249692
2387600 2496.92 249692
2387700 2496.92 249692
2387800 2496.92 249692
2387900 2496.92 249692
2388000 2496.92 249692
2388100 2496.92 249692
2388200 2496.92 249692
2388300 2496.92 249692
2388400 2496.92 249692
2388500 2496.92 249692
2388600 2496.92 249692
2388700 2496.92 249692
2388800 2496.92 249692
2388900 2496.92 249692
2389000 2496.92 249692
2389100 2496.92 249692
2389200 2496.92 249692
2389300 2496.92 249692
2389400 2496.92 249692
2389500 2496.92 249692
2389600 2496.92 249692
2389700 2496.92 249692
2389800 2496.92 249692
2389900 2496.92 249692
2390000 2496.92 249692
2390100 2496.92 249692
2390200 2496.92 249692
2390300 2496.92 249692
2390400 2496.92 249692
2390500 2496.92 249692
2390600 2496.92 249692
2390700 2496.92 249692
2390800 2496.92 249692
2390900 2496.92 249692
2391000 2496.92 249692
2391100 2496.92 249692
2391200 2496.92 249692
2391300 2496.92 249692
2391400 2496.92 249692
2391500 2496.92 249692
2391600 2496.92 249692
2391700 2496.92 249692
2391800 2496.92 249692
2391900 2496.92 249692
2392000 2496.92 249692
2392100 2496.92 249692
2392200 2496.92 249692
2392300 2496.92 249692
2392400 2496.92 249692
2392500 2496.92 249692
2392600 2496.92 249692
2392700 2496.92 249692
2392800 2496.92 249692
2392900 2496.92 249692
2393000 2496.92 249692
2393100 2496.92 249692
2393200 2496.92 249692
2393300 2496.92 249692
2393400 2496.92 249692
2393500 2496.92 249692
2393600 2496.92 249692
2393700 2496.92 249692
2393800 2496.92 249692
2393900 2496.92 249692
2394000 2496.92 249692
2394100 2496.92 249692
2394200 2496.92 249692
2394300 2496.92 249692
2394400 2496.92 249692
2394500 2496.92 249692
2394600 2496.92 249692
2394700 2496.92 249692
2394800 2496.92 249692
2394900 2496.92 249692
2395000 2496.92 249692
2395100 2496.92 249692
2395200 2496.92 249692
2395300 2496.92 249692
2395400 2496.92 249692
2395500 2496.92 249692
2395600 2496.92 249692
2395700 2496.92 249692
2395800 2496.92 249692
2395900 2496.92 249692
2396000 2496.92 249692
2396100 2496.92 249692
2396200 2496.92 249692
2396300 2496.92 249692
2396400 2496.92 249692
2396500 2496.92 249692
2396600 2496.92 249692
2396700 2496.92 249692
2396800 2496.92 249692
2396900 2496.92 249692
2397000 2496.92 249692
2397100 2496.92 249692
2397200 2496.92 249692
2397300 2496.92 249692
2397400 2496.92 249692
2397500 2496.92 249692
2397600 2496.92 249692
2397700 2496.92 249692
2397800 2496.92 249692
2397900 2496.92 249692
2398000 2496.92 249692
2398100 2496.92 249692
2398200 2496.92 249692
2398300 2496.92 249692
2398400 2496.92 249692
2398500 2496.92 249692
2398600 2496.92 249692
2398700 2496.92 249692
2398800 2496.92 249692
2398900 2496.92 249692
2399000 2496.92 249692
2399100 2496.92 249692
2399200 2496.92 249692
2399300 2496.92 249692
2399400 2496.92 249692
2399500 2496.92 249692
2399600 2496.92 249692
2399700 2496.92 249692
2399800 2496.92 249692
2399900 2496.92 249692
2400000 2496.92 249692
2400100 2496.92 249692
2400200 2496.92 249692
2400300 2496.92 249692
2400400 2496.92 249692
2400500 2496.92 249692
2400600 2496.92 249692
2400700 2496.92 249692
2400800 2496.92 249692
2400900 2496.92 249692
2401000 2496.92 249692
2401100 2496.92 249692
2401200 2496.92 249692
2401300 2496.92 249692
2401400 2496.92 249692
2401500 2496.92 249692
2401600 2496.92 249692
2401700 2496.92 249692
2401800 2496.92 249692
2401900 2496.92 249692
2402000 2496.92 249692
2402100 2496.92 249692
2402200 2496.92 249692
2402300 2496.92 249692
2402400 2496.92 249692
2402500 2496.92 249692
2402600 2496.92 249692
2402700 2496.92 249692
2402800 2496.92 249692
2402900 2496.92 249692
2403000 2496.92 249692
2403100 2496.92 249692
2403200 2496.92 249692
2403300 2496.92 249692
2403400 2496.92 249692
2403500 2496.92 249692
2403600 2496.92 249692
2403700 2496.92 249692
2403800 2496.92 249692
2403900 2496.92 249692
2404000 2496.92 249692
2404100 2496.92 249692
2404200 2496.92 249692
2404300 2496.92 249692
2404400 2496.92 249692
2404500 2496.92 249692
2404600 2496.92 249692
2404700 2496.92 249692
2404800 2496.92 249692
2404900 2496.92 249692
2405000 2496.92 249692
2405100 2496.92 249692
2405200 2496.92 249692
2405300 2496.92 249692
2405400 2496.92 249692
2405500 2496.92 249692
2405600 2496.92 249692
2405700 2496.92 249692
2405800 2496.92 249692
2405900 2496.92 249692
2406000 2496.92 249692
2406100 2496.92 249692
2406200 2496.92 249692
2406300 2496.92 249692
2406400 2496.92 249692
2406500 2496.92 249692
2406600 2496.92 249692
2406700 2496.92 249692
2406800 2496.92 249692
2406900 2496.92 249692
2407000 2496.92 249692
2407100 2496.92 249692
2407200 2496.92 249692
2407300 2496.92 249692
2407400 2496.92 249692
2407500 2496.92 249692
2407600 2496.92 249692
2407700 2496.92 249692
2407800 2496.92 249692
2407900 2496.92 249692
2408000 2496.92 249692
2408100 2496.92 249692
2408200 2496.92 249692
2408300 2496.92 249692
2408400 2496.92 249692
2408500 2496.92 249692
2408600 2496.92 249692
2408700 2496.92 249692
2408800 2496.92 249692
2408900 2496.92 249692
2409000 2496.92 249692
2409100 2496.92 249692
2409200 2496.92 249692
2409300 2496.92 249692
2409400 2496.92 249692
2409500 2496.92 249692
2409600 2496.92 249692
2409700 2496.92 249692
2409800 2496.92 249692
2409900 2496.92 249692
2410000 2496.92 249692
2410100 2496.92 249692
2410200 2496.92 249692
2410300 2496.92 249692
2410400 2496.92 249692
2410500 2496.92 249692
2410600 2496.92 249692
2410700 2496.92 249692
2410800 2496.92 249692
2410900 2496.92 249692
2411000 2496.92 249692
2411100 2496.92 249692
2411200 2496.92 249692
2411300 2496.92 249692
2411400 2496.92 249692
2411500 2496.92 249692
2411600 2496.92 249692
2411700 2496.92 249692
2411800 2496.92 249692
2411900 2496.92 249692
2412000 2496.92 249692
2412100 2496.92 249692
2412200 2496.92 249692
2412300 2496.92 249692
2412400 2496.92 249692
2412500 2496.92 249692
2412600 2496.92 249692
2412700 2496.92 249692
2412800 2496.92 249692
2412900 2496.92 249692
2413000 2496.92 249692
2413100 2496.92 249692
2413200 2496.92 249692
2413300 2496.92 249692
2413400 2496.92 249692
2413500 2496.92 249692
2413600 2496.92 249692
2413700 2496.92 249692
2413800 2496.92 249692
2413900 2496.92 249692
2414000 2496.92 249692
2414100 2496.92 249692
2414200 2496.92 249692
2414300 2496.92 249692
2414400 2496.92 249692
2414500 2496.92 249692
2414600 2496.92 249692
2414700 2496.92 249692
2414800 2496.92 249692
2414900 2496.92 249692
2415000 2496.92 249692
2415100 2496.92 249692
2415200 2496.92 249692
2415300 2496.92 249692
2415400 2496.92 249692
2415500 2496.92 249692
2415600 2496.92 249692
2415700 2496.92 249692
2415800 2496.92 249692
2415900 2496.92 249692
2416000 2496.92 249692
2416100 2496.92 249692
2416200 2496.92 249692
2416300 2496.92 249692
2416400 2496.92 249692
2416500 2496.92 249692
2416600 2496.92 249692
2416700 2496.92 249692
2416800 2496.92 249692
2416900 2496.92 249692
2417000 2496.92 249692
2417100 2496.92 249692
2417200 2496.92 249692
2417300 2496.92 249692
2417400 2496.92 249692
2417500 2496.92 249692
2417600 2496.92 249692
2417700 2496.92 249692
2417800 2496.92 249692
2417900 2496.92 249692
2418000 2496.92 249692
2418100 2496.92 249692
2418200 2496.92 249692
2418300 2496.92 249692
2418400 2496.92 249692
2418500 2496.92 249692
2418600 2496.92 249692
2418700 2496.92 249692
2418800 2496.92 249692
2418900 2496.92 249692
2419000 2496.92 249692
2419100 2496.92 249692
2419200 2496.92 249692
2419300 2496.92 249692
2419400 2496.92 249692
2419500 2496.92 249692
2419600 2496.92 249692
2419700 2496.92 249692
2419800 2496.92 249692
2419900 2496.92 249692
2420000 2496.92 249692
2420100 2496.92 249692
2420200 2496.92 249692
2420300 2496.92 249692
2420400 2496.92 249692
2420500 2496.92 249692
2420600 2496.92 249692
2420700 2496.92 249692
2420800 2496.92 249692
2420900 2496.92 249692
2421000 2496.92 249692
2421100 2496.92 249692
2421200 2496.92 249692
2421300 2496.92 249692
2421400 2496.92 249692
2421500 2496.92 249692
2421600 2496.92 249692
2421700 2496.92 249692
2421800 2496.92 249692
2421900 2496.92 249692
2422000 2496.92 249692
2422100 2496.92 249692
2422200 2496.92 249692
2422300 2496.92 249692
2422400 2496.92 249692
2422500 2496.92 249692
2422600 2496.92 249692
2422700 2496.92 249692
2422800 2496.92 249692
2422900 2496.92 249692
2423000 2496.92 249692
2423100 2496.92 249692
2423200 2496.92 249692
2423300 2496.92 249692
2423400 2496.92 249692
2423500 2496.92 249692
2423600 2496.92 249692
2423700 2496.92 249692
2423800 2496.92 249692
2423900 2496.92 249692
2424000 2496.92 249692
2424100 2496.92 249692
2424200 2496.92 249692
2424300 2496.92 249692
2424400 2496.92 249692
2424500 2496.92 249692
2424600 2496.92 249692
2424700 2496.92 249692
2424800 2496.92 249692
2424900 2496.92 249692
2425000 2496.92 249692
2425100 2496.92 249692
2425200 2496.92 249692
2425300 2496.92 249692
2425400 2496.92 249692
2425500 2496.92 249692
2425600 2496.92 249692
2425700 2496.92 249692
2425800 2496.92 249692
2425900 2496.92 249692
2426000 2496.92 249692
2426100 2496.92 249692
2426200 2496.92 249692
2426300 2496.92 249692
2426400 2496.92 249692
2426500 2496.92 249692
2426600 2496.92 249692
2426700 2496.92 249692
2426800 2496.92 249692
2426900 2496.92 249692
2427000 2496.92 249692
2427100 2496.92 249692
2427200 2496.92 249692
2427300 2496.92 249692
2427400 2496.92 249692
2427500 2496.92 249692
2427600 2496.92 249692
2427700 2496.92 249692
2427800 2496.92 249692
2427900 2496.92 249692
2428000 2496.92 249692
2428100 2496.92 249692
2428200 2496.92 249692
2428300 2496.92 249692
2428400 2496.92 249692
2428500 2496.92 249692
2428600 2496.92 249692
2428700 2496.92 249692
2428800 2496.92 249692
2428900 2496.92 249692
2429000 2496.92 249692
2429100 2496.92 249692
2429200 2496.92 249692
2429300 2496.92 249692
2429400 2496.92 249692
2429500 2496.92 249692
2429600 2496.92 249692
2429700 2496.92 249692
2429800 2496.92 249692
2429900 2496.92 249692
2430000 2496.92 249692
2430100 2496.92 249692
2430200 2496.92 249692
2430300 2496.92 249692
2430400 2496.92 249692
2430500 2496.92 249692
2430600 2496.92 249692
2430700 2496.92 249692
2430800 2496.92 249692
2430900 2496.92 249692
2431000 2496.92 249692
2431100 2496.92 249692
2431200 2496.92 249692
2431300 2496.92 249692
2431400 2496.92 249692
2431500 2496.92 249692
2431600 2496.92 249692
2431700 2496.92 249692
2431800 2496.92 249692
2431900 2496.92 249692
2432000 2496.92 249692
2432100 2496.92 249692
2432200 2496.92 249692
2432300 2496.92 249692
2432400 2496.92 249692
2432500 2496.92 249692
2432600 2496.92 249692
2432700 2496.92 249692
2432800 2496.92 249692
2432900 2496.92 249692
2433000 2496.92 249692
2433100 2496.92 249692
2433200 2496.92 249692
2433300 2496.92 249692
2433400 2496.92 249692
2433500 2496.92 249692
2433600 2496.92 249692
2433700 2496.92 249692
2433800 2496.92 249692
2433900 2496.92 249692
2434000 2496.92 249692
2434100 2496.92 249692
2434200 2496.92 249692
2434300 2496.92 249692
2434400 2496.92 249692
2434500 2496.92 249692
2434600 2496.92 249692
2434700 2496.92 249692
2434800 2496.92 249692
2434900 2496.92 249692
2435000 2496.92 249692
2435100 2496.92 249692
2435200 2496.92 249692
2435300 2496.92 249692
2435400 2496.92 249692
2435500 2496.92 249692
2435600 2496.92 249692
2435700 2496.92 249692
2435800 2496.92 249692
2435900 2496.92 249692
2436000 2496.92 249692
2436100 2496.92 249692
2436200 2496.92 249692
2436300 2496.92 249692
2436400 2496.92 249692
2436500 2496.92 249692
2436600 2496.92 249692
2436700 2496.92 249692
2436800 2496.92 249692
2436900 2496.92 249692
2437000 2496.92 249692
2437100 2496.92 249692
2437200 2496.92 249692
2437300 2496.92 249692
2437400 2496.92 249692
2437500 2496.92 249692
2437600 2496.92 249692
2437700 2496.92 249692
2437800 2496.92 249692
2437900 2496.92 249692
2438000 2496.92 249692
2438100 2496.92 249692
2438200 2496.92 249692
2438300 2496.92 249692
2438400 2496.92 249692
2438500 2496.92 249692
2438600 2496.92 249692
2438700 2496.92 249692
2438800 2496.92 249692
2438900 2496.92 249692
2439000 2496.92 249692
2439100 2496.92 249692
2439200 2496.92 249692
2439300 2496.92 249692
2439400 2496.92 249692
2439500 2496.92 249692
2439600 2496.92 249692
2439700 2496.92 249692
2439800 2496.92 249692
2439900 2496.92 249692
2440000 2496.92 249692
2440100 2496.92 249692
2440200 2496.92 249692
2440300 2496.92 249692
2440400 2496.92 249692
2440500 2496.92 249692
2440600 2496.92 249692
2440700 2496.92 249692
2440800 2496.92 249692
2440900 2496.92 249692
2441000 2496.92 249692
2441100 2496.92 249692
2441200 2496.92 249692
2441300 2496.92 249692
2441400 2496.92 249692
2441500 2496.92 249692
2441600 2496.92 249692
2441700 2496.92 249692
2441800 2496.92 249692
2441900 2496.92 249692
2442000 2496.92 249692
2442100 2496.92 249692
2442200 2496.92 249692
2442300 2496.92 249692
2442400 2496.92 249692
2442500 2496.92 249692
2442600 2496.92 249692
2442700 2496.92 249692
2442800 2496.92 249692
2442900 2496.92 249692
2443000 2496.92 249692
2443100 2496.92 249692
2443200 2496.92 249692
2443300 2496.92 249692
2443400 2496.92 249692
2443500 2496.92 249692
2443600 2496.92 249692
2443700 2496.92 249692
2443800 2496.92 249692
2443900 2496.92 249692
2444000 2496.92 249692
2444100 2496.92 249692
2444200 2496.92 249692
2444300 2496.92 249692
2444400 2496.92 249692
2444500 2496.92 249692
2444600 2496.92 249692
2444700 2496.92 249692
2444800 2496.92 249692
2444900 2496.92 249692
2445000 2496.92 249692
2445100 2496.92 249692
2445200 2496.92 249692
2445300 2496.92 249692
2445400 2496.92 249692
2445500 2496.92 249692
2445600 2496.92 249692
2445700 2496.92 249692
2445800 2496.92 249692
2445900 2496.92 249692
2446000 2496.92 249692
2446100 2496.92 249692
2446200 2496.92 249692
2446300 2496.92 249692
2446400 2496.92 249692
2446500 2496.92 249692
2446600 2496.92 249692
2446700 2496.92 249692
2446800 2496.92 249692
2446900 2496.92 249692
2447000 2496.92 249692
2447100 2496.92 249692
2447200 2496.92 249692
2447300 2496.92 249692
2447400 2496.92 249692
2447500 2496.92 249692
2447600 2496.92 249692
2447700 2496.92 249692
2447800 2496.92 249692
2447900 2496.92 249692
2448000 2496.92 249692
2448100 2496.92 249692
2448200 2496.92 249692
2448300 2496.92 249692
2448400 2496.92 249692
2448500 2496.92 249692
2448600 2496.92 249692
2448700 2496.92 249692
2448800 2496.92 249692
2448900 2496.92 249692
2449000 2496.92 249692
2449100 2496.92 249692
2449200 2496.92 249692
2449300 2496.92 249692
2449400 2496.92 249692
2449500 2496.92 249692
2449600 2496.92 249692
2449700 2496.92 249692
2449800 2496.92 249692
2449900 2496.92 249692
2450000 2496.92 249692
2450100 2496.92 249692
2450200 2496.92 249692
2450300 2496.92 249692
2450400 2496.92 249692
2450500 2496.92 249692
2450600 2496.92 249692
2450700 2496.92 249692
2450800 2496.92 249692
2450900 2496.92 249692
2451000 2496.92 249692
2451100 2496.92 249692
2451200 2496.92 249692
2451300 2496.92 249692
2451400 2496.92 249692
2451500 2496.92 249692
2451600 2496.92 249692
2451700 2496.92 249692
2451800 2496.92 249692
2451900 2496.92 249692
2452000 2496.92 249692
2452100 2496.92 249692
2452200 2496.92 249692
2452300 2496.92 249692
2452400 2496.92 249692
2452500 2496.92 249692
2452600 2496.92 249692
2452700 2496.92 249692
2452800 2496.92 249692
2452900 2496.92 249692
2453000 2496.92 249692
2453100 2496.92 249692
2453200 2496.92 249692
2453300 2496.92 249692
2453400 2496.92 249692
2453500 2496.92 249692
2453600 2496.92 249692
2453700 2496.92 249692
2453800 2496.92 249692
2453900 2496.92 249692
2454000 2496.92 249692
2454100 2496.92 249692
2454200 2496.92 249692
2454300 2496.92 249692
2454400 2496.92 249692
2454500 2496.92 249692
2454600 2496.92 249692
2454700 2496.92 249692
2454800 2496.92 249692
2454900 2496.92 249692
2455000 2496.92 249692
2455100 2496.92 249692
2455200 2496.92 249692
2455300 2496.92 249692
2455400 2496.92 249692
2455500 2496.92 249692
2455600 2496.92 249692
2455700 2496.92 249692
2455800 2496.92 249692
2455900 2496.92 249692
2456000 2496.92 249692
2456100 2496.92 249692
2456200 2496.92 249692
2456300 2496.92 249692
2456400 2496.92 249692
2456500 2496.92 249692
2456600 2496.92 249692
2456700 2496.92 249692
2456800 2496.92 249692
2456900 2496.92 249692
2457000 2496.92 249692
2457100 2496.92 249692
2457200 2496.92 249692
2457300 2496.92 249692
2457400 2496.92 249692
2457500 2496.92 249692
2457600 2496.92 249692
2457700 2496.92 249692
2457800 2496.92 249692
2457900 2496.92 249692
2458000 2496.92 249692
2458100 2496.92 249692
2458200 2496.92 249692
2458300 2496.92 249692
2458400 2496.92 249692
2458500 2496.92 249692
2458600 2496.92 249692
2458700 2496.92 249692
2458800 2496.92 249692
2458900 2496.92 249692
2459000 2496.92 249692
2459100 2496.92 249692
2459200 2496.92 249692
2459300 2496.92 249692
2459400 2496.92 249692
2459500 2496.92 249692
2459600 2496.92 249692
2459700 2496.92 249692
2459800 2496.92 249692
2459900 2496.92 249692
2460000 2496.92 249692
2460100 2496.92 249692
2460200 2496.92 249692
2460300 2496.92 249692
2460400 2496.92 249692
2460500 2496.92 249692
2460600 2496.92 249692
2460700 2496.92 249692
2460800 2496.92 249692
2460900 2496.92 249692
2461000 2496.92 249692
2461100 2496.92 249692
2461200 2496.92 249692
2461300 2496.92 249692
2461400 2496.92 249692
2461500 2496.92 249692
2461600 2496.92 249692
2461700 2496.92 249692
2461800 2496.92 249692
2461900 2496.92 249692
2462000 2496.92 249692
2462100 2496.92 249692
2462200 2496.92 249692
2462300 2496.92 249692
2462400 2496.92 249692
2462500 2496.92 249692
2462600 2496.92 249692
2462700 2496.92 249692
2462800 2496.92 249692
2462900 2496.92 249692
2463000 2496.92 249692
2463100 2496.92 249692
2463200 2496.92 249692
2463300 2496.92 249692
2463400 2496.92 249692
2463500 2496.92 249692
2463600 2496.92 249692
2463700 2496.92 249692
2463800 2496.92 249692
2463900 2496.92 249692
2464000 2496.92 249692
2464100 2496.92 249692
2464200 2496.92 249692
2464300 2496.92 249692
2464400 2496.92 249692
2464500 2496.92 249692
2464600 2496.92 249692
2464700 2496.92 249692
2464800 2496.92 249692
2464900 2496.92 249692
2465000 2496.92 249692
2465100 2496.92 249692
2465200 2496.92 249692
2465300 2496.92 249692
2465400 2496.92 249692
2465500 2496.92 249692
2465600 2496.92 249692
2465700 2496.92 249692
2465800 2496.92 249692
2465900 2496.92 249692
2466000 2496.92 249692
2466100 2496.92 249692
2466200 2496.92 249692
2466300 2496.92 249692
2466400 2496.92 249692
2466500 2496.92 249692
2466600 2496.92 249692
2466700 2496.92 249692
2466800 2496.92 249692
2466900 2496.92 249692
2467000 2496.92 249692
2467100 2496.92 249692
2467200 2496.92 249692
2467300 2496.92 249692
2467400 2496.92 249692
2467500 2496.92 249692
2467600 2496.92 249692
2467700 2496.92 249692
2467800 2496.92 249692
2467900 2496.92 249692
2468000 2496.92 249692
2468100 2496.92 249692
2468200 2496.92 249692
2468300 2496.92 249692
2468400 2496.92 249692
2468500 2496.92 249692
2468600 2496.92 249692
2468700 2496.92 249692
2468800 2496.92 249692
2468900 2496.92 249692
2469000 2496.92 249692
2469100 2496.92 249692
2469200 2496.92 249692
2469300 2496.92 249692
2469400 2496.92 249692
2469500 2496.92 249692
2469600 2496.92 249692
2469700 2496.92 249692
2469800 2496.92 249692
2469900 2496.92 249692
2470000 2496.92 249692
2470100 2496.92 249692
2470200 2496.92 249692
2470300 2496.92 249692
2470400 2496.92 249692
2470500 2496.92 249692
2470600 2496.92 249692
2470700 2496.92 249692
2470800 2496.92 249692
2470900 2496.92 249692
2471000 2496.92 249692
2471100 2496.92 249692
2471200 2496.92 249692
2471300 2496.92 249692
2471400 2496.92 249692
2471500 2496.92 249692
2471600 2496.92 249692
2471700 2496.92 249692
2471800 2496.92 249692
2471900 2496.92 249692
2472000 2496.92 249692
2472100 2496.92 249692
2472200 2496.92 249692
2472300 2496.92 249692
2472400 2496.92 249692
2472500 2496.92 249692
2472600 2496.92 249692
2472700 2496.92 249692
2472800 2496.92 249692
2472900 2496.92 249692
2473000 2496.92 249692
2473100 2496.92 249692
2473200 2496.92 249692
2473300 2496.92 249692
2473400 2496.92 249692
2473500 2496.92 249692
2473600 2496.92 249692
2473700 2496.92 249692
2473800 2496.92 249692
2473900 2496.92 249692
2474000 2496.92 249692
2474100 2496.92 249692
2474200 2496.92 249692
2474300 2496.92 249692
2474400 2496.92 249692
2474500 2496.92 249692
2474600 2496.92 249692
2474700 2496.92 249692
2474800 2496.92 249692
2474900 2496.92 249692
2475000 2496.92 249692
2475100 2496.92 249692
2475200 2496.92 249692
2475300 2496.92 249692
2475400 2496.92 249692
2475500 2496.92 249692
2475600 2496.92 249692
2475700 2496.92 249692
2475800 2496.92 249692
2475900 2496.92 249692
2476000 2496.92 249692
2476100 2496.92 249692
2476200 2496.92 249692
2476300 2496.92 249692
2476400 2496.92 249692
2476500 2496.92 249692
2476600 2496.92 249692
2476700 2496.92 249692
2476800 2496.92 249692
2476900 2496.92 249692
2477000 2496.92 249692
2477100 2496.92 249692
2477200 2496.92 249692
2477300 2496.92 249692
2477400 2496.92 249692
2477500 2496.92 249692
2477600 2496.92 249692
2477700 2496.92 249692
2477800 2496.92 249692
2477900 2496.92 249692
2478000 2496.92 249692
2478100 2496.92 249692
2478200 2496.92 249692
2478300 2496.92 249692
2478400 2496.92 249692
2478500 2496.92 249692
2478600 2496.92 249692
2478700 2496.92 249692
2478800 2496.92 249692
2478900 2496.92 249692
2479000 2496.92 249692
2479100 2496.92 249692
2479200 2496.92 249692
2479300 2496.92 249692
2479400 2496.92 249692
2479500 2496.92 249692
2479600 2496.92 249692
2479700 2496.92 249692
2479800 2496.92 249692
2479900 2496.92 249692
2480000 2496.92 249692
2480100 2496.92 249692
2480200 2496.92 249692
2480300 2496.92 249692
2480400 2496.92 249692
2480500 2496.92 249692
2480600 2496.92 249692
2480700 2496.92 249692
2480800 2496.92 249692
2480900 2496.92 249692
2481000 2496.92 249692
2481100 2496.92 249692
2481200 2496.92 249692
2481300 2496.92 249692
2481400 2496.92 249692
2481500 2496.92 249692
2481600 2496.92 249692
2481700 2496.92 249692
2481800 2496.92 249692
2481900 2496.92 249692
2482000 2496.92 249692
2482100 2496.92 249692
2482200 2496.92 249692
2482300 2496.92 249692
2482400 2496.92 249692
2482500 2496.92 249692
2482600 2496.92 249692
2482700 2496.92 249692
2482800 2496.92 249692
2482900 2496.92 249692
2483000 2496.92 249692
2483100 2496.92 249692
2483200 2496.92 249692
2483300 2496.92 249692
2483400 2496.92 249692
2483500 2496.92 249692
2483600 2496.92 249692
2483700 2496.92 249692
2483800 2496.92 249692
2483900 2496.92 249692
2484000 2496.92 249692
2484100 2496.92 249692
2484200 2496.92 249692
2484300 2496.92 249692
2484400 2496.92 249692
2484500 2496.92 249692
2484600 2496.92 249692
2484700 2496.92 249692
2484800 2496.92 249692
2484900 2496.92 249692
2485000 2496.92 249692
2485100 2496.92 249692
2485200 2496.92 249692
2485300 2496.92 249692
2485400 2496.92 249692
2485500 2496.92 249692
2485600 2496.92 249692
2485700 2496.92 249692
2485800 2496.92 249692
2485900 2496.92 249692
2486000 2496.92 249692
2486100 2496.92 249692
2486200 2496.92 249692
2486300 2496.92 249692
2486400 2496.92 249692
2486500 2496.92 249692
2486600 2496.92 249692
2486700 2496.92 249692
2486800 2496.92 249692
2486900 2496.92 249692
2487000 2496.92 249692
2487100 2496.92 249692
2487200 2496.92 249692
2487300 2496.92 249692
2487400 2496.92 249692
2487500 2496.92 249692
2487600 2496.92 249692
2487700 2496.92 249692
2487800 2496.92 249692
2487900 2496.92 249692
2488000 2496.92 249692
2488100 2496.92 249692
2488200 2496.92 249692
2488300 2496.92 249692
2488400 2496.92 249692
2488500 2496.92 249692
2488600 2496.92 249692
2488700 2496.92 249692
2488800 2496.92 249692
2488900 2496.92 249692
2489000 2496.92 249692
2489100 2496.92 249692
2489200 2496.92 249692
2489300 2496.92 249692
2489400 2496.92 249692
2489500 2496.92 249692
2489600 2496.92 249692
2489700 2496.92 249692
2489800 2496.92 249692
2489900 2496.92 249692
2490000 2496.92 249692
2490100 2496.92 249692
2490200 2496.92 249692
2490300 2496.92 249692
2490400 2496.92 249692
2490500 2496.92 249692
2490600 2496.92 249692
2490700 2496.92 249692
2490800 2496.92 249692
2490900 2496.92 249692
2491000 2496.92 249692
2491100 2496.92 249692
2491200 2496.92 249692
2491300 2496.92 249692
2491400 2496.92 249692
2491500 2496.92 249692
2491600 2496.92 249692
2491700 2496.92 249692
2491800 2496.92 249692
2491900 2496.92 249692
2492000 2496.92 249692
2492100 2496.92 249692
2492200 2496.92 249692
2492300 2496.92 249692
2492400 2496.92 249692
2492500 2496.92 249692
2492600 2496.92 249692
2492700 2496.92 249692
2492800 2496.92 249692
2492900 2496.92 249692
2493000 2496.92 249692
2493100 2496.92 249692
2493200 2496.92 249692
2493300 2496.92 249692
2493400 2496.92 249692
2493500 2496.92 249692
2493600 2496.92 249692
2493700 2496.92 249692
2493800 2496.92 249692
2493900 2496.92 249692
2494000 2496.92 249692
2494100 2496.92 249692
2494200 2496.92 249692
2494300 2496.92 249692
2494400 2496.92 249692
2494500 2496.92 249692
2494600 2496.92 249692
2494700 2496.92 249692
2494800 2496.92 249692
2494900 2496.92 249692
2495000 2496.92 249692
2495100 2496.92 249692
2495200 2496.92 249692
2495300 2496.92 249692
2495400 2496.92 249692
2495500 2496.92 249692
2495600 2496.92 249692
2495700 2496.92 249692
2495800 2496.92 249692
2495900 2496.92 249692
2496000 2496.92 249692
2496100 2496.92 249692
2496200 2496.92 249692
2496300 2496.92 249692
2496400 2496.92 249692
2496500 2496.92 249692
2496600 2496.92 249692
2496700 2496.92 249692
2496800 2496.92 249692
2496900 2496.92 249692
2497000 2496.92 249692
2497100 2496.92 249692
2497200 2496.92 249692
2497300 2496.92 249692
2497400 2496.92 249692
2497500 2496.92 249692
2497600 2496.92 249692
2497700 2496.92 249692
2497800 2496.92 249692
2497900 2496.92 249692
2498000 2496.92 249692
2498100 2496.92 249692
2498200 2496.92 249692
2498300 2496.92 249692
2498400 2496.92 249692
2498500 2496.92 249692
2498600 2496.92 249692
2498700 2496.92 249692
2498800 2496.92 249692
2498900 2496.92 249692
2499000 2496.92 249692
2499100 2496.92 249692
2499200 2496.92 249692
2499300 2496.92 249692
2499400 2496.92 249692
2499500 2496.92 249692
2499600 2496.92 249692
2499700 2496.92 249692
2499800 2496.92 249692
2499900 2496.92 249692
2500000 2496.92 249692
2500100 2496.92 249692
2500200 2496.92 249692
2500300 2496.92 249692
2500400 2496.92 249692
2500500 2496.92 249692
2500600 2496.92 249692
2500700 2496.92 249692
2500800 2496.92 249692
2500900 2496.92 249692
2501000 2496.92 249692
2501100 2496.92 249692
2501200 2496.92 249692
2501300 2496.92 249692
2501400 2496.92 249692
2501500 2496.92 249692
2501600 2496.92 249692
2501700 2496.92 249692
2501800 2496.92 249692
2501900 2496.92 249692
2502000 2496.92 249692
2502100 2496.92 249692
2502200 2496.92 249692
2502300 2496.92 249692
2502400 2496.92 249692
2502500 2496.92 249692
2502600 2496.92 249692
2502700 2496.92 249692
2502800 2496.92 249692
2502900 2496.92 249692
2503000 2496.92 249692
2503100 2496.92 249692
2503200 2496.92 249692
2503300 2496.92 249692
2503400 2496.92 249692
2503500 2496.92 249692
2503600 2496.92 249692
2503700 2496.92 249692
2503800 2496.92 249692
2503900 2496.92 249692
2504000 2496.92 249692
2504100 2496.92 249692
2504200 2496.92 249692
2504300 2496.92 249692
2504400 2496.92 249692
2504500 2496.92 249692
2504600 2496.92 249692
2504700 2496.92 249692
2504800 2496.92 249692
2504900 2496.92 249692
2505000 2496.92 249692
2505100 2496.92 249692
2505200 2496.92 249692
2505300 2496.92 249692
2505400 2496.92 249692
2505500 2496.92 249692
2505600 2496.92 249692
2505700 2496.92 249692
2505800 2496.92 249692
2505900 2496.92 249692
2506000 2496.92 249692
2506100 2496.92 249692
2506200 2496.92 249692
2506300 2496.92 249692
2506400 2496.92 249692
2506500 2496.92 249692
2506600 2496.92 249692
2506700 2496.92 249692
2506800 2496.92 249692
2506900 2496.92 249692
2507000 2496.92 249692
2507100 2496.92 249692
2507200 2496.92 249692
2507300 2496.92 249692
2507400 2496.92 249692
2507500 2496.92 249692
2507600 2496.92 249692
2507700 2496.92 249692
2507800 2496.92 249692
2507900 2496.92 249692
2508000 2496.92 249692
2508100 2496.92 249692
2508200 2496.92 249692
2508300 2496.92 249692
2508400 2496.92 249692
2508500 2496.92 249692
2508600 2496.92 249692
2508700 2496.92 249692
2508800 2496.92 249692
2508900 2496.92 249692
2509000 2496.92 249692
2509100 2496.92 249692
2509200 2496.92 249692
2509300 2496.92 249692
2509400 2496.92 249692
2509500 2496.92 249692
2509600 2496.92 249692
2509700 2496.92 249692
2509800 2496.92 249692
2509900 2496.92 249692
2510000 2496.92 249692
2510100 2496.92 249692
2510200 2496.92 249692
2510300 2496.92 249692
2510400 2496.92 249692
2510500 2496.92 249692
2510600 2496.92 249692
2510700 2496.92 249692
2510800 2496.92 249692
2510900 2496.92 249692
2511000 2496.92 249692
2511100 2496.92 249692
2511200 2496.92 249692
2511300 2496.92 249692
2511400 2496.92 249692
2511500 2496.92 249692
2511600 2496.92 249692
2511700 2496.92 249692
2511800 2496.92 249692
2511900 2496.92 249692
2512000 2496.92 249692
2512100 2496.92 249692
2512200 2496.92 249692
2512300 2496.92 249692
2512400 2496.92 249692
2512500 2496.92 249692
2512600 2496.92 249692
2512700 2496.92 249692
2512800 2496.92 249692
2512900 2496.92 249692
2513000 2496.92 249692
2513100 2496.92 249692
2513200 2496.92 249692
2513300 2496.92 249692
2513400 2496.92 249692
2513500 2496.92 249692
2513600 2496.92 249692
2513700 2496.92 249692
2513800 2496.92 249692
2513900 2496.92 249692
2514000 2496.92 249692
2514100 2496.92 249692
2514200 2496.92 249692
2514300 2496.92 249692
2514400 2496.92 249692
2514500 2496.92 249692
2514600 2496.92 249692
2514700 2496.92 249692
2514800 2496.92 249692
2514900 2496.92 249692
2515000 2496.92 249692
2515100 2496.92 249692
2515200 2496.92 249692
2515300 2496.92 249692
2515400 2496.92 249692
2515500 2496.92 249692
2515600 2496.92 249692
2515700 2496.92 249692
2515800 2496.92 249692
2515900 2496.92 249692
2516000 2496.92 249692
2516100 2496.92 249692
2516200 2496.92 249692
2516300 2496.92 249692
2516400 2496.92 249692
2516500 2496.92 249692
2516600 2496.92 249692
2516700 2496.92 249692
2516800 2496.92 249692
2516900 2496.92 249692
2517000 2496.92 249692
2517100 2496.92 249692
2517200 2496.92 249692
2517300 2496.92 249692
2517400 2496.92 249692
2517500 2496.92 249692
2517600 2496.92 249692
2517700 2496.92 249692
2517800 2496.92 249692
2517900 2496.92 249692
2518000 2496.92 249692
2518100 2496.92 249692
2518200 2496.92 249692
2518300 2496.92 249692
2518400 2496.92 249692
2518500 2496.92 249692
2518600 2496.92 249692
2518700 2496.92 249692
2518800 2496.92 249692
2518900 2496.92 249692
2519000 2496.92 249692
2519100 2496.92 249692
2519200 2496.92 249692
2519300 2496.92 249692
2519400 2496.92 249692
2519500 2496.92 249692
2519600 2496.92 249692
2519700 2496.92 249692
2519800 2496.92 249692
2519900 2496.92 249692
2520000 2496.92 249692
2520100 2496.92 249692
2520200 2496.92 249692
2520300 2496.92 249692
2520400 2496.92 249692
2520500 2496.92 249692
2520600 2496.92 249692
2520700 2496.92 249692
2520800 2496.92 249692
2520900 2496.92 249692
2521000 2496.92 249692
2521100 2496.92 249692
2521200 2496.92 249692
2521300 2496.92 249692
2521400 2496.92 249692
2521500 2496.92 249692
2521600 2496.92 249692
2521700 2496.92 249692
2521800 2496.92 249692
2521900 2496.92 249692
2522000 2496.92 249692
2522100 2496.92 249692
2522200 2496.92 249692
2522300 2496.92 249692
2522400 2496.92 249692
2522500 2496.92 249692
2522600 2496.92 249692
2522700 2496.92 249692
2522800 2496.92 249692
2522900 2496.92 249692
2523000 2496.92 249692
2523100 2496.92 249692
2523200 2496.92 249692
2523300 2496.92 249692
2523400 2496.92 249692
2523500 2496.92 249692
2523600 2496.92 249692
2523700 2496.92 249692
2523800 2496.92 249692
2523900 2496.92 249692
2524000 2496.92 249692
2524100 2496.92 249692
2524200 2496.92 249692
2524300 2496.92 249692
2524400 2496.92 249692
2524500 2496.92 249692
2524600 2496.92 249692
2524700 2496.92 249692
2524800 2496.92 249692
2524900 2496.92 249692
2525000 2496.92 249692
2525100 2496.92 249692
2525200 2496.92 249692
2525300 2496.92 249692
2525400 2496.92 249692
2525500 2496.92 249692
2525600 2496.92 249692
2525700 2496.92 249692
2525800 2496.92 249692
2525900 2496.92 249692
2526000 2496.92 249692
2526100 2496.92 249692
2526200 2496.92 249692
2526300 2496.92 249692
2526400 2496.92 249692
2526500 2496.92 249692
2526600 2496.92 249692
2526700 2496.92 249692
2526800 2496.92 249692
2526900 2496.92 249692
2527000 2496.92 249692
2527100 2496.92 249692
2527200 2496.92 249692
2527300 2496.92 249692
2527400 2496.92 249692
2527500 2496.92 249692
2527600 2496.92 249692
2527700 2496.92 249692
2527800 2496.92 249692
2527900 2496.92 249692
2528000 2496.92 249692
2528100 2496.92 249692
2528200 2496.92 249692
2528300 2496.92 249692
2528400 2496.92 249692
2528500 2496.92 249692
2528600 2496.92 249692
2528700 2496.92 249692
2528800 2496.92 249692
2528900 2496.92 249692
2529000 2496.92 249692
2529100 2496.92 249692
2529200 2496.92 249692
2529300 2496.92 249692
2529400 2496.92 249692
2529500 2496.92 249692
2529600 2496.92 249692
2529700 2496.92 249692
2529800 2496.92 249692
2529900 2496.92 249692
2530000 2496.92 249692
2530100 2496.92 249692
2530200 2496.92 249692
2530300 2496.92 249692
2530400 2496.92 249692
2530500 2496.92 249692
2530600 2496.92 249692
2530700 2496.92 249692
2530800 2496.92 249692
2530900 2496.92 249692
2531000 2496.92 249692
2531100 2496.92 249692
2531200 2496.92 249692
2531300 2496.92 249692
2531400 2496.92 249692
2531500 2496.92 249692
2531600 2496.92 249692
2531700 2496.92 249692
2531800 2496.92 249692
2531900 2496.92 249692
2532000 2496.92 249692
2532100 2496.92 249692
2532200 2496.92 249692
2532300 2496.92 249692
2532400 2496.92 249692
2532500 2496.92 249692
2532600 2496.92 249692
2532700 2496.92 249692
2532800 2496.92 249692
2532900 2496.92 249692
2533000 2496.92 249692
2533100 2496.92 249692
2533200 2496.92 249692
2533300 2496.92 249692
2533400 2496.92 249692
2533500 2496.92 249692
2533600 2496.92 249692
2533700 2496.92 249692
2533800 2496.92 249692
2533900 2496.92 249692
2534000 2496.92 249692
2534100 2496.92 249692
2534200 2496.92 249692
2534300 2496.92 249692
2534400 2496.92 249692
2534500 2496.92 249692
2534600 2496.92 249692
2534700 2496.92 249692
2534800 2496.92 249692
2534900 2496.92 249692
2535000 2496.92 249692
2535100 2496.92 249692
2535200 2496.92 249692
2535300 2496.92 249692
2535400 2496.92 249692
2535500 2496.92 249692
2535600 2496.92 249692
2535700 2496.92 249692
2535800 2496.92 249692
2535900 2496.92 249692
2536000 2496.92 249692
2536100 2496.92 249692
2536200 2496.92 249692
2536300 2496.92 249692
2536400 2496.92 249692
2536500 2496.92 249692
2536600 2496.92 249692
2536700 2496.92 249692
2536800 2496.92 249692
2536900 2496.92 249692
2537000 2496.92 249692
2537100 2496.92 249692
2537200 2496.92 249692
2537300 2496.92 249692
2537400 2496.92 249692
2537500 2496.92 249692
2537600 2496.92 249692
2537700 2496.92 249692
2537800 2496.92 249692
2537900 2496.92 249692
2538000 2496.92 249692
2538100 2496.92 249692
2538200 2496.92 249692
2538300 2496.92 249692
2538400 2496.92 249692
2538500 2496.92 249692
2538600 2496.92 249692
2538700 2496.92 249692
2538800 2496.92 249692
2538900 2496.92 249692
2539000 2496.92 249692
2539100 2496.92 249692
2539200 2496.92 249692
2539300 2496.92 249692
2539400 2496.92 249692
2539500 2496.92 249692
2539600 2496.92 249692
2539700 2496.92 249692
2539800 2496.92 249692
2539900 2496.92 249692
2540000 2496.92 249692
2540100 2496.92 249692
2540200 2496.92 249692
2540300 2496.92 249692
2540400 2496.92 249692
2540500 2496.92 249692
2540600 2496.92 249692
2540700 2496.92 249692
2540800 2496.92 249692
2540900 2496.92 249692
2541000 2496.92 249692
2541100 2496.92 249692
2541200 2496.92 249692
2541300 2496.92 249692
2541400 2496.92 249692
2541500 2496.92 249692
2541600 2496.92 249692
2541700 2496.92 249692
2541800 2496.92 249692
2541900 2496.92 249692
2542000 2496.92 249692
2542100 2496.92 249692
2542200 2496.92 249692
2542300 2496.92 249692
2542400 2496.92 249692
2542500 2496.92 249692
2542600 2496.92 249692
2542700 2496.92 249692
2542800 2496.92 249692
2542900 2496.92 249692
2543000 2496.92 249692
2543100 2496.92 249692
2543200 2496.92 249692
2543300 2496.92 249692
2543400 2496.92 249692
2543500 2496.92 249692
2543600 2496.92 249692
2543700 2496.92 249692
2543800 2496.92 249692
2543900 2496.92 249692
2544000 2496.92 249692
2544100 2496.92 249692
2544200 2496.92 249692
2544300 2496.92 249692
2544400 2496.92 249692
2544500 2496.92 249692
2544600 2496.92 249692
2544700 2496.92 249692
2544800 2496.92 249692
2544900 2496.92 249692
2545000 2496.92 249692
2545100 2496.92 249692
2545200 2496.92 249692
2545300 2496.92 249692
2545400 2496.92 249692
2545500 2496.92 249692
2545600 2496.92 249692
2545700 2496.92 249692
2545800 2496.92 249692
2545900 2496.92 249692
2546000 2496.92 249692
2546100 2496.92 249692
2546200 2496.92 249692
2546300 2496.92 249692
2546400 2496.92 249692
2546500 2496.92 249692
2546600 2496.92 249692
2546700 2496.92 249692
2546800 2496.92 249692
2546900 2496.92 249692
2547000 2496.92 249692
2547100 2496.92 249692
2547200 2496.92 249692
2547300 2496.92 249692
2547400 2496.92 249692
2547500 2496.92 249692
2547600 2496.92 249692
2547700 2496.92 249692
2547800 2496.92 249692
2547900 2496.92 249692
2548000 2496.92 249692
2548100 2496.92 249692
2548200 2496.92 249692
2548300 2496.92 249692
2548400 2496.92 249692
2548500 2496.92 249692
2548600 2496.92 249692
2548700 2496.92 249692
2548800 2496.92 249692
2548900 2496.92 249692
2549000 2496.92 249692
2549100 2496.92 249692
2549200 2496.92 249692
2549300 2496.92 249692
2549400 2496.92 249692
2549500 2496.92 249692
2549600 2496.92 249692
2549700 2496.92 249692
2549800 2496.92 249692
2549900 2496.92 249692
2550000 2496.92 249692
2550100 2496.92 249692
2550200 2496.92 249692
2550300 2496.92 249692
2550400 2496.92 249692
2550500 2496.92 249692
2550600 2496.92 249692
2550700 2496.92 249692
2550800 2496.92 249692
2550900 2496.92 249692
2551000 2496.92 249692
2551100 2496.92 249692
2551200 2496.92 249692
2551300 2496.92 249692
2551400 2496.92 249692
2551500 2496.92 249692
2551600 2496.92 249692
2551700 2496.92 249692
2551800 2496.92 249692
2551900 2496.92 249692
2552000 2496.92 249692
2552100 2496.92 249692
2552200 2496.92 249692
2552300 2496.92 249692
2552400 2496.92 249692
2552500 2496.92 249692
2552600 2496.92 249692
2552700 2496.92 249692
2552800 2496.92 249692
2552900 2496.92 249692
2553000 2496.92 249692
2553100 2496.92 249692
2553200 2496.92 249692
2553300 2496.92 249692
2553400 2496.92 249692
2553500 2496.92 249692
2553600 2496.92 249692
2553700 2496.92 249692
2553800 2496.92 249692
2553900 2496.92 249692
2554000 2496.92 249692
2554100 2496.92 249692
2554200 2496.92 249692
2554300 2496.92 249692
2554400 2496.92 249692
2554500 2496.92 249692
2554600 2496.92 249692
2554700 2496.92 249692
2554800 2496.92 249692
2554900 2496.92 249692
2555000 2496.92 249692
2555100 2496.92 249692
2555200 2496.92 249692
2555300 2496.92 249692
2555400 2496.92 249692
2555500 2496.92 249692
2555600 2496.92 249692
2555700 2496.92 249692
2555800 2496.92 249692
2555900 2496.92 249692
2556000 2496.92 249692
2556100 2496.92 249692
2556200 2496.92 249692
2556300 2496.92 249692
2556400 2496.92 249692
2556500 2496.92 249692
2556600 2496.92 249692
2556700 2496.92 249692
2556800 2496.92 249692
2556900 2496.92 249692
2557000 2496.92 249692
2557100 2496.92 249692
2557200 2496.92 249692
2557300 2496.92 249692
2557400 2496.92 249692
2557500 2496.92 249692
2557600 2496.92 249692
2557700 2496.92 249692
2557800 2496.92 249692
2557900 2496.92 249692
2558000 2496.92 249692
2558100 2496.92 249692
2558200 2496.92 249692
2558300 2496.92 249692
2558400 2496.92 249692
2558500 2496.92 249692
2558600 2496.92 249692
2558700 2496.92 249692
2558800 2496.92 249692
2558900 2496.92 249692
2559000 2496.92 249692
2559100 2496.92 249692
2559200 2496.92 249692
2559300 2496.92 249692
2559400 2496.92 249692
2559500 2496.92 249692
2559600 2496.92 249692
2559700 2496.92 249692
2559800 2496.92 249692
2559900 2496.92 249692
2560000 2496.92 249692
2560100 2496.92 249692
2560200 2496.92 249692
2560300 2496.92 249692
2560400 2496.92 249692
2560500 2496.92 249692
2560600 2496.92 249692
2560700 2496.92 249692
2560800 2496.92 249692
2560900 2496.92 249692
2561000 2496.92 249692
2561100 2496.92 249692
2561200 2496.92 249692
2561300 2496.92 249692
2561400 2496.92 249692
2561500 2496.92 249692
2561600 2496.92 249692
2561700 2496.92 249692
2561800 2496.92 249692
2561900 2496.92 249692
2562000 2496.92 249692
2562100 2496.92 249692
2562200 2496.92 249692
2562300 2496.92 249692
2562400 2496.92 249692
2562500 2496.92 249692
2562600 2496.92 249692
2562700 2496.92 249692
2562800 2496.92 249692
2562900 2496.92 249692
2563000 2496.92 249692
2563100 2496.92 249692
2563200 2496.92 249692
2563300 2496.92 249692
2563400 2496.92 249692
2563500 2496.92 249692
2563600 2496.92 249692
2563700 2496.92 249692
2563800 2496.92 249692
2563900 2496.92 249692
2564000 2496.92 249692
2564100 2496.92 249692
2564200 2496.92 249692
2564300 2496.92 249692
2564400 2496.92 249692
2564500 2496.92 249692
2564600 2496.92 249692
2564700 2496.92 249692
2564800 2496.92 249692
2564900 2496.92 249692
2565000 2496.92 249692
2565100 2496.92 249692
2565200 2496.92 249692
2565300 2496.92 249692
2565400 2496.92 249692
2565500 2496.92 249692
2565600 2496.92 249692
2565700 2496.92 249692
2565800 2496.92 249692
2565900 2496.92 249692
2566000 2496.92 249692
2566100 2496.92 249692
2566200 2496.92 249692
2566300 2496.92 249692
2566400 2496.92 249692
2566500 2496.92 249692
2566600 2496.92 249692
2566700 2496.92 249692
2566800 2496.92 249692
2566900 2496.92 249692
2567000 2496.92 249692
2567100 2496.92 249692
2567200 2496.92 249692
2567300 2496.92 249692
2567400 2496.92 249692
2567500 2496.92 249692
2567600 2496.92 249692
2567700 2496.92 249692
2567800 2496.92 249692
2567900 2496.92 249692
2568000 2496.92 249692
2568100 2496.92 249692
2568200 2496.92 249692
2568300 2496.92 249692
2568400 2496.92 249692
2568500 2496.92 249692
2568600 2496.92 249692
2568700 2496.92 249692
2568800 2496.92 249692
2568900 2496.92 249692
2569000 2496.92 249692
2569100 2496.92 249692
2569200 2496.92 249692
2569300 2496.92 249692
2569400 2496.92 249692
2569500 2496.92 249692
2569600 2496.92 249692
2569700 2496.92 249692
2569800 2496.92 249692
2569900 2496.92 249692
2570000 2496.92 249692
2570100 2496.92 249692
2570200 2496.92 249692
2570300 2496.92 249692
2570400 2496.92 249692
2570500 2496.92 249692
2570600 2496.92 249692
2570700 2496.92 249692
2570800 2496.92 249692
2570900 2496.92 249692
2571000 2496.92 249692
2571100 2496.92 249692
2571200 2496.92 249692
2571300 2496.92 249692
2571400 2496.92 249692
2571500 2496.92 249692
2571600 2496.92 249692
2571700 2496.92 249692
2571800 2496.92 249692
2571900 2496.92 249692
2572000 2496.92 249692
2572100 2496.92 249692
2572200 2496.92 249692
2572300 2496.92 249692
2572400 2496.92 249692
2572500 2496.92 249692
2572600 2496.92 249692
2572700 2496.92 249692
2572800 2496.92 249692
2572900 2496.92 249692
2573000 2496.92 249692
2573100 2496.92 249692
2573200 2496.92 249692
2573300 2496.92 249692
2573400 2496.92 249692
2573500 2496.92 249692
2573600 2496.92 249692
2573700 2496.92 249692
2573800 2496.92 249692
2573900 2496.92 249692
2574000 2496.92 249692
2574100 2496.92 249692
2574200 2496.92 249692
2574300 2496.92 249692
2574400 2496.92 249692
2574500 2496.92 249692
2574600 2496.92 249692
2574700 2496.92 249692
2574800 2496.92 249692
2574900 2496.92 249692
2575000 2496.92 249692
2575100 2496.92 249692
2575200 2496.92 249692
2575300 2496.92 249692
2575400 2496.92 249692
2575500 2496.92 249692
2575600 2496.92 249692
2575700 2496.92 249692
2575800 2496.92 249692
2575900 2496.92 249692
2576000 2496.92 249692
2576100 2496.92 249692
2576200 2496.92 249692
2576300 2496.92 249692
2576400 2496.92 249692
2576500 2496.92 249692
2576600 2496.92 249692
2576700 2496.92 249692
2576800 2496.92 249692
2576900 2496.92 249692
2577000 2496.92 249692
2577100 2496.92 249692
2577200 2496.92 249692
2577300 2496.92 249692
2577400 2496.92 249692
2577500 2496.92 249692
2577600 2496.92 249692
2577700 2496.92 249692
2577800 2496.92 249692
2577900 2496.92 249692
2578000 2496.92 249692
2578100 2496.92 249692
2578200 2496.92 249692
2578300 2496.92 249692
2578400 2496.92 249692
2578500 2496.92 249692
2578600 2496.92 249692
2578700 2496.92 249692
2578800 2496.92 249692
2578900 2496.92 249692
2579000 2496.92 249692
2579100 2496.92 249692
2579200 2496.92 249692
2579300 2496.92 249692
2579400 2496.92 249692
2579500 2496.92 249692
2579600 2496.92 249692
2579700 2496.92 249692
2579800 2496.92 249692
2579900 2496.92 249692
2580000 2496.92 249692
2580100 2496.92 249692
2580200 2496.92 249692
2580300 2496.92 249692
2580400 2496.92 249692
2580500 2496.92 249692
2580600 2496.92 249692
2580700 2496.92 249692
2580800 2496.92 249692
2580900 2496.92 249692
2581000 2496.92 249692
2581100 2496.92 249692
2581200 2496.92 249692
2581300 2496.92 249692
2581400 2496.92 249692
2581500 2496.92 249692
2581600 2496.92 249692
2581700 2496.92 249692
2581800 2496.92 249692
2581900 2496.92 249692
2582000 2496.92 249692
2582100 2496.92 249692
2582200 2496.92 249692
2582300 2496.92 249692
2582400 2496.92 249692
2582500 2496.92 249692
2582600 2496.92 249692
2582700 2496.92 249692
2582800 2496.92 249692
2582900 2496.92 249692
2583000 2496.92 249692
2583100 2496.92 249692
2583200 2496.92 249692
2583300 2496.92 249692
2583400 2496.92 249692
2583500 2496.92 249692
2583600 2496.92 249692
2583700 2496.92 249692
2583800 2496.92 249692
2583900 2496.92 249692
2584000 2496.92 249692
2584100 2496.92 249692
2584200 2496.92 249692
2584300 2496.92 249692
2584400 2496.92 249692
2584500 2496.92 249692
2584600 2496.92 249692
2584700 2496.92 249692
2584800 2496.92 249692
2584900 2496.92 249692
2585000 2496.92 249692
2585100 2496.92 249692
2585200 2496.92 249692
2585300 2496.92 249692
2585400 2496.92 249692
2585500 2496.92 249692
2585600 2496.92 249692
2585700 2496.92 249692
2585800 2496.92 249692
2585900 2496.92 249692
2586000 2496.92 249692
2586100 2496.92 249692
2586200 2496.92 249692
2586300 2496.92 249692
2586400 2496.92 249692
2586500 2496.92 249692
2586600 2496.92 249692
2586700 2496.92 249692
2586800 2496.92 249692
2586900 2496.92 249692
2587000 2496.92 249692
2587100 2496.92 249692
2587200 2496.92 249692
2587300 2496.92 249692
2587400 2496.92 249692
2587500 2496.92 249692
2587600 2496.92 249692
2587700 2496.92 249692
2587800 2496.92 249692
2587900 2496.92 249692
2588000 2496.92 249692
2588100 2496.92 249692
2588200 2496.92 249692
2588300 2496.92 249692
2588400 2496.92 249692
2588500 2496.92 249692
2588600 2496.92 249692
2588700 2496.92 249692
2588800 2496.92 249692
2588900 2496.92 249692
2589000 2496.92 249692
2589100 2496.92 249692
2589200 2496.92 249692
2589300 2496.92 249692
2589400 2496.92 249692
2589500 2496.92 249692
2589600 2496.92 249692
2589700 2496.92 249692
2589800 2496.92 249692
2589900 2496.92 249692
2590000 2496.92 249692
2590100 2496.92 249692
2590200 2496.92 249692
2590300 2496.92 249692
2590400 2496.92 249692
2590500 2496.92 249692
2590600 2496.92 249692
2590700 2496.92 249692
2590800 2496.92 249692
2590900 2496.92 249692
2591000 2496.92 249692
2591100 2496.92 249692
2591200 2496.92 249692
2591300 2496.92 249692
2591400 2496.92 249692
2591500 2496.92 249692
2591600 2496.92 249692
2591700 2496.92 249692
2591800 2496.92 249692
2591900 2496.92 249692
2592000 2496.92 249692
2592100 2496.92 249692
2592200 2496.92 249692
2592300 2496.92 249692
2592400 2496.92 249692
2592500 2496.92 249692
2592600 2496.92 249692
2592700 2496.92 249692
2592800 2496.92 249692
2592900 2496.92 249692
2593000 2496.92 249692
2593100 2496.92 249692
2593200 2496.92 249692
2593300 2496.92 249692
2593400 2496.92 249692
2593500 2496.92 249692
2593600 2496.92 249692
2593700 2496.92 249692
2593800 2496.92 249692
2593900 2496.92 249692
2594000 2496.92 249692
2594100 2496.92 249692
2594200 2496.92 249692
2594300 2496.92 249692
2594400 2496.92 249692
2594500 2496.92 249692
2594600 2496.92 249692
2594700 2496.92 249692
2594800 2496.92 249692
2594900 2496.92 249692
2595000 2496.92 249692
2595100 2496.92 249692
2595200 2496.92 249692
2595300 2496.92 249692
2595400 2496.92 249692
2595500 2496.92 249692
2595600 2496.92 249692
2595700 2496.92 249692
2595800 2496.92 249692
2595900 2496.92 249692
2596000 2496.92 249692
2596100 2496.92 249692
2596200 2496.92 249692
2596300 2496.92 249692
2596400 2496.92 249692
2596500 2496.92 249692
2596600 2496.92 249692
2596700 2496.92 249692
2596800 2496.92 249692
2596900 2496.92 249692
2597000 2496.92 249692
2597100 2496.92 249692
2597200 2496.92 249692
2597300 2496.92 249692
2597400 2496.92 249692
2597500 2496.92 249692
2597600 2496.92 249692
2597700 2496.92 249692
2597800 2496.92 249692
2597900 2496.92 249692
2598000 2496.92 249692
2598100 2496.92 249692
2598200 2496.92 249692
2598300 2496.92 249692
2598400 2496.92 249692
2598500 2496.92 249692
2598600 2496.92 249692
2598700 2496.92 249692
2598800 2496.92 249692
2598900 2496.92 249692
2599000 2496.92 249692
2599100 2496.92 249692
2599200 2496.92 249692
2599300 2496.92 249692
2599400 2496.92 249692
2599500 2496.92 249692
2599600 2496.92 249692
2599700 2496.92 249692
2599800 2496.92 249692
2599900 2496.92 249692
2600000 2496.92 249692
2600100 2496.92 249692
2600200 2496.92 249692
2600300 2496.92 249692
2600400 2496.92 249692
2600500 2496.92 249692
2600600 2496.92 249692
2600700 2496.92 249692
2600800 2496.92 249692
2600900 2496.92 249692
2601000 2496.92 249692
2601100 2496.92 249692
2601200 2496.92 249692
2601300 2496.92 249692
2601400 2496.92 249692
2601500 2496.92 249692
2601600 2496.92 249692
2601700 2496.92 249692
2601800 2496.92 249692
2601900 2496.92 249692
2602000 2496.92 249692
2602100 2496.92 249692
2602200 2496.92 249692
2602300 2496.92 249692
2602400 2496.92 249692
2602500 2496.92 249692
2602600 2496.92 249692
2602700 2496.92 249692
2602800 2496.92 249692
2602900 2496.92 249692
2603000 2496.92 249692
2603100 2496.92 249692
2603200 2496.92 249692
2603300 2496.92 249692
2603400 2496.92 249692
2603500 2496.92 249692
2603600 2496.92 249692
2603700 2496.92 249692
2603800 2496.92 249692
2603900 2496.92 249692
2604000 2496.92 249692
2604100 2496.92 249692
2604200 2496.92 249692
2604300 2496.92 249692
2604400 2496.92 249692
2604500 2496.92 249692
2604600 2496.92 249692
2604700 2496.92 249692
2604800 2496.92 249692
2604900 2496.92 249692
2605000 2496.92 249692
2605100 2496.92 249692
2605200 2496.92 249692
2605300 2496.92 249692
2605400 2496.92 249692
2605500 2496.92 249692
2605600 2496.92 249692
2605700 2496.92 249692
2605800 2496.92 249692
2605900 2496.92 249692
2606000 2496.92 249692
2606100 2496.92 249692
2606200 2496.92 249692
2606300 2496.92 249692
2606400 2496.92 249692
2606500 2496.92 249692
2606600 2496.92 249692
2606700 2496.92 249692
2606800 2496.92 249692
2606900 2496.92 249692
2607000 2496.92 249692
2607100 2496.92 249692
2607200 2496.92 249692
2607300 2496.92 249692
2607400 2496.92 249692
2607500 2496.92 249692
2607600 2496.92 249692
2607700 2496.92 249692
2607800 2496.92 249692
2607900 2496.92 249692
2608000 2496.92 249692
2608100 2496.92 249692
2608200 2496.92 249692
2608300 2496.92 249692
2608400 2496.92 249692
2608500 2496.92 249692
2608600 2496.92 249692
2608700 2496.92 249692
2608800 2496.92 249692
2608900 2496.92 249692
2609000 2496.92 249692
2609100 2496.92 249692
2609200 2496.92 249692
2609300 2496.92 249692
2609400 2496.92 249692
2609500 2496.92 249692
2609600 2496.92 249692
2609700 2496.92 249692
2609800 2496.92 249692
2609900 2496.92 249692
2610000 2496.92 249692
2610100 2496.92 249692
2610200 2496.92 249692
2610300 2496.92 249692
2610400 2496.92 249692
2610500 2496.92 249692
2610600 2496.92 249692
2610700 2496.92 249692
2610800 2496.92 249692
2610900 2496.92 249692
2611000 2496.92 249692
2611100 2496.92 249692
2611200 2496.92 249692
2611300 2496.92 249692
2611400 2496.92 249692
2611500 2496.92 249692
2611600 2496.92 249692
2611700 2496.92 249692
2611800 2496.92 249692
2611900 2496.92 249692
2612000 2496.92 249692
2612100 2496.92 249692
2612200 2496.92 249692
2612300 2496.92 249692
2612400 2496.92 249692
2612500 2496.92 249692
2612600 2496.92 249692
2612700 2496.92 249692
2612800 2496.92 249692
2612900 2496.92 249692
2613000 2496.92 249692
2613100 2496.92 249692
2613200 2496.92 249692
2613300 2496.92 249692
2613400 2496.92 249692
2613500 2496.92 249692
2613600 2496.92 249692
2613700 2496.92 249692
2613800 2496.92 249692
2613900 2496.92 249692
2614000 2496.92 249692
2614100 2496.92 249692
2614200 2496.92 249692
2614300 2496.92 249692
2614400 2496.92 249692
2614500 2496.92 249692
2614600 2496.92 249692
2614700 2496.92 249692
2614800 2496.92 249692
2614900 2496.92 249692
2615000 2496.92 249692
2615100 2496.92 249692
2615200 2496.92 249692
2615300 2496.92 249692
2615400 2496.92 249692
2615500 2496.92 249692
2615600 2496.92 249692
2615700 2496.92 249692
2615800 2496.92 249692
2615900 2496.92 249692
2616000 2496.92 249692
2616100 2496.92 249692
2616200 2496.92 249692
2616300 2496.92 249692
2616400 2496.92 249692
2616500 2496.92 249692
2616600 2496.92 249692
2616700 2496.92 249692
2616800 2496.92 249692
2616900 2496.92 249692
2617000 2496.92 249692
2617100 2496.92 249692
2617200 2496.92 249692
2617300 2496.92 249692
2617400 2496.92 249692
2617500 2496.92 249692
2617600 2496.92 249692
2617700 2496.92 249692
2617800 2496.92 249692
2617900 2496.92 249692
2618000 2496.92 249692
2618100 2496.92 249692
2618200 2496.92 249692
2618300 2496.92 249692
2618400 2496.92 249692
2618500 2496.92 249692
2618600 2496.92 249692
2618700 2496.92 249692
2618800 2496.92 249692
2618900 2496.92 249692
2619000 2496.92 249692
2619100 2496.92 249692
2619200 2496.92 249692
2619300 2496.92 249692
2619400 2496.92 249692
2619500 2496.92 249692
2619600 2496.92 249692
2619700 2496.92 249692
2619800 2496.92 249692
2619900 2496.92 249692
2620000 2496.92 249692
2620100 2496.92 249692
2620200 2496.92 249692
2620300 2496.92 249692
2620400 2496.92 249692
2620500 2496.92 249692
2620600 2496.92 249692
2620700 2496.92 249692
2620800 2496.92 249692
2620900 2496.92 249692
2621000 2496.92 249692
2621100 2496.92 249692
2621200 2496.92 249692
2621300 2496.92 249692
2621400 2496.92 249692
2621500 2496.92 249692
2621600 2496.92 249692
2621700 2496.92 249692
2621800 2496.92 249692
2621900 2496.92 249692
2622000 2496.92 249692
2622100 2496.92 249692
2622200 2496.92 249692
2622300 2496.92 249692
2622400 2496.92 249692
2622500 2496.92 249692
2622600 2496.92 249692
2622700 2496.92 249692
2622800 2496.92 249692
2622900 2496.92 249692
2623000 2496.92 249692
2623100 2496.92 249692
2623200 2496.92 249692
2623300 2496.92 249692
2623400 2496.92 249692
2623500 2496.92 249692
2623600 2496.92 249692
2623700 2496.92 249692
2623800 2496.92 249692
2623900 2496.92 249692
2624000 2496.92 249692
2624100 2496.92 249692
2624200 2496.92 249692
2624300 2496.92 249692
2624400 2496.92 249692
2624500 2496.92 249692
2624600 2496.92 249692
2624700 2496.92 249692
2624800 2496.92 249692
2624900 2496.92 249692
2625000 2496.92 249692
2625100 2496.92 249692
2625200 2496.92 249692
2625300 2496.92 249692
2625400 2496.92 249692
2625500 2496.92 249692
2625600 2496.92 249692
2625700 2496.92 249692
2625800 2496.92 249692
2625900 2496.92 249692
2626000 2496.92 249692
2626100 2496.92 249692
2626200 2496.92 249692
2626300 2496.92 249692
2626400 2496.92 249692
2626500 2496.92 249692
2626600 2496.92 249692
2626700 2496.92 249692
2626800 2496.92 249692
2626900 2496.92 249692
2627000 2496.92 249692
2627100 2496.92 249692
2627200 2496.92 249692
2627300 2496.92 249692
2627400 2496.92 249692
2627500 2496.92 249692
2627600 2496.92 249692
2627700 2496.92 249692
2627800 2496.92 249692
2627900 2496.92 249692
2628000 2496.92 249692
2628100 2496.92 249692
2628200 2496.92 249692
2628300 2496.92 249692
2628400 2496.92 249692
2628500 2496.92 249692
2628600 2496.92 249692
2628700 2496.92 249692
2628800 2496.92 249692
2628900 2496.92 249692
2629000 2496.92 249692
2629100 2496.92 249692
2629200 2496.92 249692
2629300 2496.92 249692
2629400 2496.92 249692
2629500 2496.92 249692
2629600 2496.92 249692
2629700 2496.92 249692
2629800 2496.92 249692
2629900 2496.92 249692
2630000 2496.92 249692
2630100 2496.92 249692
2630200 2496.92 249692
2630300 2496.92 249692
2630400 2496.92 249692
2630500 2496.92 249692
2630600 2496.92 249692
2630700 2496.92 249692
2630800 2496.92 249692
2630900 2496.92 249692
2631000 2496.92 249692
2631100 2496.92 249692
2631200 2496.92 249692
2631300 2496.92 249692
2631400 2496.92 249692
2631500 2496.92 249692
2631600 2496.92 249692
2631700 2496.92 249692
2631800 2496.92 249692
2631900 2496.92 249692
2632000 2496.92 249692
2632100 2496.92 249692
2632200 2496.92 249692
2632300 2496.92 249692
2632400 2496.92 249692
2632500 2496.92 249692
2632600 2496.92 249692
2632700 2496.92 249692
2632800 2496.92 249692
2632900 2496.92 249692
2633000 2496.92 249692
2633100 2496.92 249692
2633200 2496.92 249692
2633300 2496.92 249692
2633400 2496.92 249692
2633500 2496.92 249692
2633600 2496.92 249692
2633700 2496.92 249692
2633800 2496.92 249692
2633900 2496.92 249692
2634000 2496.92 249692
2634100 2496.92 249692
2634200 2496.92 249692
2634300 2496.92 249692
2634400 2496.92 249692
2634500 2496.92 249692
2634600 2496.92 249692
2634700 2496.92 249692
2634800 2496.92 249692
2634900 2496.92 249692
2635000 2496.92 249692
2635100 2496.92 249692
2635200 2496.92 249692
2635300 2496.92 249692
2635400 2496.92 249692
2635500 2496.92 249692
2635600 2496.92 249692
2635700 2496.92 249692
2635800 2496.92 249692
2635900 2496.92 249692
2636000 2496.92 249692
2636100 2496.92 249692
2636200 2496.92 249692
2636300 2496.92 249692
2636400 2496.92 249692
2636500 2496.92 249692
2636600 2496.92 249692
2636700 2496.92 249692
2636800 2496.92 249692
2636900 2496.92 249692
2637000 2496.92 249692
2637100 2496.92 249692
2637200 2496.92 249692
2637300 2496.92 249692
2637400 2496.92 249692
2637500 2496.92 249692
2637600 2496.92 249692
2637700 2496.92 249692
2637800 2496.92 249692
2637900 2496.92 249692
2638000 2496.92 249692
2638100 2496.92 249692
2638200 2496.92 249692
2638300 2496.92 249692
2638400 2496.92 249692
2638500 2496.92 249692
2638600 2496.92 249692
2638700 2496.92 249692
2638800 2496.92 249692
2638900 2496.92 249692
2639000 2496.92 249692
2639100 2496.92 249692
2639200 2496.92 249692
2639300 2496.92 249692
2639400 2496.92 249692
2639500 2496.92 249692
2639600 2496.92 249692
2639700 2496.92 249692
2639800 2496.92 249692
2639900 2496.92 249692
2640000 2496.92 249692
2640100 2496.92 249692
2640200 2496.92 249692
2640300 2496.92 249692
2640400 2496.92 249692
2640500 2496.92 249692
2640600 2496.92 249692
2640700 2496.92 249692
2640800 2496.92 249692
2640900 2496.92 249692
2641000 2496.92 249692
2641100 2496.92 249692
2641200 2496.92 249692
2641300 2496.92 249692
2641400 2496.92 249692
2641500 2496.92 249692
2641600 2496.92 249692
2641700 2496.92 249692
2641800 2496.92 249692
2641900 2496.92 249692
2642000 2496.92 249692
2642100 2496.92 249692
2642200 2496.92 249692
2642300 2496.92 249692
2642400 2496.92 249692
2642500 2496.92 249692
2642600 2496.92 249692
2642700 2496.92 249692
2642800 2496.92 249692
2642900 2496.92 249692
2643000 2496.92 249692
2643100 2496.92 249692
2643200 2496.92 249692
2643300 2496.92 249692
2643400 2496.92 249692
2643500 2496.92 249692
2643600 2496.92 249692
2643700 2496.92 249692
2643800 2496.92 249692
2643900 2496.92 249692
2644000 2496.92 249692
2644100 2496.92 249692
2644200 2496.92 249692
2644300 2496.92 249692
2644400 2496.92 249692
2644500 2496.92 249692
2644600 2496.92 249692
2644700 2496.92 249692
2644800 2496.92 249692
2644900 2496.92 249692
2645000 2496.92 249692
2645100 2496.92 249692
2645200 2496.92 249692
2645300 2496.92 249692
2645400 2496.92 249692
2645500 2496.92 249692
2645600 2496.92 249692
2645700 2496.92 249692
2645800 2496.92 249692
2645900 2496.92 249692
2646000 2496.92 249692
2646100 2496.92 249692
2646200 2496.92 249692
2646300 2496.92 249692
2646400 2496.92 249692
2646500 2496.92 249692
2646600 2496.92 249692
2646700 2496.92 249692
2646800 2496.92 249692
2646900 2496.92 249692
2647000 2496.92 249692
2647100 2496.92 249692
2647200 2496.92 249692
2647300 2496.92 249692
2647400 2496.92 249692
2647500 2496.92 249692
2647600 2496.92 249692
2647700 2496.92 249692
2647800 2496.92 249692
2647900 2496.92 249692
2648000 2496.92 249692
2648100 2496.92 249692
2648200 2496.92 249692
2648300 2496.92 249692
2648400 2496.92 249692
2648500 2496.92 249692
2648600 2496.92 249692
2648700 2496.92 249692
2648800 2496.92 249692
2648900 2496.92 249692
2649000 2496.92 249692
2649100 2496.92 249692
2649200 2496.92 249692
2649300 2496.92 249692
2649400 2496.92 249692
2649500 2496.92 249692
2649600 2496.92 249692
2649700 2496.92 249692
2649800 2496.92 249692
2649900 2496.92 249692
2650000 2496.92 249692
2650100 2496.92 249692
2650200 2496.92 249692
2650300 2496.92 249692
2650400 2496.92 249692
2650500 2496.92 249692
2650600 2496.92 249692
2650700 2496.92 249692
2650800 2496.92 249692
2650900 2496.92 249692
2651000 2496.92 249692
2651100 2496.92 249692
2651200 2496.92 249692
2651300 2496.92 249692
2651400 2496.92 249692
2651500 2496.92 249692
2651600 2496.92 249692
2651700 2496.92 249692
2651800 2496.92 249692
2651900 2496.92 249692
2652000 2496.92 249692
2652100 2496.92 249692
2652200 2496.92 249692
2652300 2496.92 249692
2652400 2496.92 249692
2652500 2496.92 249692
2652600 2496.92 249692
2652700 2496.92 249692
2652800 2496.92 249692
2652900 2496.92 249692
2653000 2496.92 249692
2653100 2496.92 249692
2653200 2496.92 249692
2653300 2496.92 249692
2653400 2496.92 249692
2653500 2496.92 249692
2653600 2496.92 249692
2653700 2496.92 249692
2653800 2496.92 249692
2653900 2496.92 249692
2654000 2496.92 249692
2654100 2496.92 249692
2654200 2496.92 249692
2654300 2496.92 249692
2654400 2496.92 249692
2654500 2496.92 249692
2654600 2496.92 249692
2654700 2496.92 249692
2654800 2496.92 249692
2654900 2496.92 249692
2655000 2496.92 249692
2655100 2496.92 249692
2655200 2496.92 249692
2655300 2496.92 249692
2655400 2496.92 249692
2655500 2496.92 249692
2655600 2496.92 249692
2655700 2496.92 249692
2655800 2496.92 249692
2655900 2496.92 249692
2656000 2496.92 249692
2656100 2496.92 249692
2656200 2496.92 249692
2656300 2496.92 249692
2656400 2496.92 249692
2656500 2496.92 249692
2656600 2496.92 249692
2656700 2496.92 249692
2656800 2496.92 249692
2656900 2496.92 249692
2657000 2496.92 249692
2657100 2496.92 249692
2657200 2496.92 249692
2657300 2496.92 249692
2657400 2496.92 249692
2657500 2496.92 249692
2657600 2496.92 249692
2657700 2496.92 249692
2657800 2496.92 249692
2657900 2496.92 249692
2658000 2496.92 249692
2658100 2496.92 249692
2658200 2496.92 249692
2658300 2496.92 249692
2658400 2496.92 249692
2658500 2496.92 249692
2658600 2496.92 249692
2658700 2496.92 249692
2658800 2496.92 249692
2658900 2496.92 249692
2659000 2496.92 249692
2659100 2496.92 249692
2659200 2496.92 249692
2659300 2496.92 249692
2659400 2496.92 249692
2659500 2496.92 249692
2659600 2496.92 249692
2659700 2496.92 249692
2659800 2496.92 249692
2659900 2496.92 249692
2660000 2496.92 249692
2660100 2496.92 249692
2660200 2496.92 249692
2660300 2496.92 249692
2660400 2496.92 249692
2660500 2496.92 249692
2660600 2496.92 249692
2660700 2496.92 249692
2660800 2496.92 249692
2660900 2496.92 249692
2661000 2496.92 249692
2661100 2496.92 249692
2661200 2496.92 249692
2661300 2496.92 249692
2661400 2496.92 249692
2661500 2496.92 249692
2661600 2496.92 249692
2661700 2496.92 249692
2661800 2496.92 249692
2661900 2496.92 249692
2662000 2496.92 249692
2662100 2496.92 249692
2662200 2496.92 249692
2662300 2496.92 249692
2662400 2496.92 249692
2662500 2496.92 249692
2662600 2496.92 249692
2662700 2496.92 249692
2662800 2496.92 249692
2662900 2496.92 249692
2663000 2496.92 249692
2663100 2496.92 249692
2663200 2496.92 249692
2663300 2496.92 249692
2663400 2496.92 249692
2663500 2496.92 249692
2663600 2496.92 249692
2663700 2496.92 249692
2663800 2496.92 249692
2663900 2496.92 249692
2664000 2496.92 249692
2664100 2496.92 249692
2664200 2496.92 249692
2664300 2496.92 249692
2664400 2496.92 249692
2664500 2496.92 249692
2664600 2496.92 249692
2664700 2496.92 249692
2664800 2496.92 249692
2664900 2496.92 249692
2665000 2496.92 249692
2665100 2496.92 249692
2665200 2496.92 249692
2665300 2496.92 249692
2665400 2496.92 249692
2665500 2496.92 249692
2665600 2496.92 249692
2665700 2496.92 249692
2665800 2496.92 249692
2665900 2496.92 249692
2666000 2496.92 249692
2666100 2496.92 249692
2666200 2496.92 249692
2666300 2496.92 249692
2666400 2496.92 249692
2666500 2496.92 249692
2666600 2496.92 249692
2666700 2496.92 249692
2666800 2496.92 249692
2666900 2496.92 249692
2667000 2496.92 249692
2667100 2496.92 249692
2667200 2496.92 249692
2667300 2496.92 249692
2667400 2496.92 249692
2667500 2496.92 249692
2667600 2496.92 249692
2667700 2496.92 249692
2667800 2496.92 249692
2667900 2496.92 249692
2668000 2496.92 249692
2668100 2496.92 249692
2668200 2496.92 249692
2668300 2496.92 249692
2668400 2496.92 249692
2668500 2496.92 249692
2668600 2496.92 249692
2668700 2496.92 249692
2668800 2496.92 249692
2668900 2496.92 249692
2669000 2496.92 249692
2669100 2496.92 249692
2669200 2496.92 249692
2669300 2496.92 249692
2669400 2496.92 249692
2669500 2496.92 249692
2669600 2496.92 249692
2669700 2496.92 249692
2669800 2496.92 249692
2669900 2496.92 249692
2670000 2496.92 249692
2670100 2496.92 249692
2670200 2496.92 249692
2670300 2496.92 249692
2670400 2496.92 249692
2670500 2496.92 249692
2670600 2496.92 249692
2670700 2496.92 249692
2670800 2496.92 249692
2670900 2496.92 249692
2671000 2496.92 249692
2671100 2496.92 249692
2671200 2496.92 249692
2671300 2496.92 249692
2671400 2496.92 249692
2671500 2496.92 249692
2671600 2496.92 249692
2671700 2496.92 249692
2671800 2496.92 249692
2671900 2496.92 249692
2672000 2496.92 249692
2672100 2496.92 249692
2672200 2496.92 249692
2672300 2496.92 249692
2672400 2496.92 249692
2672500 2496.92 249692
2672600 2496.92 249692
2672700 2496.92 249692
2672800 2496.92 249692
2672900 2496.92 249692
2673000 2496.92 249692
2673100 2496.92 249692
2673200 2496.92 249692
2673300 2496.92 249692
2673400 2496.92 249692
2673500 2496.92 249692
2673600 2496.92 249692
2673700 2496.92 249692
2673800 2496.92 249692
2673900 2496.92 249692
2674000 2496.92 249692
2674100 2496.92 249692
2674200 2496.92 249692
2674300 2496.92 249692
2674400 2496.92 249692
2674500 2496.92 249692
2674600 2496.92 249692
2674700 2496.92 249692
2674800 2496.92 249692
2674900 2496.92 249692
2675000 2496.92 249692
2675100 2496.92 249692
2675200 2496.92 249692
2675300 2496.92 249692
2675400 2496.92 249692
2675500 2496.92 249692
2675600 2496.92 249692
2675700 2496.92 249692
2675800 2496.92 249692
2675900 2496.92 249692
2676000 2496.92 249692
2676100 2496.92 249692
2676200 2496.92 249692
2676300 2496.92 249692
2676400 2496.92 249692
2676500 2496.92 249692
2676600 2496.92 249692
2676700 2496.92 249692
2676800 2496.92 249692
2676900 2496.92 249692
2677000 2496.92 249692
2677100 2496.92 249692
2677200 2496.92 249692
2677300 2496.92 249692
2677400 2496.92 249692
2677500 2496.92 249692
2677600 2496.92 249692
2677700 2496.92 249692
2677800 2496.92 249692
2677900 2496.92 249692
2678000 2496.92 249692
2678100 2496.92 249692
2678200 2496.92 249692
2678300 2496.92 249692
2678400 2496.92 249692
2678500 2496.92 249692
2678600 2496.92 249692
2678700 2496.92 249692
2678800 2496.92 249692
2678900 2496.92 249692
2679000 2496.92 249692
2679100 2496.92 249692
2679200 2496.92 249692
2679300 2496.92 249692
2679400 2496.92 249692
2679500 2496.92 249692
2679600 2496.92 249692
2679700 2496.92 249692
2679800 2496.92 249692
2679900 2496.92 249692
2680000 2496.92 249692
2680100 2496.92 249692
2680200 2496.92 249692
2680300 2496.92 249692
2680400 2496.92 249692
2680500 2496.92 249692
2680600 2496.92 249692
2680700 2496.92 249692
2680800 2496.92 249692
2680900 2496.92 249692
2681000 2496.92 249692
2681100 2496.92 249692
2681200 2496.92 249692
2681300 2496.92 249692
2681400 2496.92 249692
2681500 2496.92 249692
2681600 2496.92 249692
2681700 2496.92 249692
2681800 2496.92 249692
2681900 2496.92 249692
2682000 2496.92 249692
2682100 2496.92 249692
2682200 2496.92 249692
2682300 2496.92 249692
2682400 2496.92 249692
2682500 2496.92 249692
2682600 2496.92 249692
2682700 2496.92 249692
2682800 2496.92 249692
2682900 2496.92 249692
2683000 2496.92 249692
2683100 2496.92 249692
2683200 2496.92 249692
2683300 2496.92 249692
2683400 2496.92 249692
2683500 2496.92 249692
2683600 2496.92 249692
2683700 2496.92 249692
2683800 2496.92 249692
2683900 2496.92 249692
2684000 2496.92 249692
2684100 2496.92 249692
2684200 2496.92 249692
2684300 2496.92 249692
2684400 2496.92 249692
2684500 2496.92 249692
2684600 2496.92 249692
2684700 2496.92 249692
2684800 2496.92 249692
2684900 2496.92 249692
2685000 2496.92 249692
2685100 2496.92 249692
2685200 2496.92 249692
2685300 2496.92 249692
2685400 2496.92 249692
2685500 2496.92 249692
2685600 2496.92 249692
2685700 2496.92 249692
2685800 2496.92 249692
2685900 2496.92 249692
2686000 2496.92 249692
2686100 2496.92 249692
2686200 2496.92 249692
2686300 2496.92 249692
2686400 2496.92 249692
2686500 2496.92 249692
2686600 2496.92 249692
2686700 2496.92 249692
2686800 2496.92 249692
2686900 2496.92 249692
2687000 2496.92 249692
2687100 2496.92 249692
2687200 2496.92 249692
2687300 2496.92 249692
2687400 2496.92 249692
2687500 2496.92 249692
2687600 2496.92 249692
2687700 2496.92 249692
2687800 2496.92 249692
2687900 2496.92 249692
2688000 2496.92 249692
2688100 2496.92 249692
2688200 2496.92 249692
2688300 2496.92 249692
2688400 2496.92 249692
2688500 2496.92 249692
2688600 2496.92 249692
2688700 2496.92 249692
2688800 2496.92 249692
2688900 2496.92 249692
2689000 2496.92 249692
2689100 2496.92 249692
2689200 2496.92 249692
2689300 2496.92 249692
2689400 2496.92 249692
2689500 2496.92 249692
2689600 2496.92 249692
2689700 2496.92 249692
2689800 2496.92 249692
2689900 2496.92 249692
2690000 2496.92 249692
2690100 2496.92 249692
2690200 2496.92 249692
2690300 2496.92 249692
2690400 2496.92 249692
2690500 2496.92 249692
2690600 2496.92 249692
2690700 2496.92 249692
2690800 2496.92 249692
2690900 2496.92 249692
2691000 2496.92 249692
2691100 2496.92 249692
2691200 2496.92 249692
2691300 2496.92 249692
2691400 2496.92 249692
2691500 2496.92 249692
2691600 2496.92 249692
2691700 2496.92 249692
2691800 2496.92 249692
2691900 2496.92 249692
2692000 2496.92 249692
2692100 2496.92 249692
2692200 2496.92 249692
2692300 2496.92 249692
2692400 2496.92 249692
2692500 2496.92 249692
2692600 2496.92 249692
2692700 2496.92 249692
2692800 2496.92 249692
2692900 2496.92 249692
2693000 2496.92 249692
2693100 2496.92 249692
2693200 2496.92 249692
2693300 2496.92 249692
2693400 2496.92 249692
2693500 2496.92 249692
2693600 2496.92 249692
2693700 2496.92 249692
2693800 2496.92 249692
2693900 2496.92 249692
2694000 2496.92 249692
2694100 2496.92 249692
2694200 2496.92 249692
2694300 2496.92 249692
2694400 2496.92 249692
2694500 2496.92 249692
2694600 2496.92 249692
2694700 2496.92 249692
2694800 2496.92 249692
2694900 2496.92 249692
2695000 2496.92 249692
2695100 2496.92 249692
2695200 2496.92 249692
2695300 2496.92 249692
2695400 2496.92 249692
2695500 2496.92 249692
2695600 2496.92 249692
2695700 2496.92 249692
2695800 2496.92 249692
2695900 2496.92 249692
2696000 2496.92 249692
2696100 2496.92 249692
2696200 2496.92 249692
2696300 2496.92 249692
2696400 2496.92 249692
2696500 2496.92 249692
2696600 2496.92 249692
2696700 2496.92 249692
2696800 2496.92 249692
2696900 2496.92 249692
2697000 2496.92 249692
2697100 2496.92 249692
2697200 2496.92 249692
2697300 2496.92 249692
2697400 2496.92 249692
2697500 2496.92 249692
2697600 2496.92 249692
2697700 2496.92 249692
2697800 2496.92 249692
2697900 2496.92 249692
2698000 2496.92 249692
2698100 2496.92 249692
2698200 2496.92 249692
2698300 2496.92 249692
2698400 2496.92 249692
2698500 2496.92 249692
2698600 2496.92 249692
2698700 2496.92 249692
2698800 2496.92 249692
2698900 2496.92 249692
2699000 2496.92 249692
2699100 2496.92 249692
2699200 2496.92 249692
2699300 2496.92 249692
2699400 2496.92 249692
2699500 2496.92 249692
2699600 2496.92 249692
2699700 2496.92 249692
2699800 2496.92 249692
2699900 2496.92 249692
2700000 2496.92 249692
2700100 2496.92 249692
2700200 2496.92 249692
2700300 2496.92 249692
2700400 2496.92 249692
2700500 2496.92 249692
2700600 2496.92 249692
2700700 2496.92 249692
2700800 2496.92 249692
2700900 2496.92 249692
2701000 2496.92 249692
2701100 2496.92 249692
2701200 2496.92 249692
2701300 2496.92 249692
2701400 2496.92 249692
2701500 2496.92 249692
2701600 2496.92 249692
2701700 2496.92 249692
2701800 2496.92 249692
2701900 2496.92 249692
2702000 2496.92 249692
2702100 2496.92 249692
2702200 2496.92 249692
2702300 2496.92 249692
2702400 2496.92 249692
2702500 2496.92 249692
2702600 2496.92 249692
2702700 2496.92 249692
2702800 2496.92 249692
2702900 2496.92 249692
2703000 2496.92 249692
2703100 2496.92 249692
2703200 2496.92 249692
2703300 2496.92 249692
2703400 2496.92 249692
2703500 2496.92 249692
2703600 2496.92 249692
2703700 2496.92 249692
2703800 2496.92 249692
2703900 2496.92 249692
2704000 2496.92 249692
2704100 2496.92 249692
2704200 2496.92 249692
2704300 2496.92 249692
2704400 2496.92 249692
2704500 2496.92 249692
2704600 2496.92 249692
2704700 2496.92 249692
2704800 2496.92 249692
2704900 2496.92 249692
2705000 2496.92 249692
2705100 2496.92 249692
2705200 2496.92 249692
2705300 2496.92 249692
2705400 2496.92 249692
2705500 2496.92 249692
2705600 2496.92 249692
2705700 2496.92 249692
2705800 2496.92 249692
2705900 2496.92 249692
2706000 2496.92 249692
2706100 2496.92 249692
2706200 2496.92 249692
2706300 2496.92 249692
2706400 2496.92 249692
2706500 2496.92 249692
2706600 2496.92 249692
2706700 2496.92 249692
2706800 2496.92 249692
2706900 2496.92 249692
2707000 2496.92 249692
2707100 2496.92 249692
2707200 2496.92 249692
2707300 2496.92 249692
2707400 2496.92 249692
2707500 2496.92 249692
2707600 2496.92 249692
2707700 2496.92 249692
2707800 2496.92 249692
2707900 2496.92 249692
2708000 2496.92 249692
2708100 2496.92 249692
2708200 2496.92 249692
2708300 2496.92 249692
2708400 2496.92 249692
2708500 2496.92 249692
2708600 2496.92 249692
2708700 2496.92 249692
2708800 2496.92 249692
2708900 2496.92 249692
2709000 2496.92 249692
2709100 2496.92 249692
2709200 2496.92 249692
2709300 2496.92 249692
2709400 2496.92 249692
2709500 2496.92 249692
2709600 2496.92 249692
2709700 2496.92 249692
2709800 2496.92 249692
2709900 2496.92 249692
2710000 2496.92 249692
2710100 2496.92 249692
2710200 2496.92 249692
2710300 2496.92 249692
2710400 2496.92 249692
2710500 2496.92 249692
2710600 2496.92 249692
2710700 2496.92 249692
2710800 2496.92 249692
2710900 2496.92 249692
2711000 2496.92 249692
2711100 2496.92 249692
2711200 2496.92 249692
2711300 2496.92 249692
2711400 2496.92 249692
2711500 2496.92 249692
2711600 2496.92 249692
2711700 2496.92 249692
2711800 2496.92 249692
2711900 2496.92 249692
2712000 2496.92 249692
2712100 2496.92 249692
2712200 2496.92 249692
2712300 2496.92 249692
2712400 2496.92 249692
2712500 2496.92 249692
2712600 2496.92 249692
2712700 2496.92 249692
2712800 2496.92 249692
2712900 2496.92 249692
2713000 2496.92 249692
2713100 2496.92 249692
2713200 2496.92 249692
2713300 2496.92 249692
2713400 2496.92 249692
2713500 2496.92 249692
2713600 2496.92 249692
2713700 2496.92 249692
2713800 2496.92 249692
2713900 2496.92 249692
2714000 2496.92 249692
2714100 2496.92 249692
2714200 2496.92 249692
2714300 2496.92 249692
2714400 2496.92 249692
2714500 2496.92 249692
2714600 2496.92 249692
2714700 2496.92 249692
2714800 2496.92 249692
2714900 2496.92 249692
2715000 2496.92 249692
2715100 2496.92 249692
2715200 2496.92 249692
2715300 2496.92 249692
2715400 2496.92 249692
2715500 2496.92 249692
2715600 2496.92 249692
2715700 2496.92 249692
2715800 2496.92 249692
2715900 2496.92 249692
2716000 2496.92 249692
2716100 2496.92 249692
2716200 2496.92 249692
2716300 2496.92 249692
2716400 2496.92 249692
2716500 2496.92 249692
2716600 2496.92 249692
2716700 2496.92 249692
2716800 2496.92 249692
2716900 2496.92 249692
2717000 2496.92 249692
2717100 2496.92 249692
2717200 2496.92 249692
2717300 2496.92 249692
2717400 2496.92 249692
2717500 2496.92 249692
2717600 2496.92 249692
2717700 2496.92 249692
2717800 2496.92 249692
2717900 2496.92 249692
2718000 2496.92 249692
2718100 2496.92 249692
2718200 2496.92 249692
2718300 2496.92 249692
2718400 2496.92 249692
2718500 2496.92 249692
2718600 2496.92 249692
2718700 2496.92 249692
2718800 2496.92 249692
2718900 2496.92 249692
2719000 2496.92 249692
2719100 2496.92 249692
2719200 2496.92 249692
2719300 2496.92 249692
2719400 2496.92 249692
2719500 2496.92 249692
2719600 2496.92 249692
2719700 2496.92 249692
2719800 2496.92 249692
2719900 2496.92 249692
2720000 2496.92 249692
2720100 2496.92 249692
2720200 2496.92 249692
2720300 2496.92 249692
2720400 2496.92 249692
2720500 2496.92 249692
2720600 2496.92 249692
2720700 2496.92 249692
2720800 2496.92 249692
2720900 2496.92 249692
2721000 2496.92 249692
2721100 2496.92 249692
2721200 2496.92 249692
2721300 2496.92 249692
2721400 2496.92 249692
2721500 2496.92 249692
2721600 2496.92 249692
2721700 2496.92 249692
2721800 2496.92 249692
2721900 2496.92 249692
2722000 2496.92 249692
2722100 2496.92 249692
2722200 2496.92 249692
2722300 2496.92 249692
2722400 2496.92 249692
2722500 2496.92 249692
2722600 2496.92 249692
2722700 2496.92 249692
2722800 2496.92 249692
2722900 2496.92 249692
2723000 2496.92 249692
2723100 2496.92 249692
2723200 2496.92 249692
2723300 2496.92 249692
2723400 2496.92 249692
2723500 2496.92 249692
2723600 2496.92 249692
2723700 2496.92 249692
2723800 2496.92 249692
2723900 2496.92 249692
2724000 2496.92 249692
2724100 2496.92 249692
2724200 2496.92 249692
2724300 2496.92 249692
2724400 2496.92 249692
2724500 2496.92 249692
2724600 2496.92 249692
2724700 2496.92 249692
2724800 2496.92 249692
2724900 2496.92 249692
2725000 2496.92 249692
2725100 2496.92 249692
2725200 2496.92 249692
2725300 2496.92 249692
2725400 2496.92 249692
2725500 2496.92 249692
2725600 2496.92 249692
2725700 2496.92 249692
2725800 2496.92 249692
2725900 2496.92 249692
2726000 2496.92 249692
2726100 2496.92 249692
2726200 2496.92 249692
2726300 2496.92 249692
2726400 2496.92 249692
2726500 2496.92 249692
2726600 2496.92 249692
2726700 2496.92 249692
2726800 2496.92 249692
2726900 2496.92 249692
2727000 2496.92 249692
2727100 2496.92 249692
2727200 2496.92 249692
2727300 2496.92 249692
2727400 2496.92 249692
2727500 2496.92 249692
2727600 2496.92 249692
2727700 2496.92 249692
2727800 2496.92 249692
2727900 2496.92 249692
2728000 2496.92 249692
2728100 2496.92 249692
2728200 2496.92 249692
2728300 2496.92 249692
2728400 2496.92 249692
2728500 2496.92 249692
2728600 2496.92 249692
2728700 2496.92 249692
2728800 2496.92 249692
2728900 2496.92 249692
2729000 2496.92 249692
2729100 2496.92 249692
2729200 2496.92 249692
2729300 2496.92 249692
2729400 2496.92 249692
2729500 2496.92 249692
2729600 2496.92 249692
2729700 2496.92 249692
2729800 2496.92 249692
2729900 2496.92 249692
2730000 2496.92 249692
2730100 2496.92 249692
2730200 2496.92 249692
2730300 2496.92 249692
2730400 2496.92 249692
2730500 2496.92 249692
2730600 2496.92 249692
2730700 2496.92 249692
2730800 2496.92 249692
2730900 2496.92 249692
2731000 2496.92 249692
2731100 2496.92 249692
2731200 2496.92 249692
2731300 2496.92 249692
2731400 2496.92 249692
2731500 2496.92 249692
2731600 2496.92 249692
2731700 2496.92 249692
2731800 2496.92 249692
2731900 2496.92 249692
2732000 2496.92 249692
2732100 2496.92 249692
2732200 2496.92 249692
2732300 2496.92 249692
2732400 2496.92 249692
2732500 2496.92 249692
2732600 2496.92 249692
2732700 2496.92 249692
2732800 2496.92 249692
2732900 2496.92 249692
2733000 2496.92 249692
2733100 2496.92 249692
2733200 2496.92 249692
2733300 2496.92 249692
2733400 2496.92 249692
2733500 2496.92 249692
2733600 2496.92 249692
2733700 2496.92 249692
2733800 2496.92 249692
2733900 2496.92 249692
2734000 2496.92 249692
2734100 2496.92 249692
2734200 2496.92 249692
2734300 2496.92 249692
2734400 2496.92 249692
2734500 2496.92 249692
2734600 2496.92 249692
2734700 2496.92 249692
2734800 2496.92 249692
2734900 2496.92 249692
2735000 2496.92 249692
2735100 2496.92 249692
2735200 2496.92 249692
2735300 2496.92 249692
2735400 2496.92 249692
2735500 2496.92 249692
2735600 2496.92 249692
2735700 2496.92 249692
2735800 2496.92 249692
2735900 2496.92 249692
2736000 2496.92 249692
2736100 2496.92 249692
2736200 2496.92 249692
2736300 2496.92 249692
2736400 2496.92 249692
2736500 2496.92 249692
2736600 2496.92 249692
2736700 2496.92 249692
2736800 2496.92 249692
2736900 2496.92 249692
2737000 2496.92 249692
2737100 2496.92 249692
2737200 2496.92 249692
2737300 2496.92 249692
2737400 2496.92 249692
2737500 2496.92 249692
2737600 2496.92 249692
2737700 2496.92 249692
2737800 2496.92 249692
2737900 2496.92 249692
2738000 2496.92 249692
2738100 2496.92 249692
2738200 2496.92 249692
2738300 2496.92 249692
2738400 2496.92 249692
2738500 2496.92 249692
2738600 2496.92 249692
2738700 2496.92 249692
2738800 2496.92 249692
2738900 2496.92 249692
2739000 2496.92 249692
2739100 2496.92 249692
2739200 2496.92 249692
2739300 2496.92 249692
2739400 2496.92 249692
2739500 2496.92 249692
2739600 2496.92 249692
2739700 2496.92 249692
2739800 2496.92 249692
2739900 2496.92 249692
2740000 2496.92 249692
2740100 2496.92 249692
2740200 2496.92 249692
2740300 2496.92 249692
2740400 2496.92 249692
2740500 2496.92 249692
2740600 2496.92 249692
2740700 2496.92 249692
2740800 2496.92 249692
2740900 2496.92 249692
2741000 2496.92 249692
2741100 2496.92 249692
2741200 2496.92 249692
2741300 2496.92 249692
2741400 2496.92 249692
2741500 2496.92 249692
2741600 2496.92 249692
2741700 2496.92 249692
2741800 2496.92 249692
2741900 2496.92 249692
2742000 2496.92 249692
2742100 2496.92 249692
2742200 2496.92 249692
2742300 2496.92 249692
2742400 2496.92 249692
2742500 2496.92 249692
2742600 2496.92 249692
2742700 2496.92 249692
2742800 2496.92 249692
2742900 2496.92 249692
2743000 2496.92 249692
2743100 2496.92 249692
2743200 2496.92 249692
2743300 2496.92 249692
2743400 2496.92 249692
2743500 2496.92 249692
2743600 2496.92 249692
2743700 2496.92 249692
2743800 2496.92 249692
2743900 2496.92 249692
2744000 2496.92 249692
2744100 2496.92 249692
2744200 2496.92 249692
2744300 2496.92 249692
2744400 2496.92 249692
2744500 2496.92 249692
2744600 2496.92 249692
2744700 2496.92 249692
2744800 2496.92 249692
2744900 2496.92 249692
2745000 2496.92 249692
2745100 2496.92 249692
2745200 2496.92 249692
2745300 2496.92 249692
2745400 2496.92 249692
2745500 2496.92 249692
2745600 2496.92 249692
2745700 2496.92 249692
2745800 2496.92 249692
2745900 2496.92 249692
2746000 2496.92 249692
2746100 2496.92 249692
2746200 2496.92 249692
2746300 2496.92 249692
2746400 2496.92 249692
2746500 2496.92 249692
2746600 2496.92 249692
2746700 2496.92 249692
2746800 2496.92 249692
2746900 2496.92 249692
2747000 2496.92 249692
2747100 2496.92 249692
2747200 2496.92 249692
2747300 2496.92 249692
2747400 2496.92 249692
2747500 2496.92 249692
2747600 2496.92 249692
2747700 2496.92 249692
2747800 2496.92 249692
2747900 2496.92 249692
2748000 2496.92 249692
2748100 2496.92 249692
2748200 2496.92 249692
2748300 2496.92 249692
2748400 2496.92 249692
2748500 2496.92 249692
2748600 2496.92 249692
2748700 2496.92 249692
2748800 2496.92 249692
2748900 2496.92 249692
2749000 2496.92 249692
2749100 2496.92 249692
2749200 2496.92 249692
2749300 2496.92 249692
2749400 2496.92 249692
2749500 2496.92 249692
2749600 2496.92 249692
2749700 2496.92 249692
2749800 2496.92 249692
2749900 2496.92 249692
2750000 2496.92 249692
2750100 2496.92 249692
2750200 2496.92 249692
2750300 2496.92 249692
2750400 2496.92 249692
2750500 2496.92 249692
2750600 2496.92 249692
2750700 2496.92 249692
2750800 2496.92 249692
2750900 2496.92 249692
2751000 2496.92 249692
2751100 2496.92 249692
2751200 2496.92 249692
2751300 2496.92 249692
2751400 2496.92 249692
2751500 2496.92 249692
2751600 2496.92 249692
2751700 2496.92 249692
2751800 2496.92 249692
2751900 2496.92 249692
2752000 2496.92 249692
2752100 2496.92 249692
2752200 2496.92 249692
2752300 2496.92 249692
2752400 2496.92 249692
2752500 2496.92 249692
2752600 2496.92 249692
2752700 2496.92 249692
2752800 2496.92 249692
2752900 2496.92 249692
2753000 2496.92 249692
2753100 2496.92 249692
2753200 2496.92 249692
2753300 2496.92 249692
2753400 2496.92 249692
2753500 2496.92 249692
2753600 2496.92 249692
2753700 2496.92 249692
2753800 2496.92 249692
2753900 2496.92 249692
2754000 2496.92 249692
2754100 2496.92 249692
2754200 2496.92 249692
2754300 2496.92 249692
2754400 2496.92 249692
2754500 2496.92 249692
2754600 2496.92 249692
2754700 2496.92 249692
2754800 2496.92 249692
2754900 2496.92 249692
2755000 2496.92 249692
2755100 2496.92 249692
2755200 2496.92 249692
2755300 2496.92 249692
2755400 2496.92 249692
2755500 2496.92 249692
2755600 2496.92 249692
2755700 2496.92 249692
2755800 2496.92 249692
2755900 2496.92 249692
2756000 2496.92 249692
2756100 2496.92 249692
2756200 2496.92 249692
2756300 2496.92 249692
2756400 2496.92 249692
2756500 2496.92 249692
2756600 2496.92 249692
2756700 2496.92 249692
2756800 2496.92 249692
2756900 2496.92 249692
2757000 2496.92 249692
2757100 2496.92 249692
2757200 2496.92 249692
2757300 2496.92 249692
2757400 2496.92 249692
2757500 2496.92 249692
2757600 2496.92 249692
2757700 2496.92 249692
2757800 2496.92 249692
2757900 2496.92 249692
2758000 2496.92 249692
2758100 2496.92 249692
2758200 2496.92 249692
2758300 2496.92 249692
2758400 2496.92 249692
2758500 2496.92 249692
2758600 2496.92 249692
2758700 2496.92 249692
2758800 2496.92 249692
2758900 2496.92 249692
2759000 2496.92 249692
2759100 2496.92 249692
2759200 2496.92 249692
2759300 2496.92 249692
2759400 2496.92 249692
2759500 2496.92 249692
2759600 2496.92 249692
2759700 2496.92 249692
2759800 2496.92 249692
2759900 2496.92 249692
2760000 2496.92 249692
2760100 2496.92 249692
2760200 2496.92 249692
2760300 2496.92 249692
2760400 2496.92 249692
2760500 2496.92 249692
2760600 2496.92 249692
2760700 2496.92 249692
2760800 2496.92 249692
2760900 2496.92 249692
2761000 2496.92 249692
2761100 2496.92 249692
2761200 2496.92 249692
2761300 2496.92 249692
2761400 2496.92 249692
2761500 2496.92 249692
2761600 2496.92 249692
2761700 2496.92 249692
2761800 2496.92 249692
2761900 2496.92 249692
2762000 2496.92 249692
2762100 2496.92 249692
2762200 2496.92 249692
2762300 2496.92 249692
2762400 2496.92 249692
2762500 2496.92 249692
2762600 2496.92 249692
2762700 2496.92 249692
2762800 2496.92 249692
2762900 2496.92 249692
2763000 2496.92 249692
2763100 2496.92 249692
2763200 2496.92 249692
2763300 2496.92 249692
2763400 2496.92 249692
2763500 2496.92 249692
2763600 2496.92 249692
2763700 2496.92 249692
2763800 2496.92 249692
2763900 2496.92 249692
2764000 2496.92 249692
2764100 2496.92 249692
2764200 2496.92 249692
2764300 2496.92 249692
2764400 2496.92 249692
2764500 2496.92 249692
2764600 2496.92 249692
2764700 2496.92 249692
2764800 2496.92 249692
2764900 2496.92 249692
2765000 2496.92 249692
2765100 2496.92 249692
2765200 2496.92 249692
2765300 2496.92 249692
2765400 2496.92 249692
2765500 2496.92 249692
2765600 2496.92 249692
2765700 2496.92 249692
2765800 2496.92 249692
2765900 2496.92 249692
2766000 2496.92 249692
2766100 2496.92 249692
2766200 2496.92 249692
2766300 2496.92 249692
2766400 2496.92 249692
2766500 2496.92 249692
2766600 2496.92 249692
2766700 2496.92 249692
2766800 2496.92 249692
2766900 2496.92 249692
2767000 2496.92 249692
2767100 2496.92 249692
2767200 2496.92 249692
2767300 2496.92 249692
2767400 2496.92 249692
2767500 2496.92 249692
2767600 2496.92 249692
2767700 2496.92 249692
2767800 2496.92 249692
2767900 2496.92 249692
2768000 2496.92 249692
2768100 2496.92 249692
2768200 2496.92 249692
2768300 2496.92 249692
2768400 2496.92 249692
2768500 2496.92 249692
2768600 2496.92 249692
2768700 2496.92 249692
2768800 2496.92 249692
2768900 2496.92 249692
2769000 2496.92 249692
2769100 2496.92 249692
2769200 2496.92 249692
2769300 2496.92 249692
2769400 2496.92 249692
2769500 2496.92 249692
2769600 2496.92 249692
2769700 2496.92 249692
2769800 2496.92 249692
2769900 2496.92 249692
2770000 2496.92 249692
2770100 2496.92 249692
2770200 2496.92 249692
2770300 2496.92 249692
2770400 2496.92 249692
2770500 2496.92 249692
2770600 2496.92 249692
2770700 2496.92 249692
2770800 2496.92 249692
2770900 2496.92 249692
2771000 2496.92 249692
2771100 2496.92 249692
2771200 2496.92 249692
2771300 2496.92 249692
2771400 2496.92 249692
2771500 2496.92 249692
2771600 2496.92 249692
2771700 2496.92 249692
2771800 2496.92 249692
2771900 2496.92 249692
2772000 2496.92 249692
2772100 2496.92 249692
2772200 2496.92 249692
2772300 2496.92 249692
2772400 2496.92 249692
2772500 2496.92 249692
2772600 2496.92 249692
2772700 2496.92 249692
2772800 2496.92 249692
2772900 2496.92 249692
2773000 2496.92 249692
2773100 2496.92 249692
2773200 2496.92 249692
2773300 2496.92 249692
2773400 2496.92 249692
2773500 2496.92 249692
2773600 2496.92 249692
2773700 2496.92 249692
2773800 2496.92 249692
2773900 2496.92 249692
2774000 2496.92 249692
2774100 2496.92 249692
2774200 2496.92 249692
2774300 2496.92 249692
2774400 2496.92 249692
2774500 2496.92 249692
2774600 2496.92 249692
2774700 2496.92 249692
2774800 2496.92 249692
2774900 2496.92 249692
2775000 2496.92 249692
2775100 2496.92 249692
2775200 2496.92 249692
2775300 2496.92 249692
2775400 2496.92 249692
2775500 2496.92 249692
2775600 2496.92 249692
2775700 2496.92 249692
2775800 2496.92 249692
2775900 2496.92 249692
2776000 2496.92 249692
2776100 2496.92 249692
2776200 2496.92 249692
2776300 2496.92 249692
2776400 2496.92 249692
2776500 2496.92 249692
2776600 2496.92 249692
2776700 2496.92 249692
2776800 2496.92 249692
2776900 2496.92 249692
2777000 2496.92 249692
2777100 2496.92 249692
2777200 2496.92 249692
2777300 2496.92 249692
2777400 2496.92 249692
2777500 2496.92 249692
2777600 2496.92 249692
2777700 2496.92 249692
2777800 2496.92 249692
2777900 2496.92 249692
2778000 2496.92 249692
2778100 2496.92 249692
2778200 2496.92 249692
2778300 2496.92 249692
2778400 2496.92 249692
2778500 2496.92 249692
2778600 2496.92 249692
2778700 2496.92 249692
2778800 2496.92 249692
2778900 2496.92 249692
2779000 2496.92 249692
2779100 2496.92 249692
2779200 2496.92 249692
2779300 2496.92 249692
2779400 2496.92 249692
2779500 2496.92 249692
2779600 2496.92 249692
2779700 2496.92 249692
2779800 2496.92 249692
2779900 2496.92 249692
2780000 2496.92 249692
2780100 2496.92 249692
2780200 2496.92 249692
2780300 2496.92 249692
2780400 2496.92 249692
2780500 2496.92 249692
2780600 2496.92 249692
2780700 2496.92 249692
2780800 2496.92 249692
2780900 2496.92 249692
2781000 2496.92 249692
2781100 2496.92 249692
2781200 2496.92 249692
2781300 2496.92 249692
2781400 2496.92 249692
2781500 2496.92 249692
2781600 2496.92 249692
2781700 2496.92 249692
2781800 2496.92 249692
2781900 2496.92 249692
2782000 2496.92 249692
2782100 2496.92 249692
2782200 2496.92 249692
2782300 2496.92 249692
2782400 2496.92 249692
2782500 2496.92 249692
2782600 2496.92 249692
2782700 2496.92 249692
2782800 2496.92 249692
2782900 2496.92 249692
2783000 2496.92 249692
2783100 2496.92 249692
2783200 2496.92 249692
2783300 2496.92 249692
2783400 2496.92 249692
2783500 2496.92 249692
2783600 2496.92 249692
2783700 2496.92 249692
2783800 2496.92 249692
2783900 2496.92 249692
2784000 2496.92 249692
2784100 2496.92 249692
2784200 2496.92 249692
2784300 2496.92 249692
2784400 2496.92 249692
2784500 2496.92 249692
2784600 2496.92 249692
2784700 2496.92 249692
2784800 2496.92 249692
2784900 2496.92 249692
2785000 2496.92 249692
2785100 2496.92 249692
2785200 2496.92 249692
2785300 2496.92 249692
2785400 2496.92 249692
2785500 2496.92 249692
2785600 2496.92 249692
2785700 2496.92 249692
2785800 2496.92 249692
2785900 2496.92 249692
2786000 2496.92 249692
2786100 2496.92 249692
2786200 2496.92 249692
2786300 2496.92 249692
2786400 2496.92 249692
2786500 2496.92 249692
2786600 2496.92 249692
2786700 2496.92 249692
2786800 2496.92 249692
2786900 2496.92 249692
2787000 2496.92 249692
2787100 2496.92 249692
2787200 2496.92 249692
2787300 2496.92 249692
2787400 2496.92 249692
2787500 2496.92 249692
2787600 2496.92 249692
2787700 2496.92 249692
2787800 2496.92 249692
2787900 2496.92 249692
2788000 2496.92 249692
2788100 2496.92 249692
2788200 2496.92 249692
2788300 2496.92 249692
2788400 2496.92 249692
2788500 2496.92 249692
2788600 2496.92 249692
2788700 2496.92 249692
2788800 2496.92 249692
2788900 2496.92 249692
2789000 2496.92 249692
2789100 2496.92 249692
2789200 2496.92 249692
2789300 2496.92 249692
2789400 2496.92 249692
2789500 2496.92 249692
2789600 2496.92 249692
2789700 2496.92 249692
2789800 2496.92 249692
2789900 2496.92 249692
2790000 2496.92 249692
2790100 2496.92 249692
2790200 2496.92 249692
2790300 2496.92 249692
2790400 2496.92 249692
2790500 2496.92 249692
2790600 2496.92 249692
2790700 2496.92 249692
2790800 2496.92 249692
2790900 2496.92 249692
2791000 2496.92 249692
2791100 2496.92 249692
2791200 2496.92 249692
2791300 2496.92 249692
2791400 2496.92 249692
2791500 2496.92 249692
2791600 2496.92 249692
2791700 2496.92 249692
2791800 2496.92 249692
2791900 2496.92 249692
2792000 2496.92 249692
2792100 2496.92 249692
2792200 2496.92 249692
2792300 2496.92 249692
2792400 2496.92 249692
2792500 2496.92 249692
2792600 2496.92 249692
2792700 2496.92 249692
2792800 2496.92 249692
2792900 2496.92 249692
2793000 2496.92 249692
2793100 2496.92 249692
2793200 2496.92 249692
2793300 2496.92 249692
2793400 2496.92 249692
2793500 2496.92 249692
2793600 2496.92 249692
2793700 2496.92 249692
2793800 2496.92 249692
2793900 2496.92 249692
2794000 2496.92 249692
2794100 2496.92 249692
2794200 2496.92 249692
2794300 2496.92 249692
2794400 2496.92 249692
2794500 2496.92 249692
2794600 2496.92 249692
2794700 2496.92 249692
2794800 2496.92 249692
2794900 2496.92 249692
2795000 2496.92 249692
2795100 2496.92 249692
2795200 2496.92 249692
2795300 2496.92 249692
2795400 2496.92 249692
2795500 2496.92 249692
2795600 2496.92 249692
2795700 2496.92 249692
2795800 2496.92 249692
2795900 2496.92 249692
2796000 2496.92 249692
2796100 2496.92 249692
2796200 2496.92 249692
2796300 2496.92 249692
2796400 2496.92 249692
2796500 2496.92 249692
2796600 2496.92 249692
2796700 2496.92 249692
2796800 2496.92 249692
2796900 2496.92 249692
2797000 2496.92 249692
2797100 2496.92 249692
2797200 2496.92 249692
2797300 2496.92 249692
2797400 2496.92 249692
2797500 2496.92 249692
2797600 2496.92 249692
2797700 2496.92 249692
2797800 2496.92 249692
2797900 2496.92 249692
2798000 2496.92 249692
2798100 2496.92 249692
2798200 2496.92 249692
2798300 2496.92 249692
2798400 2496.92 249692
2798500 2496.92 249692
2798600 2496.92 249692
2798700 2496.92 249692
2798800 2496.92 249692
2798900 2496.92 249692
2799000 2496.92 249692
2799100 2496.92 249692
2799200 2496.92 249692
2799300 2496.92 249692
2799400 2496.92 249692
2799500 2496.92 249692
2799600 2496.92 249692
2799700 2496.92 249692
2799800 2496.92 249692
2799900 2496.92 249692
2800000 2496.92 249692
2800100 2496.92 249692
2800200 2496.92 249692
2800300 2496.92 249692
2800400 2496.92 249692
2800500 2496.92 249692
2800600 2496.92 249692
2800700 2496.92 249692
2800800 2496.92 249692
2800900 2496.92 249692
2801000 2496.92 249692
2801100 2496.92 249692
2801200 2496.92 249692
2801300 2496.92 249692
2801400 2496.92 249692
2801500 2496.92 249692
2801600 2496.92 249692
2801700 2496.92 249692
2801800 2496.92 249692
2801900 2496.92 249692
2802000 2496.92 249692
2802100 2496.92 249692
2802200 2496.92 249692
2802300 2496.92 249692
2802400 2496.92 249692
2802500 2496.92 249692
2802600 2496.92 249692
2802700 2496.92 249692
2802800 2496.92 249692
2802900 2496.92 249692
2803000 2496.92 249692
2803100 2496.92 249692
2803200 2496.92 249692
2803300 2496.92 249692
2803400 2496.92 249692
2803500 2496.92 249692
2803600 2496.92 249692
2803700 2496.92 249692
2803800 2496.92 249692
2803900 2496.92 249692
2804000 2496.92 249692
2804100 2496.92 249692
2804200 2496.92 249692
2804300 2496.92 249692
2804400 2496.92 249692
2804500 2496.92 249692
2804600 2496.92 249692
2804700 2496.92 249692
2804800 2496.92 249692
2804900 2496.92 249692
2805000 2496.92 249692
2805100 2496.92 249692
2805200 2496.92 249692
2805300 2496.92 249692
2805400 2496.92 249692
2805500 2496.92 249692
2805600 2496.92 249692
2805700 2496.92 249692
2805800 2496.92 249692
2805900 2496.92 249692
2806000 2496.92 249692
2806100 2496.92 249692
2806200 2496.92 249692
2806300 2496.92 249692
2806400 2496.92 249692
2806500 2496.92 249692
2806600 2496.92 249692
2806700 2496.92 249692
2806800 2496.92 249692
2806900 2496.92 249692
2807000 2496.92 249692
2807100 2496.92 249692
2807200 2496.92 249692
2807300 2496.92 249692
2807400 2496.92 249692
2807500 2496.92 249692
2807600 2496.92 249692
2807700 2496.92 249692
2807800 2496.92 249692
2807900 2496.92 249692
2808000 2496.92 249692
2808100 2496.92 249692
2808200 2496.92 249692
2808300 2496.92 249692
2808400 2496.92 249692
2808500 2496.92 249692
2808600 2496.92 249692
2808700 2496.92 249692
2808800 2496.92 249692
2808900 2496.92 249692
2809000 2496.92 249692
2809100 2496.92 249692
2809200 2496.92 249692
2809300 2496.92 249692
2809400 2496.92 249692
2809500 2496.92 249692
2809600 2496.92 249692
2809700 2496.92 249692
2809800 2496.92 249692
2809900 2496.92 249692
2810000 2496.92 249692
2810100 2496.92 249692
2810200 2496.92 249692
2810300 2496.92 249692
2810400 2496.92 249692
2810500 2496.92 249692
2810600 2496.92 249692
2810700 2496.92 249692
2810800 2496.92 249692
2810900 2496.92 249692
2811000 2496.92 249692
2811100 2496.92 249692
2811200 2496.92 249692
2811300 2496.92 249692
2811400 2496.92 249692
2811500 2496.92 249692
2811600 2496.92 249692
2811700 2496.92 249692
2811800 2496.92 249692
2811900 2496.92 249692
2812000 2496.92 249692
2812100 2496.92 249692
2812200 2496.92 249692
2812300 2496.92 249692
2812400 2496.92 249692
2812500 2496.92 249692
2812600 2496.92 249692
2812700 2496.92 249692
2812800 2496.92 249692
2812900 2496.92 249692
2813000 2496.92 249692
2813100 2496.92 249692
2813200 2496.92 249692
2813300 2496.92 249692
2813400 2496.92 249692
2813500 2496.92 249692
2813600 2496.92 249692
2813700 2496.92 249692
2813800 2496.92 249692
2813900 2496.92 249692
2814000 2496.92 249692
2814100 2496.92 249692
2814200 2496.92 249692
2814300 2496.92 249692
2814400 2496.92 249692
2814500 2496.92 249692
2814600 2496.92 249692
2814700 2496.92 249692
2814800 2496.92 249692
2814900 2496.92 249692
2815000 2496.92 249692
2815100 2496.92 249692
2815200 2496.92 249692
2815300 2496.92 249692
2815400 2496.92 249692
2815500 2496.92 249692
2815600 2496.92 249692
2815700 2496.92 249692
2815800 2496.92 249692
2815900 2496.92 249692
2816000 2496.92 249692
2816100 2496.92 249692
2816200 2496.92 249692
2816300 2496.92 249692
2816400 2496.92 249692
2816500 2496.92 249692
2816600 2496.92 249692
2816700 2496.92 249692
2816800 2496.92 249692
2816900 2496.92 249692
2817000 2496.92 249692
2817100 2496.92 249692
2817200 2496.92 249692
2817300 2496.92 249692
2817400 2496.92 249692
2817500 2496.92 249692
2817600 2496.92 249692
2817700 2496.92 249692
2817800 2496.92 249692
2817900 2496.92 249692
2818000 2496.92 249692
2818100 2496.92 249692
2818200 2496.92 249692
2818300 2496.92 249692
2818400 2496.92 249692
2818500 2496.92 249692
2818600 2496.92 249692
2818700 2496.92 249692
2818800 2496.92 249692
2818900 2496.92 249692
2819000 2496.92 249692
2819100 2496.92 249692
2819200 2496.92 249692
2819300 2496.92 249692
2819400 2496.92 249692
2819500 2496.92 249692
2819600 2496.92 249692
2819700 2496.92 249692
2819800 2496.92 249692
2819900 2496.92 249692
2820000 2496.92 249692
2820100 2496.92 249692
2820200 2496.92 249692
2820300 2496.92 249692
2820400 2496.92 249692
2820500 2496.92 249692
2820600 2496.92 249692
2820700 2496.92 249692
2820800 2496.92 249692
2820900 2496.92 249692
2821000 2496.92 249692
2821100 2496.92 249692
2821200 2496.92 249692
2821300 2496.92 249692
2821400 2496.92 249692
2821500 2496.92 249692
2821600 2496.92 249692
2821700 2496.92 249692
2821800 2496.92 249692
2821900 2496.92 249692
2822000 2496.92 249692
2822100 2496.92 249692
2822200 2496.92 249692
2822300 2496.92 249692
2822400 2496.92 249692
2822500 2496.92 249692
2822600 2496.92 249692
2822700 2496.92 249692
2822800 2496.92 249692
2822900 2496.92 249692
2823000 2496.92 249692
2823100 2496.92 249692
2823200 2496.92 249692
2823300 2496.92 249692
2823400 2496.92 249692
2823500 2496.92 249692
2823600 2496.92 249692
2823700 2496.92 249692
2823800 2496.92 249692
2823900 2496.92 249692
2824000 2496.92 249692
2824100 2496.92 249692
2824200 2496.92 249692
2824300 2496.92 249692
2824400 2496.92 249692
2824500 2496.92 249692
2824600 2496.92 249692
2824700 2496.92 249692
2824800 2496.92 249692
2824900 2496.92 249692
2825000 2496.92 249692
2825100 2496.92 249692
2825200 2496.92 249692
2825300 2496.92 249692
2825400 2496.92 249692
2825500 2496.92 249692
2825600 2496.92 249692
2825700 2496.92 249692
2825800 2496.92 249692
2825900 2496.92 249692
2826000 2496.92 249692
2826100 2496.92 249692
2826200 2496.92 249692
2826300 2496.92 249692
2826400 2496.92 249692
2826500 2496.92 249692
2826600 2496.92 249692
2826700 2496.92 249692
2826800 2496.92 249692
2826900 2496.92 249692
2827000 2496.92 249692
2827100 2496.92 249692
2827200 2496.92 249692
2827300 2496.92 249692
2827400 2496.92 249692
2827500 2496.92 249692
2827600 2496.92 249692
2827700 2496.92 249692
2827800 2496.92 249692
2827900 2496.92 249692
2828000 2496.92 249692
2828100 2496.92 249692
2828200 2496.92 249692
2828300 2496.92 249692
2828400 2496.92 249692
2828500 2496.92 249692
2828600 2496.92 249692
2828700 2496.92 249692
2828800 2496.92 249692
2828900 2496.92 249692
2829000 2496.92 249692
2829100 2496.92 249692
2829200 2496.92 249692
2829300 2496.92 249692
2829400 2496.92 249692
2829500 2496.92 249692
2829600 2496.92 249692
2829700 2496.92 249692
2829800 2496.92 249692
2829900 2496.92 249692
2830000 2496.92 249692
2830100 2496.92 249692
2830200 2496.92 249692
2830300 2496.92 249692
2830400 2496.92 249692
2830500 2496.92 249692
2830600 2496.92 249692
2830700 2496.92 249692
2830800 2496.92 249692
2830900 2496.92 249692
2831000 2496.92 249692
2831100 2496.92 249692
2831200 2496.92 249692
2831300 2496.92 249692
2831400 2496.92 249692
2831500 2496.92 249692
2831600 2496.92 249692
2831700 2496.92 249692
2831800 2496.92 249692
2831900 2496.92 249692
2832000 2496.92 249692
2832100 2496.92 249692
2832200 2496.92 249692
2832300 2496.92 249692
2832400 2496.92 249692
2832500 2496.92 249692
2832600 2496.92 249692
2832700 2496.92 249692
2832800 2496.92 249692
2832900 2496.92 249692
2833000 2496.92 249692
2833100 2496.92 249692
2833200 2496.92 249692
2833300 2496.92 249692
2833400 2496.92 249692
2833500 2496.92 249692
2833600 2496.92 249692
2833700 2496.92 249692
2833800 2496.92 249692
2833900 2496.92 249692
2834000 2496.92 249692
2834100 2496.92 249692
2834200 2496.92 249692
2834300 2496.92 249692
2834400 2496.92 249692
2834500 2496.92 249692
2834600 2496.92 249692
2834700 2496.92 249692
2834800 2496.92 249692
2834900 2496.92 249692
2835000 2496.92 249692
2835100 2496.92 249692
2835200 2496.92 249692
2835300 2496.92 249692
2835400 2496.92 249692
2835500 2496.92 249692
2835600 2496.92 249692
2835700 2496.92 249692
2835800 2496.92 249692
2835900 2496.92 249692
2836000 2496.92 249692
2836100 2496.92 249692
2836200 2496.92 249692
2836300 2496.92 249692
2836400 2496.92 249692
2836500 2496.92 249692
2836600 2496.92 249692
2836700 2496.92 249692
2836800 2496.92 249692
2836900 2496.92 249692
2837000 2496.92 249692
2837100 2496.92 249692
2837200 2496.92 249692
2837300 2496.92 249692
2837400 2496.92 249692
2837500 2496.92 249692
2837600 2496.92 249692
2837700 2496.92 249692
2837800 2496.92 249692
2837900 2496.92 249692
2838000 2496.92 249692
2838100 2496.92 249692
2838200 2496.92 249692
2838300 2496.92 249692
2838400 2496.92 249692
2838500 2496.92 249692
2838600 2496.92 249692
2838700 2496.92 249692
2838800 2496.92 249692
2838900 2496.92 249692
2839000 2496.92 249692
2839100 2496.92 249692
2839200 2496.92 249692
2839300 2496.92 249692
2839400 2496.92 249692
2839500 2496.92 249692
2839600 2496.92 249692
2839700 2496.92 249692
2839800 2496.92 249692
2839900 2496.92 249692
2840000 2496.92 249692
2840100 2496.92 249692
2840200 2496.92 249692
2840300 2496.92 249692
2840400 2496.92 249692
2840500 2496.92 249692
2840600 2496.92 249692
2840700 2496.92 249692
2840800 2496.92 249692
2840900 2496.92 249692
2841000 2496.92 249692
2841100 2496.92 249692
2841200 2496.92 249692
2841300 2496.92 249692
2841400 2496.92 249692
2841500 2496.92 249692
2841600 2496.92 249692
2841700 2496.92 249692
2841800 2496.92 249692
2841900 2496.92 249692
2842000 2496.92 249692
2842100 2496.92 249692
2842200 2496.92 249692
2842300 2496.92 249692
2842400 2496.92 249692
2842500 2496.92 249692
2842600 2496.92 249692
2842700 2496.92 249692
2842800 2496.92 249692
2842900 2496.92 249692
2843000 2496.92 249692
2843100 2496.92 249692
2843200 2496.92 249692
2843300 2496.92 249692
2843400 2496.92 249692
2843500 2496.92 249692
2843600 2496.92 249692
2843700 2496.92 249692
2843800 2496.92 249692
2843900 2496.92 249692
2844000 2496.92 249692
2844100 2496.92 249692
2844200 2496.92 249692
2844300 2496.92 249692
2844400 2496.92 249692
2844500 2496.92 249692
2844600 2496.92 249692
2844700 2496.92 249692
2844800 2496.92 249692
2844900 2496.92 249692
2845000 2496.92 249692
2845100 2496.92 249692
2845200 2496.92 249692
2845300 2496.92 249692
2845400 2496.92 249692
2845500 2496.92 249692
2845600 2496.92 249692
2845700 2496.92 249692
2845800 2496.92 249692
2845900 2496.92 249692
2846000 2496.92 249692
2846100 2496.92 249692
2846200 2496.92 249692
2846300 2496.92 249692
2846400 2496.92 249692
2846500 2496.92 249692
2846600 2496.92 249692
2846700 2496.92 249692
2846800 2496.92 249692
2846900 2496.92 249692
2847000 2496.92 249692
2847100 2496.92 249692
2847200 2496.92 249692
2847300 2496.92 249692
2847400 2496.92 249692
2847500 2496.92 249692
2847600 2496.92 249692
2847700 2496.92 249692
2847800 2496.92 249692
2847900 2496.92 249692
2848000 2496.92 249692
2848100 2496.92 249692
2848200 2496.92 249692
2848300 2496.92 249692
2848400 2496.92 249692
2848500 2496.92 249692
2848600 2496.92 249692
2848700 2496.92 249692
2848800 2496.92 249692
2848900 2496.92 249692
2849000 2496.92 249692
2849100 2496.92 249692
2849200 2496.92 249692
2849300 2496.92 249692
2849400 2496.92 249692
2849500 2496.92 249692
2849600 2496.92 249692
2849700 2496.92 249692
2849800 2496.92 249692
2849900 2496.92 249692
2850000 2496.92 249692
2850100 2496.92 249692
2850200 2496.92 249692
2850300 2496.92 249692
2850400 2496.92 249692
2850500 2496.92 249692
2850600 2496.92 249692
2850700 2496.92 249692
2850800 2496.92 249692
2850900 2496.92 249692
2851000 2496.92 249692
2851100 2496.92 249692
2851200 2496.92 249692
2851300 2496.92 249692
2851400 2496.92 249692
2851500 2496.92 249692
2851600 2496.92 249692
2851700 2496.92 249692
2851800 2496.92 249692
2851900 2496.92 249692
2852000 2496.92 249692
2852100 2496.92 249692
2852200 2496.92 249692
2852300 2496.92 249692
2852400 2496.92 249692
2852500 2496.92 249692
2852600 2496.92 249692
2852700 2496.92 249692
2852800 2496.92 249692
2852900 2496.92 249692
2853000 2496.92 249692
2853100 2496.92 249692
2853200 2496.92 249692
2853300 2496.92 249692
2853400 2496.92 249692
2853500 2496.92 249692
2853600 2496.92 249692
2853700 2496.92 249692
2853800 2496.92 249692
2853900 2496.92 249692
2854000 2496.92 249692
2854100 2496.92 249692
2854200 2496.92 249692
2854300 2496.92 249692
2854400 2496.92 249692
2854500 2496.92 249692
2854600 2496.92 249692
2854700 2496.92 249692
2854800 2496.92 249692
2854900 2496.92 249692
2855000 2496.92 249692
2855100 2496.92 249692
2855200 2496.92 249692
2855300 2496.92 249692
2855400 2496.92 249692
2855500 2496.92 249692
2855600 2496.92 249692
2855700 2496.92 249692
2855800 2496.92 249692
2855900 2496.92 249692
2856000 2496.92 249692
2856100 2496.92 249692
2856200 2496.92 249692
2856300 2496.92 249692
2856400 2496.92 249692
2856500 2496.92 249692
2856600 2496.92 249692
2856700 2496.92 249692
2856800 2496.92 249692
2856900 2496.92 249692
2857000 2496.92 249692
2857100 2496.92 249692
2857200 2496.92 249692
2857300 2496.92 249692
2857400 2496.92 249692
2857500 2496.92 249692
2857600 2496.92 249692
2857700 2496.92 249692
2857800 2496.92 249692
2857900 2496.92 249692
2858000 2496.92 249692
2858100 2496.92 249692
2858200 2496.92 249692
2858300 2496.92 249692
2858400 2496.92 249692
2858500 2496.92 249692
2858600 2496.92 249692
2858700 2496.92 249692
2858800 2496.92 249692
2858900 2496.92 249692
2859000 2496.92 249692
2859100 2496.92 249692
2859200 2496.92 249692
2859300 2496.92 249692
2859400 2496.92 249692
2859500 2496.92 249692
2859600 2496.92 249692
2859700 2496.92 249692
2859800 2496.92 249692
2859900 2496.92 249692
2860000 2496.92 249692
2860100 2496.92 249692
2860200 2496.92 249692
2860300 2496.92 249692
2860400 2496.92 249692
2860500 2496.92 249692
2860600 2496.92 249692
2860700 2496.92 249692
2860800 2496.92 249692
2860900 2496.92 249692
2861000 2496.92 249692
2861100 2496.92 249692
2861200 2496.92 249692
2861300 2496.92 249692
2861400 2496.92 249692
2861500 2496.92 249692
2861600 2496.92 249692
2861700 2496.92 249692
2861800 2496.92 249692
2861900 2496.92 249692
2862000 2496.92 249692
2862100 2496.92 249692
2862200 2496.92 249692
2862300 2496.92 249692
2862400 2496.92 249692
2862500 2496.92 249692
2862600 2496.92 249692
2862700 2496.92 249692
2862800 2496.92 249692
2862900 2496.92 249692
2863000 2496.92 249692
2863100 2496.92 249692
2863200 2496.92 249692
2863300 2496.92 249692
2863400 2496.92 249692
2863500 2496.92 249692
2863600 2496.92 249692
2863700 2496.92 249692
2863800 2496.92 249692
2863900 2496.92 249692
2864000 2496.92 249692
2864100 2496.92 249692
2864200 2496.92 249692
2864300 2496.92 249692
2864400 2496.92 249692
2864500 2496.92 249692
2864600 2496.92 249692
2864700 2496.92 249692
2864800 2496.92 249692
2864900 2496.92 249692
2865000 2496.92 249692
2865100 2496.92 249692
2865200 2496.92 249692
2865300 2496.92 249692
2865400 2496.92 249692
2865500 2496.92 249692
2865600 2496.92 249692
2865700 2496.92 249692
2865800 2496.92 249692
2865900 2496.92 249692
2866000 2496.92 249692
2866100 2496.92 249692
2866200 2496.92 249692
2866300 2496.92 249692
2866400 2496.92 249692
2866500 2496.92 249692
2866600 2496.92 249692
2866700 2496.92 249692
2866800 2496.92 249692
2866900 2496.92 249692
2867000 2496.92 249692
2867100 2496.92 249692
2867200 2496.92 249692
2867300 2496.92 249692
2867400 2496.92 249692
2867500 2496.92 249692
2867600 2496.92 249692
2867700 2496.92 249692
2867800 2496.92 249692
2867900 2496.92 249692
2868000 2496.92 249692
2868100 2496.92 249692
2868200 2496.92 249692
2868300 2496.92 249692
2868400 2496.92 249692
2868500 2496.92 249692
2868600 2496.92 249692
2868700 2496.92 249692
2868800 2496.92 249692
2868900 2496.92 249692
2869000 2496.92 249692
2869100 2496.92 249692
2869200 2496.92 249692
2869300 2496.92 249692
2869400 2496.92 249692
2869500 2496.92 249692
2869600 2496.92 249692
2869700 2496.92 249692
2869800 2496.92 249692
2869900 2496.92 249692
2870000 2496.92 249692
2870100 2496.92 249692
2870200 2496.92 249692
2870300 2496.92 249692
2870400 2496.92 249692
2870500 2496.92 249692
2870600 2496.92 249692
2870700 2496.92 249692
2870800 2496.92 249692
2870900 2496.92 249692
2871000 2496.92 249692
2871100 2496.92 249692
2871200 2496.92 249692
2871300 2496.92 249692
2871400 2496.92 249692
2871500 2496.92 249692
2871600 2496.92 249692
2871700 2496.92 249692
2871800 2496.92 249692
2871900 2496.92 249692
2872000 2496.92 249692
2872100 2496.92 249692
2872200 2496.92 249692
2872300 2496.92 249692
2872400 2496.92 249692
2872500 2496.92 249692
2872600 2496.92 249692
2872700 2496.92 249692
2872800 2496.92 249692
2872900 2496.92 249692
2873000 2496.92 249692
2873100 2496.92 249692
2873200 2496.92 249692
2873300 2496.92 249692
2873400 2496.92 249692
2873500 2496.92 249692
2873600 2496.92 249692
2873700 2496.92 249692
2873800 2496.92 249692
2873900 2496.92 249692
2874000 2496.92 249692
2874100 2496.92 249692
2874200 2496.92 249692
2874300 2496.92 249692
2874400 2496.92 249692
2874500 2496.92 249692
2874600 2496.92 249692
2874700 2496.92 249692
2874800 2496.92 249692
2874900 2496.92 249692
2875000 2496.92 249692
2875100 2496.92 249692
2875200 2496.92 249692
2875300 2496.92 249692
2875400 2496.92 249692
2875500 2496.92 249692
2875600 2496.92 249692
2875700 2496.92 249692
2875800 2496.92 249692
2875900 2496.92 249692
2876000 2496.92 249692
2876100 2496.92 249692
2876200 2496.92 249692
2876300 2496.92 249692
2876400 2496.92 249692
2876500 2496.92 249692
2876600 2496.92 249692
2876700 2496.92 249692
2876800 2496.92 249692
2876900 2496.92 249692
2877000 2496.92 249692
2877100 2496.92 249692
2877200 2496.92 249692
2877300 2496.92 249692
2877400 2496.92 249692
2877500 2496.92 249692
2877600 2496.92 249692
2877700 2496.92 249692
2877800 2496.92 249692
2877900 2496.92 249692
2878000 2496.92 249692
2878100 2496.92 249692
2878200 2496.92 249692
2878300 2496.92 249692
2878400 2496.92 249692
2878500 2496.92 249692
2878600 2496.92 249692
2878700 2496.92 249692
2878800 2496.92 249692
2878900 2496.92 249692
2879000 2496.92 249692
2879100 2496.92 249692
2879200 2496.92 249692
2879300 2496.92 249692
2879400 2496.92 249692
2879500 2496.92 249692
2879600 2496.92 249692
2879700 2496.92 249692
2879800 2496.92 249692
2879900 2496.92 249692
2880000 2496.92 249692
2880100 2496.92 249692
2880200 2496.92 249692
2880300 2496.92 249692
2880400 2496.92 249692
2880500 2496.92 249692
2880600 2496.92 249692
2880700 2496.92 249692
2880800 2496.92 249692
2880900 2496.92 249692
2881000 2496.92 249692
2881100 2496.92 249692
2881200 2496.92 249692
2881300 2496.92 249692
2881400 2496.92 249692
2881500 2496.92 249692
2881600 2496.92 249692
2881700 2496.92 249692
2881800 2496.92 249692
2881900 2496.92 249692
2882000 2496.92 249692
2882100 2496.92 249692
2882200 2496.92 249692
2882300 2496.92 249692
2882400 2496.92 249692
2882500 2496.92 249692
2882600 2496.92 249692
2882700 2496.92 249692
2882800 2496.92 249692
2882900 2496.92 249692
2883000 2496.92 249692
2883100 2496.92 249692
2883200 2496.92 249692
2883300 2496.92 249692
2883400 2496.92 249692
2883500 2496.92 249692
2883600 2496.92 249692
2883700 2496.92 249692
2883800 2496.92 249692
2883900 2496.92 249692
2884000 2496.92 249692
2884100 2496.92 249692
2884200 2496.92 249692
2884300 2496.92 249692
2884400 2496.92 249692
2884500 2496.92 249692
2884600 2496.92 249692
2884700 2496.92 249692
2884800 2496.92 249692
2884900 2496.92 249692
2885000 2496.92 249692
2885100 2496.92 249692
2885200 2496.92 249692
2885300 2496.92 249692
2885400 2496.92 249692
2885500 2496.92 249692
2885600 2496.92 249692
2885700 2496.92 249692
2885800 2496.92 249692
2885900 2496.92 249692
2886000 2496.92 249692
2886100 2496.92 249692
2886200 2496.92 249692
2886300 2496.92 249692
2886400 2496.92 249692
2886500 2496.92 249692
2886600 2496.92 249692
2886700 2496.92 249692
2886800 2496.92 249692
2886900 2496.92 249692
2887000 2496.92 249692
2887100 2496.92 249692
2887200 2496.92 249692
2887300 2496.92 249692
2887400 2496.92 249692
2887500 2496.92 249692
2887600 2496.92 249692
2887700 2496.92 249692
2887800 2496.92 249692
2887900 2496.92 249692
2888000 2496.92 249692
2888100 2496.92 249692
2888200 2496.92 249692
2888300 2496.92 249692
2888400 2496.92 249692
2888500 2496.92 249692
2888600 2496.92 249692
2888700 2496.92 249692
2888800 2496.92 249692
2888900 2496.92 249692
2889000 2496.92 249692
2889100 2496.92 249692
2889200 2496.92 249692
2889300 2496.92 249692
2889400 2496.92 249692
2889500 2496.92 249692
2889600 2496.92 249692
2889700 2496.92 249692
2889800 2496.92 249692
2889900 2496.92 249692
2890000 2496.92 249692
2890100 2496.92 249692
2890200 2496.92 249692
2890300 2496.92 249692
2890400 2496.92 249692
2890500 2496.92 249692
2890600 2496.92 249692
2890700 2496.92 249692
2890800 2496.92 249692
2890900 2496.92 249692
2891000 2496.92 249692
2891100 2496.92 249692
2891200 2496.92 249692
2891300 2496.92 249692
2891400 2496.92 249692
2891500 2496.92 249692
2891600 2496.92 249692
2891700 2496.92 249692
2891800 2496.92 249692
2891900 2496.92 249692
2892000 2496.92 249692
2892100 2496.92 249692
2892200 2496.92 249692
2892300 2496.92 249692
2892400 2496.92 249692
2892500 2496.92 249692
2892600 2496.92 249692
2892700 2496.92 249692
2892800 2496.92 249692
2892900 2496.92 249692
2893000 2496.92 249692
2893100 2496.92 249692
2893200 2496.92 249692
2893300 2496.92 249692
2893400 2496.92 249692
2893500 2496.92 249692
2893600 2496.92 249692
2893700 2496.92 249692
2893800 2496.92 249692
2893900 2496.92 249692
2894000 2496.92 249692
2894100 2496.92 249692
2894200 2496.92 249692
2894300 2496.92 249692
2894400 2496.92 249692
2894500 2496.92 249692
2894600 2496.92 249692
2894700 2496.92 249692
2894800 2496.92 249692
2894900 2496.92 249692
2895000 2496.92 249692
2895100 2496.92 249692
2895200 2496.92 249692
2895300 2496.92 249692
2895400 2496.92 249692
2895500 2496.92 249692
2895600 2496.92 249692
2895700 2496.92 249692
2895800 2496.92 249692
2895900 2496.92 249692
2896000 2496.92 249692
2896100 2496.92 249692
2896200 2496.92 249692
2896300 2496.92 249692
2896400 2496.92 249692
2896500 2496.92 249692
2896600 2496.92 249692
2896700 2496.92 249692
2896800 2496.92 249692
2896900 2496.92 249692
2897000 2496.92 249692
2897100 2496.92 249692
2897200 2496.92 249692
2897300 2496.92 249692
2897400 2496.92 249692
2897500 2496.92 249692
2897600 2496.92 249692
2897700 2496.92 249692
2897800 2496.92 249692
2897900 2496.92 249692
2898000 2496.92 249692
2898100 2496.92 249692
2898200 2496.92 249692
2898300 2496.92 249692
2898400 2496.92 249692
2898500 2496.92 249692
2898600 2496.92 249692
2898700 2496.92 249692
2898800 2496.92 249692
2898900 2496.92 249692
2899000 2496.92 249692
2899100 2496.92 249692
2899200 2496.92 249692
2899300 2496.92 249692
2899400 2496.92 249692
2899500 2496.92 249692
2899600 2496.92 249692
2899700 2496.92 249692
2899800 2496.92 249692
2899900 2496.92 249692
2900000 2496.92 249692
2900100 2496.92 249692
2900200 2496.92 249692
2900300 2496.92 249692
2900400 2496.92 249692
2900500 2496.92 249692
2900600 2496.92 249692
2900700 2496.92 249692
2900800 2496.92 249692
2900900 2496.92 249692
2901000 2496.92 249692
2901100 2496.92 249692
2901200 2496.92 249692
2901300 2496.92 249692
2901400 2496.92 249692
2901500 2496.92 249692
2901600 2496.92 249692
2901700 2496.92 249692
2901800 2496.92 249692
2901900 2496.92 249692
2902000 2496.92 249692
2902100 2496.92 249692
2902200 2496.92 249692
2902300 2496.92 249692
2902400 2496.92 249692
2902500 2496.92 249692
2902600 2496.92 249692
2902700 2496.92 249692
2902800 2496.92 249692
2902900 2496.92 249692
2903000 2496.92 249692
2903100 2496.92 249692
2903200 2496.92 249692
2903300 2496.92 249692
2903400 2496.92 249692
2903500 2496.92 249692
2903600 2496.92 249692
2903700 2496.92 249692
2903800 2496.92 249692
2903900 2496.92 249692
2904000 2496.92 249692
2904100 2496.92 249692
2904200 2496.92 249692
2904300 2496.92 249692
2904400 2496.92 249692
2904500 2496.92 249692
2904600 2496.92 249692
2904700 2496.92 249692
2904800 2496.92 249692
2904900 2496.92 249692
2905000 2496.92 249692
2905100 2496.92 249692
2905200 2496.92 249692
2905300 2496.92 249692
2905400 2496.92 249692
2905500 2496.92 249692
2905600 2496.92 249692
2905700 2496.92 249692
2905800 2496.92 249692
2905900 2496.92 249692
2906000 2496.92 249692
2906100 2496.92 249692
2906200 2496.92 249692
2906300 2496.92 249692
2906400 2496.92 249692
2906500 2496.92 249692
2906600 2496.92 249692
2906700 2496.92 249692
2906800 2496.92 249692
2906900 2496.92 249692
2907000 2496.92 249692
2907100 2496.92 249692
2907200 2496.92 249692
2907300 2496.92 249692
2907400 2496.92 249692
2907500 2496.92 249692
2907600 2496.92 249692
2907700 2496.92 249692
2907800 2496.92 249692
2907900 2496.92 249692
2908000 2496.92 249692
2908100 2496.92 249692
2908200 2496.92 249692
2908300 2496.92 249692
2908400 2496.92 249692
2908500 2496.92 249692
2908600 2496.92 249692
2908700 2496.92 249692
2908800 2496.92 249692
2908900 2496.92 249692
2909000 2496.92 249692
2909100 2496.92 249692
2909200 2496.92 249692
2909300 2496.92 249692
2909400 2496.92 249692
2909500 2496.92 249692
2909600 2496.92 249692
2909700 2496.92 249692
2909800 2496.92 249692
2909900 2496.92 249692
2910000 2496.92 249692
2910100 2496.92 249692
2910200 2496.92 249692
2910300 2496.92 249692
2910400 2496.92 249692
2910500 2496.92 249692
2910600 2496.92 249692
2910700 2496.92 249692
2910800 2496.92 249692
2910900 2496.92 249692
2911000 2496.92 249692
2911100 2496.92 249692
2911200 2496.92 249692
2911300 2496.92 249692
2911400 2496.92 249692
2911500 2496.92 249692
2911600 2496.92 249692
2911700 2496.92 249692
2911800 2496.92 249692
2911900 2496.92 249692
2912000 2496.92 249692
2912100 2496.92 249692
2912200 2496.92 249692
2912300 2496.92 249692
2912400 2496.92 249692
2912500 2496.92 249692
2912600 2496.92 249692
2912700 2496.92 249692
2912800 2496.92 249692
2912900 2496.92 249692
2913000 2496.92 249692
2913100 2496.92 249692
2913200 2496.92 249692
2913300 2496.92 249692
2913400 2496.92 249692
2913500 2496.92 249692
2913600 2496.92 249692
2913700 2496.92 249692
2913800 2496.92 249692
2913900 2496.92 249692
2914000 2496.92 249692
2914100 2496.92 249692
2914200 2496.92 249692
2914300 2496.92 249692
2914400 2496.92 249692
2914500 2496.92 249692
2914600 2496.92 249692
2914700 2496.92 249692
2914800 2496.92 249692
2914900 2496.92 249692
2915000 2496.92 249692
2915100 2496.92 249692
2915200 2496.92 249692
2915300 2496.92 249692
2915400 2496.92 249692
2915500 2496.92 249692
2915600 2496.92 249692
2915700 2496.92 249692
2915800 2496.92 249692
2915900 2496.92 249692
2916000 2496.92 249692
2916100 2496.92 249692
2916200 2496.92 249692
2916300 2496.92 249692
2916400 2496.92 249692
2916500 2496.92 249692
2916600 2496.92 249692
2916700 2496.92 249692
2916800 2496.92 249692
2916900 2496.92 249692
2917000 2496.92 249692
2917100 2496.92 249692
2917200 2496.92 249692
2917300 2496.92 249692
2917400 2496.92 249692
2917500 2496.92 249692
2917600 2496.92 249692
2917700 2496.92 249692
2917800 2496.92 249692
2917900 2496.92 249692
2918000 2496.92 249692
2918100 2496.92 249692
2918200 2496.92 249692
2918300 2496.92 249692
2918400 2496.92 249692
2918500 2496.92 249692
2918600 2496.92 249692
2918700 2496.92 249692
2918800 2496.92 249692
2918900 2496.92 249692
2919000 2496.92 249692
2919100 2496.92 249692
2919200 2496.92 249692
2919300 2496.92 249692
2919400 2496.92 249692
2919500 2496.92 249692
2919600 2496.92 249692
2919700 2496.92 249692
2919800 2496.92 249692
2919900 2496.92 249692
2920000 2496.92 249692
2920100 2496.92 249692
2920200 2496.92 249692
2920300 2496.92 249692
2920400 2496.92 249692
2920500 2496.92 249692
2920600 2496.92 249692
2920700 2496.92 249692
2920800 2496.92 249692
2920900 2496.92 249692
2921000 2496.92 249692
2921100 2496.92 249692
2921200 2496.92 249692
2921300 2496.92 249692
2921400 2496.92 249692
2921500 2496.92 249692
2921600 2496.92 249692
2921700 2496.92 249692
2921800 2496.92 249692
2921900 2496.92 249692
2922000 2496.92 249692
2922100 2496.92 249692
2922200 2496.92 249692
2922300 2496.92 249692
2922400 2496.92 249692
2922500 2496.92 249692
2922600 2496.92 249692
2922700 2496.92 249692
2922800 2496.92 249692
2922900 2496.92 249692
2923000 2496.92 249692
2923100 2496.92 249692
2923200 2496.92 249692
2923300 2496.92 249692
2923400 2496.92 249692
2923500 2496.92 249692
2923600 2496.92 249692
2923700 2496.92 249692
2923800 2496.92 249692
2923900 2496.92 249692
2924000 2496.92 249692
2924100 2496.92 249692
2924200 2496.92 249692
2924300 2496.92 249692
2924400 2496.92 249692
2924500 2496.92 249692
2924600 2496.92 249692
2924700 2496.92 249692
2924800 2496.92 249692
2924900 2496.92 249692
2925000 2496.92 249692
2925100 2496.92 249692
2925200 2496.92 249692
2925300 2496.92 249692
2925400 2496.92 249692
2925500 2496.92 249692
2925600 2496.92 249692
2925700 2496.92 249692
2925800 2496.92 249692
2925900 2496.92 249692
2926000 2496.92 249692
2926100 2496.92 249692
2926200 2496.92 249692
2926300 2496.92 249692
2926400 2496.92 249692
2926500 2496.92 249692
2926600 2496.92 249692
2926700 2496.92 249692
2926800 2496.92 249692
2926900 2496.92 249692
2927000 2496.92 249692
2927100 2496.92 249692
2927200 2496.92 249692
2927300 2496.92 249692
2927400 2496.92 249692
2927500 2496.92 249692
2927600 2496.92 249692
2927700 2496.92 249692
2927800 2496.92 249692
2927900 2496.92 249692
2928000 2496.92 249692
2928100 2496.92 249692
2928200 2496.92 249692
2928300 2496.92 249692
2928400 2496.92 249692
2928500 2496.92 249692
2928600 2496.92 249692
2928700 2496.92 249692
2928800 2496.92 249692
2928900 2496.92 249692
2929000 2496.92 249692
2929100 2496.92 249692
2929200 2496.92 249692
2929300 2496.92 249692
2929400 2496.92 249692
2929500 2496.92 249692
2929600 2496.92 249692
2929700 2496.92 249692
2929800 2496.92 249692
2929900 2496.92 249692
2930000 2496.92 249692
2930100 2496.92 249692
2930200 2496.92 249692
2930300 2496.92 249692
2930400 2496.92 249692
2930500 2496.92 249692
2930600 2496.92 249692
2930700 2496.92 249692
2930800 2496.92 249692
2930900 2496.92 249692
2931000 2496.92 249692
2931100 2496.92 249692
2931200 2496.92 249692
2931300 2496.92 249692
2931400 2496.92 249692
2931500 2496.92 249692
2931600 2496.92 249692
2931700 2496.92 249692
2931800 2496.92 249692
2931900 2496.92 249692
2932000 2496.92 249692
2932100 2496.92 249692
2932200 2496.92 249692
2932300 2496.92 249692
2932400 2496.92 249692
2932500 2496.92 249692
2932600 2496.92 249692
2932700 2496.92 249692
2932800 2496.92 249692
2932900 2496.92 249692
2933000 2496.92 249692
2933100 2496.92 249692
2933200 2496.92 249692
2933300 2496.92 249692
2933400 2496.92 249692
2933500 2496.92 249692
2933600 2496.92 249692
2933700 2496.92 249692
2933800 2496.92 249692
2933900 2496.92 249692
2934000 2496.92 249692
2934100 2496.92 249692
2934200 2496.92 249692
2934300 2496.92 249692
2934400 2496.92 249692
2934500 2496.92 249692
2934600 2496.92 249692
2934700 2496.92 249692
2934800 2496.92 249692
2934900 2496.92 249692
2935000 2496.92 249692
2935100 2496.92 249692
2935200 2496.92 249692
2935300 2496.92 249692
2935400 2496.92 249692
2935500 2496.92 249692
2935600 2496.92 249692
2935700 2496.92 249692
2935800 2496.92 249692
2935900 2496.92 249692
2936000 2496.92 249692
2936100 2496.92 249692
2936200 2496.92 249692
2936300 2496.92 249692
2936400 2496.92 249692
2936500 2496.92 249692
2936600 2496.92 249692
2936700 2496.92 249692
2936800 2496.92 249692
2936900 2496.92 249692
2937000 2496.92 249692
2937100 2496.92 249692
2937200 2496.92 249692
2937300 2496.92 249692
2937400 2496.92 249692
2937500 2496.92 249692
2937600 2496.92 249692
2937700 2496.92 249692
2937800 2496.92 249692
2937900 2496.92 249692
2938000 2496.92 249692
2938100 2496.92 249692
2938200 2496.92 249692
2938300 2496.92 249692
2938400 2496.92 249692
2938500 2496.92 249692
2938600 2496.92 249692
2938700 2496.92 249692
2938800 2496.92 249692
2938900 2496.92 249692
2939000 2496.92 249692
2939100 2496.92 249692
2939200 2496.92 249692
2939300 2496.92 249692
2939400 2496.92 249692
2939500 2496.92 249692
2939600 2496.92 249692
2939700 2496.92 249692
2939800 2496.92 249692
2939900 2496.92 249692
2940000 2496.92 249692
2940100 2496.92 249692
2940200 2496.92 249692
2940300 2496.92 249692
2940400 2496.92 249692
2940500 2496.92 249692
2940600 2496.92 249692
2940700 2496.92 249692
2940800 2496.92 249692
2940900 2496.92 249692
2941000 2496.92 249692
2941100 2496.92 249692
2941200 2496.92 249692
2941300 2496.92 249692
2941400 2496.92 249692
2941500 2496.92 249692
2941600 2496.92 249692
2941700 2496.92 249692
2941800 2496.92 249692
2941900 2496.92 249692
2942000 2496.92 249692
2942100 2496.92 249692
2942200 2496.92 249692
2942300 2496.92 249692
2942400 2496.92 249692
2942500 2496.92 249692
2942600 2496.92 249692
2942700 2496.92 249692
2942800 2496.92 249692
2942900 2496.92 249692
2943000 2496.92 249692
2943100 2496.92 249692
2943200 2496.92 249692
2943300 2496.92 249692
2943400 2496.92 249692
2943500 2496.92 249692
2943600 2496.92 249692
2943700 2496.92 249692
2943800 2496.92 249692
2943900 2496.92 249692
2944000 2496.92 249692
2944100 2496.92 249692
2944200 2496.92 249692
2944300 2496.92 249692
2944400 2496.92 249692
2944500 2496.92 249692
2944600 2496.92 249692
2944700 2496.92 249692
2944800 2496.92 249692
2944900 2496.92 249692
2945000 2496.92 249692
2945100 2496.92 249692
2945200 2496.92 249692
2945300 2496.92 249692
2945400 2496.92 249692
2945500 2496.92 249692
2945600 2496.92 249692
2945700 2496.92 249692
2945800 2496.92 249692
2945900 2496.92 249692
2946000 2496.92 249692
2946100 2496.92 249692
2946200 2496.92 249692
2946300 2496.92 249692
2946400 2496.92 249692
2946500 2496.92 249692
2946600 2496.92 249692
2946700 2496.92 249692
2946800 2496.92 249692
2946900 2496.92 249692
2947000 2496.92 249692
2947100 2496.92 249692
2947200 2496.92 249692
2947300 2496.92 249692
2947400 2496.92 249692
2947500 2496.92 249692
2947600 2496.92 249692
2947700 2496.92 249692
2947800 2496.92 249692
2947900 2496.92 249692
2948000 2496.92 249692
2948100 2496.92 249692
2948200 2496.92 249692
2948300 2496.92 249692
2948400 2496.92 249692
2948500 2496.92 249692
2948600 2496.92 249692
2948700 2496.92 249692
2948800 2496.92 249692
2948900 2496.92 249692
2949000 2496.92 249692
2949100 2496.92 249692
2949200 2496.92 249692
2949300 2496.92 249692
2949400 2496.92 249692
2949500 2496.92 249692
2949600 2496.92 249692
2949700 2496.92 249692
2949800 2496.92 249692
2949900 2496.92 249692
2950000 2496.92 249692
2950100 2496.92 249692
2950200 2496.92 249692
2950300 2496.92 249692
2950400 2496.92 249692
2950500 2496.92 249692
2950600 2496.92 249692
2950700 2496.92 249692
2950800 2496.92 249692
2950900 2496.92 249692
2951000 2496.92 249692
2951100 2496.92 249692
2951200 2496.92 249692
2951300 2496.92 249692
2951400 2496.92 249692
2951500 2496.92 249692
2951600 2496.92 249692
2951700 2496.92 249692
2951800 2496.92 249692
2951900 2496.92 249692
2952000 2496.92 249692
2952100 2496.92 249692
2952200 2496.92 249692
2952300 2496.92 249692
2952400 2496.92 249692
2952500 2496.92 249692
2952600 2496.92 249692
2952700 2496.92 249692
2952800 2496.92 249692
2952900 2496.92 249692
2953000 2496.92 249692
2953100 2496.92 249692
2953200 2496.92 249692
2953300 2496.92 249692
2953400 2496.92 249692
2953500 2496.92 249692
2953600 2496.92 249692
2953700 2496.92 249692
2953800 2496.92 249692
2953900 2496.92 249692
2954000 2496.92 249692
2954100 2496.92 249692
2954200 2496.92 249692
2954300 2496.92 249692
2954400 2496.92 249692
2954500 2496.92 249692
2954600 2496.92 249692
2954700 2496.92 249692
2954800 2496.92 249692
2954900 2496.92 249692
2955000 2496.92 249692
2955100 2496.92 249692
2955200 2496.92 249692
2955300 2496.92 249692
2955400 2496.92 249692
2955500 2496.92 249692
2955600 2496.92 249692
2955700 2496.92 249692
2955800 2496.92 249692
2955900 2496.92 249692
2956000 2496.92 249692
2956100 2496.92 249692
2956200 2496.92 249692
2956300 2496.92 249692
2956400 2496.92 249692
2956500 2496.92 249692
2956600 2496.92 249692
2956700 2496.92 249692
2956800 2496.92 249692
2956900 2496.92 249692
2957000 2496.92 249692
2957100 2496.92 249692
2957200 2496.92 249692
2957300 2496.92 249692
2957400 2496.92 249692
2957500 2496.92 249692
2957600 2496.92 249692
2957700 2496.92 249692
2957800 2496.92 249692
2957900 2496.92 249692
2958000 2496.92 249692
2958100 2496.92 249692
2958200 2496.92 249692
2958300 2496.92 249692
2958400 2496.92 249692
2958500 2496.92 249692
2958600 2496.92 249692
2958700 2496.92 249692
2958800 2496.92 249692
2958900 2496.92 249692
2959000 2496.92 249692
2959100 2496.92 249692
2959200 2496.92 249692
2959300 2496.92 249692
2959400 2496.92 249692
2959500 2496.92 249692
2959600 2496.92 249692
2959700 2496.92 249692
2959800 2496.92 249692
2959900 2496.92 249692
2960000 2496.92 249692
2960100 2496.92 249692
2960200 2496.92 249692
2960300 2496.92 249692
2960400 2496.92 249692
2960500 2496.92 249692
2960600 2496.92 249692
2960700 2496.92 249692
2960800 2496.92 249692
2960900 2496.92 249692
2961000 2496.92 249692
2961100 2496.92 249692
2961200 2496.92 249692
2961300 2496.92 249692
2961400 2496.92 249692
2961500 2496.92 249692
2961600 2496.92 249692
2961700 2496.92 249692
2961800 2496.92 249692
2961900 2496.92 249692
2962000 2496.92 249692
2962100 2496.92 249692
2962200 2496.92 249692
2962300 2496.92 249692
2962400 2496.92 249692
2962500 2496.92 249692
2962600 2496.92 249692
2962700 2496.92 249692
2962800 2496.92 249692
2962900 2496.92 249692
2963000 2496.92 249692
2963100 2496.92 249692
2963200 2496.92 249692
2963300 2496.92 249692
2963400 2496.92 249692
2963500 2496.92 249692
2963600 2496.92 249692
2963700 2496.92 249692
2963800 2496.92 249692
2963900 2496.92 249692
2964000 2496.92 249692
2964100 2496.92 249692
2964200 2496.92 249692
2964300 2496.92 249692
2964400 2496.92 249692
2964500 2496.92 249692
2964600 2496.92 249692
2964700 2496.92 249692
2964800 2496.92 249692
2964900 2496.92 249692
2965000 2496.92 249692
2965100 2496.92 249692
2965200 2496.92 249692
2965300 2496.92 249692
2965400 2496.92 249692
2965500 2496.92 249692
2965600 2496.92 249692
2965700 2496.92 249692
2965800 2496.92 249692
2965900 2496.92 249692
2966000 2496.92 249692
2966100 2496.92 249692
2966200 2496.92 249692
2966300 2496.92 249692
2966400 2496.92 249692
2966500 2496.92 249692
2966600 2496.92 249692
2966700 2496.92 249692
2966800 2496.92 249692
2966900 2496.92 249692
2967000 2496.92 249692
2967100 2496.92 249692
2967200 2496.92 249692
2967300 2496.92 249692
2967400 2496.92 249692
2967500 2496.92 249692
2967600 2496.92 249692
2967700 2496.92 249692
2967800 2496.92 249692
2967900 2496.92 249692
2968000 2496.92 249692
2968100 2496.92 249692
2968200 2496.92 249692
2968300 2496.92 249692
2968400 2496.92 249692
2968500 2496.92 249692
2968600 2496.92 249692
2968700 2496.92 249692
2968800 2496.92 249692
2968900 2496.92 249692
2969000 2496.92 249692
2969100 2496.92 249692
2969200 2496.92 249692
2969300 2496.92 249692
2969400 2496.92 249692
2969500 2496.92 249692
2969600 2496.92 249692
2969700 2496.92 249692
2969800 2496.92 249692
2969900 2496.92 249692
2970000 2496.92 249692
2970100 2496.92 249692
2970200 2496.92 249692
2970300 2496.92 249692
2970400 2496.92 249692
2970500 2496.92 249692
2970600 2496.92 249692
2970700 2496.92 249692
2970800 2496.92 249692
2970900 2496.92 249692
2971000 2496.92 249692
2971100 2496.92 249692
2971200 2496.92 249692
2971300 2496.92 249692
2971400 2496.92 249692
2971500 2496.92 249692
2971600 2496.92 249692
2971700 2496.92 249692
2971800 2496.92 249692
2971900 2496.92 249692
2972000 2496.92 249692
2972100 2496.92 249692
2972200 2496.92 249692
2972300 2496.92 249692
2972400 2496.92 249692
2972500 2496.92 249692
2972600 2496.92 249692
2972700 2496.92 249692
2972800 2496.92 249692
2972900 2496.92 249692
2973000 2496.92 249692
2973100 2496.92 249692
2973200 2496.92 249692
2973300 2496.92 249692
2973400 2496.92 249692
2973500 2496.92 249692
2973600 2496.92 249692
2973700 2496.92 249692
2973800 2496.92 249692
2973900 2496.92 249692
2974000 2496.92 249692
2974100 2496.92 249692
2974200 2496.92 249692
2974300 2496.92 249692
2974400 2496.92 249692
2974500 2496.92 249692
2974600 2496.92 249692
2974700 2496.92 249692
2974800 2496.92 249692
2974900 2496.92 249692
2975000 2496.92 249692
2975100 2496.92 249692
2975200 2496.92 249692
2975300 2496.92 249692
2975400 2496.92 249692
2975500 2496.92 249692
2975600 2496.92 249692
2975700 2496.92 249692
2975800 2496.92 249692
2975900 2496.92 249692
2976000 2496.92 249692
2976100 2496.92 249692
2976200 2496.92 249692
2976300 2496.92 249692
2976400 2496.92 249692
2976500 2496.92 249692
2976600 2496.92 249692
2976700 2496.92 249692
2976800 2496.92 249692
2976900 2496.92 249692
2977000 2496.92 249692
2977100 2496.92 249692
2977200 2496.92 249692
2977300 2496.92 249692
2977400 2496.92 249692
2977500 2496.92 249692
2977600 2496.92 249692
2977700 2496.92 249692
2977800 2496.92 249692
2977900 2496.92 249692
2978000 2496.92 249692
2978100 2496.92 249692
2978200 2496.92 249692
2978300 2496.92 249692
2978400 2496.92 249692
2978500 2496.92 249692
2978600 2496.92 249692
2978700 2496.92 249692
2978800 2496.92 249692
2978900 2496.92 249692
2979000 2496.92 249692
2979100 2496.92 249692
2979200 2496.92 249692
2979300 2496.92 249692
2979400 2496.92 249692
2979500 2496.92 249692
2979600 2496.92 249692
2979700 2496.92 249692
2979800 2496.92 249692
2979900 2496.92 249692
2980000 2496.92 249692
2980100 2496.92 249692
2980200 2496.92 249692
2980300 2496.92 249692
2980400 2496.92 249692
2980500 2496.92 249692
2980600 2496.92 249692
2980700 2496.92 249692
2980800 2496.92 249692
2980900 2496.92 249692
2981000 2496.92 249692
2981100 2496.92 249692
2981200 2496.92 249692
2981300 2496.92 249692
2981400 2496.92 249692
2981500 2496.92 249692
2981600 2496.92 249692
2981700 2496.92 249692
2981800 2496.92 249692
2981900 2496.92 249692
2982000 2496.92 249692
2982100 2496.92 249692
2982200 2496.92 249692
2982300 2496.92 249692
2982400 2496.92 249692
2982500 2496.92 249692
2982600 2496.92 249692
2982700 2496.92 249692
2982800 2496.92 249692
2982900 2496.92 249692
2983000 2496.92 249692
2983100 2496.92 249692
2983200 2496.92 249692
2983300 2496.92 249692
2983400 2496.92 249692
2983500 2496.92 249692
2983600 2496.92 249692
2983700 2496.92 249692
2983800 2496.92 249692
2983900 2496.92 249692
2984000 2496.92 249692
2984100 2496.92 249692
2984200 2496.92 249692
2984300 2496.92 249692
2984400 2496.92 249692
2984500 2496.92 249692
2984600 2496.92 249692
2984700 2496.92 249692
2984800 2496.92 249692
2984900 2496.92 249692
2985000 2496.92 249692
2985100 2496.92 249692
2985200 2496.92 249692
2985300 2496.92 249692
2985400 2496.92 249692
2985500 2496.92 249692
2985600 2496.92 249692
2985700 2496.92 249692
2985800 2496.92 249692
2985900 2496.92 249692
2986000 2496.92 249692
2986100 2496.92 249692
2986200 2496.92 249692
2986300 2496.92 249692
2986400 2496.92 249692
2986500 2496.92 249692
2986600 2496.92 249692
2986700 2496.92 249692
2986800 2496.92 249692
2986900 2496.92 249692
2987000 2496.92 249692
2987100 2496.92 249692
2987200 2496.92 249692
2987300 2496.92 249692
2987400 2496.92 249692
2987500 2496.92 249692
2987600 2496.92 249692
2987700 2496.92 249692
2987800 2496.92 249692
2987900 2496.92 249692
2988000 2496.92 249692
2988100 2496.92 249692
2988200 2496.92 249692
2988300 2496.92 249692
2988400 2496.92 249692
2988500 2496.92 249692
2988600 2496.92 249692
2988700 2496.92 249692
2988800 2496.92 249692
2988900 2496.92 249692
2989000 2496.92 249692
2989100 2496.92 249692
2989200 2496.92 249692
2989300 2496.92 249692
2989400 2496.92 249692
2989500 2496.92 249692
2989600 2496.92 249692
2989700 2496.92 249692
2989800 2496.92 249692
2989900 2496.92 249692
2990000 2496.92 249692
2990100 2496.92 249692
2990200 2496.92 249692
2990300 2496.92 249692
2990400 2496.92 249692
2990500 2496.92 249692
2990600 2496.92 249692
2990700 2496.92 249692
2990800 2496.92 249692
2990900 2496.92 249692
2991000 2496.92 249692
2991100 2496.92 249692
2991200 2496.92 249692
2991300 2496.92 249692
2991400 2496.92 249692
2991500 2496.92 249692
2991600 2496.92 249692
2991700 2496.92 249692
2991800 2496.92 249692
2991900 2496.92 249692
2992000 2496.92 249692
2992100 2496.92 249692
2992200 2496.92 249692
2992300 2496.92 249692
2992400 2496.92 249692
2992500 2496.92 249692
2992600 2496.92 249692
2992700 2496.92 249692
2992800 2496.92 249692
2992900 2496.92 249692
2993000 2496.92 249692
2993100 2496.92 249692
2993200 2496.92 249692
2993300 2496.92 249692
2993400 2496.92 249692
2993500 2496.92 249692
2993600 2496.92 249692
2993700 2496.92 249692
2993800 2496.92 249692
2993900 2496.92 249692
2994000 2496.92 249692
2994100 2496.92 249692
2994200 2496.92 249692
2994300 2496.92 249692
2994400 2496.92 249692
2994500 2496.92 249692
2994600 2496.92 249692
2994700 2496.92 249692
2994800 2496.92 249692
2994900 2496.92 249692
2995000 2496.92 249692
2995100 2496.92 249692
2995200 2496.92 249692
2995300 2496.92 249692
2995400 2496.92 249692
2995500 2496.92 249692
2995600 2496.92 249692
2995700 2496.92 249692
2995800 2496.92 249692
2995900 2496.92 249692
2996000 2496.92 249692
2996100 2496.92 249692
2996200 2496.92 249692
2996300 2496.92 249692
2996400 2496.92 249692
2996500 2496.92 249692
2996600 2496.92 249692
2996700 2496.92 249692
2996800 2496.92 249692
2996900 2496.92 249692
2997000 2496.92 249692
2997100 2496.92 249692
2997200 2496.92 249692
2997300 2496.92 249692
2997400 2496.92 249692
2997500 2496.92 249692
2997600 2496.92 249692
2997700 2496.92 249692
2997800 2496.92 249692
2997900 2496.92 249692
2998000 2496.92 249692
2998100 2496.92 249692
2998200 2496.92 249692
2998300 2496.92 249692
2998400 2496.92 249692
2998500 2496.92 249692
2998600 2496.92 249692
2998700 2496.92 249692
2998800 2496.92 249692
2998900 2496.92 249692
2999000 2496.92 249692
2999100 2496.92 249692
2999200 2496.92 249692
2999300 2496.92 249692
2999400 2496.92 249692
2999500 2496.92 249692
2999600 2496.92 249692
2999700 2496.92 249692
2999800 2496.92 249692
2999900 2496.92 249692
3000000 2496.92 249692
3000100 2496.92 249692
3000200 2496.92 249692
3000300 2496.92 249692
3000400 2496.92 249692
3000500 2496.92 249692
3000600 2496.92 249692
3000700 2496.92 249692
3000800 2496.92 249692
3000900 2496.92 249692
3001000 2496.92 249692
3001100 2496.92 249692
3001200 2496.92 249692
3001300 2496.92 249692
3001400 2496.92 249692
3001500 2496.92 249692
3001600 2496.92 249692
3001700 2496.92 249692
3001800 2496.92 249692
3001900 2496.92 249692
3002000 2496.92 249692
3002100 2496.92 249692
3002200 2496.92 249692
3002300 2496.92 249692
3002400 2496.92 249692
3002500 2496.92 249692
3002600 2496.92 249692
3002700 2496.92 249692
3002800 2496.92 249692
3002900 2496.92 249692
3003000 2496.92 249692
3003100 2496.92 249692
3003200 2496.92 249692
3003300 2496.92 249692
3003400 2496.92 249692
3003500 2496.92 249692
3003600 2496.92 249692
3003700 2496.92 249692
3003800 2496.92 249692
3003900 2496.92 249692
3004000 2496.92 249692
3004100 2496.92 249692
3004200 2496.92 249692
3004300 2496.92 249692
3004400 2496.92 249692
3004500 2496.92 249692
3004600 2496.92 249692
3004700 2496.92 249692
3004800 2496.92 249692
3004900 2496.92 249692
3005000 2496.92 249692
3005100 2496.92 249692
3005200 2496.92 249692
3005300 2496.92 249692
3005400 2496.92 249692
3005500 2496.92 249692
3005600 2496.92 249692
3005700 2496.92 249692
3005800 2496.92 249692
3005900 2496.92 249692
3006000 2496.92 249692
3006100 2496.92 249692
3006200 2496.92 249692
3006300 2496.92 249692
3006400 2496.92 249692
3006500 2496.92 249692
3006600 2496.92 249692
3006700 2496.92 249692
3006800 2496.92 249692
3006900 2496.92 249692
3007000 2496.92 249692
3007100 2496.92 249692
3007200 2496.92 249692
3007300 2496.92 249692
3007400 2496.92 249692
3007500 2496.92 249692
3007600 2496.92 249692
3007700 2496.92 249692
3007800 2496.92 249692
3007900 2496.92 249692
3008000 2496.92 249692
3008100 2496.92 249692
3008200 2496.92 249692
3008300 2496.92 249692
3008400 2496.92 249692
3008500 2496.92 249692
3008600 2496.92 249692
3008700 2496.92 249692
3008800 2496.92 249692
3008900 2496.92 249692
3009000 2496.92 249692
3009100 2496.92 249692
3009200 2496.92 249692
3009300 2496.92 249692
3009400 2496.92 249692
3009500 2496.92 249692
3009600 2496.92 249692
3009700 2496.92 249692
3009800 2496.92 249692
3009900 2496.92 249692
3010000 2496.92 249692
3010100 2496.92 249692
3010200 2496.92 249692
3010300 2496.92 249692
3010400 2496.92 249692
3010500 2496.92 249692
3010600 2496.92 249692
3010700 2496.92 249692
3010800 2496.92 249692
3010900 2496.92 249692
3011000 2496.92 249692
3011100 2496.92 249692
3011200 2496.92 249692
3011300 2496.92 249692
3011400 2496.92 249692
3011500 2496.92 249692
3011600 2496.92 249692
3011700 2496.92 249692
3011800 2496.92 249692
3011900 2496.92 249692
3012000 2496.92 249692
3012100 2496.92 249692
3012200 2496.92 249692
3012300 2496.92 249692
3012400 2496.92 249692
3012500 2496.92 249692
3012600 2496.92 249692
3012700 2496.92 249692
3012800 2496.92 249692
3012900 2496.92 249692
3013000 2496.92 249692
3013100 2496.92 249692
3013200 2496.92 249692
3013300 2496.92 249692
3013400 2496.92 249692
3013500 2496.92 249692
3013600 2496.92 249692
3013700 2496.92 249692
3013800 2496.92 249692
3013900 2496.92 249692
3014000 2496.92 249692
3014100 2496.92 249692
3014200 2496.92 249692
3014300 2496.92 249692
3014400 2496.92 249692
3014500 2496.92 249692
3014600 2496.92 249692
3014700 2496.92 249692
3014800 2496.92 249692
3014900 2496.92 249692
3015000 2496.92 249692
3015100 2496.92 249692
3015200 2496.92 249692
3015300 2496.92 249692
3015400 2496.92 249692
3015500 2496.92 249692
3015600 2496.92 249692
3015700 2496.92 249692
3015800 2496.92 249692
3015900 2496.92 249692
3016000 2496.92 249692
3016100 2496.92 249692
3016200 2496.92 249692
3016300 2496.92 249692
3016400 2496.92 249692
3016500 2496.92 249692
3016600 2496.92 249692
3016700 2496.92 249692
3016800 2496.92 249692
3016900 2496.92 249692
3017000 2496.92 249692
3017100 2496.92 249692
3017200 2496.92 249692
3017300 2496.92 249692
3017400 2496.92 249692
3017500 2496.92 249692
3017600 2496.92 249692
3017700 2496.92 249692
3017800 2496.92 249692
3017900 2496.92 249692
3018000 2496.92 249692
3018100 2496.92 249692
3018200 2496.92 249692
3018300 2496.92 249692
3018400 2496.92 249692
3018500 2496.92 249692
3018600 2496.92 249692
3018700 2496.92 249692
3018800 2496.92 249692
3018900 2496.92 249692
3019000 2496.92 249692
3019100 2496.92 249692
3019200 2496.92 249692
3019300 2496.92 249692
3019400 2496.92 249692
3019500 2496.92 249692
3019600 2496.92 249692
3019700 2496.92 249692
3019800 2496.92 249692
3019900 2496.92 249692
3020000 2496.92 249692
3020100 2496.92 249692
3020200 2496.92 249692
3020300 2496.92 249692
3020400 2496.92 249692
3020500 2496.92 249692
3020600 2496.92 249692
3020700 2496.92 249692
3020800 2496.92 249692
3020900 2496.92 249692
3021000 2496.92 249692
3021100 2496.92 249692
3021200 2496.92 249692
3021300 2496.92 249692
3021400 2496.92 249692
3021500 2496.92 249692
3021600 2496.92 249692
3021700 2496.92 249692
3021800 2496.92 249692
3021900 2496.92 249692
3022000 2496.92 249692
3022100 2496.92 249692
3022200 2496.92 249692
3022300 2496.92 249692
3022400 2496.92 249692
3022500 2496.92 249692
3022600 2496.92 249692
3022700 2496.92 249692
3022800 2496.92 249692
3022900 2496.92 249692
3023000 2496.92 249692
3023100 2496.92 249692
3023200 2496.92 249692
3023300 2496.92 249692
3023400 2496.92 249692
3023500 2496.92 249692
3023600 2496.92 249692
3023700 2496.92 249692
3023800 2496.92 249692
3023900 2496.92 249692
3024000 2496.92 249692
3024100 2496.92 249692
3024200 2496.92 249692
3024300 2496.92 249692
3024400 2496.92 249692
3024500 2496.92 249692
3024600 2496.92 249692
3024700 2496.92 249692
3024800 2496.92 249692
3024900 2496.92 249692
3025000 2496.92 249692
3025100 2496.92 249692
3025200 2496.92 249692
3025300 2496.92 249692
3025400 2496.92 249692
3025500 2496.92 249692
3025600 2496.92 249692
3025700 2496.92 249692
3025800 2496.92 249692
3025900 2496.92 249692
3026000 2496.92 249692
3026100 2496.92 249692
3026200 2496.92 249692
3026300 2496.92 249692
3026400 2496.92 249692
3026500 2496.92 249692
3026600 2496.92 249692
3026700 2496.92 249692
3026800 2496.92 249692
3026900 2496.92 249692
3027000 2496.92 249692
3027100 2496.92 249692
3027200 2496.92 249692
3027300 2496.92 249692
3027400 2496.92 249692
3027500 2496.92 249692
3027600 2496.92 249692
3027700 2496.92 249692
3027800 2496.92 249692
3027900 2496.92 249692
3028000 2496.92 249692
3028100 2496.92 249692
3028200 2496.92 249692
3028300 2496.92 249692
3028400 2496.92 249692
3028500 2496.92 249692
3028600 2496.92 249692
3028700 2496.92 249692
3028800 2496.92 249692
3028900 2496.92 249692
3029000 2496.92 249692
3029100 2496.92 249692
3029200 2496.92 249692
3029300 2496.92 249692
3029400 2496.92 249692
3029500 2496.92 249692
3029600 2496.92 249692
3029700 2496.92 249692
3029800 2496.92 249692
3029900 2496.92 249692
3030000 2496.92 249692
3030100 2496.92 249692
3030200 2496.92 249692
3030300 2496.92 249692
3030400 2496.92 249692
3030500 2496.92 249692
3030600 2496.92 249692
3030700 2496.92 249692
3030800 2496.92 249692
3030900 2496.92 249692
3031000 2496.92 249692
3031100 2496.92 249692
3031200 2496.92 249692
3031300 2496.92 249692
3031400 2496.92 249692
3031500 2496.92 249692
3031600 2496.92 249692
3031700 2496.92 249692
3031800 2496.92 249692
3031900 2496.92 249692
3032000 2496.92 249692
3032100 2496.92 249692
3032200 2496.92 249692
3032300 2496.92 249692
3032400 2496.92 249692
3032500 2496.92 249692
3032600 2496.92 249692
3032700 2496.92 249692
3032800 2496.92 249692
3032900 2496.92 249692
3033000 2496.92 249692
3033100 2496.92 249692
3033200 2496.92 249692
3033300 2496.92 249692
3033400 2496.92 249692
3033500 2496.92 249692
3033600 2496.92 249692
3033700 2496.92 249692
3033800 2496.92 249692
3033900 2496.92 249692
3034000 2496.92 249692
3034100 2496.92 249692
3034200 2496.92 249692
3034300 2496.92 249692
3034400 2496.92 249692
3034500 2496.92 249692
3034600 2496.92 249692
3034700 2496.92 249692
3034800 2496.92 249692
3034900 2496.92 249692
3035000 2496.92 249692
3035100 2496.92 249692
3035200 2496.92 249692
3035300 2496.92 249692
3035400 2496.92 249692
3035500 2496.92 249692
3035600 2496.92 249692
3035700 2496.92 249692
3035800 2496.92 249692
3035900 2496.92 249692
3036000 2496.92 249692
3036100 2496.92 249692
3036200 2496.92 249692
3036300 2496.92 249692
3036400 2496.92 249692
3036500 2496.92 249692
3036600 2496.92 249692
3036700 2496.92 249692
3036800 2496.92 249692
3036900 2496.92 249692
3037000 2496.92 249692
3037100 2496.92 249692
3037200 2496.92 249692
3037300 2496.92 249692
3037400 2496.92 249692
3037500 2496.92 249692
3037600 2496.92 249692
3037700 2496.92 249692
3037800 2496.92 249692
3037900 2496.92 249692
3038000 2496.92 249692
3038100 2496.92 249692
3038200 2496.92 249692
3038300 2496.92 249692
3038400 2496.92 249692
3038500 2496.92 249692
3038600 2496.92 249692
3038700 2496.92 249692
3038800 2496.92 249692
3038900 2496.92 249692
3039000 2496.92 249692
3039100 2496.92 249692
3039200 2496.92 249692
3039300 2496.92 249692
3039400 2496.92 249692
3039500 2496.92 249692
3039600 2496.92 249692
3039700 2496.92 249692
3039800 2496.92 249692
3039900 2496.92 249692
3040000 2496.92 249692
3040100 2496.92 249692
3040200 2496.92 249692
3040300 2496.92 249692
3040400 2496.92 249692
3040500 2496.92 249692
3040600 2496.92 249692
3040700 2496.92 249692
3040800 2496.92 249692
3040900 2496.92 249692
3041000 2496.92 249692
3041100 2496.92 249692
3041200 2496.92 249692
3041300 2496.92 249692
3041400 2496.92 249692
3041500 2496.92 249692
3041600 2496.92 249692
3041700 2496.92 249692
3041800 2496.92 249692
3041900 2496.92 249692
3042000 2496.92 249692
3042100 2496.92 249692
3042200 2496.92 249692
3042300 2496.92 249692
3042400 2496.92 249692
3042500 2496.92 249692
3042600 2496.92 249692
3042700 2496.92 249692
3042800 2496.92 249692
3042900 2496.92 249692
3043000 2496.92 249692
3043100 2496.92 249692
3043200 2496.92 249692
3043300 2496.92 249692
3043400 2496.92 249692
3043500 2496.92 249692
3043600 2496.92 249692
3043700 2496.92 249692
3043800 2496.92 249692
3043900 2496.92 249692
3044000 2496.92 249692
3044100 2496.92 249692
3044200 2496.92 249692
3044300 2496.92 249692
3044400 2496.92 249692
3044500 2496.92 249692
3044600 2496.92 249692
3044700 2496.92 249692
3044800 2496.92 249692
3044900 2496.92 249692
3045000 2496.92 249692
3045100 2496.92 249692
3045200 2496.92 249692
3045300 2496.92 249692
3045400 2496.92 249692
3045500 2496.92 249692
3045600 2496.92 249692
3045700 2496.92 249692
3045800 2496.92 249692
3045900 2496.92 249692
3046000 2496.92 249692
3046100 2496.92 249692
3046200 2496.92 249692
3046300 2496.92 249692
3046400 2496.92 249692
3046500 2496.92 249692
3046600 2496.92 249692
3046700 2496.92 249692
3046800 2496.92 249692
3046900 2496.92 249692
3047000 2496.92 249692
3047100 2496.92 249692
3047200 2496.92 249692
3047300 2496.92 249692
3047400 2496.92 249692
3047500 2496.92 249692
3047600 2496.92 249692
3047700 2496.92 249692
3047800 2496.92 249692
3047900 2496.92 249692
3048000 2496.92 249692
3048100 2496.92 249692
3048200 2496.92 249692
3048300 2496.92 249692
3048400 2496.92 249692
3048500 2496.92 249692
3048600 2496.92 249692
3048700 2496.92 249692
3048800 2496.92 249692
3048900 2496.92 249692
3049000 2496.92 249692
3049100 2496.92 249692
3049200 2496.92 249692
3049300 2496.92 249692
3049400 2496.92 249692
3049500 2496.92 249692
3049600 2496.92 249692
3049700 2496.92 249692
3049800 2496.92 249692
3049900 2496.92 249692
3050000 2496.92 249692
3050100 2496.92 249692
3050200 2496.92 249692
3050300 2496.92 249692
3050400 2496.92 249692
3050500 2496.92 249692
3050600 2496.92 249692
3050700 2496.92 249692
3050800 2496.92 249692
3050900 2496.92 249692
3051000 2496.92 249692
3051100 2496.92 249692
3051200 2496.92 249692
3051300 2496.92 249692
3051400 2496.92 249692
3051500 2496.92 249692
3051600 2496.92 249692
3051700 2496.92 249692
3051800 2496.92 249692
3051900 2496.92 249692
3052000 2496.92 249692
3052100 2496.92 249692
3052200 2496.92 249692
3052300 2496.92 249692
3052400 2496.92 249692
3052500 2496.92 249692
3052600 2496.92 249692
3052700 2496.92 249692
3052800 2496.92 249692
3052900 2496.92 249692
3053000 2496.92 249692
3053100 2496.92 249692
3053200 2496.92 249692
3053300 2496.92 249692
3053400 2496.92 249692
3053500 2496.92 249692
3053600 2496.92 249692
3053700 2496.92 249692
3053800 2496.92 249692
3053900 2496.92 249692
3054000 2496.92 249692
3054100 2496.92 249692
3054200 2496.92 249692
3054300 2496.92 249692
3054400 2496.92 249692
3054500 2496.92 249692
3054600 2496.92 249692
3054700 2496.92 249692
3054800 2496.92 249692
3054900 2496.92 249692
3055000 2496.92 249692
3055100 2496.92 249692
3055200 2496.92 249692
3055300 2496.92 249692
3055400 2496.92 249692
3055500 2496.92 249692
3055600 2496.92 249692
3055700 2496.92 249692
3055800 2496.92 249692
3055900 2496.92 249692
3056000 2496.92 249692
3056100 2496.92 249692
3056200 2496.92 249692
3056300 2496.92 249692
3056400 2496.92 249692
3056500 2496.92 249692
3056600 2496.92 249692
3056700 2496.92 249692
3056800 2496.92 249692
3056900 2496.92 249692
3057000 2496.92 249692
3057100 2496.92 249692
3057200 2496.92 249692
3057300 2496.92 249692
3057400 2496.92 249692
3057500 2496.92 249692
3057600 2496.92 249692
3057700 2496.92 249692
3057800 2496.92 249692
3057900 2496.92 249692
3058000 2496.92 249692
3058100 2496.92 249692
3058200 2496.92 249692
3058300 2496.92 249692
3058400 2496.92 249692
3058500 2496.92 249692
3058600 2496.92 249692
3058700 2496.92 249692
3058800 2496.92 249692
3058900 2496.92 249692
3059000 2496.92 249692
3059100 2496.92 249692
3059200 2496.92 249692
3059300 2496.92 249692
3059400 2496.92 249692
3059500 2496.92 249692
3059600 2496.92 249692
3059700 2496.92 249692
3059800 2496.92 249692
3059900 2496.92 249692
3060000 2496.92 249692
3060100 2496.92 249692
3060200 2496.92 249692
3060300 2496.92 249692
3060400 2496.92 249692
3060500 2496.92 249692
3060600 2496.92 249692
3060700 2496.92 249692
3060800 2496.92 249692
3060900 2496.92 249692
3061000 2496.92 249692
3061100 2496.92 249692
3061200 2496.92 249692
3061300 2496.92 249692
3061400 2496.92 249692
3061500 2496.92 249692
3061600 2496.92 249692
3061700 2496.92 249692
3061800 2496.92 249692
3061900 2496.92 249692
3062000 2496.92 249692
3062100 2496.92 249692
3062200 2496.92 249692
3062300 2496.92 249692
3062400 2496.92 249692
3062500 2496.92 249692
3062600 2496.92 249692
3062700 2496.92 249692
3062800 2496.92 249692
3062900 2496.92 249692
3063000 2496.92 249692
3063100 2496.92 249692
3063200 2496.92 249692
3063300 2496.92 249692
3063400 2496.92 249692
3063500 2496.92 249692
3063600 2496.92 249692
3063700 2496.92 249692
3063800 2496.92 249692
3063900 2496.92 249692
3064000 2496.92 249692
3064100 2496.92 249692
3064200 2496.92 249692
3064300 2496.92 249692
3064400 2496.92 249692
3064500 2496.92 249692
3064600 2496.92 249692
3064700 2496.92 249692
3064800 2496.92 249692
3064900 2496.92 249692
3065000 2496.92 249692
3065100 2496.92 249692
3065200 2496.92 249692
3065300 2496.92 249692
3065400 2496.92 249692
3065500 2496.92 249692
3065600 2496.92 249692
3065700 2496.92 249692
3065800 2496.92 249692
3065900 2496.92 249692
3066000 2496.92 249692
3066100 2496.92 249692
3066200 2496.92 249692
3066300 2496.92 249692
3066400 2496.92 249692
3066500 2496.92 249692
3066600 2496.92 249692
3066700 2496.92 249692
3066800 2496.92 249692
3066900 2496.92 249692
3067000 2496.92 249692
3067100 2496.92 249692
3067200 2496.92 249692
3067300 2496.92 249692
3067400 2496.92 249692
3067500 2496.92 249692
3067600 2496.92 249692
3067700 2496.92 249692
3067800 2496.92 249692
3067900 2496.92 249692
3068000 2496.92 249692
3068100 2496.92 249692
3068200 2496.92 249692
3068300 2496.92 249692
3068400 2496.92 249692
3068500 2496.92 249692
3068600 2496.92 249692
3068700 2496.92 249692
3068800 2496.92 249692
3068900 2496.92 249692
3069000 2496.92 249692
3069100 2496.92 249692
3069200 2496.92 249692
3069300 2496.92 249692
3069400 2496.92 249692
3069500 2496.92 249692
3069600 2496.92 249692
3069700 2496.92 249692
3069800 2496.92 249692
3069900 2496.92 249692
3070000 2496.92 249692
3070100 2496.92 249692
3070200 2496.92 249692
3070300 2496.92 249692
3070400 2496.92 249692
3070500 2496.92 249692
3070600 2496.92 249692
3070700 2496.92 249692
3070800 2496.92 249692
3070900 2496.92 249692
3071000 2496.92 249692
3071100 2496.92 249692
3071200 2496.92 249692
3071300 2496.92 249692
3071400 2496.92 249692
3071500 2496.92 249692
3071600 2496.92 249692
3071700 2496.92 249692
3071800 2496.92 249692
3071900 2496.92 249692
3072000 2496.92 249692
3072100 2496.92 249692
3072200 2496.92 249692
3072300 2496.92 249692
3072400 2496.92 249692
3072500 2496.92 249692
3072600 2496.92 249692
3072700 2496.92 249692
3072800 2496.92 249692
3072900 2496.92 249692
3073000 2496.92 249692
3073100 2496.92 249692
3073200 2496.92 249692
3073300 2496.92 249692
3073400 2496.92 249692
3073500 2496.92 249692
3073600 2496.92 249692
3073700 2496.92 249692
3073800 2496.92 249692
3073900 2496.92 249692
3074000 2496.92 249692
3074100 2496.92 249692
3074200 2496.92 249692
3074300 2496.92 249692
3074400 2496.92 249692
3074500 2496.92 249692
3074600 2496.92 249692
3074700 2496.92 249692
3074800 2496.92 249692
3074900 2496.92 249692
3075000 2496.92 249692
3075100 2496.92 249692
3075200 2496.92 249692
3075300 2496.92 249692
3075400 2496.92 249692
3075500 2496.92 249692
3075600 2496.92 249692
3075700 2496.92 249692
3075800 2496.92 249692
3075900 2496.92 249692
3076000 2496.92 249692
3076100 2496.92 249692
3076200 2496.92 249692
3076300 2496.92 249692
3076400 2496.92 249692
3076500 2496.92 249692
3076600 2496.92 249692
3076700 2496.92 249692
3076800 2496.92 249692
3076900 2496.92 249692
3077000 2496.92 249692
3077100 2496.92 249692
3077200 2496.92 249692
3077300 2496.92 249692
3077400 2496.92 249692
3077500 2496.92 249692
3077600 2496.92 249692
3077700 2496.92 249692
3077800 2496.92 249692
3077900 2496.92 249692
3078000 2496.92 249692
3078100 2496.92 249692
3078200 2496.92 249692
3078300 2496.92 249692
3078400 2496.92 249692
3078500 2496.92 249692
3078600 2496.92 249692
3078700 2496.92 249692
3078800 2496.92 249692
3078900 2496.92 249692
3079000 2496.92 249692
3079100 2496.92 249692
3079200 2496.92 249692
3079300 2496.92 249692
3079400 2496.92 249692
3079500 2496.92 249692
3079600 2496.92 249692
3079700 2496.92 249692
3079800 2496.92 249692
3079900 2496.92 249692
3080000 2496.92 249692
3080100 2496.92 249692
3080200 2496.92 249692
3080300 2496.92 249692
3080400 2496.92 249692
3080500 2496.92 249692
3080600 2496.92 249692
3080700 2496.92 249692
3080800 2496.92 249692
3080900 2496.92 249692
3081000 2496.92 249692
3081100 2496.92 249692
3081200 2496.92 249692
3081300 2496.92 249692
3081400 2496.92 249692
3081500 2496.92 249692
3081600 2496.92 249692
3081700 2496.92 249692
3081800 2496.92 249692
3081900 2496.92 249692
3082000 2496.92 249692
3082100 2496.92 249692
3082200 2496.92 249692
3082300 2496.92 249692
3082400 2496.92 249692
3082500 2496.92 249692
3082600 2496.92 249692
3082700 2496.92 249692
3082800 2496.92 249692
3082900 2496.92 249692
3083000 2496.92 249692
3083100 2496.92 249692
3083200 2496.92 249692
3083300 2496.92 249692
3083400 2496.92 249692
3083500 2496.92 249692
3083600 2496.92 249692
3083700 2496.92 249692
3083800 2496.92 249692
3083900 2496.92 249692
3084000 2496.92 249692
3084100 2496.92 249692
3084200 2496.92 249692
3084300 2496.92 249692
3084400 2496.92 249692
3084500 2496.92 249692
3084600 2496.92 249692
3084700 2496.92 249692
3084800 2496.92 249692
3084900 2496.92 249692
3085000 2496.92 249692
3085100 2496.92 249692
3085200 2496.92 249692
3085300 2496.92 249692
3085400 2496.92 249692
3085500 2496.92 249692
3085600 2496.92 249692
3085700 2496.92 249692
3085800 2496.92 249692
3085900 2496.92 249692
3086000 2496.92 249692
3086100 2496.92 249692
3086200 2496.92 249692
3086300 2496.92 249692
3086400 2496.92 249692
3086500 2496.92 249692
3086600 2496.92 249692
3086700 2496.92 249692
3086800 2496.92 249692
3086900 2496.92 249692
3087000 2496.92 249692
3087100 2496.92 249692
3087200 2496.92 249692
3087300 2496.92 249692
3087400 2496.92 249692
3087500 2496.92 249692
3087600 2496.92 249692
3087700 2496.92 249692
3087800 2496.92 249692
3087900 2496.92 249692
3088000 2496.92 249692
3088100 2496.92 249692
3088200 2496.92 249692
3088300 2496.92 249692
3088400 2496.92 249692
3088500 2496.92 249692
3088600 2496.92 249692
3088700 2496.92 249692
3088800 2496.92 249692
3088900 2496.92 249692
3089000 2496.92 249692
3089100 2496.92 249692
3089200 2496.92 249692
3089300 2496.92 249692
3089400 2496.92 249692
3089500 2496.92 249692
3089600 2496.92 249692
3089700 2496.92 249692
3089800 2496.92 249692
3089900 2496.92 249692
3090000 2496.92 249692
3090100 2496.92 249692
3090200 2496.92 249692
3090300 2496.92 249692
3090400 2496.92 249692
3090500 2496.92 249692
3090600 2496.92 249692
3090700 2496.92 249692
3090800 2496.92 249692
3090900 2496.92 249692
3091000 2496.92 249692
3091100 2496.92 249692
3091200 2496.92 249692
3091300 2496.92 249692
3091400 2496.92 249692
3091500 2496.92 249692
3091600 2496.92 249692
3091700 2496.92 249692
3091800 2496.92 249692
3091900 2496.92 249692
3092000 2496.92 249692
3092100 2496.92 249692
3092200 2496.92 249692
3092300 2496.92 249692
3092400 2496.92 249692
3092500 2496.92 249692
3092600 2496.92 249692
3092700 2496.92 249692
3092800 2496.92 249692
3092900 2496.92 249692
3093000 2496.92 249692
3093100 2496.92 249692
3093200 2496.92 249692
3093300 2496.92 249692
3093400 2496.92 249692
3093500 2496.92 249692
3093600 2496.92 249692
3093700 2496.92 249692
3093800 2496.92 249692
3093900 2496.92 249692
3094000 2496.92 249692
3094100 2496.92 249692
3094200 2496.92 249692
3094300 2496.92 249692
3094400 2496.92 249692
3094500 2496.92 249692
3094600 2496.92 249692
3094700 2496.92 249692
3094800 2496.92 249692
3094900 2496.92 249692
3095000 2496.92 249692
3095100 2496.92 249692
3095200 2496.92 249692
3095300 2496.92 249692
3095400 2496.92 249692
3095500 2496.92 249692
3095600 2496.92 249692
3095700 2496.92 249692
3095800 2496.92 249692
3095900 2496.92 249692
3096000 2496.92 249692
3096100 2496.92 249692
3096200 2496.92 249692
3096300 2496.92 249692
3096400 2496.92 249692
3096500 2496.92 249692
3096600 2496.92 249692
3096700 2496.92 249692
3096800 2496.92 249692
3096900 2496.92 249692
3097000 2496.92 249692
3097100 2496.92 249692
3097200 2496.92 249692
3097300 2496.92 249692
3097400 2496.92 249692
3097500 2496.92 249692
3097600 2496.92 249692
3097700 2496.92 249692
3097800 2496.92 249692
3097900 2496.92 249692
3098000 2496.92 249692
3098100 2496.92 249692
3098200 2496.92 249692
3098300 2496.92 249692
3098400 2496.92 249692
3098500 2496.92 249692
3098600 2496.92 249692
3098700 2496.92 249692
3098800 2496.92 249692
3098900 2496.92 249692
3099000 2496.92 249692
3099100 2496.92 249692
3099200 2496.92 249692
3099300 2496.92 249692
3099400 2496.92 249692
3099500 2496.92 249692
3099600 2496.92 249692
3099700 2496.92 249692
3099800 2496.92 249692
3099900 2496.92 249692
