2000000 0 0
2000001 0 0
2000002 0 0
2000003 0 0
2000004 0 0
2000005 0 0
2000006 0 0
2000007 0 0
2000008 0 0
2000009 0 0
2000010 0 0
2000011 0 0
2000012 0 0
2000013 120 20002000014 2000015 20002000016 0 0
2000017 0 0
2000018 0 0
2000019 0 0
2000020 0 0
2000021 0 0
2000022 0 0
2000023 0 0
2000024 0 0
2000025 0 0
2000026 0 0
2000027 0 0
2000028 0 0
2000029 0 0
2000030 0 0
2000031 0 0
2000032 0 0
2000033 0 0
2000034 0 0
2000035 0 0
2000036 0 0
2000037 0 0
2000038 0 0
2000039 0 0
2000040 0 0
2000041 0 0
2000042 0 0
2000043 0 0
2000044 0 0
2000045 0 0
2000046 0 0
2000047 0 0
2000048 0 0
2000049 0 0
2000050 0 0
2000051 0 0
2000052 0 0
2000053 0 0
2000054 0 0
2000055 0 0
2000056 0 0
2000057 0 0
2000058 0 0
2000059 0 0
2000060 0 0
2000061 0 0
2000062 0 0
2000063 0 0
2000064 0 0
2000065 0 0
2000066 0 0
2000067 0 0
2000068 0 0
2000069 0 0
2000070 0 0
2000071 0 0
2000072 0 0
2000073 0 0
2000074 0 0
2000075 0 0
2000076 0 0
2000077 0 0
2000078 0 0
2000079 0 0
2000080 0 0
2000081 0 0
2000082 0 0
2000083 0 0
2000084 0 0
2000085 0 0
2000086 0 0
2000087 0 0
2000088 0 0
2000089 0 0
2000090 0 0
2000091 0 0
2000092 0 0
2000093 0 0
2000094 0 0
2000095 0 0
2000096 0 0
2000097 0 0
2000098 0 0
2000099 0 0
2000100 0 0
2000101 0 0
2000102 0 0
2000103 0 0
2000104 0 0
2000105 0 0
2000106 0 0
2000107 0 0
2000108 0 0
2000109 0 0
2000110 0 0
2000111 0 0
2000112 0 0
2000113 0 0
2000114 0 0
2000115 0 0
2000116 0 0
2000117 0 0
2000118 0 0
2000119 0 0
2000120 0 0
2000121 0 0
2000122 0 0
2000123 0 0
2000124 0 0
2000125 0 0
2000126 0 0
2000127 0 0
2000128 0 0
2000129 0 0
2000130 0 0
2000131 0 0
2000132 0 0
2000133 0 0
2000134 0 0
2000135 0 0
2000136 0 0
2000137 0 0
2000138 0 0
2000139 0 0
2000140 0 0
2000141 0 0
2000142 0 0
2000143 0 0
2000144 0 0
2000145 0 0
2000146 0 0
2000147 0 0
2000148 0 0
2000149 0 0
2000150 0 0
2000151 0 0
2000152 0 0
2000153 0 0
2000154 0 0
2000155 0 0
2000156 0 0
2000157 0 0
2000158 0 0
2000159 0 0
2000160 0 0
2000161 0 0
2000162 0 0
2000163 0 0
2000164 0 0
2000165 0 0
2000166 0 0
2000167 0 0
2000168 0 0
2000169 0 0
2000170 0 0
2000171 0 0
2000172 0 0
2000173 0 0
2000174 0 0
2000175 0 0
2000176 0 0
2000177 0 0
2000178 0 0
2000179 0 0
2000180 0 0
2000181 0 0
2000182 0 0
2000183 0 0
2000184 0 0
2000185 0 0
2000186 0 0
2000187 0 0
2000188 0 0
2000189 0 0
2000190 0 0
2000191 0 0
2000192 0 0
2000193 0 0
2000194 0 0
2000195 0 0
2000196 0 0
2000197 0 0
2000198 0 0
2000199 0 0
2000200 0 0
2000201 0 0
2000202 0 0
2000203 0 0
2000204 0 0
2000205 0 0
2000206 0 0
2000207 0 0
2000208 0 0
2000209 0 0
2000210 0 0
2000211 0 0
2000212 0 0
2000213 0 0
2000214 0 0
2000215 0 0
2000216 0 0
2000217 0 0
2000218 0 0
2000219 0 0
2000220 0 0
2000221 0 0
2000222 0 0
2000223 0 0
2000224 0 0
2000225 0 0
2000226 0 0
2000227 0 0
2000228 0 0
2000229 0 0
2000230 0 0
2000231 0 0
2000232 0 0
2000233 0 0
2000234 0 0
2000235 0 0
2000236 0 0
2000237 0 0
2000238 0 0
2000239 0 0
2000240 0 0
2000241 0 0
2000242 0 0
2000243 0 0
2000244 0 0
2000245 0 0
2000246 0 0
2000247 0 0
2000248 0 0
2000249 0 0
2000250 0 0
2000251 0 0
2000252 0 0
2000253 0 0
2000254 0 0
2000255 0 0
2000256 0 0
2000257 0 0
2000258 0 0
2000259 0 0
2000260 0 0
2000261 0 0
2000262 0 0
2000263 0 0
2000264 0 0
2000265 0 0
2000266 0 0
2000267 0 0
2000268 0 0
2000269 0 0
2000270 0 0
2000271 0 0
2000272 0 0
2000273 0 0
2000274 0 0
2000275 0 0
2000276 0 0
2000277 0 0
2000278 0 0
2000279 0 0
2000280 0 0
2000281 0 0
2000282 0 0
2000283 0 0
2000284 0 0
2000285 0 0
2000286 0 0
2000287 0 0
2000288 0 0
2000289 0 0
2000290 0 0
2000291 0 0
2000292 0 0
2000293 0 0
2000294 0 0
2000295 0 0
2000296 0 0
2000297 0 0
2000298 0 0
2000299 0 0
2000300 0 0
2000301 0 0
2000302 0 0
2000303 0 0
2000304 0 0
2000305 0 0
2000306 0 0
2000307 0 0
2000308 0 0
2000309 0 0
2000310 0 0
2000311 0 0
2000312 0 0
2000313 0 0
2000314 0 0
2000315 0 0
2000316 0 0
2000317 0 0
2000318 0 0
2000319 0 0
2000320 0 0
2000321 0 0
2000322 0 0
2000323 0 0
2000324 0 0
2000325 0 0
2000326 0 0
2000327 0 0
2000328 0 0
2000329 0 0
2000330 0 0
2000331 0 0
2000332 0 0
2000333 0 0
2000334 0 0
2000335 0 0
2000336 0 0
2000337 0 0
2000338 0 0
2000339 0 0
2000340 0 0
2000341 0 0
2000342 0 0
2000343 0 0
2000344 0 0
2000345 0 0
2000346 0 0
2000347 0 0
2000348 0 0
2000349 0 0
2000350 0 0
2000351 0 0
2000352 0 0
2000353 0 0
2000354 0 0
2000355 0 0
2000356 0 0
2000357 0 0
2000358 0 0
2000359 0 0
2000360 0 0
2000361 0 0
2000362 0 0
2000363 0 0
2000364 0 0
2000365 0 0
2000366 0 0
2000367 0 0
2000368 0 0
2000369 0 0
2000370 0 0
2000371 0 0
2000372 0 0
2000373 0 0
2000374 0 0
2000375 0 0
2000376 0 0
2000377 0 0
2000378 0 0
2000379 0 0
2000380 0 0
2000381 0 0
2000382 0 0
2000383 0 0
2000384 0 0
2000385 0 0
2000386 0 0
2000387 0 0
2000388 0 0
2000389 0 0
2000390 0 0
2000391 0 0
2000392 0 0
2000393 0 0
2000394 0 0
2000395 0 0
2000396 0 0
2000397 0 0
2000398 0 0
2000399 0 0
2000400 0 0
2000401 0 0
2000402 0 0
2000403 0 0
2000404 0 0
2000405 0 0
2000406 0 0
2000407 0 0
2000408 0 0
2000409 0 0
2000410 0 0
2000411 0 0
2000412 0 0
2000413 0 0
2000414 0 0
2000415 0 0
2000416 0 0
2000417 0 0
2000418 0 0
2000419 0 0
2000420 0 0
2000421 0 0
2000422 0 0
2000423 0 0
2000424 0 0
2000425 0 0
2000426 0 0
2000427 0 0
2000428 0 0
2000429 0 0
2000430 0 0
2000431 0 0
2000432 0 0
2000433 0 0
2000434 0 0
2000435 0 0
2000436 0 0
2000437 0 0
2000438 0 0
2000439 0 0
2000440 0 0
2000441 0 0
2000442 0 0
2000443 0 0
2000444 0 0
2000445 0 0
2000446 0 0
2000447 0 0
2000448 0 0
2000449 0 0
2000450 0 0
2000451 0 0
2000452 0 0
2000453 0 0
2000454 0 0
2000455 0 0
2000456 0 0
2000457 0 0
2000458 0 0
2000459 0 0
2000460 0 0
2000461 0 0
2000462 0 0
2000463 0 0
2000464 0 0
2000465 0 0
2000466 0 0
2000467 0 0
2000468 0 0
2000469 0 0
2000470 0 0
2000471 0 0
2000472 0 0
2000473 0 0
2000474 0 0
2000475 0 0
2000476 0 0
2000477 0 0
2000478 0 0
2000479 0 0
2000480 0 0
2000481 0 0
2000482 0 0
2000483 0 0
2000484 0 0
2000485 0 0
2000486 0 0
2000487 0 0
2000488 0 0
2000489 0 0
2000490 0 0
2000491 0 0
2000492 0 0
2000493 0 0
2000494 0 0
2000495 0 0
2000496 0 0
2000497 0 0
2000498 0 0
2000499 0 0
2000500 0 0
2000501 0 0
2000502 0 0
2000503 0 0
2000504 0 0
2000505 0 0
2000506 0 0
2000507 0 0
2000508 0 0
2000509 0 0
2000510 0 0
2000511 0 0
2000512 0 0
2000513 0 0
2000514 0 0
2000515 0 0
2000516 0 0
2000517 0 0
2000518 0 0
2000519 0 0
2000520 0 0
2000521 0 0
2000522 0 0
2000523 0 0
2000524 0 0
2000525 0 0
2000526 0 0
2000527 0 0
2000528 0 0
2000529 0 0
2000530 0 0
2000531 0 0
2000532 0 0
2000533 0 0
2000534 0 0
2000535 0 0
2000536 0 0
2000537 0 0
2000538 0 0
2000539 0 0
2000540 0 0
2000541 0 0
2000542 0 0
2000543 0 0
2000544 0 0
2000545 0 0
2000546 0 0
2000547 0 0
2000548 0 0
2000549 0 0
2000550 0 0
2000551 0 0
2000552 0 0
2000553 0 0
2000554 0 0
2000555 0 0
2000556 0 0
2000557 0 0
2000558 0 0
2000559 0 0
2000560 0 0
2000561 0 0
2000562 0 0
2000563 0 0
2000564 0 0
2000565 0 0
2000566 0 0
2000567 0 0
2000568 0 0
2000569 0 0
2000570 0 0
2000571 0 0
2000572 0 0
2000573 0 0
2000574 0 0
2000575 0 0
2000576 0 0
2000577 0 0
2000578 0 0
2000579 0 0
2000580 0 0
2000581 0 0
2000582 0 0
2000583 0 0
2000584 0 0
2000585 0 0
2000586 0 0
2000587 0 0
2000588 0 0
2000589 0 0
2000590 0 0
2000591 0 0
2000592 0 0
2000593 0 0
2000594 0 0
2000595 0 0
2000596 0 0
2000597 0 0
2000598 0 0
2000599 0 0
2000600 0 0
2000601 0 0
2000602 0 0
2000603 0 0
2000604 0 0
2000605 0 0
2000606 0 0
2000607 0 0
2000608 0 0
2000609 0 0
2000610 0 0
2000611 0 0
2000612 0 0
2000613 0 0
2000614 0 0
2000615 0 0
2000616 0 0
2000617 0 0
2000618 0 0
2000619 0 0
2000620 0 0
2000621 0 0
2000622 0 0
2000623 0 0
2000624 0 0
2000625 0 0
2000626 0 0
2000627 0 0
2000628 0 0
2000629 0 0
2000630 0 0
2000631 0 0
2000632 0 0
2000633 0 0
2000634 0 0
2000635 0 0
2000636 0 0
2000637 0 0
2000638 0 0
2000639 0 0
2000640 0 0
2000641 0 0
2000642 0 0
2000643 0 0
2000644 0 0
2000645 0 0
2000646 0 0
2000647 0 0
2000648 0 0
2000649 0 0
2000650 0 0
2000651 0 0
2000652 0 0
2000653 0 0
2000654 0 0
2000655 0 0
2000656 0 0
2000657 0 0
2000658 0 0
2000659 0 0
2000660 0 0
2000661 0 0
2000662 0 0
2000663 0 0
2000664 0 0
2000665 0 0
2000666 0 0
2000667 0 0
2000668 0 0
2000669 0 0
2000670 0 0
2000671 0 0
2000672 0 0
2000673 0 0
2000674 0 0
2000675 0 0
2000676 0 0
2000677 0 0
2000678 0 0
2000679 0 0
2000680 0 0
2000681 0 0
2000682 0 0
2000683 0 0
2000684 0 0
2000685 0 0
2000686 0 0
2000687 0 0
2000688 0 0
2000689 0 0
2000690 0 0
2000691 0 0
2000692 0 0
2000693 0 0
2000694 0 0
2000695 0 0
2000696 0 0
2000697 0 0
2000698 0 0
2000699 0 0
2000700 0 0
2000701 0 0
2000702 0 0
2000703 0 0
2000704 0 0
2000705 0 0
2000706 0 0
2000707 0 0
2000708 0 0
2000709 0 0
2000710 0 0
2000711 0 0
2000712 0 0
2000713 0 0
2000714 0 0
2000715 0 0
2000716 0 0
2000717 0 0
2000718 0 0
2000719 0 0
2000720 0 0
2000721 0 0
2000722 0 0
2000723 0 0
2000724 0 0
2000725 0 0
2000726 0 0
2000727 0 0
2000728 0 0
2000729 0 0
2000730 0 0
2000731 0 0
2000732 0 0
2000733 0 0
2000734 0 0
2000735 0 0
2000736 0 0
2000737 0 0
2000738 0 0
2000739 0 0
2000740 0 0
2000741 0 0
2000742 0 0
2000743 0 0
2000744 0 0
2000745 0 0
2000746 0 0
2000747 0 0
2000748 0 0
2000749 0 0
2000750 0 0
2000751 0 0
2000752 0 0
2000753 0 0
2000754 0 0
2000755 0 0
2000756 0 0
2000757 0 0
2000758 0 0
2000759 0 0
2000760 0 0
2000761 0 0
2000762 0 0
2000763 0 0
2000764 0 0
2000765 0 0
2000766 0 0
2000767 0 0
2000768 0 0
2000769 0 0
2000770 0 0
2000771 0 0
2000772 0 0
2000773 0 0
2000774 0 0
2000775 0 0
2000776 0 0
2000777 0 0
2000778 0 0
2000779 0 0
2000780 0 0
2000781 0 0
2000782 0 0
2000783 0 0
2000784 0 0
2000785 0 0
2000786 0 0
2000787 0 0
2000788 0 0
2000789 0 0
2000790 0 0
2000791 0 0
2000792 0 0
2000793 0 0
2000794 0 0
2000795 0 0
2000796 0 0
2000797 0 0
2000798 0 0
2000799 0 0
2000800 0 0
2000801 0 0
2000802 0 0
2000803 0 0
2000804 0 0
2000805 0 0
2000806 0 0
2000807 0 0
2000808 0 0
2000809 0 0
2000810 0 0
2000811 0 0
2000812 0 0
2000813 0 0
2000814 0 0
2000815 0 0
2000816 0 0
2000817 0 0
2000818 0 0
2000819 0 0
2000820 0 0
2000821 0 0
2000822 0 0
2000823 0 0
2000824 0 0
2000825 0 0
2000826 0 0
2000827 0 0
2000828 0 0
2000829 0 0
2000830 0 0
2000831 0 0
2000832 0 0
2000833 0 0
2000834 0 0
2000835 0 0
2000836 0 0
2000837 0 0
2000838 0 0
2000839 0 0
2000840 0 0
2000841 0 0
2000842 0 0
2000843 0 0
2000844 0 0
2000845 0 0
2000846 0 0
2000847 0 0
2000848 0 0
2000849 0 0
2000850 0 0
2000851 0 0
2000852 0 0
2000853 0 0
2000854 0 0
2000855 0 0
2000856 0 0
2000857 0 0
2000858 0 0
2000859 0 0
2000860 0 0
2000861 0 0
2000862 0 0
2000863 0 0
2000864 0 0
2000865 0 0
2000866 0 0
2000867 0 0
2000868 0 0
2000869 0 0
2000870 0 0
2000871 0 0
2000872 0 0
2000873 0 0
2000874 0 0
2000875 0 0
2000876 0 0
2000877 0 0
2000878 0 0
2000879 0 0
2000880 0 0
2000881 0 0
2000882 0 0
2000883 0 0
2000884 0 0
2000885 0 0
2000886 0 0
2000887 0 0
2000888 0 0
2000889 0 0
2000890 0 0
2000891 0 0
2000892 0 0
2000893 0 0
2000894 0 0
2000895 0 0
2000896 0 0
2000897 0 0
2000898 0 0
2000899 0 0
2000900 0 0
2000901 0 0
2000902 0 0
2000903 0 0
2000904 0 0
2000905 0 0
2000906 0 0
2000907 0 0
2000908 0 0
2000909 0 0
2000910 0 0
2000911 0 0
2000912 0 0
2000913 0 0
2000914 0 0
2000915 0 0
2000916 0 0
2000917 0 0
2000918 0 0
2000919 0 0
2000920 0 0
2000921 0 0
2000922 0 0
2000923 0 0
2000924 0 0
2000925 0 0
2000926 0 0
2000927 0 0
2000928 0 0
2000929 0 0
2000930 0 0
2000931 0 0
2000932 0 0
2000933 0 0
2000934 0 0
2000935 0 0
2000936 0 0
2000937 0 0
2000938 0 0
2000939 0 0
2000940 0 0
2000941 0 0
2000942 0 0
2000943 0 0
2000944 0 0
2000945 0 0
2000946 0 0
2000947 0 0
2000948 0 0
2000949 0 0
2000950 0 0
2000951 0 0
2000952 0 0
2000953 0 0
2000954 0 0
2000955 0 0
2000956 0 0
2000957 0 0
2000958 0 0
2000959 0 0
2000960 0 0
2000961 0 0
2000962 0 0
2000963 0 0
2000964 0 0
2000965 0 0
2000966 0 0
2000967 0 0
2000968 0 0
2000969 0 0
2000970 0 0
2000971 0 0
2000972 0 0
2000973 0 0
2000974 0 0
2000975 0 0
2000976 0 0
2000977 0 0
2000978 0 0
2000979 0 0
2000980 0 0
2000981 0 0
2000982 0 0
2000983 0 0
2000984 0 0
2000985 0 0
2000986 0 0
2000987 0 0
2000988 0 0
2000989 0 0
2000990 0 0
2000991 0 0
2000992 0 0
2000993 0 0
2000994 0 0
2000995 0 0
2000996 0 0
2000997 0 0
2000998 0 0
2000999 0 0
2001000 0 0
2001001 0 0
2001002 0 0
2001003 0 0
2001004 0 0
2001005 0 0
2001006 0 0
2001007 0 0
2001008 0 0
2001009 0 0
2001010 0 0
2001011 0 0
2001012 0 0
2001013 0 0
2001014 0 0
2001015 0 0
2001016 0 0
2001017 0 0
2001018 0 0
2001019 0 0
2001020 0 0
2001021 0 0
2001022 0 0
2001023 0 0
2001024 0 0
2001025 0 0
2001026 0 0
2001027 0 0
2001028 0 0
2001029 0 0
2001030 0 0
2001031 0 0
2001032 0 0
2001033 0 0
2001034 0 0
2001035 0 0
2001036 0 0
2001037 0 0
2001038 0 0
2001039 0 0
2001040 0 0
2001041 0 0
2001042 0 0
2001043 0 0
2001044 0 0
2001045 0 0
2001046 0 0
2001047 0 0
2001048 0 0
2001049 0 0
2001050 0 0
2001051 0 0
2001052 0 0
2001053 0 0
2001054 0 0
2001055 0 0
2001056 0 0
2001057 0 0
2001058 0 0
2001059 0 0
2001060 0 0
2001061 0 0
2001062 0 0
2001063 0 0
2001064 0 0
2001065 0 0
2001066 0 0
2001067 0 0
2001068 0 0
2001069 0 0
2001070 0 0
2001071 0 0
2001072 0 0
2001073 0 0
2001074 0 0
2001075 0 0
2001076 0 0
2001077 0 0
2001078 0 0
2001079 0 0
2001080 0 0
2001081 0 0
2001082 0 0
2001083 0 0
2001084 0 0
2001085 0 0
2001086 0 0
2001087 0 0
2001088 0 0
2001089 0 0
2001090 0 0
2001091 0 0
2001092 0 0
2001093 0 0
2001094 0 0
2001095 0 0
2001096 0 0
2001097 0 0
2001098 0 0
2001099 0 0
2001100 0 0
2001101 0 0
2001102 0 0
2001103 0 0
2001104 0 0
2001105 0 0
2001106 0 0
2001107 0 0
2001108 0 0
2001109 0 0
2001110 0 0
2001111 0 0
2001112 0 0
2001113 0 0
2001114 0 0
2001115 0 0
2001116 0 0
2001117 0 0
2001118 0 0
2001119 0 0
2001120 0 0
2001121 0 0
2001122 0 0
2001123 0 0
2001124 0 0
2001125 0 0
2001126 0 0
2001127 0 0
2001128 0 0
2001129 0 0
2001130 0 0
2001131 0 0
2001132 0 0
2001133 0 0
2001134 0 0
2001135 0 0
2001136 0 0
2001137 0 0
2001138 0 0
2001139 0 0
2001140 0 0
2001141 0 0
2001142 0 0
2001143 0 0
2001144 0 0
2001145 0 0
2001146 0 0
2001147 0 0
2001148 0 0
2001149 0 0
2001150 0 0
2001151 0 0
2001152 0 0
2001153 0 0
2001154 0 0
2001155 0 0
2001156 0 0
2001157 0 0
2001158 0 0
2001159 0 0
2001160 0 0
2001161 0 0
2001162 0 0
2001163 0 0
2001164 0 0
2001165 0 0
2001166 0 0
2001167 0 0
2001168 0 0
2001169 0 0
2001170 0 0
2001171 0 0
2001172 0 0
2001173 0 0
2001174 0 0
2001175 0 0
2001176 0 0
2001177 0 0
2001178 0 0
2001179 0 0
2001180 0 0
2001181 0 0
2001182 0 0
2001183 0 0
2001184 0 0
2001185 0 0
2001186 0 0
2001187 0 0
2001188 0 0
2001189 0 0
2001190 0 0
2001191 0 0
2001192 0 0
2001193 0 0
2001194 0 0
2001195 0 0
2001196 0 0
2001197 0 0
2001198 0 0
2001199 0 0
2001200 0 0
2001201 0 0
2001202 0 0
2001203 0 0
2001204 0 0
2001205 0 0
2001206 0 0
2001207 0 0
2001208 0 0
2001209 0 0
2001210 0 0
2001211 0 0
2001212 0 0
2001213 0 0
2001214 0 0
2001215 0 0
2001216 0 0
2001217 0 0
2001218 0 0
2001219 0 0
2001220 0 0
2001221 0 0
2001222 0 0
2001223 0 0
2001224 0 0
2001225 0 0
2001226 0 0
2001227 0 0
2001228 0 0
2001229 0 0
2001230 0 0
2001231 0 0
2001232 0 0
2001233 0 0
2001234 0 0
2001235 0 0
2001236 0 0
2001237 0 0
2001238 0 0
2001239 0 0
2001240 0 0
2001241 0 0
2001242 0 0
2001243 0 0
2001244 0 0
2001245 0 0
2001246 0 0
2001247 0 0
2001248 0 0
2001249 0 0
2001250 0 0
2001251 0 0
2001252 0 0
2001253 0 0
2001254 0 0
2001255 0 0
2001256 0 0
2001257 0 0
2001258 0 0
2001259 0 0
2001260 0 0
2001261 0 0
2001262 0 0
2001263 0 0
2001264 0 0
2001265 0 0
2001266 0 0
2001267 0 0
2001268 0 0
2001269 0 0
2001270 0 0
2001271 0 0
2001272 0 0
2001273 0 0
2001274 0 0
2001275 0 0
2001276 0 0
2001277 0 0
2001278 0 0
2001279 0 0
2001280 0 0
2001281 0 0
2001282 0 0
2001283 0 0
2001284 0 0
2001285 0 0
2001286 0 0
2001287 0 0
2001288 0 0
2001289 0 0
2001290 0 0
2001291 0 0
2001292 0 0
2001293 0 0
2001294 0 0
2001295 0 0
2001296 0 0
2001297 0 0
2001298 0 0
2001299 0 0
2001300 0 0
2001301 0 0
2001302 0 0
2001303 0 0
2001304 0 0
2001305 0 0
2001306 0 0
2001307 0 0
2001308 0 0
2001309 0 0
2001310 0 0
2001311 0 0
2001312 0 0
2001313 0 0
2001314 0 0
2001315 0 0
2001316 0 0
2001317 0 0
2001318 0 0
2001319 0 0
2001320 0 0
2001321 0 0
2001322 0 0
2001323 0 0
2001324 0 0
2001325 0 0
2001326 0 0
2001327 0 0
2001328 0 0
2001329 0 0
2001330 0 0
2001331 0 0
2001332 0 0
2001333 0 0
2001334 0 0
2001335 0 0
2001336 0 0
2001337 0 0
2001338 0 0
2001339 0 0
2001340 0 0
2001341 0 0
2001342 0 0
2001343 0 0
2001344 0 0
2001345 0 0
2001346 0 0
2001347 0 0
2001348 0 0
2001349 0 0
2001350 0 0
2001351 0 0
2001352 0 0
2001353 0 0
2001354 0 0
2001355 0 0
2001356 0 0
2001357 0 0
2001358 0 0
2001359 0 0
2001360 0 0
2001361 0 0
2001362 0 0
2001363 0 0
2001364 0 0
2001365 0 0
2001366 0 0
2001367 0 0
2001368 0 0
2001369 0 0
2001370 0 0
2001371 0 0
2001372 0 0
2001373 0 0
2001374 0 0
2001375 0 0
2001376 0 0
2001377 0 0
2001378 0 0
2001379 0 0
2001380 0 0
2001381 0 0
2001382 0 0
2001383 0 0
2001384 0 0
2001385 0 0
2001386 0 0
2001387 0 0
2001388 0 0
2001389 0 0
2001390 0 0
2001391 0 0
2001392 0 0
2001393 0 0
2001394 0 0
2001395 0 0
2001396 0 0
2001397 0 0
2001398 0 0
2001399 0 0
2001400 0 0
2001401 0 0
2001402 0 0
2001403 0 0
2001404 0 0
2001405 0 0
2001406 0 0
2001407 0 0
2001408 0 0
2001409 0 0
2001410 0 0
2001411 0 0
2001412 0 0
2001413 0 0
2001414 0 0
2001415 0 0
2001416 0 0
2001417 0 0
2001418 0 0
2001419 0 0
2001420 0 0
2001421 0 0
2001422 0 0
2001423 0 0
2001424 0 0
2001425 0 0
2001426 0 0
2001427 0 0
2001428 0 0
2001429 0 0
2001430 0 0
2001431 0 0
2001432 0 0
2001433 0 0
2001434 0 0
2001435 0 0
2001436 0 0
2001437 0 0
2001438 0 0
2001439 0 0
2001440 0 0
2001441 0 0
2001442 0 0
2001443 0 0
2001444 0 0
2001445 0 0
2001446 0 0
2001447 0 0
2001448 0 0
2001449 0 0
2001450 0 0
2001451 0 0
2001452 0 0
2001453 0 0
2001454 0 0
2001455 0 0
2001456 0 0
2001457 0 0
2001458 0 0
2001459 0 0
2001460 0 0
2001461 0 0
2001462 0 0
2001463 0 0
2001464 0 0
2001465 0 0
2001466 0 0
2001467 0 0
2001468 0 0
2001469 0 0
2001470 0 0
2001471 0 0
2001472 0 0
2001473 0 0
2001474 0 0
2001475 0 0
2001476 0 0
2001477 0 0
2001478 0 0
2001479 0 0
2001480 0 0
2001481 0 0
2001482 0 0
2001483 0 0
2001484 0 0
2001485 0 0
2001486 0 0
2001487 0 0
2001488 0 0
2001489 0 0
2001490 0 0
2001491 0 0
2001492 0 0
2001493 0 0
2001494 0 0
2001495 0 0
2001496 0 0
2001497 0 0
2001498 0 0
2001499 0 0
2001500 0 0
2001501 0 0
2001502 0 0
2001503 0 0
2001504 0 0
2001505 0 0
2001506 0 0
2001507 0 0
2001508 0 0
2001509 0 0
2001510 0 0
2001511 0 0
2001512 0 0
2001513 0 0
2001514 0 0
2001515 0 0
2001516 0 0
2001517 0 0
2001518 0 0
2001519 0 0
2001520 0 0
2001521 0 0
2001522 0 0
2001523 0 0
2001524 0 0
2001525 0 0
2001526 0 0
2001527 0 0
2001528 0 0
2001529 0 0
2001530 0 0
2001531 0 0
2001532 0 0
2001533 0 0
2001534 0 0
2001535 0 0
2001536 0 0
2001537 0 0
2001538 0 0
2001539 0 0
2001540 0 0
2001541 0 0
2001542 0 0
2001543 0 0
2001544 0 0
2001545 0 0
2001546 0 0
2001547 0 0
2001548 0 0
2001549 0 0
2001550 0 0
2001551 0 0
2001552 0 0
2001553 0 0
2001554 0 0
2001555 0 0
2001556 0 0
2001557 0 0
2001558 0 0
2001559 0 0
2001560 0 0
2001561 0 0
2001562 0 0
2001563 0 0
2001564 0 0
2001565 0 0
2001566 0 0
2001567 0 0
2001568 0 0
2001569 0 0
2001570 0 0
2001571 0 0
2001572 0 0
2001573 0 0
2001574 0 0
2001575 0 0
2001576 0 0
2001577 0 0
2001578 0 0
2001579 0 0
2001580 0 0
2001581 0 0
2001582 0 0
2001583 0 0
2001584 0 0
2001585 0 0
2001586 0 0
2001587 0 0
2001588 0 0
2001589 0 0
2001590 0 0
2001591 0 0
2001592 0 0
2001593 0 0
2001594 0 0
2001595 0 0
2001596 0 0
2001597 0 0
2001598 0 0
2001599 0 0
2001600 0 0
2001601 0 0
2001602 0 0
2001603 0 0
2001604 0 0
2001605 0 0
2001606 0 0
2001607 0 0
2001608 0 0
2001609 0 0
2001610 0 0
2001611 0 0
2001612 0 0
2001613 0 0
2001614 0 0
2001615 0 0
2001616 0 0
2001617 0 0
2001618 0 0
2001619 0 0
2001620 0 0
2001621 0 0
2001622 0 0
2001623 0 0
2001624 0 0
2001625 0 0
2001626 0 0
2001627 0 0
2001628 0 0
2001629 0 0
2001630 0 0
2001631 0 0
2001632 0 0
2001633 0 0
2001634 0 0
2001635 0 0
2001636 0 0
2001637 0 0
2001638 0 0
2001639 0 0
2001640 0 0
2001641 0 0
2001642 0 0
2001643 0 0
2001644 0 0
2001645 0 0
2001646 0 0
2001647 0 0
2001648 0 0
2001649 0 0
2001650 0 0
2001651 0 0
2001652 0 0
2001653 0 0
2001654 0 0
2001655 0 0
2001656 0 0
2001657 0 0
2001658 0 0
2001659 0 0
2001660 0 0
2001661 0 0
2001662 0 0
2001663 0 0
2001664 0 0
2001665 0 0
2001666 0 0
2001667 0 0
2001668 0 0
2001669 0 0
2001670 0 0
2001671 0 0
2001672 0 0
2001673 0 0
2001674 0 0
2001675 0 0
2001676 0 0
2001677 0 0
2001678 0 0
2001679 0 0
2001680 0 0
2001681 0 0
2001682 0 0
2001683 0 0
2001684 0 0
2001685 0 0
2001686 0 0
2001687 0 0
2001688 0 0
2001689 0 0
2001690 0 0
2001691 0 0
2001692 0 0
2001693 0 0
2001694 0 0
2001695 0 0
2001696 0 0
2001697 0 0
2001698 0 0
2001699 0 0
2001700 0 0
2001701 0 0
2001702 0 0
2001703 0 0
2001704 0 0
2001705 0 0
2001706 0 0
2001707 0 0
2001708 0 0
2001709 0 0
2001710 0 0
2001711 0 0
2001712 0 0
2001713 0 0
2001714 0 0
2001715 0 0
2001716 0 0
2001717 0 0
2001718 0 0
2001719 0 0
2001720 0 0
2001721 0 0
2001722 0 0
2001723 0 0
2001724 0 0
2001725 0 0
2001726 0 0
2001727 0 0
2001728 0 0
2001729 0 0
2001730 0 0
2001731 0 0
2001732 0 0
2001733 0 0
2001734 0 0
2001735 0 0
2001736 0 0
2001737 0 0
2001738 0 0
2001739 0 0
2001740 0 0
2001741 0 0
2001742 0 0
2001743 0 0
2001744 0 0
2001745 0 0
2001746 0 0
2001747 0 0
2001748 0 0
2001749 0 0
2001750 0 0
2001751 0 0
2001752 0 0
2001753 0 0
2001754 0 0
2001755 0 0
2001756 0 0
2001757 0 0
2001758 0 0
2001759 0 0
2001760 0 0
2001761 0 0
2001762 0 0
2001763 0 0
2001764 0 0
2001765 0 0
2001766 0 0
2001767 0 0
2001768 0 0
2001769 0 0
2001770 0 0
2001771 0 0
2001772 0 0
2001773 0 0
2001774 0 0
2001775 0 0
2001776 0 0
2001777 0 0
2001778 0 0
2001779 0 0
2001780 0 0
2001781 0 0
2001782 0 0
2001783 0 0
2001784 0 0
2001785 0 0
2001786 0 0
2001787 0 0
2001788 0 0
2001789 0 0
2001790 0 0
2001791 0 0
2001792 0 0
2001793 0 0
2001794 0 0
2001795 0 0
2001796 0 0
2001797 0 0
2001798 0 0
2001799 0 0
2001800 0 0
2001801 0 0
2001802 0 0
2001803 0 0
2001804 0 0
2001805 0 0
2001806 0 0
2001807 0 0
2001808 0 0
2001809 0 0
2001810 0 0
2001811 0 0
2001812 0 0
2001813 0 0
2001814 0 0
2001815 0 0
2001816 0 0
2001817 0 0
2001818 0 0
2001819 0 0
2001820 0 0
2001821 0 0
2001822 0 0
2001823 0 0
2001824 0 0
2001825 0 0
2001826 0 0
2001827 0 0
2001828 0 0
2001829 0 0
2001830 0 0
2001831 0 0
2001832 0 0
2001833 0 0
2001834 0 0
2001835 0 0
2001836 0 0
2001837 0 0
2001838 0 0
2001839 0 0
2001840 0 0
2001841 0 0
2001842 0 0
2001843 0 0
2001844 0 0
2001845 0 0
2001846 0 0
2001847 0 0
2001848 0 0
2001849 0 0
2001850 0 0
2001851 0 0
2001852 0 0
2001853 0 0
2001854 0 0
2001855 0 0
2001856 0 0
2001857 0 0
2001858 0 0
2001859 0 0
2001860 0 0
2001861 0 0
2001862 0 0
2001863 0 0
2001864 0 0
2001865 0 0
2001866 0 0
2001867 0 0
2001868 0 0
2001869 0 0
2001870 0 0
2001871 0 0
2001872 0 0
2001873 0 0
2001874 0 0
2001875 0 0
2001876 0 0
2001877 0 0
2001878 0 0
2001879 0 0
2001880 0 0
2001881 0 0
2001882 0 0
2001883 0 0
2001884 0 0
2001885 0 0
2001886 0 0
2001887 0 0
2001888 0 0
2001889 0 0
2001890 0 0
2001891 0 0
2001892 0 0
2001893 0 0
2001894 0 0
2001895 0 0
2001896 0 0
2001897 0 0
2001898 0 0
2001899 0 0
2001900 0 0
2001901 0 0
2001902 0 0
2001903 0 0
2001904 0 0
2001905 0 0
2001906 0 0
2001907 0 0
2001908 0 0
2001909 0 0
2001910 0 0
2001911 0 0
2001912 0 0
2001913 0 0
2001914 0 0
2001915 0 0
2001916 0 0
2001917 0 0
2001918 0 0
2001919 0 0
2001920 0 0
2001921 0 0
2001922 0 0
2001923 0 0
2001924 0 0
2001925 0 0
2001926 0 0
2001927 0 0
2001928 0 0
2001929 0 0
2001930 0 0
2001931 0 0
2001932 0 0
2001933 0 0
2001934 0 0
2001935 0 0
2001936 0 0
2001937 0 0
2001938 0 0
2001939 0 0
2001940 0 0
2001941 0 0
2001942 0 0
2001943 0 0
2001944 0 0
2001945 0 0
2001946 0 0
2001947 0 0
2001948 0 0
2001949 0 0
2001950 0 0
2001951 0 0
2001952 0 0
2001953 0 0
2001954 0 0
2001955 0 0
2001956 0 0
2001957 0 0
2001958 0 0
2001959 0 0
2001960 0 0
2001961 0 0
2001962 0 0
2001963 0 0
2001964 0 0
2001965 0 0
2001966 0 0
2001967 0 0
2001968 0 0
2001969 0 0
2001970 0 0
2001971 0 0
2001972 0 0
2001973 0 0
2001974 0 0
2001975 0 0
2001976 0 0
2001977 0 0
2001978 0 0
2001979 0 0
2001980 0 0
2001981 0 0
2001982 0 0
2001983 0 0
2001984 0 0
2001985 0 0
2001986 0 0
2001987 0 0
2001988 0 0
2001989 0 0
2001990 0 0
2001991 0 0
2001992 0 0
2001993 0 0
2001994 0 0
2001995 0 0
2001996 0 0
2001997 0 0
2001998 0 0
2001999 0 0
2002000 0 0
2002001 0 0
2002002 0 0
2002003 0 0
2002004 0 0
2002005 0 0
2002006 0 0
2002007 0 0
2002008 0 0
2002009 0 0
2002010 0 0
2002011 0 0
2002012 0 0
2002013 0 0
2002014 0 0
2002015 0 0
2002016 0 0
2002017 0 0
2002018 0 0
2002019 0 0
2002020 0 0
2002021 0 0
2002022 0 0
2002023 0 0
2002024 0 0
2002025 0 0
2002026 0 0
2002027 0 0
2002028 0 0
2002029 0 0
2002030 0 0
2002031 0 0
2002032 0 0
2002033 0 0
2002034 0 0
2002035 0 0
2002036 0 0
2002037 0 0
2002038 0 0
2002039 0 0
2002040 0 0
2002041 0 0
2002042 0 0
2002043 0 0
2002044 0 0
2002045 0 0
2002046 0 0
2002047 0 0
2002048 0 0
2002049 0 0
2002050 0 0
2002051 0 0
2002052 0 0
2002053 0 0
2002054 0 0
2002055 0 0
2002056 0 0
2002057 0 0
2002058 0 0
2002059 0 0
2002060 0 0
2002061 0 0
2002062 0 0
2002063 0 0
2002064 0 0
2002065 0 0
2002066 0 0
2002067 0 0
2002068 0 0
2002069 0 0
2002070 0 0
2002071 0 0
2002072 0 0
2002073 0 0
2002074 0 0
2002075 0 0
2002076 0 0
2002077 0 0
2002078 0 0
2002079 0 0
2002080 0 0
2002081 0 0
2002082 0 0
2002083 0 0
2002084 0 0
2002085 0 0
2002086 0 0
2002087 0 0
2002088 0 0
2002089 0 0
2002090 0 0
2002091 0 0
2002092 0 0
2002093 0 0
2002094 0 0
2002095 0 0
2002096 0 0
2002097 0 0
2002098 0 0
2002099 0 0
2002100 0 0
2002101 0 0
2002102 0 0
2002103 0 0
2002104 0 0
2002105 0 0
2002106 0 0
2002107 0 0
2002108 0 0
2002109 0 0
2002110 0 0
2002111 0 0
2002112 0 0
2002113 0 0
2002114 0 0
2002115 0 0
2002116 0 0
2002117 0 0
2002118 0 0
2002119 0 0
2002120 0 0
2002121 0 0
2002122 0 0
2002123 0 0
2002124 0 0
2002125 0 0
2002126 0 0
2002127 0 0
2002128 0 0
2002129 0 0
2002130 0 0
2002131 0 0
2002132 0 0
2002133 0 0
2002134 0 0
2002135 0 0
2002136 0 0
2002137 0 0
2002138 0 0
2002139 0 0
2002140 0 0
2002141 0 0
2002142 0 0
2002143 0 0
2002144 0 0
2002145 0 0
2002146 0 0
2002147 0 0
2002148 0 0
2002149 0 0
2002150 0 0
2002151 0 0
2002152 0 0
2002153 0 0
2002154 0 0
2002155 0 0
2002156 0 0
2002157 0 0
2002158 0 0
2002159 0 0
2002160 0 0
2002161 0 0
2002162 0 0
2002163 0 0
2002164 0 0
2002165 0 0
2002166 0 0
2002167 0 0
2002168 0 0
2002169 0 0
2002170 0 0
2002171 0 0
2002172 0 0
2002173 0 0
2002174 0 0
2002175 0 0
2002176 0 0
2002177 0 0
2002178 0 0
2002179 0 0
2002180 0 0
2002181 0 0
2002182 0 0
2002183 0 0
2002184 0 0
2002185 0 0
2002186 0 0
2002187 0 0
2002188 0 0
2002189 0 0
2002190 0 0
2002191 0 0
2002192 0 0
2002193 0 0
2002194 0 0
2002195 0 0
2002196 0 0
2002197 0 0
2002198 0 0
2002199 0 0
2002200 0 0
2002201 0 0
2002202 0 0
2002203 0 0
2002204 0 0
2002205 0 0
2002206 0 0
2002207 0 0
2002208 0 0
2002209 0 0
2002210 0 0
2002211 0 0
2002212 0 0
2002213 0 0
2002214 0 0
2002215 0 0
2002216 0 0
2002217 0 0
2002218 0 0
2002219 0 0
2002220 0 0
2002221 0 0
2002222 0 0
2002223 0 0
2002224 0 0
2002225 0 0
2002226 0 0
2002227 0 0
2002228 0 0
2002229 0 0
2002230 0 0
2002231 0 0
2002232 0 0
2002233 0 0
2002234 0 0
2002235 0 0
2002236 0 0
2002237 0 0
2002238 0 0
2002239 0 0
2002240 0 0
2002241 0 0
2002242 0 0
2002243 0 0
2002244 0 0
2002245 0 0
2002246 0 0
2002247 0 0
2002248 0 0
2002249 0 0
2002250 0 0
2002251 0 0
2002252 0 0
2002253 0 0
2002254 0 0
2002255 0 0
2002256 0 0
2002257 0 0
2002258 0 0
2002259 0 0
2002260 0 0
2002261 0 0
2002262 0 0
2002263 0 0
2002264 0 0
2002265 0 0
2002266 0 0
2002267 0 0
2002268 0 0
2002269 0 0
2002270 0 0
2002271 0 0
2002272 0 0
2002273 0 0
2002274 0 0
2002275 0 0
2002276 0 0
2002277 0 0
2002278 0 0
2002279 0 0
2002280 0 0
2002281 0 0
2002282 0 0
2002283 0 0
2002284 0 0
2002285 0 0
2002286 0 0
2002287 0 0
2002288 0 0
2002289 0 0
2002290 0 0
2002291 0 0
2002292 0 0
2002293 0 0
2002294 0 0
2002295 0 0
2002296 0 0
2002297 0 0
2002298 0 0
2002299 0 0
2002300 0 0
2002301 0 0
2002302 0 0
2002303 0 0
2002304 0 0
2002305 0 0
2002306 0 0
2002307 0 0
2002308 0 0
2002309 0 0
2002310 0 0
2002311 0 0
2002312 0 0
2002313 0 0
2002314 0 0
2002315 0 0
2002316 0 0
2002317 0 0
2002318 0 0
2002319 0 0
2002320 0 0
2002321 0 0
2002322 0 0
2002323 0 0
2002324 0 0
2002325 0 0
2002326 0 0
2002327 0 0
2002328 0 0
2002329 0 0
2002330 0 0
2002331 0 0
2002332 0 0
2002333 0 0
2002334 0 0
2002335 0 0
2002336 0 0
2002337 0 0
2002338 0 0
2002339 0 0
2002340 0 0
2002341 0 0
2002342 0 0
2002343 0 0
2002344 0 0
2002345 0 0
2002346 0 0
2002347 0 0
2002348 0 0
2002349 0 0
2002350 0 0
2002351 0 0
2002352 0 0
2002353 0 0
2002354 0 0
2002355 0 0
2002356 0 0
2002357 0 0
2002358 0 0
2002359 0 0
2002360 0 0
2002361 0 0
2002362 0 0
2002363 0 0
2002364 0 0
2002365 0 0
2002366 0 0
2002367 0 0
2002368 0 0
2002369 0 0
2002370 0 0
2002371 0 0
2002372 0 0
2002373 0 0
2002374 0 0
2002375 0 0
2002376 0 0
2002377 0 0
2002378 0 0
2002379 0 0
2002380 0 0
2002381 0 0
2002382 0 0
2002383 0 0
2002384 0 0
2002385 0 0
2002386 0 0
2002387 0 0
2002388 0 0
2002389 0 0
2002390 0 0
2002391 0 0
2002392 0 0
2002393 0 0
2002394 0 0
2002395 0 0
2002396 0 0
2002397 0 0
2002398 0 0
2002399 0 0
2002400 0 0
2002401 0 0
2002402 0 0
2002403 0 0
2002404 0 0
2002405 0 0
2002406 0 0
2002407 0 0
2002408 0 0
2002409 0 0
2002410 0 0
2002411 0 0
2002412 0 0
2002413 0 0
2002414 0 0
2002415 0 0
2002416 0 0
2002417 0 0
2002418 0 0
2002419 0 0
2002420 0 0
2002421 0 0
2002422 0 0
2002423 0 0
2002424 0 0
2002425 0 0
2002426 0 0
2002427 0 0
2002428 0 0
2002429 0 0
2002430 0 0
2002431 0 0
2002432 0 0
2002433 0 0
2002434 0 0
2002435 0 0
2002436 0 0
2002437 0 0
2002438 0 0
2002439 0 0
2002440 0 0
2002441 0 0
2002442 0 0
2002443 0 0
2002444 0 0
2002445 0 0
2002446 0 0
2002447 0 0
2002448 0 0
2002449 0 0
2002450 0 0
2002451 0 0
2002452 0 0
2002453 0 0
2002454 0 0
2002455 0 0
2002456 0 0
2002457 0 0
2002458 0 0
2002459 0 0
2002460 0 0
2002461 0 0
2002462 0 0
2002463 0 0
2002464 0 0
2002465 0 0
2002466 0 0
2002467 0 0
2002468 0 0
2002469 0 0
2002470 0 0
2002471 0 0
2002472 0 0
2002473 0 0
2002474 0 0
2002475 0 0
2002476 0 0
2002477 0 0
2002478 0 0
2002479 0 0
2002480 0 0
2002481 0 0
2002482 0 0
2002483 0 0
2002484 0 0
2002485 0 0
2002486 0 0
2002487 0 0
2002488 0 0
2002489 0 0
2002490 0 0
2002491 0 0
2002492 0 0
2002493 0 0
2002494 0 0
2002495 0 0
2002496 0 0
2002497 0 0
2002498 0 0
2002499 0 0
2002500 0 0
2002501 0 0
2002502 0 0
2002503 0 0
2002504 0 0
2002505 0 0
2002506 0 0
2002507 0 0
2002508 0 0
2002509 0 0
2002510 0 0
2002511 0 0
2002512 0 0
2002513 0 0
2002514 0 0
2002515 0 0
2002516 0 0
2002517 0 0
2002518 0 0
2002519 0 0
2002520 0 0
2002521 0 0
2002522 0 0
2002523 0 0
2002524 0 0
2002525 0 0
2002526 0 0
2002527 0 0
2002528 0 0
2002529 0 0
2002530 0 0
2002531 0 0
2002532 0 0
2002533 0 0
2002534 0 0
2002535 0 0
2002536 0 0
2002537 0 0
2002538 0 0
2002539 0 0
2002540 0 0
2002541 0 0
2002542 0 0
2002543 0 0
2002544 0 0
2002545 0 0
2002546 0 0
2002547 0 0
2002548 0 0
2002549 0 0
2002550 0 0
2002551 0 0
2002552 0 0
2002553 0 0
2002554 0 0
2002555 0 0
2002556 0 0
2002557 0 0
2002558 0 0
2002559 0 0
2002560 0 0
2002561 0 0
2002562 0 0
2002563 0 0
2002564 0 0
2002565 0 0
2002566 0 0
2002567 0 0
2002568 0 0
2002569 0 0
2002570 0 0
2002571 0 0
2002572 0 0
2002573 0 0
2002574 0 0
2002575 0 0
2002576 0 0
2002577 0 0
2002578 0 0
2002579 0 0
2002580 0 0
2002581 0 0
2002582 0 0
2002583 0 0
2002584 0 0
2002585 0 0
2002586 0 0
2002587 0 0
2002588 0 0
2002589 0 0
2002590 0 0
2002591 0 0
2002592 0 0
2002593 0 0
2002594 0 0
2002595 0 0
2002596 0 0
2002597 0 0
2002598 0 0
2002599 0 0
2002600 0 0
2002601 0 0
2002602 0 0
2002603 0 0
2002604 0 0
2002605 0 0
2002606 0 0
2002607 0 0
2002608 0 0
2002609 0 0
2002610 0 0
2002611 0 0
2002612 0 0
2002613 0 0
2002614 0 0
2002615 0 0
2002616 0 0
2002617 0 0
2002618 0 0
2002619 0 0
2002620 0 0
2002621 0 0
2002622 0 0
2002623 0 0
2002624 0 0
2002625 0 0
2002626 0 0
2002627 0 0
2002628 0 0
2002629 0 0
2002630 0 0
2002631 0 0
2002632 0 0
2002633 0 0
2002634 0 0
2002635 0 0
2002636 0 0
2002637 0 0
2002638 0 0
2002639 0 0
2002640 0 0
2002641 0 0
2002642 0 0
2002643 0 0
2002644 0 0
2002645 0 0
2002646 0 0
2002647 0 0
2002648 0 0
2002649 0 0
2002650 0 0
2002651 0 0
2002652 0 0
2002653 0 0
2002654 0 0
2002655 0 0
2002656 0 0
2002657 0 0
2002658 0 0
2002659 0 0
2002660 0 0
2002661 0 0
2002662 0 0
2002663 0 0
2002664 0 0
2002665 0 0
2002666 0 0
2002667 0 0
2002668 0 0
2002669 0 0
2002670 0 0
2002671 0 0
2002672 0 0
2002673 0 0
2002674 0 0
2002675 0 0
2002676 0 0
2002677 0 0
2002678 0 0
2002679 0 0
2002680 0 0
2002681 0 0
2002682 0 0
2002683 0 0
2002684 0 0
2002685 0 0
2002686 0 0
2002687 0 0
2002688 0 0
2002689 0 0
2002690 0 0
2002691 0 0
2002692 0 0
2002693 0 0
2002694 0 0
2002695 0 0
2002696 0 0
2002697 0 0
2002698 0 0
2002699 0 0
2002700 0 0
2002701 0 0
2002702 0 0
2002703 0 0
2002704 0 0
2002705 0 0
2002706 0 0
2002707 0 0
2002708 0 0
2002709 0 0
2002710 0 0
2002711 0 0
2002712 0 0
2002713 0 0
2002714 0 0
2002715 0 0
2002716 0 0
2002717 0 0
2002718 0 0
2002719 0 0
2002720 0 0
2002721 0 0
2002722 0 0
2002723 0 0
2002724 0 0
2002725 0 0
2002726 0 0
2002727 0 0
2002728 0 0
2002729 0 0
2002730 0 0
2002731 0 0
2002732 0 0
2002733 0 0
2002734 0 0
2002735 0 0
2002736 0 0
2002737 0 0
2002738 0 0
2002739 0 0
2002740 0 0
2002741 0 0
2002742 0 0
2002743 0 0
2002744 0 0
2002745 0 0
2002746 0 0
2002747 0 0
2002748 0 0
2002749 0 0
2002750 0 0
2002751 0 0
2002752 0 0
2002753 0 0
2002754 0 0
2002755 0 0
2002756 0 0
2002757 0 0
2002758 0 0
2002759 0 0
2002760 0 0
2002761 0 0
2002762 0 0
2002763 0 0
2002764 0 0
2002765 0 0
2002766 0 0
2002767 0 0
2002768 0 0
2002769 0 0
2002770 0 0
2002771 0 0
2002772 0 0
2002773 0 0
2002774 0 0
2002775 0 0
2002776 0 0
2002777 0 0
2002778 0 0
2002779 0 0
2002780 0 0
2002781 0 0
2002782 0 0
2002783 0 0
2002784 0 0
2002785 0 0
2002786 0 0
2002787 0 0
2002788 0 0
2002789 0 0
2002790 0 0
2002791 0 0
2002792 0 0
2002793 0 0
2002794 0 0
2002795 0 0
2002796 0 0
2002797 0 0
2002798 0 0
2002799 0 0
2002800 0 0
2002801 0 0
2002802 0 0
2002803 0 0
2002804 0 0
2002805 0 0
2002806 0 0
2002807 0 0
2002808 0 0
2002809 0 0
2002810 0 0
2002811 0 0
2002812 0 0
2002813 0 0
2002814 0 0
2002815 0 0
2002816 0 0
2002817 0 0
2002818 0 0
2002819 0 0
2002820 0 0
2002821 0 0
2002822 0 0
2002823 0 0
2002824 0 0
2002825 0 0
2002826 0 0
2002827 0 0
2002828 0 0
2002829 0 0
2002830 0 0
2002831 0 0
2002832 0 0
2002833 0 0
2002834 0 0
2002835 0 0
2002836 0 0
2002837 0 0
2002838 0 0
2002839 0 0
2002840 0 0
2002841 0 0
2002842 0 0
2002843 0 0
2002844 0 0
2002845 0 0
2002846 0 0
2002847 0 0
2002848 0 0
2002849 0 0
2002850 0 0
2002851 0 0
2002852 0 0
2002853 0 0
2002854 0 0
2002855 0 0
2002856 0 0
2002857 0 0
2002858 0 0
2002859 0 0
2002860 0 0
2002861 0 0
2002862 0 0
2002863 0 0
2002864 0 0
2002865 0 0
2002866 0 0
2002867 0 0
2002868 0 0
2002869 0 0
2002870 0 0
2002871 0 0
2002872 0 0
2002873 0 0
2002874 0 0
2002875 0 0
2002876 0 0
2002877 0 0
2002878 0 0
2002879 0 0
2002880 0 0
2002881 0 0
2002882 0 0
2002883 0 0
2002884 0 0
2002885 0 0
2002886 0 0
2002887 0 0
2002888 0 0
2002889 0 0
2002890 0 0
2002891 0 0
2002892 0 0
2002893 0 0
2002894 0 0
2002895 0 0
2002896 0 0
2002897 0 0
2002898 0 0
2002899 0 0
2002900 0 0
2002901 0 0
2002902 0 0
2002903 0 0
2002904 0 0
2002905 0 0
2002906 0 0
2002907 0 0
2002908 0 0
2002909 0 0
2002910 0 0
2002911 0 0
2002912 0 0
2002913 0 0
2002914 0 0
2002915 0 0
2002916 0 0
2002917 0 0
2002918 0 0
2002919 0 0
2002920 0 0
2002921 0 0
2002922 0 0
2002923 0 0
2002924 0 0
2002925 0 0
2002926 0 0
2002927 0 0
2002928 0 0
2002929 0 0
2002930 0 0
2002931 0 0
2002932 0 0
2002933 0 0
2002934 0 0
2002935 0 0
2002936 0 0
2002937 0 0
2002938 0 0
2002939 0 0
2002940 0 0
2002941 0 0
2002942 0 0
2002943 0 0
2002944 0 0
2002945 0 0
2002946 0 0
2002947 0 0
2002948 0 0
2002949 0 0
2002950 0 0
2002951 0 0
2002952 0 0
2002953 0 0
2002954 0 0
2002955 0 0
2002956 0 0
2002957 0 0
2002958 0 0
2002959 0 0
2002960 0 0
2002961 0 0
2002962 0 0
2002963 0 0
2002964 0 0
2002965 0 0
2002966 0 0
2002967 0 0
2002968 0 0
2002969 0 0
2002970 0 0
2002971 0 0
2002972 0 0
2002973 0 0
2002974 0 0
2002975 0 0
2002976 0 0
2002977 0 0
2002978 0 0
2002979 0 0
2002980 0 0
2002981 0 0
2002982 0 0
2002983 0 0
2002984 0 0
2002985 0 0
2002986 0 0
2002987 0 0
2002988 0 0
2002989 0 0
2002990 0 0
2002991 0 0
2002992 0 0
2002993 0 0
2002994 0 0
2002995 0 0
2002996 0 0
2002997 0 0
2002998 0 0
2002999 0 0
2003000 0 0
2003001 0 0
2003002 0 0
2003003 0 0
2003004 0 0
2003005 0 0
2003006 0 0
2003007 0 0
2003008 0 0
2003009 0 0
2003010 0 0
2003011 0 0
2003012 0 0
2003013 0 0
2003014 0 0
2003015 0 0
2003016 0 0
2003017 0 0
2003018 0 0
2003019 0 0
2003020 0 0
2003021 0 0
2003022 0 0
2003023 0 0
2003024 0 0
2003025 0 0
2003026 0 0
2003027 0 0
2003028 0 0
2003029 0 0
2003030 0 0
2003031 0 0
2003032 0 0
2003033 0 0
2003034 0 0
2003035 0 0
2003036 0 0
2003037 0 0
2003038 0 0
2003039 0 0
2003040 0 0
2003041 0 0
2003042 0 0
2003043 0 0
2003044 0 0
2003045 0 0
2003046 0 0
2003047 0 0
2003048 0 0
2003049 0 0
2003050 0 0
2003051 0 0
2003052 0 0
2003053 0 0
2003054 0 0
2003055 0 0
2003056 0 0
2003057 0 0
2003058 0 0
2003059 0 0
2003060 0 0
2003061 0 0
2003062 0 0
2003063 0 0
2003064 0 0
2003065 0 0
2003066 0 0
2003067 0 0
2003068 0 0
2003069 0 0
2003070 0 0
2003071 0 0
2003072 0 0
2003073 0 0
2003074 0 0
2003075 0 0
2003076 0 0
2003077 0 0
2003078 0 0
2003079 0 0
2003080 0 0
2003081 0 0
2003082 0 0
2003083 0 0
2003084 0 0
2003085 0 0
2003086 0 0
2003087 0 0
2003088 0 0
2003089 0 0
2003090 0 0
2003091 0 0
2003092 0 0
2003093 0 0
2003094 0 0
2003095 0 0
2003096 0 0
2003097 0 0
2003098 0 0
2003099 0 0
2003100 0 0
2003101 0 0
2003102 0 0
2003103 0 0
2003104 0 0
2003105 0 0
2003106 0 0
2003107 0 0
2003108 0 0
2003109 0 0
2003110 0 0
2003111 0 0
2003112 0 0
2003113 0 0
2003114 0 0
2003115 0 0
2003116 0 0
2003117 0 0
2003118 0 0
2003119 0 0
2003120 0 0
2003121 0 0
2003122 0 0
2003123 0 0
2003124 0 0
2003125 0 0
2003126 0 0
2003127 0 0
2003128 0 0
2003129 0 0
2003130 0 0
2003131 0 0
2003132 0 0
2003133 0 0
2003134 0 0
2003135 0 0
2003136 0 0
2003137 0 0
2003138 0 0
2003139 0 0
2003140 0 0
2003141 0 0
2003142 0 0
2003143 0 0
2003144 0 0
2003145 0 0
2003146 0 0
2003147 0 0
2003148 0 0
2003149 0 0
2003150 0 0
2003151 0 0
2003152 0 0
2003153 0 0
2003154 0 0
2003155 0 0
2003156 0 0
2003157 0 0
2003158 0 0
2003159 0 0
2003160 0 0
2003161 0 0
2003162 0 0
2003163 0 0
2003164 0 0
2003165 0 0
2003166 0 0
2003167 0 0
2003168 0 0
2003169 0 0
2003170 0 0
2003171 0 0
2003172 0 0
2003173 0 0
2003174 0 0
2003175 0 0
2003176 0 0
2003177 0 0
2003178 0 0
2003179 0 0
2003180 0 0
2003181 0 0
2003182 0 0
2003183 0 0
2003184 0 0
2003185 0 0
2003186 0 0
2003187 0 0
2003188 0 0
2003189 0 0
2003190 0 0
2003191 0 0
2003192 0 0
2003193 0 0
2003194 0 0
2003195 0 0
2003196 0 0
2003197 0 0
2003198 0 0
2003199 0 0
2003200 0 0
2003201 0 0
2003202 0 0
2003203 0 0
2003204 0 0
2003205 0 0
2003206 0 0
2003207 0 0
2003208 0 0
2003209 0 0
2003210 0 0
2003211 0 0
2003212 0 0
2003213 0 0
2003214 0 0
2003215 0 0
2003216 0 0
2003217 0 0
2003218 0 0
2003219 0 0
2003220 0 0
2003221 0 0
2003222 0 0
2003223 0 0
2003224 0 0
2003225 0 0
2003226 0 0
2003227 0 0
2003228 0 0
2003229 0 0
2003230 0 0
2003231 0 0
2003232 0 0
2003233 0 0
2003234 0 0
2003235 0 0
2003236 0 0
2003237 0 0
2003238 0 0
2003239 0 0
2003240 0 0
2003241 0 0
2003242 0 0
2003243 0 0
2003244 0 0
2003245 0 0
2003246 0 0
2003247 0 0
2003248 0 0
2003249 0 0
2003250 0 0
2003251 0 0
2003252 0 0
2003253 0 0
2003254 0 0
2003255 0 0
2003256 0 0
2003257 0 0
2003258 0 0
2003259 0 0
2003260 0 0
2003261 0 0
2003262 0 0
2003263 0 0
2003264 0 0
2003265 0 0
2003266 0 0
2003267 0 0
2003268 0 0
2003269 0 0
2003270 0 0
2003271 0 0
2003272 0 0
2003273 0 0
2003274 0 0
2003275 0 0
2003276 0 0
2003277 0 0
2003278 0 0
2003279 0 0
2003280 0 0
2003281 0 0
2003282 0 0
2003283 0 0
2003284 0 0
2003285 0 0
2003286 0 0
2003287 0 0
2003288 0 0
2003289 0 0
2003290 0 0
2003291 0 0
2003292 0 0
2003293 0 0
2003294 0 0
2003295 0 0
2003296 0 0
2003297 0 0
2003298 0 0
2003299 0 0
2003300 0 0
2003301 0 0
2003302 0 0
2003303 0 0
2003304 0 0
2003305 0 0
2003306 0 0
2003307 0 0
2003308 0 0
2003309 0 0
2003310 0 0
2003311 0 0
2003312 0 0
2003313 0 0
2003314 0 0
2003315 0 0
2003316 0 0
2003317 0 0
2003318 0 0
2003319 0 0
2003320 0 0
2003321 0 0
2003322 0 0
2003323 0 0
2003324 0 0
2003325 0 0
2003326 0 0
2003327 0 0
2003328 0 0
2003329 0 0
2003330 0 0
2003331 0 0
2003332 0 0
2003333 0 0
2003334 0 0
2003335 0 0
2003336 0 0
2003337 0 0
2003338 0 0
2003339 0 0
2003340 0 0
2003341 0 0
2003342 0 0
2003343 0 0
2003344 0 0
2003345 0 0
2003346 0 0
2003347 0 0
2003348 0 0
2003349 0 0
2003350 0 0
2003351 0 0
2003352 0 0
2003353 0 0
2003354 0 0
2003355 0 0
2003356 0 0
2003357 0 0
2003358 0 0
2003359 0 0
2003360 0 0
2003361 0 0
2003362 0 0
2003363 0 0
2003364 0 0
2003365 0 0
2003366 0 0
2003367 0 0
2003368 0 0
2003369 0 0
2003370 0 0
2003371 0 0
2003372 0 0
2003373 0 0
2003374 0 0
2003375 0 0
2003376 0 0
2003377 0 0
2003378 0 0
2003379 0 0
2003380 0 0
2003381 0 0
2003382 0 0
2003383 0 0
2003384 0 0
2003385 0 0
2003386 0 0
2003387 0 0
2003388 0 0
2003389 0 0
2003390 0 0
2003391 0 0
2003392 0 0
2003393 0 0
2003394 0 0
2003395 0 0
2003396 0 0
2003397 0 0
2003398 0 0
2003399 0 0
2003400 0 0
2003401 0 0
2003402 0 0
2003403 0 0
2003404 0 0
2003405 0 0
2003406 0 0
2003407 0 0
2003408 0 0
2003409 0 0
2003410 0 0
2003411 0 0
2003412 0 0
2003413 0 0
2003414 0 0
2003415 0 0
2003416 0 0
2003417 0 0
2003418 0 0
2003419 0 0
2003420 0 0
2003421 0 0
2003422 0 0
2003423 0 0
2003424 0 0
2003425 0 0
2003426 0 0
2003427 0 0
2003428 0 0
2003429 0 0
2003430 0 0
2003431 0 0
2003432 0 0
2003433 0 0
2003434 0 0
2003435 0 0
2003436 0 0
2003437 0 0
2003438 0 0
2003439 0 0
2003440 0 0
2003441 0 0
2003442 0 0
2003443 0 0
2003444 0 0
2003445 0 0
2003446 0 0
2003447 0 0
2003448 0 0
2003449 0 0
2003450 0 0
2003451 0 0
2003452 0 0
2003453 0 0
2003454 0 0
2003455 0 0
2003456 0 0
2003457 0 0
2003458 0 0
2003459 0 0
2003460 0 0
2003461 0 0
2003462 0 0
2003463 0 0
2003464 0 0
2003465 0 0
2003466 0 0
2003467 0 0
2003468 0 0
2003469 0 0
2003470 0 0
2003471 0 0
2003472 0 0
2003473 0 0
2003474 0 0
2003475 0 0
2003476 0 0
2003477 0 0
2003478 0 0
2003479 0 0
2003480 0 0
2003481 0 0
2003482 0 0
2003483 0 0
2003484 0 0
2003485 0 0
2003486 0 0
2003487 0 0
2003488 0 0
2003489 0 0
2003490 0 0
2003491 0 0
2003492 0 0
2003493 0 0
2003494 0 0
2003495 0 0
2003496 0 0
2003497 0 0
2003498 0 0
2003499 0 0
2003500 0 0
2003501 0 0
2003502 0 0
2003503 0 0
2003504 0 0
2003505 0 0
2003506 0 0
2003507 0 0
2003508 0 0
2003509 0 0
2003510 0 0
2003511 0 0
2003512 0 0
2003513 0 0
2003514 0 0
2003515 0 0
2003516 0 0
2003517 0 0
2003518 0 0
2003519 0 0
2003520 0 0
2003521 0 0
2003522 0 0
2003523 0 0
2003524 0 0
2003525 0 0
2003526 0 0
2003527 0 0
2003528 0 0
2003529 0 0
2003530 0 0
2003531 0 0
2003532 0 0
2003533 0 0
2003534 0 0
2003535 0 0
2003536 0 0
2003537 0 0
2003538 0 0
2003539 0 0
2003540 0 0
2003541 0 0
2003542 0 0
2003543 0 0
2003544 0 0
2003545 0 0
2003546 0 0
2003547 0 0
2003548 0 0
2003549 0 0
2003550 0 0
2003551 0 0
2003552 0 0
2003553 0 0
2003554 0 0
2003555 0 0
2003556 0 0
2003557 0 0
2003558 0 0
2003559 0 0
2003560 0 0
2003561 0 0
2003562 0 0
2003563 0 0
2003564 0 0
2003565 0 0
2003566 0 0
2003567 0 0
2003568 0 0
2003569 0 0
2003570 0 0
2003571 0 0
2003572 0 0
2003573 0 0
2003574 0 0
2003575 0 0
2003576 0 0
2003577 0 0
2003578 0 0
2003579 0 0
2003580 0 0
2003581 0 0
2003582 0 0
2003583 0 0
2003584 0 0
2003585 0 0
2003586 0 0
2003587 0 0
2003588 0 0
2003589 0 0
2003590 0 0
2003591 0 0
2003592 0 0
2003593 0 0
2003594 0 0
2003595 0 0
2003596 0 0
2003597 0 0
2003598 0 0
2003599 0 0
2003600 0 0
2003601 0 0
2003602 0 0
2003603 0 0
2003604 0 0
2003605 0 0
2003606 0 0
2003607 0 0
2003608 0 0
2003609 0 0
2003610 0 0
2003611 0 0
2003612 0 0
2003613 0 0
2003614 0 0
2003615 0 0
2003616 0 0
2003617 0 0
2003618 0 0
2003619 0 0
2003620 0 0
2003621 0 0
2003622 0 0
2003623 0 0
2003624 0 0
2003625 0 0
2003626 0 0
2003627 0 0
2003628 0 0
2003629 0 0
2003630 0 0
2003631 0 0
2003632 0 0
2003633 0 0
2003634 0 0
2003635 0 0
2003636 0 0
2003637 0 0
2003638 0 0
2003639 0 0
2003640 0 0
2003641 0 0
2003642 0 0
2003643 0 0
2003644 0 0
2003645 0 0
2003646 0 0
2003647 0 0
2003648 0 0
2003649 0 0
2003650 0 0
2003651 0 0
2003652 0 0
2003653 0 0
2003654 0 0
2003655 0 0
2003656 0 0
2003657 0 0
2003658 0 0
2003659 0 0
2003660 0 0
2003661 0 0
2003662 0 0
2003663 0 0
2003664 0 0
2003665 0 0
2003666 0 0
2003667 0 0
2003668 0 0
2003669 0 0
2003670 0 0
2003671 0 0
2003672 0 0
2003673 0 0
2003674 0 0
2003675 0 0
2003676 0 0
2003677 0 0
2003678 0 0
2003679 0 0
2003680 0 0
2003681 0 0
2003682 0 0
2003683 0 0
2003684 0 0
2003685 0 0
2003686 0 0
2003687 0 0
2003688 0 0
2003689 0 0
2003690 0 0
2003691 0 0
2003692 0 0
2003693 0 0
2003694 0 0
2003695 0 0
2003696 0 0
2003697 0 0
2003698 0 0
2003699 0 0
2003700 0 0
2003701 0 0
2003702 0 0
2003703 0 0
2003704 0 0
2003705 0 0
2003706 0 0
2003707 0 0
2003708 0 0
2003709 0 0
2003710 0 0
2003711 0 0
2003712 0 0
2003713 0 0
2003714 0 0
2003715 0 0
2003716 0 0
2003717 0 0
2003718 0 0
2003719 0 0
2003720 0 0
2003721 0 0
2003722 0 0
2003723 0 0
2003724 0 0
2003725 0 0
2003726 0 0
2003727 0 0
2003728 0 0
2003729 0 0
2003730 0 0
2003731 0 0
2003732 0 0
2003733 0 0
2003734 0 0
2003735 0 0
2003736 0 0
2003737 0 0
2003738 0 0
2003739 0 0
2003740 0 0
2003741 0 0
2003742 0 0
2003743 0 0
2003744 0 0
2003745 0 0
2003746 0 0
2003747 0 0
2003748 0 0
2003749 0 0
2003750 0 0
2003751 0 0
2003752 0 0
2003753 0 0
2003754 0 0
2003755 0 0
2003756 0 0
2003757 0 0
2003758 0 0
2003759 0 0
2003760 0 0
2003761 0 0
2003762 0 0
2003763 0 0
2003764 0 0
2003765 0 0
2003766 0 0
2003767 0 0
2003768 0 0
2003769 0 0
2003770 0 0
2003771 0 0
2003772 0 0
2003773 0 0
2003774 0 0
2003775 0 0
2003776 0 0
2003777 0 0
2003778 0 0
2003779 0 0
2003780 0 0
2003781 0 0
2003782 0 0
2003783 0 0
2003784 0 0
2003785 0 0
2003786 0 0
2003787 0 0
2003788 0 0
2003789 0 0
2003790 0 0
2003791 0 0
2003792 0 0
2003793 0 0
2003794 0 0
2003795 0 0
2003796 0 0
2003797 0 0
2003798 0 0
2003799 0 0
2003800 0 0
2003801 0 0
2003802 0 0
2003803 0 0
2003804 0 0
2003805 0 0
2003806 0 0
2003807 0 0
2003808 0 0
2003809 0 0
2003810 0 0
2003811 0 0
2003812 0 0
2003813 0 0
2003814 0 0
2003815 0 0
2003816 0 0
2003817 0 0
2003818 0 0
2003819 0 0
2003820 0 0
2003821 0 0
2003822 0 0
2003823 0 0
2003824 0 0
2003825 0 0
2003826 0 0
2003827 0 0
2003828 0 0
2003829 0 0
2003830 0 0
2003831 0 0
2003832 0 0
2003833 0 0
2003834 0 0
2003835 0 0
2003836 0 0
2003837 0 0
2003838 0 0
2003839 0 0
2003840 0 0
2003841 0 0
2003842 0 0
2003843 0 0
2003844 0 0
2003845 0 0
2003846 0 0
2003847 0 0
2003848 0 0
2003849 0 0
2003850 0 0
2003851 0 0
2003852 0 0
2003853 0 0
2003854 0 0
2003855 0 0
2003856 0 0
2003857 0 0
2003858 0 0
2003859 0 0
2003860 0 0
2003861 0 0
2003862 0 0
2003863 0 0
2003864 0 0
2003865 0 0
2003866 0 0
2003867 0 0
2003868 0 0
2003869 0 0
2003870 0 0
2003871 0 0
2003872 0 0
2003873 0 0
2003874 0 0
2003875 0 0
2003876 0 0
2003877 0 0
2003878 0 0
2003879 0 0
2003880 0 0
2003881 0 0
2003882 0 0
2003883 0 0
2003884 0 0
2003885 0 0
2003886 0 0
2003887 0 0
2003888 0 0
2003889 0 0
2003890 0 0
2003891 0 0
2003892 0 0
2003893 0 0
2003894 0 0
2003895 0 0
2003896 0 0
2003897 0 0
2003898 0 0
2003899 0 0
2003900 0 0
2003901 0 0
2003902 0 0
2003903 0 0
2003904 0 0
2003905 0 0
2003906 0 0
2003907 0 0
2003908 0 0
2003909 0 0
2003910 0 0
2003911 0 0
2003912 0 0
2003913 0 0
2003914 0 0
2003915 0 0
2003916 0 0
2003917 0 0
2003918 0 0
2003919 0 0
2003920 0 0
2003921 0 0
2003922 0 0
2003923 0 0
2003924 0 0
2003925 0 0
2003926 0 0
2003927 0 0
2003928 0 0
2003929 0 0
2003930 0 0
2003931 0 0
2003932 0 0
2003933 0 0
2003934 0 0
2003935 0 0
2003936 0 0
2003937 0 0
2003938 0 0
2003939 0 0
2003940 0 0
2003941 0 0
2003942 0 0
2003943 0 0
2003944 0 0
2003945 0 0
2003946 0 0
2003947 0 0
2003948 0 0
2003949 0 0
2003950 0 0
2003951 0 0
2003952 0 0
2003953 0 0
2003954 0 0
2003955 0 0
2003956 0 0
2003957 0 0
2003958 0 0
2003959 0 0
2003960 0 0
2003961 0 0
2003962 0 0
2003963 0 0
2003964 0 0
2003965 0 0
2003966 0 0
2003967 0 0
2003968 0 0
2003969 0 0
2003970 0 0
2003971 0 0
2003972 0 0
2003973 0 0
2003974 0 0
2003975 0 0
2003976 0 0
2003977 0 0
2003978 0 0
2003979 0 0
2003980 0 0
2003981 0 0
2003982 0 0
2003983 0 0
2003984 0 0
2003985 0 0
2003986 0 0
2003987 0 0
2003988 0 0
2003989 0 0
2003990 0 0
2003991 0 0
2003992 0 0
2003993 0 0
2003994 0 0
2003995 0 0
2003996 0 0
2003997 0 0
2003998 0 0
2003999 0 0
2004000 0 0
2004001 0 0
2004002 0 0
2004003 0 0
2004004 0 0
2004005 0 0
2004006 0 0
2004007 0 0
2004008 0 0
2004009 0 0
2004010 0 0
2004011 0 0
2004012 0 0
2004013 0 0
2004014 0 0
2004015 0 0
2004016 0 0
2004017 0 0
2004018 0 0
2004019 0 0
2004020 0 0
2004021 0 0
2004022 0 0
2004023 0 0
2004024 0 0
2004025 0 0
2004026 0 0
2004027 0 0
2004028 0 0
2004029 0 0
2004030 0 0
2004031 0 0
2004032 0 0
2004033 0 0
2004034 0 0
2004035 0 0
2004036 0 0
2004037 0 0
2004038 0 0
2004039 0 0
2004040 0 0
2004041 0 0
2004042 0 0
2004043 0 0
2004044 0 0
2004045 0 0
2004046 0 0
2004047 0 0
2004048 0 0
2004049 0 0
2004050 0 0
2004051 0 0
2004052 0 0
2004053 0 0
2004054 0 0
2004055 0 0
2004056 0 0
2004057 0 0
2004058 0 0
2004059 0 0
2004060 0 0
2004061 0 0
2004062 0 0
2004063 0 0
2004064 0 0
2004065 0 0
2004066 0 0
2004067 0 0
2004068 0 0
2004069 0 0
2004070 0 0
2004071 0 0
2004072 0 0
2004073 0 0
2004074 0 0
2004075 0 0
2004076 0 0
2004077 0 0
2004078 0 0
2004079 0 0
2004080 0 0
2004081 0 0
2004082 0 0
2004083 0 0
2004084 0 0
2004085 0 0
2004086 0 0
2004087 0 0
2004088 0 0
2004089 0 0
2004090 0 0
2004091 0 0
2004092 0 0
2004093 0 0
2004094 0 0
2004095 0 0
2004096 0 0
2004097 0 0
2004098 0 0
2004099 0 0
2004100 0 0
2004101 0 0
2004102 0 0
2004103 0 0
2004104 0 0
2004105 0 0
2004106 0 0
2004107 0 0
2004108 0 0
2004109 0 0
2004110 0 0
2004111 0 0
2004112 0 0
2004113 0 0
2004114 0 0
2004115 0 0
2004116 0 0
2004117 0 0
2004118 0 0
2004119 0 0
2004120 0 0
2004121 0 0
2004122 0 0
2004123 0 0
2004124 0 0
2004125 0 0
2004126 0 0
2004127 0 0
2004128 0 0
2004129 0 0
2004130 0 0
2004131 0 0
2004132 0 0
2004133 0 0
2004134 0 0
2004135 0 0
2004136 0 0
2004137 0 0
2004138 0 0
2004139 0 0
2004140 0 0
2004141 0 0
2004142 0 0
2004143 0 0
2004144 0 0
2004145 0 0
2004146 0 0
2004147 0 0
2004148 0 0
2004149 0 0
2004150 0 0
2004151 0 0
2004152 0 0
2004153 0 0
2004154 0 0
2004155 0 0
2004156 0 0
2004157 0 0
2004158 0 0
2004159 0 0
2004160 0 0
2004161 0 0
2004162 0 0
2004163 0 0
2004164 0 0
2004165 0 0
2004166 0 0
2004167 0 0
2004168 0 0
2004169 0 0
2004170 0 0
2004171 0 0
2004172 0 0
2004173 0 0
2004174 0 0
2004175 0 0
2004176 0 0
2004177 0 0
2004178 0 0
2004179 0 0
2004180 0 0
2004181 0 0
2004182 0 0
2004183 0 0
2004184 0 0
2004185 0 0
2004186 0 0
2004187 0 0
2004188 0 0
2004189 0 0
2004190 0 0
2004191 0 0
2004192 0 0
2004193 0 0
2004194 0 0
2004195 0 0
2004196 0 0
2004197 0 0
2004198 0 0
2004199 0 0
2004200 0 0
2004201 0 0
2004202 0 0
2004203 0 0
2004204 0 0
2004205 0 0
2004206 0 0
2004207 0 0
2004208 0 0
2004209 0 0
2004210 0 0
2004211 0 0
2004212 0 0
2004213 0 0
2004214 0 0
2004215 0 0
2004216 0 0
2004217 0 0
2004218 0 0
2004219 0 0
2004220 0 0
2004221 0 0
2004222 0 0
2004223 0 0
2004224 0 0
2004225 0 0
2004226 0 0
2004227 0 0
2004228 0 0
2004229 0 0
2004230 0 0
2004231 0 0
2004232 0 0
2004233 0 0
2004234 0 0
2004235 0 0
2004236 0 0
2004237 0 0
2004238 0 0
2004239 0 0
2004240 0 0
2004241 0 0
2004242 0 0
2004243 0 0
2004244 0 0
2004245 0 0
2004246 0 0
2004247 0 0
2004248 0 0
2004249 0 0
2004250 0 0
2004251 0 0
2004252 0 0
2004253 0 0
2004254 0 0
2004255 0 0
2004256 0 0
2004257 0 0
2004258 0 0
2004259 0 0
2004260 0 0
2004261 0 0
2004262 0 0
2004263 0 0
2004264 0 0
2004265 0 0
2004266 0 0
2004267 0 0
2004268 0 0
2004269 0 0
2004270 0 0
2004271 0 0
2004272 0 0
2004273 0 0
2004274 0 0
2004275 0 0
2004276 0 0
2004277 0 0
2004278 0 0
2004279 0 0
2004280 0 0
2004281 0 0
2004282 0 0
2004283 0 0
2004284 0 0
2004285 0 0
2004286 0 0
2004287 0 0
2004288 0 0
2004289 0 0
2004290 0 0
2004291 0 0
2004292 0 0
2004293 0 0
2004294 0 0
2004295 0 0
2004296 0 0
2004297 0 0
2004298 0 0
2004299 0 0
2004300 0 0
2004301 0 0
2004302 0 0
2004303 0 0
2004304 0 0
2004305 0 0
2004306 0 0
2004307 0 0
2004308 0 0
2004309 0 0
2004310 0 0
2004311 0 0
2004312 0 0
2004313 0 0
2004314 0 0
2004315 0 0
2004316 0 0
2004317 0 0
2004318 0 0
2004319 0 0
2004320 0 0
2004321 0 0
2004322 0 0
2004323 0 0
2004324 0 0
2004325 0 0
2004326 0 0
2004327 0 0
2004328 0 0
2004329 0 0
2004330 0 0
2004331 0 0
2004332 0 0
2004333 0 0
2004334 0 0
2004335 0 0
2004336 0 0
2004337 0 0
2004338 0 0
2004339 0 0
2004340 0 0
2004341 0 0
2004342 0 0
2004343 0 0
2004344 0 0
2004345 0 0
2004346 0 0
2004347 0 0
2004348 0 0
2004349 0 0
2004350 0 0
2004351 0 0
2004352 0 0
2004353 0 0
2004354 0 0
2004355 0 0
2004356 0 0
2004357 0 0
2004358 0 0
2004359 0 0
2004360 0 0
2004361 0 0
2004362 0 0
2004363 0 0
2004364 0 0
2004365 0 0
2004366 0 0
2004367 0 0
2004368 0 0
2004369 0 0
2004370 0 0
2004371 0 0
2004372 0 0
2004373 0 0
2004374 0 0
2004375 0 0
2004376 0 0
2004377 0 0
2004378 0 0
2004379 0 0
2004380 0 0
2004381 0 0
2004382 0 0
2004383 0 0
2004384 0 0
2004385 0 0
2004386 0 0
2004387 0 0
2004388 0 0
2004389 0 0
2004390 0 0
2004391 0 0
2004392 0 0
2004393 0 0
2004394 0 0
2004395 0 0
2004396 0 0
2004397 0 0
2004398 0 0
2004399 0 0
2004400 0 0
2004401 0 0
2004402 0 0
2004403 0 0
2004404 0 0
2004405 0 0
2004406 0 0
2004407 0 0
2004408 0 0
2004409 0 0
2004410 0 0
2004411 0 0
2004412 0 0
2004413 0 0
2004414 0 0
2004415 0 0
2004416 0 0
2004417 0 0
2004418 0 0
2004419 0 0
2004420 0 0
2004421 0 0
2004422 0 0
2004423 0 0
2004424 0 0
2004425 0 0
2004426 0 0
2004427 0 0
2004428 0 0
2004429 0 0
2004430 0 0
2004431 0 0
2004432 0 0
2004433 0 0
2004434 0 0
2004435 0 0
2004436 0 0
2004437 0 0
2004438 0 0
2004439 0 0
2004440 0 0
2004441 0 0
2004442 0 0
2004443 0 0
2004444 0 0
2004445 0 0
2004446 0 0
2004447 0 0
2004448 0 0
2004449 0 0
2004450 0 0
2004451 0 0
2004452 0 0
2004453 0 0
2004454 0 0
2004455 0 0
2004456 0 0
2004457 0 0
2004458 0 0
2004459 0 0
2004460 0 0
2004461 0 0
2004462 0 0
2004463 0 0
2004464 0 0
2004465 0 0
2004466 0 0
2004467 0 0
2004468 0 0
2004469 0 0
2004470 0 0
2004471 0 0
2004472 0 0
2004473 0 0
2004474 0 0
2004475 0 0
2004476 0 0
2004477 0 0
2004478 0 0
2004479 0 0
2004480 0 0
2004481 0 0
2004482 0 0
2004483 0 0
2004484 0 0
2004485 0 0
2004486 0 0
2004487 0 0
2004488 0 0
2004489 0 0
2004490 0 0
2004491 0 0
2004492 0 0
2004493 0 0
2004494 0 0
2004495 0 0
2004496 0 0
2004497 0 0
2004498 0 0
2004499 0 0
2004500 0 0
2004501 0 0
2004502 0 0
2004503 0 0
2004504 0 0
2004505 0 0
2004506 0 0
2004507 0 0
2004508 0 0
2004509 0 0
2004510 0 0
2004511 0 0
2004512 0 0
2004513 0 0
2004514 0 0
2004515 0 0
2004516 0 0
2004517 0 0
2004518 0 0
2004519 0 0
2004520 0 0
2004521 0 0
2004522 0 0
2004523 0 0
2004524 0 0
2004525 0 0
2004526 0 0
2004527 0 0
2004528 0 0
2004529 0 0
2004530 0 0
2004531 0 0
2004532 0 0
2004533 0 0
2004534 0 0
2004535 0 0
2004536 0 0
2004537 0 0
2004538 0 0
2004539 0 0
2004540 0 0
2004541 0 0
2004542 0 0
2004543 0 0
2004544 0 0
2004545 0 0
2004546 0 0
2004547 0 0
2004548 0 0
2004549 0 0
2004550 0 0
2004551 0 0
2004552 0 0
2004553 0 0
2004554 0 0
2004555 0 0
2004556 0 0
2004557 0 0
2004558 0 0
2004559 0 0
2004560 0 0
2004561 0 0
2004562 0 0
2004563 0 0
2004564 0 0
2004565 0 0
2004566 0 0
2004567 0 0
2004568 0 0
2004569 0 0
2004570 0 0
2004571 0 0
2004572 0 0
2004573 0 0
2004574 0 0
2004575 0 0
2004576 0 0
2004577 0 0
2004578 0 0
2004579 0 0
2004580 0 0
2004581 0 0
2004582 0 0
2004583 0 0
2004584 0 0
2004585 0 0
2004586 0 0
2004587 0 0
2004588 0 0
2004589 0 0
2004590 0 0
2004591 0 0
2004592 0 0
2004593 0 0
2004594 0 0
2004595 0 0
2004596 0 0
2004597 0 0
2004598 0 0
2004599 0 0
2004600 0 0
2004601 0 0
2004602 0 0
2004603 0 0
2004604 0 0
2004605 0 0
2004606 0 0
2004607 0 0
2004608 0 0
2004609 0 0
2004610 0 0
2004611 0 0
2004612 0 0
2004613 0 0
2004614 0 0
2004615 0 0
2004616 0 0
2004617 0 0
2004618 0 0
2004619 0 0
2004620 0 0
2004621 0 0
2004622 0 0
2004623 0 0
2004624 0 0
2004625 0 0
2004626 0 0
2004627 0 0
2004628 0 0
2004629 0 0
2004630 0 0
2004631 0 0
2004632 0 0
2004633 0 0
2004634 0 0
2004635 0 0
2004636 0 0
2004637 0 0
2004638 0 0
2004639 0 0
2004640 0 0
2004641 0 0
2004642 0 0
2004643 0 0
2004644 0 0
2004645 0 0
2004646 0 0
2004647 0 0
2004648 0 0
2004649 0 0
2004650 0 0
2004651 0 0
2004652 0 0
2004653 0 0
2004654 0 0
2004655 0 0
2004656 0 0
2004657 0 0
2004658 0 0
2004659 0 0
2004660 0 0
2004661 0 0
2004662 0 0
2004663 0 0
2004664 0 0
2004665 0 0
2004666 0 0
2004667 0 0
2004668 0 0
2004669 0 0
2004670 0 0
2004671 0 0
2004672 0 0
2004673 0 0
2004674 0 0
2004675 0 0
2004676 0 0
2004677 0 0
2004678 0 0
2004679 0 0
2004680 0 0
2004681 0 0
2004682 0 0
2004683 0 0
2004684 0 0
2004685 0 0
2004686 0 0
2004687 0 0
2004688 0 0
2004689 0 0
2004690 0 0
2004691 0 0
2004692 0 0
2004693 0 0
2004694 0 0
2004695 0 0
2004696 0 0
2004697 0 0
2004698 0 0
2004699 0 0
2004700 0 0
2004701 0 0
2004702 0 0
2004703 0 0
2004704 0 0
2004705 0 0
2004706 0 0
2004707 0 0
2004708 0 0
2004709 0 0
2004710 0 0
2004711 0 0
2004712 0 0
2004713 0 0
2004714 0 0
2004715 0 0
2004716 0 0
2004717 0 0
2004718 0 0
2004719 0 0
2004720 0 0
2004721 0 0
2004722 0 0
2004723 0 0
2004724 0 0
2004725 0 0
2004726 0 0
2004727 0 0
2004728 0 0
2004729 0 0
2004730 0 0
2004731 0 0
2004732 0 0
2004733 0 0
2004734 0 0
2004735 0 0
2004736 0 0
2004737 0 0
2004738 0 0
2004739 0 0
2004740 0 0
2004741 0 0
2004742 0 0
2004743 0 0
2004744 0 0
2004745 0 0
2004746 0 0
2004747 0 0
2004748 0 0
2004749 0 0
2004750 0 0
2004751 0 0
2004752 0 0
2004753 0 0
2004754 0 0
2004755 0 0
2004756 0 0
2004757 0 0
2004758 0 0
2004759 0 0
2004760 0 0
2004761 0 0
2004762 0 0
2004763 0 0
2004764 0 0
2004765 0 0
2004766 0 0
2004767 0 0
2004768 0 0
2004769 0 0
2004770 0 0
2004771 0 0
2004772 0 0
2004773 0 0
2004774 0 0
2004775 0 0
2004776 0 0
2004777 0 0
2004778 0 0
2004779 0 0
2004780 0 0
2004781 0 0
2004782 0 0
2004783 0 0
2004784 0 0
2004785 0 0
2004786 0 0
2004787 0 0
2004788 0 0
2004789 0 0
2004790 0 0
2004791 0 0
2004792 0 0
2004793 0 0
2004794 0 0
2004795 0 0
2004796 0 0
2004797 0 0
2004798 0 0
2004799 0 0
2004800 0 0
2004801 0 0
2004802 0 0
2004803 0 0
2004804 0 0
2004805 0 0
2004806 0 0
2004807 0 0
2004808 0 0
2004809 0 0
2004810 0 0
2004811 0 0
2004812 0 0
2004813 0 0
2004814 0 0
2004815 0 0
2004816 0 0
2004817 0 0
2004818 0 0
2004819 0 0
2004820 0 0
2004821 0 0
2004822 0 0
2004823 0 0
2004824 0 0
2004825 0 0
2004826 0 0
2004827 0 0
2004828 0 0
2004829 0 0
2004830 0 0
2004831 0 0
2004832 0 0
2004833 0 0
2004834 0 0
2004835 0 0
2004836 0 0
2004837 0 0
2004838 0 0
2004839 0 0
2004840 0 0
2004841 0 0
2004842 0 0
2004843 0 0
2004844 0 0
2004845 0 0
2004846 0 0
2004847 0 0
2004848 0 0
2004849 0 0
2004850 0 0
2004851 0 0
2004852 0 0
2004853 0 0
2004854 0 0
2004855 0 0
2004856 0 0
2004857 0 0
2004858 0 0
2004859 0 0
2004860 0 0
2004861 0 0
2004862 0 0
2004863 0 0
2004864 0 0
2004865 0 0
2004866 0 0
2004867 0 0
2004868 0 0
2004869 0 0
2004870 0 0
2004871 0 0
2004872 0 0
2004873 0 0
2004874 0 0
2004875 0 0
2004876 0 0
2004877 0 0
2004878 0 0
2004879 0 0
2004880 0 0
2004881 0 0
2004882 0 0
2004883 0 0
2004884 0 0
2004885 0 0
2004886 0 0
2004887 0 0
2004888 0 0
2004889 0 0
2004890 0 0
2004891 0 0
2004892 0 0
2004893 0 0
2004894 0 0
2004895 0 0
2004896 0 0
2004897 0 0
2004898 0 0
2004899 0 0
2004900 0 0
2004901 0 0
2004902 0 0
2004903 0 0
2004904 0 0
2004905 0 0
2004906 0 0
2004907 0 0
2004908 0 0
2004909 0 0
2004910 0 0
2004911 0 0
2004912 0 0
2004913 0 0
2004914 0 0
2004915 0 0
2004916 0 0
2004917 0 0
2004918 0 0
2004919 0 0
2004920 0 0
2004921 0 0
2004922 0 0
2004923 0 0
2004924 0 0
2004925 0 0
2004926 0 0
2004927 0 0
2004928 0 0
2004929 0 0
2004930 0 0
2004931 0 0
2004932 0 0
2004933 0 0
2004934 0 0
2004935 0 0
2004936 0 0
2004937 0 0
2004938 0 0
2004939 0 0
2004940 0 0
2004941 0 0
2004942 0 0
2004943 0 0
2004944 0 0
2004945 0 0
2004946 0 0
2004947 0 0
2004948 0 0
2004949 0 0
2004950 0 0
2004951 0 0
2004952 0 0
2004953 0 0
2004954 0 0
2004955 0 0
2004956 0 0
2004957 0 0
2004958 0 0
2004959 0 0
2004960 0 0
2004961 0 0
2004962 0 0
2004963 0 0
2004964 0 0
2004965 0 0
2004966 0 0
2004967 0 0
2004968 0 0
2004969 0 0
2004970 0 0
2004971 0 0
2004972 0 0
2004973 0 0
2004974 0 0
2004975 0 0
2004976 0 0
2004977 0 0
2004978 0 0
2004979 0 0
2004980 0 0
2004981 0 0
2004982 0 0
2004983 0 0
2004984 0 0
2004985 0 0
2004986 0 0
2004987 0 0
2004988 0 0
2004989 0 0
2004990 0 0
2004991 0 0
2004992 0 0
2004993 0 0
2004994 0 0
2004995 0 0
2004996 0 0
2004997 0 0
2004998 0 0
2004999 0 0
2005000 0 0
2005001 0 0
2005002 0 0
2005003 0 0
2005004 0 0
2005005 0 0
2005006 0 0
2005007 0 0
2005008 0 0
2005009 0 0
2005010 0 0
2005011 0 0
2005012 0 0
2005013 0 0
2005014 0 0
2005015 0 0
2005016 0 0
2005017 0 0
2005018 0 0
2005019 0 0
2005020 0 0
2005021 0 0
2005022 0 0
2005023 0 0
2005024 0 0
2005025 0 0
2005026 0 0
2005027 0 0
2005028 0 0
2005029 0 0
2005030 0 0
2005031 0 0
2005032 0 0
2005033 0 0
2005034 0 0
2005035 0 0
2005036 0 0
2005037 0 0
2005038 0 0
2005039 0 0
2005040 0 0
2005041 0 0
2005042 0 0
2005043 0 0
2005044 0 0
2005045 0 0
2005046 0 0
2005047 0 0
2005048 0 0
2005049 0 0
2005050 0 0
2005051 0 0
2005052 0 0
2005053 0 0
2005054 0 0
2005055 0 0
2005056 0 0
2005057 0 0
2005058 0 0
2005059 0 0
2005060 0 0
2005061 0 0
2005062 0 0
2005063 0 0
2005064 0 0
2005065 0 0
2005066 0 0
2005067 0 0
2005068 0 0
2005069 0 0
2005070 0 0
2005071 0 0
2005072 0 0
2005073 0 0
2005074 0 0
2005075 0 0
2005076 0 0
2005077 0 0
2005078 0 0
2005079 0 0
2005080 0 0
2005081 0 0
2005082 0 0
2005083 0 0
2005084 0 0
2005085 0 0
2005086 0 0
2005087 0 0
2005088 0 0
2005089 0 0
2005090 0 0
2005091 0 0
2005092 0 0
2005093 0 0
2005094 0 0
2005095 0 0
2005096 0 0
2005097 0 0
2005098 0 0
2005099 0 0
2005100 0 0
2005101 0 0
2005102 0 0
2005103 0 0
2005104 0 0
2005105 0 0
2005106 0 0
2005107 0 0
2005108 0 0
2005109 0 0
2005110 0 0
2005111 0 0
2005112 0 0
2005113 0 0
2005114 0 0
2005115 0 0
2005116 0 0
2005117 0 0
2005118 0 0
2005119 0 0
2005120 0 0
2005121 0 0
2005122 0 0
2005123 0 0
2005124 0 0
2005125 0 0
2005126 0 0
2005127 0 0
2005128 0 0
2005129 0 0
2005130 0 0
2005131 0 0
2005132 0 0
2005133 0 0
2005134 0 0
2005135 0 0
2005136 0 0
2005137 0 0
2005138 0 0
2005139 0 0
2005140 0 0
2005141 0 0
2005142 0 0
2005143 0 0
2005144 0 0
2005145 0 0
2005146 0 0
2005147 0 0
2005148 0 0
2005149 0 0
2005150 0 0
2005151 0 0
2005152 0 0
2005153 0 0
2005154 0 0
2005155 0 0
2005156 0 0
2005157 0 0
2005158 0 0
2005159 0 0
2005160 0 0
2005161 0 0
2005162 0 0
2005163 0 0
2005164 0 0
2005165 0 0
2005166 0 0
2005167 0 0
2005168 0 0
2005169 0 0
2005170 0 0
2005171 0 0
2005172 0 0
2005173 0 0
2005174 0 0
2005175 0 0
2005176 0 0
2005177 0 0
2005178 0 0
2005179 0 0
2005180 0 0
2005181 0 0
2005182 0 0
2005183 0 0
2005184 0 0
2005185 0 0
2005186 0 0
2005187 0 0
2005188 0 0
2005189 0 0
2005190 0 0
2005191 0 0
2005192 0 0
2005193 0 0
2005194 0 0
2005195 0 0
2005196 0 0
2005197 0 0
2005198 0 0
2005199 0 0
2005200 0 0
2005201 0 0
2005202 0 0
2005203 0 0
2005204 0 0
2005205 0 0
2005206 0 0
2005207 0 0
2005208 0 0
2005209 0 0
2005210 0 0
2005211 0 0
2005212 0 0
2005213 0 0
2005214 0 0
2005215 0 0
2005216 0 0
2005217 0 0
2005218 0 0
2005219 0 0
2005220 0 0
2005221 0 0
2005222 0 0
2005223 0 0
2005224 0 0
2005225 0 0
2005226 0 0
2005227 0 0
2005228 0 0
2005229 0 0
2005230 0 0
2005231 0 0
2005232 0 0
2005233 0 0
2005234 0 0
2005235 0 0
2005236 0 0
2005237 0 0
2005238 0 0
2005239 0 0
2005240 0 0
2005241 0 0
2005242 0 0
2005243 0 0
2005244 0 0
2005245 0 0
2005246 0 0
2005247 0 0
2005248 0 0
2005249 0 0
2005250 0 0
2005251 0 0
2005252 0 0
2005253 0 0
2005254 0 0
2005255 0 0
2005256 0 0
2005257 0 0
2005258 0 0
2005259 0 0
2005260 0 0
2005261 0 0
2005262 0 0
2005263 0 0
2005264 0 0
2005265 0 0
2005266 0 0
2005267 0 0
2005268 0 0
2005269 0 0
2005270 0 0
2005271 0 0
2005272 0 0
2005273 0 0
2005274 0 0
2005275 0 0
2005276 0 0
2005277 0 0
2005278 0 0
2005279 0 0
2005280 0 0
2005281 0 0
2005282 0 0
2005283 0 0
2005284 0 0
2005285 0 0
2005286 0 0
2005287 0 0
2005288 0 0
2005289 0 0
2005290 0 0
2005291 0 0
2005292 0 0
2005293 0 0
2005294 0 0
2005295 0 0
2005296 0 0
2005297 0 0
2005298 0 0
2005299 0 0
2005300 0 0
2005301 0 0
2005302 0 0
2005303 0 0
2005304 0 0
2005305 0 0
2005306 0 0
2005307 0 0
2005308 0 0
2005309 0 0
2005310 0 0
2005311 0 0
2005312 0 0
2005313 0 0
2005314 0 0
2005315 0 0
2005316 0 0
2005317 0 0
2005318 0 0
2005319 0 0
2005320 0 0
2005321 0 0
2005322 0 0
2005323 0 0
2005324 0 0
2005325 0 0
2005326 0 0
2005327 0 0
2005328 0 0
2005329 0 0
2005330 0 0
2005331 0 0
2005332 0 0
2005333 0 0
2005334 0 0
2005335 0 0
2005336 0 0
2005337 0 0
2005338 0 0
2005339 0 0
2005340 0 0
2005341 0 0
2005342 0 0
2005343 0 0
2005344 0 0
2005345 0 0
2005346 0 0
2005347 0 0
2005348 0 0
2005349 0 0
2005350 0 0
2005351 0 0
2005352 0 0
2005353 0 0
2005354 0 0
2005355 0 0
2005356 0 0
2005357 0 0
2005358 0 0
2005359 0 0
2005360 0 0
2005361 0 0
2005362 0 0
2005363 0 0
2005364 0 0
2005365 0 0
2005366 0 0
2005367 0 0
2005368 0 0
2005369 0 0
2005370 0 0
2005371 0 0
2005372 0 0
2005373 0 0
2005374 0 0
2005375 0 0
2005376 0 0
2005377 0 0
2005378 0 0
2005379 0 0
2005380 0 0
2005381 0 0
2005382 0 0
2005383 0 0
2005384 0 0
2005385 0 0
2005386 0 0
2005387 0 0
2005388 0 0
2005389 0 0
2005390 0 0
2005391 0 0
2005392 0 0
2005393 0 0
2005394 0 0
2005395 0 0
2005396 0 0
2005397 0 0
2005398 0 0
2005399 0 0
2005400 0 0
2005401 0 0
2005402 0 0
2005403 0 0
2005404 0 0
2005405 0 0
2005406 0 0
2005407 0 0
2005408 0 0
2005409 0 0
2005410 0 0
2005411 0 0
2005412 0 0
2005413 0 0
2005414 0 0
2005415 0 0
2005416 0 0
2005417 0 0
2005418 0 0
2005419 0 0
2005420 0 0
2005421 0 0
2005422 0 0
2005423 0 0
2005424 0 0
2005425 0 0
2005426 0 0
2005427 0 0
2005428 0 0
2005429 0 0
2005430 0 0
2005431 0 0
2005432 0 0
2005433 0 0
2005434 0 0
2005435 0 0
2005436 0 0
2005437 0 0
2005438 0 0
2005439 0 0
2005440 0 0
2005441 0 0
2005442 0 0
2005443 0 0
2005444 0 0
2005445 0 0
2005446 0 0
2005447 0 0
2005448 0 0
2005449 0 0
2005450 0 0
2005451 0 0
2005452 0 0
2005453 0 0
2005454 0 0
2005455 0 0
2005456 0 0
2005457 0 0
2005458 0 0
2005459 0 0
2005460 0 0
2005461 0 0
2005462 0 0
2005463 0 0
2005464 0 0
2005465 0 0
2005466 0 0
2005467 0 0
2005468 0 0
2005469 0 0
2005470 0 0
2005471 0 0
2005472 0 0
2005473 0 0
2005474 0 0
2005475 0 0
2005476 0 0
2005477 0 0
2005478 0 0
2005479 0 0
2005480 0 0
2005481 0 0
2005482 0 0
2005483 0 0
2005484 0 0
2005485 0 0
2005486 0 0
2005487 0 0
2005488 0 0
2005489 0 0
2005490 0 0
2005491 0 0
2005492 0 0
2005493 0 0
2005494 0 0
2005495 0 0
2005496 0 0
2005497 0 0
2005498 0 0
2005499 0 0
2005500 0 0
2005501 0 0
2005502 0 0
2005503 0 0
2005504 0 0
2005505 0 0
2005506 0 0
2005507 0 0
2005508 0 0
2005509 0 0
2005510 0 0
2005511 0 0
2005512 0 0
2005513 0 0
2005514 0 0
2005515 0 0
2005516 0 0
2005517 0 0
2005518 0 0
2005519 0 0
2005520 0 0
2005521 0 0
2005522 0 0
2005523 0 0
2005524 0 0
2005525 0 0
2005526 0 0
2005527 0 0
2005528 0 0
2005529 0 0
2005530 0 0
2005531 0 0
2005532 0 0
2005533 0 0
2005534 0 0
2005535 0 0
2005536 0 0
2005537 0 0
2005538 0 0
2005539 0 0
2005540 0 0
2005541 0 0
2005542 0 0
2005543 0 0
2005544 0 0
2005545 0 0
2005546 0 0
2005547 0 0
2005548 0 0
2005549 0 0
2005550 0 0
2005551 0 0
2005552 0 0
2005553 0 0
2005554 0 0
2005555 0 0
2005556 0 0
2005557 0 0
2005558 0 0
2005559 0 0
2005560 0 0
2005561 0 0
2005562 0 0
2005563 0 0
2005564 0 0
2005565 0 0
2005566 0 0
2005567 0 0
2005568 0 0
2005569 0 0
2005570 0 0
2005571 0 0
2005572 0 0
2005573 0 0
2005574 0 0
2005575 0 0
2005576 0 0
2005577 0 0
2005578 0 0
2005579 0 0
2005580 0 0
2005581 0 0
2005582 0 0
2005583 0 0
2005584 0 0
2005585 0 0
2005586 0 0
2005587 0 0
2005588 0 0
2005589 0 0
2005590 0 0
2005591 0 0
2005592 0 0
2005593 0 0
2005594 0 0
2005595 0 0
2005596 0 0
2005597 0 0
2005598 0 0
2005599 0 0
2005600 0 0
2005601 0 0
2005602 0 0
2005603 0 0
2005604 0 0
2005605 0 0
2005606 0 0
2005607 0 0
2005608 0 0
2005609 0 0
2005610 0 0
2005611 0 0
2005612 0 0
2005613 0 0
2005614 0 0
2005615 0 0
2005616 0 0
2005617 0 0
2005618 0 0
2005619 0 0
2005620 0 0
2005621 0 0
2005622 0 0
2005623 0 0
2005624 0 0
2005625 0 0
2005626 0 0
2005627 0 0
2005628 0 0
2005629 0 0
2005630 0 0
2005631 0 0
2005632 0 0
2005633 0 0
2005634 0 0
2005635 0 0
2005636 0 0
2005637 0 0
2005638 0 0
2005639 0 0
2005640 0 0
2005641 0 0
2005642 0 0
2005643 0 0
2005644 0 0
2005645 0 0
2005646 0 0
2005647 0 0
2005648 0 0
2005649 0 0
2005650 0 0
2005651 0 0
2005652 0 0
2005653 0 0
2005654 0 0
2005655 0 0
2005656 0 0
2005657 0 0
2005658 0 0
2005659 0 0
2005660 0 0
2005661 0 0
2005662 0 0
2005663 0 0
2005664 0 0
2005665 0 0
2005666 0 0
2005667 0 0
2005668 0 0
2005669 0 0
2005670 0 0
2005671 0 0
2005672 0 0
2005673 0 0
2005674 0 0
2005675 0 0
2005676 0 0
2005677 0 0
2005678 0 0
2005679 0 0
2005680 0 0
2005681 0 0
2005682 0 0
2005683 0 0
2005684 0 0
2005685 0 0
2005686 0 0
2005687 0 0
2005688 0 0
2005689 0 0
2005690 0 0
2005691 0 0
2005692 0 0
2005693 0 0
2005694 0 0
2005695 0 0
2005696 0 0
2005697 0 0
2005698 0 0
2005699 0 0
2005700 0 0
2005701 0 0
2005702 0 0
2005703 0 0
2005704 0 0
2005705 0 0
2005706 0 0
2005707 0 0
2005708 0 0
2005709 0 0
2005710 0 0
2005711 0 0
2005712 0 0
2005713 0 0
2005714 0 0
2005715 0 0
2005716 0 0
2005717 0 0
2005718 0 0
2005719 0 0
2005720 0 0
2005721 0 0
2005722 0 0
2005723 0 0
2005724 0 0
2005725 0 0
2005726 0 0
2005727 0 0
2005728 0 0
2005729 0 0
2005730 0 0
2005731 0 0
2005732 0 0
2005733 0 0
2005734 0 0
2005735 0 0
2005736 0 0
2005737 0 0
2005738 0 0
2005739 0 0
2005740 0 0
2005741 0 0
2005742 0 0
2005743 0 0
2005744 0 0
2005745 0 0
2005746 0 0
2005747 0 0
2005748 0 0
2005749 0 0
2005750 0 0
2005751 0 0
2005752 0 0
2005753 0 0
2005754 0 0
2005755 0 0
2005756 0 0
2005757 0 0
2005758 0 0
2005759 0 0
2005760 0 0
2005761 0 0
2005762 0 0
2005763 0 0
2005764 0 0
2005765 0 0
2005766 0 0
2005767 0 0
2005768 0 0
2005769 0 0
2005770 0 0
2005771 0 0
2005772 0 0
2005773 0 0
2005774 0 0
2005775 0 0
2005776 0 0
2005777 0 0
2005778 0 0
2005779 0 0
2005780 0 0
2005781 0 0
2005782 0 0
2005783 0 0
2005784 0 0
2005785 0 0
2005786 0 0
2005787 0 0
2005788 0 0
2005789 0 0
2005790 0 0
2005791 0 0
2005792 0 0
2005793 0 0
2005794 0 0
2005795 0 0
2005796 0 0
2005797 0 0
2005798 0 0
2005799 0 0
2005800 0 0
2005801 0 0
2005802 0 0
2005803 0 0
2005804 0 0
2005805 0 0
2005806 0 0
2005807 0 0
2005808 0 0
2005809 0 0
2005810 0 0
2005811 0 0
2005812 0 0
2005813 0 0
2005814 0 0
2005815 0 0
2005816 0 0
2005817 0 0
2005818 0 0
2005819 0 0
2005820 0 0
2005821 0 0
2005822 0 0
2005823 0 0
2005824 0 0
2005825 0 0
2005826 0 0
2005827 0 0
2005828 0 0
2005829 0 0
2005830 0 0
2005831 0 0
2005832 0 0
2005833 0 0
2005834 0 0
2005835 0 0
2005836 0 0
2005837 0 0
2005838 0 0
2005839 0 0
2005840 0 0
2005841 0 0
2005842 0 0
2005843 0 0
2005844 0 0
2005845 0 0
2005846 0 0
2005847 0 0
2005848 0 0
2005849 0 0
2005850 0 0
2005851 0 0
2005852 0 0
2005853 0 0
2005854 0 0
2005855 0 0
2005856 0 0
2005857 0 0
2005858 0 0
2005859 0 0
2005860 0 0
2005861 0 0
2005862 0 0
2005863 0 0
2005864 0 0
2005865 0 0
2005866 0 0
2005867 0 0
2005868 0 0
2005869 0 0
2005870 0 0
2005871 0 0
2005872 0 0
2005873 0 0
2005874 0 0
2005875 0 0
2005876 0 0
2005877 0 0
2005878 0 0
2005879 0 0
2005880 0 0
2005881 0 0
2005882 0 0
2005883 0 0
2005884 0 0
2005885 0 0
2005886 0 0
2005887 0 0
2005888 0 0
2005889 0 0
2005890 0 0
2005891 0 0
2005892 0 0
2005893 0 0
2005894 0 0
2005895 0 0
2005896 0 0
2005897 0 0
2005898 0 0
2005899 0 0
2005900 0 0
2005901 0 0
2005902 0 0
2005903 0 0
2005904 0 0
2005905 0 0
2005906 0 0
2005907 0 0
2005908 0 0
2005909 0 0
2005910 0 0
2005911 0 0
2005912 0 0
2005913 0 0
2005914 0 0
2005915 0 0
2005916 0 0
2005917 0 0
2005918 0 0
2005919 0 0
2005920 0 0
2005921 0 0
2005922 0 0
2005923 0 0
2005924 0 0
2005925 0 0
2005926 0 0
2005927 0 0
2005928 0 0
2005929 0 0
2005930 0 0
2005931 0 0
2005932 0 0
2005933 0 0
2005934 0 0
2005935 0 0
2005936 0 0
2005937 0 0
2005938 0 0
2005939 0 0
2005940 0 0
2005941 0 0
2005942 0 0
2005943 0 0
2005944 0 0
2005945 0 0
2005946 0 0
2005947 0 0
2005948 0 0
2005949 0 0
2005950 0 0
2005951 0 0
2005952 0 0
2005953 0 0
2005954 0 0
2005955 0 0
2005956 0 0
2005957 0 0
2005958 0 0
2005959 0 0
2005960 0 0
2005961 0 0
2005962 0 0
2005963 0 0
2005964 0 0
2005965 0 0
2005966 0 0
2005967 0 0
2005968 0 0
2005969 0 0
2005970 0 0
2005971 0 0
2005972 0 0
2005973 0 0
2005974 0 0
2005975 0 0
2005976 0 0
2005977 0 0
2005978 0 0
2005979 0 0
2005980 0 0
2005981 0 0
2005982 0 0
2005983 0 0
2005984 0 0
2005985 0 0
2005986 0 0
2005987 0 0
2005988 0 0
2005989 0 0
2005990 0 0
2005991 0 0
2005992 0 0
2005993 0 0
2005994 0 0
2005995 0 0
2005996 0 0
2005997 0 0
2005998 0 0
2005999 0 0
2006000 0 0
2006001 0 0
2006002 0 0
2006003 0 0
2006004 0 0
2006005 0 0
2006006 0 0
2006007 0 0
2006008 0 0
2006009 0 0
2006010 0 0
2006011 0 0
2006012 0 0
2006013 0 0
2006014 0 0
2006015 0 0
2006016 0 0
2006017 0 0
2006018 0 0
2006019 0 0
2006020 0 0
2006021 0 0
2006022 0 0
2006023 0 0
2006024 0 0
2006025 0 0
2006026 0 0
2006027 0 0
2006028 0 0
2006029 0 0
2006030 0 0
2006031 0 0
2006032 0 0
2006033 0 0
2006034 0 0
2006035 0 0
2006036 0 0
2006037 0 0
2006038 0 0
2006039 0 0
2006040 0 0
2006041 0 0
2006042 0 0
2006043 0 0
2006044 0 0
2006045 0 0
2006046 0 0
2006047 0 0
2006048 0 0
2006049 0 0
2006050 0 0
2006051 0 0
2006052 0 0
2006053 0 0
2006054 0 0
2006055 0 0
2006056 0 0
2006057 0 0
2006058 0 0
2006059 0 0
2006060 0 0
2006061 0 0
2006062 0 0
2006063 0 0
2006064 0 0
2006065 0 0
2006066 0 0
2006067 0 0
2006068 0 0
2006069 0 0
2006070 0 0
2006071 0 0
2006072 0 0
2006073 0 0
2006074 0 0
2006075 0 0
2006076 0 0
2006077 0 0
2006078 0 0
2006079 0 0
2006080 0 0
2006081 0 0
2006082 0 0
2006083 0 0
2006084 0 0
2006085 0 0
2006086 0 0
2006087 0 0
2006088 0 0
2006089 0 0
2006090 0 0
2006091 0 0
2006092 0 0
2006093 0 0
2006094 0 0
2006095 0 0
2006096 0 0
2006097 0 0
2006098 0 0
2006099 0 0
2006100 0 0
2006101 0 0
2006102 0 0
2006103 0 0
2006104 0 0
2006105 0 0
2006106 0 0
2006107 0 0
2006108 0 0
2006109 0 0
2006110 0 0
2006111 0 0
2006112 0 0
2006113 0 0
2006114 0 0
2006115 0 0
2006116 0 0
2006117 0 0
2006118 0 0
2006119 0 0
2006120 0 0
2006121 0 0
2006122 0 0
2006123 0 0
2006124 0 0
2006125 0 0
2006126 0 0
2006127 0 0
2006128 0 0
2006129 0 0
2006130 0 0
2006131 0 0
2006132 0 0
2006133 0 0
2006134 0 0
2006135 0 0
2006136 0 0
2006137 0 0
2006138 0 0
2006139 0 0
2006140 0 0
2006141 0 0
2006142 0 0
2006143 0 0
2006144 0 0
2006145 0 0
2006146 0 0
2006147 0 0
2006148 0 0
2006149 0 0
2006150 0 0
2006151 0 0
2006152 0 0
2006153 0 0
2006154 0 0
2006155 0 0
2006156 0 0
2006157 0 0
2006158 0 0
2006159 0 0
2006160 0 0
2006161 0 0
2006162 0 0
2006163 0 0
2006164 0 0
2006165 0 0
2006166 0 0
2006167 0 0
2006168 0 0
2006169 0 0
2006170 0 0
2006171 0 0
2006172 0 0
2006173 0 0
2006174 0 0
2006175 0 0
2006176 0 0
2006177 0 0
2006178 0 0
2006179 0 0
2006180 0 0
2006181 0 0
2006182 0 0
2006183 0 0
2006184 0 0
2006185 0 0
2006186 0 0
2006187 0 0
2006188 0 0
2006189 0 0
2006190 0 0
2006191 0 0
2006192 0 0
2006193 0 0
2006194 0 0
2006195 0 0
2006196 0 0
2006197 0 0
2006198 0 0
2006199 0 0
2006200 0 0
2006201 0 0
2006202 0 0
2006203 0 0
2006204 0 0
2006205 0 0
2006206 0 0
2006207 0 0
2006208 0 0
2006209 0 0
2006210 0 0
2006211 0 0
2006212 0 0
2006213 0 0
2006214 0 0
2006215 0 0
2006216 0 0
2006217 0 0
2006218 0 0
2006219 0 0
2006220 0 0
2006221 0 0
2006222 0 0
2006223 0 0
2006224 0 0
2006225 0 0
2006226 0 0
2006227 0 0
2006228 0 0
2006229 0 0
2006230 0 0
2006231 0 0
2006232 0 0
2006233 0 0
2006234 0 0
2006235 0 0
2006236 0 0
2006237 0 0
2006238 0 0
2006239 0 0
2006240 0 0
2006241 0 0
2006242 0 0
2006243 0 0
2006244 0 0
2006245 0 0
2006246 0 0
2006247 0 0
2006248 0 0
2006249 0 0
2006250 0 0
2006251 0 0
2006252 0 0
2006253 0 0
2006254 0 0
2006255 0 0
2006256 0 0
2006257 0 0
2006258 0 0
2006259 0 0
2006260 0 0
2006261 0 0
2006262 0 0
2006263 0 0
2006264 0 0
2006265 0 0
2006266 0 0
2006267 0 0
2006268 0 0
2006269 0 0
2006270 0 0
2006271 0 0
2006272 0 0
2006273 0 0
2006274 0 0
2006275 0 0
2006276 0 0
2006277 0 0
2006278 0 0
2006279 0 0
2006280 0 0
2006281 0 0
2006282 0 0
2006283 0 0
2006284 0 0
2006285 0 0
2006286 0 0
2006287 0 0
2006288 0 0
2006289 0 0
2006290 0 0
2006291 0 0
2006292 0 0
2006293 0 0
2006294 0 0
2006295 0 0
2006296 0 0
2006297 0 0
2006298 0 0
2006299 0 0
2006300 0 0
2006301 0 0
2006302 0 0
2006303 0 0
2006304 0 0
2006305 0 0
2006306 0 0
2006307 0 0
2006308 0 0
2006309 0 0
2006310 0 0
2006311 0 0
2006312 0 0
2006313 0 0
2006314 0 0
2006315 0 0
2006316 0 0
2006317 0 0
2006318 0 0
2006319 0 0
2006320 0 0
2006321 0 0
2006322 0 0
2006323 0 0
2006324 0 0
2006325 0 0
2006326 0 0
2006327 0 0
2006328 0 0
2006329 0 0
2006330 0 0
2006331 0 0
2006332 0 0
2006333 0 0
2006334 0 0
2006335 0 0
2006336 0 0
2006337 0 0
2006338 0 0
2006339 0 0
2006340 0 0
2006341 0 0
2006342 0 0
2006343 0 0
2006344 0 0
2006345 0 0
2006346 0 0
2006347 0 0
2006348 0 0
2006349 0 0
2006350 0 0
2006351 0 0
2006352 0 0
2006353 0 0
2006354 0 0
2006355 0 0
2006356 0 0
2006357 0 0
2006358 0 0
2006359 0 0
2006360 0 0
2006361 0 0
2006362 0 0
2006363 0 0
2006364 0 0
2006365 0 0
2006366 0 0
2006367 0 0
2006368 0 0
2006369 0 0
2006370 0 0
2006371 0 0
2006372 0 0
2006373 0 0
2006374 0 0
2006375 0 0
2006376 0 0
2006377 0 0
2006378 0 0
2006379 0 0
2006380 0 0
2006381 0 0
2006382 0 0
2006383 0 0
2006384 0 0
2006385 0 0
2006386 0 0
2006387 0 0
2006388 0 0
2006389 0 0
2006390 0 0
2006391 0 0
2006392 0 0
2006393 0 0
2006394 0 0
2006395 0 0
2006396 0 0
2006397 0 0
2006398 0 0
2006399 0 0
2006400 0 0
2006401 0 0
2006402 0 0
2006403 0 0
2006404 0 0
2006405 0 0
2006406 0 0
2006407 0 0
2006408 0 0
2006409 0 0
2006410 0 0
2006411 0 0
2006412 0 0
2006413 0 0
2006414 0 0
2006415 0 0
2006416 0 0
2006417 0 0
2006418 0 0
2006419 0 0
2006420 0 0
2006421 0 0
2006422 0 0
2006423 0 0
2006424 0 0
2006425 0 0
2006426 0 0
2006427 0 0
2006428 0 0
2006429 0 0
2006430 0 0
2006431 0 0
2006432 0 0
2006433 0 0
2006434 0 0
2006435 0 0
2006436 0 0
2006437 0 0
2006438 0 0
2006439 0 0
2006440 0 0
2006441 0 0
2006442 0 0
2006443 0 0
2006444 0 0
2006445 0 0
2006446 0 0
2006447 0 0
2006448 0 0
2006449 0 0
2006450 0 0
2006451 0 0
2006452 0 0
2006453 0 0
2006454 0 0
2006455 0 0
2006456 0 0
2006457 0 0
2006458 0 0
2006459 0 0
2006460 0 0
2006461 0 0
2006462 0 0
2006463 0 0
2006464 0 0
2006465 0 0
2006466 0 0
2006467 0 0
2006468 0 0
2006469 0 0
2006470 0 0
2006471 0 0
2006472 0 0
2006473 0 0
2006474 0 0
2006475 0 0
2006476 0 0
2006477 0 0
2006478 0 0
2006479 0 0
2006480 0 0
2006481 0 0
2006482 0 0
2006483 0 0
2006484 0 0
2006485 0 0
2006486 0 0
2006487 0 0
2006488 0 0
2006489 0 0
2006490 0 0
2006491 0 0
2006492 0 0
2006493 0 0
2006494 0 0
2006495 0 0
2006496 0 0
2006497 0 0
2006498 0 0
2006499 0 0
2006500 0 0
2006501 0 0
2006502 0 0
2006503 0 0
2006504 0 0
2006505 0 0
2006506 0 0
2006507 0 0
2006508 0 0
2006509 0 0
2006510 0 0
2006511 0 0
2006512 0 0
2006513 0 0
2006514 0 0
2006515 0 0
2006516 0 0
2006517 0 0
2006518 0 0
2006519 0 0
2006520 0 0
2006521 0 0
2006522 0 0
2006523 0 0
2006524 0 0
2006525 0 0
2006526 0 0
2006527 0 0
2006528 0 0
2006529 0 0
2006530 0 0
2006531 0 0
2006532 0 0
2006533 0 0
2006534 0 0
2006535 0 0
2006536 0 0
2006537 0 0
2006538 0 0
2006539 0 0
2006540 0 0
2006541 0 0
2006542 0 0
2006543 0 0
2006544 0 0
2006545 0 0
2006546 0 0
2006547 0 0
2006548 0 0
2006549 0 0
2006550 0 0
2006551 0 0
2006552 0 0
2006553 0 0
2006554 0 0
2006555 0 0
2006556 0 0
2006557 0 0
2006558 0 0
2006559 0 0
2006560 0 0
2006561 0 0
2006562 0 0
2006563 0 0
2006564 0 0
2006565 0 0
2006566 0 0
2006567 0 0
2006568 0 0
2006569 0 0
2006570 0 0
2006571 0 0
2006572 0 0
2006573 0 0
2006574 0 0
2006575 0 0
2006576 0 0
2006577 0 0
2006578 0 0
2006579 0 0
2006580 0 0
2006581 0 0
2006582 0 0
2006583 0 0
2006584 0 0
2006585 0 0
2006586 0 0
2006587 0 0
2006588 0 0
2006589 0 0
2006590 0 0
2006591 0 0
2006592 0 0
2006593 0 0
2006594 0 0
2006595 0 0
2006596 0 0
2006597 0 0
2006598 0 0
2006599 0 0
2006600 0 0
2006601 0 0
2006602 0 0
2006603 0 0
2006604 0 0
2006605 0 0
2006606 0 0
2006607 0 0
2006608 0 0
2006609 0 0
2006610 0 0
2006611 0 0
2006612 0 0
2006613 0 0
2006614 0 0
2006615 0 0
2006616 0 0
2006617 0 0
2006618 0 0
2006619 0 0
2006620 0 0
2006621 0 0
2006622 0 0
2006623 0 0
2006624 0 0
2006625 0 0
2006626 0 0
2006627 0 0
2006628 0 0
2006629 0 0
2006630 0 0
2006631 0 0
2006632 0 0
2006633 0 0
2006634 0 0
2006635 0 0
2006636 0 0
2006637 0 0
2006638 0 0
2006639 0 0
2006640 0 0
2006641 0 0
2006642 0 0
2006643 0 0
2006644 0 0
2006645 0 0
2006646 0 0
2006647 0 0
2006648 0 0
2006649 0 0
2006650 0 0
2006651 0 0
2006652 0 0
2006653 0 0
2006654 0 0
2006655 0 0
2006656 0 0
2006657 0 0
2006658 0 0
2006659 0 0
2006660 0 0
2006661 0 0
2006662 0 0
2006663 0 0
2006664 0 0
2006665 0 0
2006666 0 0
2006667 0 0
2006668 0 0
2006669 0 0
2006670 0 0
2006671 0 0
2006672 0 0
2006673 0 0
2006674 0 0
2006675 0 0
2006676 0 0
2006677 0 0
2006678 0 0
2006679 0 0
2006680 0 0
2006681 0 0
2006682 0 0
2006683 0 0
2006684 0 0
2006685 0 0
2006686 0 0
2006687 0 0
2006688 0 0
2006689 0 0
2006690 0 0
2006691 0 0
2006692 0 0
2006693 0 0
2006694 0 0
2006695 0 0
2006696 0 0
2006697 0 0
2006698 0 0
2006699 0 0
2006700 0 0
2006701 0 0
2006702 0 0
2006703 0 0
2006704 0 0
2006705 0 0
2006706 0 0
2006707 0 0
2006708 0 0
2006709 0 0
2006710 0 0
2006711 0 0
2006712 0 0
2006713 0 0
2006714 0 0
2006715 0 0
2006716 0 0
2006717 0 0
2006718 0 0
2006719 0 0
2006720 0 0
2006721 0 0
2006722 0 0
2006723 0 0
2006724 0 0
2006725 0 0
2006726 0 0
2006727 0 0
2006728 0 0
2006729 0 0
2006730 0 0
2006731 0 0
2006732 0 0
2006733 0 0
2006734 0 0
2006735 0 0
2006736 0 0
2006737 0 0
2006738 0 0
2006739 0 0
2006740 0 0
2006741 0 0
2006742 0 0
2006743 0 0
2006744 0 0
2006745 0 0
2006746 0 0
2006747 0 0
2006748 0 0
2006749 0 0
2006750 0 0
2006751 0 0
2006752 0 0
2006753 0 0
2006754 0 0
2006755 0 0
2006756 0 0
2006757 0 0
2006758 0 0
2006759 0 0
2006760 0 0
2006761 0 0
2006762 0 0
2006763 0 0
2006764 0 0
2006765 0 0
2006766 0 0
2006767 0 0
2006768 0 0
2006769 0 0
2006770 0 0
2006771 0 0
2006772 0 0
2006773 0 0
2006774 0 0
2006775 0 0
2006776 0 0
2006777 0 0
2006778 0 0
2006779 0 0
2006780 0 0
2006781 0 0
2006782 0 0
2006783 0 0
2006784 0 0
2006785 0 0
2006786 0 0
2006787 0 0
2006788 0 0
2006789 0 0
2006790 0 0
2006791 0 0
2006792 0 0
2006793 0 0
2006794 0 0
2006795 0 0
2006796 0 0
2006797 0 0
2006798 0 0
2006799 0 0
2006800 0 0
2006801 0 0
2006802 0 0
2006803 0 0
2006804 0 0
2006805 0 0
2006806 0 0
2006807 0 0
2006808 0 0
2006809 0 0
2006810 0 0
2006811 0 0
2006812 0 0
2006813 0 0
2006814 0 0
2006815 0 0
2006816 0 0
2006817 0 0
2006818 0 0
2006819 0 0
2006820 0 0
2006821 0 0
2006822 0 0
2006823 0 0
2006824 0 0
2006825 0 0
2006826 0 0
2006827 0 0
2006828 0 0
2006829 0 0
2006830 0 0
2006831 0 0
2006832 0 0
2006833 0 0
2006834 0 0
2006835 0 0
2006836 0 0
2006837 0 0
2006838 0 0
2006839 0 0
2006840 0 0
2006841 0 0
2006842 0 0
2006843 0 0
2006844 0 0
2006845 0 0
2006846 0 0
2006847 0 0
2006848 0 0
2006849 0 0
2006850 0 0
2006851 0 0
2006852 0 0
2006853 0 0
2006854 0 0
2006855 0 0
2006856 0 0
2006857 0 0
2006858 0 0
2006859 0 0
2006860 0 0
2006861 0 0
2006862 0 0
2006863 0 0
2006864 0 0
2006865 0 0
2006866 0 0
2006867 0 0
2006868 0 0
2006869 0 0
2006870 0 0
2006871 0 0
2006872 0 0
2006873 0 0
2006874 0 0
2006875 0 0
2006876 0 0
2006877 0 0
2006878 0 0
2006879 0 0
2006880 0 0
2006881 0 0
2006882 0 0
2006883 0 0
2006884 0 0
2006885 0 0
2006886 0 0
2006887 0 0
2006888 0 0
2006889 0 0
2006890 0 0
2006891 0 0
2006892 0 0
2006893 0 0
2006894 0 0
2006895 0 0
2006896 0 0
2006897 0 0
2006898 0 0
2006899 0 0
2006900 0 0
2006901 0 0
2006902 0 0
2006903 0 0
2006904 0 0
2006905 0 0
2006906 0 0
2006907 0 0
2006908 0 0
2006909 0 0
2006910 0 0
2006911 0 0
2006912 0 0
2006913 0 0
2006914 0 0
2006915 0 0
2006916 0 0
2006917 0 0
2006918 0 0
2006919 0 0
2006920 0 0
2006921 0 0
2006922 0 0
2006923 0 0
2006924 0 0
2006925 0 0
2006926 0 0
2006927 0 0
2006928 0 0
2006929 0 0
2006930 0 0
2006931 0 0
2006932 0 0
2006933 0 0
2006934 0 0
2006935 0 0
2006936 0 0
2006937 0 0
2006938 0 0
2006939 0 0
2006940 0 0
2006941 0 0
2006942 0 0
2006943 0 0
2006944 0 0
2006945 0 0
2006946 0 0
2006947 0 0
2006948 0 0
2006949 0 0
2006950 0 0
2006951 0 0
2006952 0 0
2006953 0 0
2006954 0 0
2006955 0 0
2006956 0 0
2006957 0 0
2006958 0 0
2006959 0 0
2006960 0 0
2006961 0 0
2006962 0 0
2006963 0 0
2006964 0 0
2006965 0 0
2006966 0 0
2006967 0 0
2006968 0 0
2006969 0 0
2006970 0 0
2006971 0 0
2006972 0 0
2006973 0 0
2006974 0 0
2006975 0 0
2006976 0 0
2006977 0 0
2006978 0 0
2006979 0 0
2006980 0 0
2006981 0 0
2006982 0 0
2006983 0 0
2006984 0 0
2006985 0 0
2006986 0 0
2006987 0 0
2006988 0 0
2006989 0 0
2006990 0 0
2006991 0 0
2006992 0 0
2006993 0 0
2006994 0 0
2006995 0 0
2006996 0 0
2006997 0 0
2006998 0 0
2006999 0 0
2007000 0 0
2007001 0 0
2007002 0 0
2007003 0 0
2007004 0 0
2007005 0 0
2007006 0 0
2007007 0 0
2007008 0 0
2007009 0 0
2007010 0 0
2007011 0 0
2007012 0 0
2007013 0 0
2007014 0 0
2007015 0 0
2007016 0 0
2007017 0 0
2007018 0 0
2007019 0 0
2007020 0 0
2007021 0 0
2007022 0 0
2007023 0 0
2007024 0 0
2007025 0 0
2007026 0 0
2007027 0 0
2007028 0 0
2007029 0 0
2007030 0 0
2007031 0 0
2007032 0 0
2007033 0 0
2007034 0 0
2007035 0 0
2007036 0 0
2007037 0 0
2007038 0 0
2007039 0 0
2007040 0 0
2007041 0 0
2007042 0 0
2007043 0 0
2007044 0 0
2007045 0 0
2007046 0 0
2007047 0 0
2007048 0 0
2007049 0 0
2007050 0 0
2007051 0 0
2007052 0 0
2007053 0 0
2007054 0 0
2007055 0 0
2007056 0 0
2007057 0 0
2007058 0 0
2007059 0 0
2007060 0 0
2007061 0 0
2007062 0 0
2007063 0 0
2007064 0 0
2007065 0 0
2007066 0 0
2007067 0 0
2007068 0 0
2007069 0 0
2007070 0 0
2007071 0 0
2007072 0 0
2007073 0 0
2007074 0 0
2007075 0 0
2007076 0 0
2007077 0 0
2007078 0 0
2007079 0 0
2007080 0 0
2007081 0 0
2007082 0 0
2007083 0 0
2007084 0 0
2007085 0 0
2007086 0 0
2007087 0 0
2007088 0 0
2007089 0 0
2007090 0 0
2007091 0 0
2007092 0 0
2007093 0 0
2007094 0 0
2007095 0 0
2007096 0 0
2007097 0 0
2007098 0 0
2007099 0 0
2007100 0 0
2007101 0 0
2007102 0 0
2007103 0 0
2007104 0 0
2007105 0 0
2007106 0 0
2007107 0 0
2007108 0 0
2007109 0 0
2007110 0 0
2007111 0 0
2007112 0 0
2007113 0 0
2007114 0 0
2007115 0 0
2007116 0 0
2007117 0 0
2007118 0 0
2007119 0 0
2007120 0 0
2007121 0 0
2007122 0 0
2007123 0 0
2007124 0 0
2007125 0 0
2007126 0 0
2007127 0 0
2007128 0 0
2007129 0 0
2007130 0 0
2007131 0 0
2007132 0 0
2007133 0 0
2007134 0 0
2007135 0 0
2007136 0 0
2007137 0 0
2007138 0 0
2007139 0 0
2007140 0 0
2007141 0 0
2007142 0 0
2007143 0 0
2007144 0 0
2007145 0 0
2007146 0 0
2007147 0 0
2007148 0 0
2007149 0 0
2007150 0 0
2007151 0 0
2007152 0 0
2007153 0 0
2007154 0 0
2007155 0 0
2007156 0 0
2007157 0 0
2007158 0 0
2007159 0 0
2007160 0 0
2007161 0 0
2007162 0 0
2007163 0 0
2007164 0 0
2007165 0 0
2007166 0 0
2007167 0 0
2007168 0 0
2007169 0 0
2007170 0 0
2007171 0 0
2007172 0 0
2007173 0 0
2007174 0 0
2007175 0 0
2007176 0 0
2007177 0 0
2007178 0 0
2007179 0 0
2007180 0 0
2007181 0 0
2007182 0 0
2007183 0 0
2007184 0 0
2007185 0 0
2007186 0 0
2007187 0 0
2007188 0 0
2007189 0 0
2007190 0 0
2007191 0 0
2007192 0 0
2007193 0 0
2007194 0 0
2007195 0 0
2007196 0 0
2007197 0 0
2007198 0 0
2007199 0 0
2007200 0 0
2007201 0 0
2007202 0 0
2007203 0 0
2007204 0 0
2007205 0 0
2007206 0 0
2007207 0 0
2007208 0 0
2007209 0 0
2007210 0 0
2007211 0 0
2007212 0 0
2007213 0 0
2007214 0 0
2007215 0 0
2007216 0 0
2007217 0 0
2007218 0 0
2007219 0 0
2007220 0 0
2007221 0 0
2007222 0 0
2007223 0 0
2007224 0 0
2007225 0 0
2007226 0 0
2007227 0 0
2007228 0 0
2007229 0 0
2007230 0 0
2007231 0 0
2007232 0 0
2007233 0 0
2007234 0 0
2007235 0 0
2007236 0 0
2007237 0 0
2007238 0 0
2007239 0 0
2007240 0 0
2007241 0 0
2007242 0 0
2007243 0 0
2007244 0 0
2007245 0 0
2007246 0 0
2007247 0 0
2007248 0 0
2007249 0 0
2007250 0 0
2007251 0 0
2007252 0 0
2007253 0 0
2007254 0 0
2007255 0 0
2007256 0 0
2007257 0 0
2007258 0 0
2007259 0 0
2007260 0 0
2007261 0 0
2007262 0 0
2007263 0 0
2007264 0 0
2007265 0 0
2007266 0 0
2007267 0 0
2007268 0 0
2007269 0 0
2007270 0 0
2007271 0 0
2007272 0 0
2007273 0 0
2007274 0 0
2007275 0 0
2007276 0 0
2007277 0 0
2007278 0 0
2007279 0 0
2007280 0 0
2007281 0 0
2007282 0 0
2007283 0 0
2007284 0 0
2007285 0 0
2007286 0 0
2007287 0 0
2007288 0 0
2007289 0 0
2007290 0 0
2007291 0 0
2007292 0 0
2007293 0 0
2007294 0 0
2007295 0 0
2007296 0 0
2007297 0 0
2007298 0 0
2007299 0 0
2007300 0 0
2007301 0 0
2007302 0 0
2007303 0 0
2007304 0 0
2007305 0 0
2007306 0 0
2007307 0 0
2007308 0 0
2007309 0 0
2007310 0 0
2007311 0 0
2007312 0 0
2007313 0 0
2007314 0 0
2007315 0 0
2007316 0 0
2007317 0 0
2007318 0 0
2007319 0 0
2007320 0 0
2007321 0 0
2007322 0 0
2007323 0 0
2007324 0 0
2007325 0 0
2007326 0 0
2007327 0 0
2007328 0 0
2007329 0 0
2007330 0 0
2007331 0 0
2007332 0 0
2007333 0 0
2007334 0 0
2007335 0 0
2007336 0 0
2007337 0 0
2007338 0 0
2007339 0 0
2007340 0 0
2007341 0 0
2007342 0 0
2007343 0 0
2007344 0 0
2007345 0 0
2007346 0 0
2007347 0 0
2007348 0 0
2007349 0 0
2007350 0 0
2007351 0 0
2007352 0 0
2007353 0 0
2007354 0 0
2007355 0 0
2007356 0 0
2007357 0 0
2007358 0 0
2007359 0 0
2007360 0 0
2007361 0 0
2007362 0 0
2007363 0 0
2007364 0 0
2007365 0 0
2007366 0 0
2007367 0 0
2007368 0 0
2007369 0 0
2007370 0 0
2007371 0 0
2007372 0 0
2007373 0 0
2007374 0 0
2007375 0 0
2007376 0 0
2007377 0 0
2007378 0 0
2007379 0 0
2007380 0 0
2007381 0 0
2007382 0 0
2007383 0 0
2007384 0 0
2007385 0 0
2007386 0 0
2007387 0 0
2007388 0 0
2007389 0 0
2007390 0 0
2007391 0 0
2007392 0 0
2007393 0 0
2007394 0 0
2007395 0 0
2007396 0 0
2007397 0 0
2007398 0 0
2007399 0 0
2007400 0 0
2007401 0 0
2007402 0 0
2007403 0 0
2007404 0 0
2007405 0 0
2007406 0 0
2007407 0 0
2007408 0 0
2007409 0 0
2007410 0 0
2007411 0 0
2007412 0 0
2007413 0 0
2007414 0 0
2007415 0 0
2007416 0 0
2007417 0 0
2007418 0 0
2007419 0 0
2007420 0 0
2007421 0 0
2007422 0 0
2007423 0 0
2007424 0 0
2007425 0 0
2007426 0 0
2007427 0 0
2007428 0 0
2007429 0 0
2007430 0 0
2007431 0 0
2007432 0 0
2007433 0 0
2007434 0 0
2007435 0 0
2007436 0 0
2007437 0 0
2007438 0 0
2007439 0 0
2007440 0 0
2007441 0 0
2007442 0 0
2007443 0 0
2007444 0 0
2007445 0 0
2007446 0 0
2007447 0 0
2007448 0 0
2007449 0 0
2007450 0 0
2007451 0 0
2007452 0 0
2007453 0 0
2007454 0 0
2007455 0 0
2007456 0 0
2007457 0 0
2007458 0 0
2007459 0 0
2007460 0 0
2007461 0 0
2007462 0 0
2007463 0 0
2007464 0 0
2007465 0 0
2007466 0 0
2007467 0 0
2007468 0 0
2007469 0 0
2007470 0 0
2007471 0 0
2007472 0 0
2007473 0 0
2007474 0 0
2007475 0 0
2007476 0 0
2007477 0 0
2007478 0 0
2007479 0 0
2007480 0 0
2007481 0 0
2007482 0 0
2007483 0 0
2007484 0 0
2007485 0 0
2007486 0 0
2007487 0 0
2007488 0 0
2007489 0 0
2007490 0 0
2007491 0 0
2007492 0 0
2007493 0 0
2007494 0 0
2007495 0 0
2007496 0 0
2007497 0 0
2007498 0 0
2007499 0 0
2007500 0 0
2007501 0 0
2007502 0 0
2007503 0 0
2007504 0 0
2007505 0 0
2007506 0 0
2007507 0 0
2007508 0 0
2007509 0 0
2007510 0 0
2007511 0 0
2007512 0 0
2007513 0 0
2007514 0 0
2007515 0 0
2007516 0 0
2007517 0 0
2007518 0 0
2007519 0 0
2007520 0 0
2007521 0 0
2007522 0 0
2007523 0 0
2007524 0 0
2007525 0 0
2007526 0 0
2007527 0 0
2007528 0 0
2007529 0 0
2007530 0 0
2007531 0 0
2007532 0 0
2007533 0 0
2007534 0 0
2007535 0 0
2007536 0 0
2007537 0 0
2007538 0 0
2007539 0 0
2007540 0 0
2007541 0 0
2007542 0 0
2007543 0 0
2007544 0 0
2007545 0 0
2007546 0 0
2007547 0 0
2007548 0 0
2007549 0 0
2007550 0 0
2007551 0 0
2007552 0 0
2007553 0 0
2007554 0 0
2007555 0 0
2007556 0 0
2007557 0 0
2007558 0 0
2007559 0 0
2007560 0 0
2007561 0 0
2007562 0 0
2007563 0 0
2007564 0 0
2007565 0 0
2007566 0 0
2007567 0 0
2007568 0 0
2007569 0 0
2007570 0 0
2007571 0 0
2007572 0 0
2007573 0 0
2007574 0 0
2007575 0 0
2007576 0 0
2007577 0 0
2007578 0 0
2007579 0 0
2007580 0 0
2007581 0 0
2007582 0 0
2007583 0 0
2007584 0 0
2007585 0 0
2007586 0 0
2007587 0 0
2007588 0 0
2007589 0 0
2007590 0 0
2007591 0 0
2007592 0 0
2007593 0 0
2007594 0 0
2007595 0 0
2007596 0 0
2007597 0 0
2007598 0 0
2007599 0 0
2007600 0 0
2007601 0 0
2007602 0 0
2007603 0 0
2007604 0 0
2007605 0 0
2007606 0 0
2007607 0 0
2007608 0 0
2007609 0 0
2007610 0 0
2007611 0 0
2007612 0 0
2007613 0 0
2007614 0 0
2007615 0 0
2007616 0 0
2007617 0 0
2007618 0 0
2007619 0 0
2007620 0 0
2007621 0 0
2007622 0 0
2007623 0 0
2007624 0 0
2007625 0 0
2007626 0 0
2007627 0 0
2007628 0 0
2007629 0 0
2007630 0 0
2007631 0 0
2007632 0 0
2007633 0 0
2007634 0 0
2007635 0 0
2007636 0 0
2007637 0 0
2007638 0 0
2007639 0 0
2007640 0 0
2007641 0 0
2007642 0 0
2007643 0 0
2007644 0 0
2007645 0 0
2007646 0 0
2007647 0 0
2007648 0 0
2007649 0 0
2007650 0 0
2007651 0 0
2007652 0 0
2007653 0 0
2007654 0 0
2007655 0 0
2007656 0 0
2007657 0 0
2007658 0 0
2007659 0 0
2007660 0 0
2007661 0 0
2007662 0 0
2007663 0 0
2007664 0 0
2007665 0 0
2007666 0 0
2007667 0 0
2007668 0 0
2007669 0 0
2007670 0 0
2007671 0 0
2007672 0 0
2007673 0 0
2007674 0 0
2007675 0 0
2007676 0 0
2007677 0 0
2007678 0 0
2007679 0 0
2007680 0 0
2007681 0 0
2007682 0 0
2007683 0 0
2007684 0 0
2007685 0 0
2007686 0 0
2007687 0 0
2007688 0 0
2007689 0 0
2007690 0 0
2007691 0 0
2007692 0 0
2007693 0 0
2007694 0 0
2007695 0 0
2007696 0 0
2007697 0 0
2007698 0 0
2007699 0 0
2007700 0 0
2007701 0 0
2007702 0 0
2007703 0 0
2007704 0 0
2007705 0 0
2007706 0 0
2007707 0 0
2007708 0 0
2007709 0 0
2007710 0 0
2007711 0 0
2007712 0 0
2007713 0 0
2007714 0 0
2007715 0 0
2007716 0 0
2007717 0 0
2007718 0 0
2007719 0 0
2007720 0 0
2007721 0 0
2007722 0 0
2007723 0 0
2007724 0 0
2007725 0 0
2007726 0 0
2007727 0 0
2007728 0 0
2007729 0 0
2007730 0 0
2007731 0 0
2007732 0 0
2007733 0 0
2007734 0 0
2007735 0 0
2007736 0 0
2007737 0 0
2007738 0 0
2007739 0 0
2007740 0 0
2007741 0 0
2007742 0 0
2007743 0 0
2007744 0 0
2007745 0 0
2007746 0 0
2007747 0 0
2007748 0 0
2007749 0 0
2007750 0 0
2007751 0 0
2007752 0 0
2007753 0 0
2007754 0 0
2007755 0 0
2007756 0 0
2007757 0 0
2007758 0 0
2007759 0 0
2007760 0 0
2007761 0 0
2007762 0 0
2007763 0 0
2007764 0 0
2007765 0 0
2007766 0 0
2007767 0 0
2007768 0 0
2007769 0 0
2007770 0 0
2007771 0 0
2007772 0 0
2007773 0 0
2007774 0 0
2007775 0 0
2007776 0 0
2007777 0 0
2007778 0 0
2007779 0 0
2007780 0 0
2007781 0 0
2007782 0 0
2007783 0 0
2007784 0 0
2007785 0 0
2007786 0 0
2007787 0 0
2007788 0 0
2007789 0 0
2007790 0 0
2007791 0 0
2007792 0 0
2007793 0 0
2007794 0 0
2007795 0 0
2007796 0 0
2007797 0 0
2007798 0 0
2007799 0 0
2007800 0 0
2007801 0 0
2007802 0 0
2007803 0 0
2007804 0 0
2007805 0 0
2007806 0 0
2007807 0 0
2007808 0 0
2007809 0 0
2007810 0 0
2007811 0 0
2007812 0 0
2007813 0 0
2007814 0 0
2007815 0 0
2007816 0 0
2007817 0 0
2007818 0 0
2007819 0 0
2007820 0 0
2007821 0 0
2007822 0 0
2007823 0 0
2007824 0 0
2007825 0 0
2007826 0 0
2007827 0 0
2007828 0 0
2007829 0 0
2007830 0 0
2007831 0 0
2007832 0 0
2007833 0 0
2007834 0 0
2007835 0 0
2007836 0 0
2007837 0 0
2007838 0 0
2007839 0 0
2007840 0 0
2007841 0 0
2007842 0 0
2007843 0 0
2007844 0 0
2007845 0 0
2007846 0 0
2007847 0 0
2007848 0 0
2007849 0 0
2007850 0 0
2007851 0 0
2007852 0 0
2007853 0 0
2007854 0 0
2007855 0 0
2007856 0 0
2007857 0 0
2007858 0 0
2007859 0 0
2007860 0 0
2007861 0 0
2007862 0 0
2007863 0 0
2007864 0 0
2007865 0 0
2007866 0 0
2007867 0 0
2007868 0 0
2007869 0 0
2007870 0 0
2007871 0 0
2007872 0 0
2007873 0 0
2007874 0 0
2007875 0 0
2007876 0 0
2007877 0 0
2007878 0 0
2007879 0 0
2007880 0 0
2007881 0 0
2007882 0 0
2007883 0 0
2007884 0 0
2007885 0 0
2007886 0 0
2007887 0 0
2007888 0 0
2007889 0 0
2007890 0 0
2007891 0 0
2007892 0 0
2007893 0 0
2007894 0 0
2007895 0 0
2007896 0 0
2007897 0 0
2007898 0 0
2007899 0 0
2007900 0 0
2007901 0 0
2007902 0 0
2007903 0 0
2007904 0 0
2007905 0 0
2007906 0 0
2007907 0 0
2007908 0 0
2007909 0 0
2007910 0 0
2007911 0 0
2007912 0 0
2007913 0 0
2007914 0 0
2007915 0 0
2007916 0 0
2007917 0 0
2007918 0 0
2007919 0 0
2007920 0 0
2007921 0 0
2007922 0 0
2007923 0 0
2007924 0 0
2007925 0 0
2007926 0 0
2007927 0 0
2007928 0 0
2007929 0 0
2007930 0 0
2007931 0 0
2007932 0 0
2007933 0 0
2007934 0 0
2007935 0 0
2007936 0 0
2007937 0 0
2007938 0 0
2007939 0 0
2007940 0 0
2007941 0 0
2007942 0 0
2007943 0 0
2007944 0 0
2007945 0 0
2007946 0 0
2007947 0 0
2007948 0 0
2007949 0 0
2007950 0 0
2007951 0 0
2007952 0 0
2007953 0 0
2007954 0 0
2007955 0 0
2007956 0 0
2007957 0 0
2007958 0 0
2007959 0 0
2007960 0 0
2007961 0 0
2007962 0 0
2007963 0 0
2007964 0 0
2007965 0 0
2007966 0 0
2007967 0 0
2007968 0 0
2007969 0 0
2007970 0 0
2007971 0 0
2007972 0 0
2007973 0 0
2007974 0 0
2007975 0 0
2007976 0 0
2007977 0 0
2007978 0 0
2007979 0 0
2007980 0 0
2007981 0 0
2007982 0 0
2007983 0 0
2007984 0 0
2007985 0 0
2007986 0 0
2007987 0 0
2007988 0 0
2007989 0 0
2007990 0 0
2007991 0 0
2007992 0 0
2007993 0 0
2007994 0 0
2007995 0 0
2007996 0 0
2007997 0 0
2007998 0 0
2007999 0 0
2008000 0 0
2008001 0 0
2008002 0 0
2008003 0 0
2008004 0 0
2008005 0 0
2008006 0 0
2008007 0 0
2008008 0 0
2008009 0 0
2008010 0 0
2008011 0 0
2008012 0 0
2008013 0 0
2008014 0 0
2008015 0 0
2008016 0 0
2008017 0 0
2008018 0 0
2008019 0 0
2008020 0 0
2008021 0 0
2008022 0 0
2008023 0 0
2008024 0 0
2008025 0 0
2008026 0 0
2008027 0 0
2008028 0 0
2008029 0 0
2008030 0 0
2008031 0 0
2008032 0 0
2008033 0 0
2008034 0 0
2008035 0 0
2008036 0 0
2008037 0 0
2008038 0 0
2008039 0 0
2008040 0 0
2008041 0 0
2008042 0 0
2008043 0 0
2008044 0 0
2008045 0 0
2008046 0 0
2008047 0 0
2008048 0 0
2008049 0 0
2008050 0 0
2008051 0 0
2008052 0 0
2008053 0 0
2008054 0 0
2008055 0 0
2008056 0 0
2008057 0 0
2008058 0 0
2008059 0 0
2008060 0 0
2008061 0 0
2008062 0 0
2008063 0 0
2008064 0 0
2008065 0 0
2008066 0 0
2008067 0 0
2008068 0 0
2008069 0 0
2008070 0 0
2008071 0 0
2008072 0 0
2008073 0 0
2008074 0 0
2008075 0 0
2008076 0 0
2008077 0 0
2008078 0 0
2008079 0 0
2008080 0 0
2008081 0 0
2008082 0 0
2008083 0 0
2008084 0 0
2008085 0 0
2008086 0 0
2008087 0 0
2008088 0 0
2008089 0 0
2008090 0 0
2008091 0 0
2008092 0 0
2008093 0 0
2008094 0 0
2008095 0 0
2008096 0 0
2008097 0 0
2008098 0 0
2008099 0 0
2008100 0 0
2008101 0 0
2008102 0 0
2008103 0 0
2008104 0 0
2008105 0 0
2008106 0 0
2008107 0 0
2008108 0 0
2008109 0 0
2008110 0 0
2008111 0 0
2008112 0 0
2008113 0 0
2008114 0 0
2008115 0 0
2008116 0 0
2008117 0 0
2008118 0 0
2008119 0 0
2008120 0 0
2008121 0 0
2008122 0 0
2008123 0 0
2008124 0 0
2008125 0 0
2008126 0 0
2008127 0 0
2008128 0 0
2008129 0 0
2008130 0 0
2008131 0 0
2008132 0 0
2008133 0 0
2008134 0 0
2008135 0 0
2008136 0 0
2008137 0 0
2008138 0 0
2008139 0 0
2008140 0 0
2008141 0 0
2008142 0 0
2008143 0 0
2008144 0 0
2008145 0 0
2008146 0 0
2008147 0 0
2008148 0 0
2008149 0 0
2008150 0 0
2008151 0 0
2008152 0 0
2008153 0 0
2008154 0 0
2008155 0 0
2008156 0 0
2008157 0 0
2008158 0 0
2008159 0 0
2008160 0 0
2008161 0 0
2008162 0 0
2008163 0 0
2008164 0 0
2008165 0 0
2008166 0 0
2008167 0 0
2008168 0 0
2008169 0 0
2008170 0 0
2008171 0 0
2008172 0 0
2008173 0 0
2008174 0 0
2008175 0 0
2008176 0 0
2008177 0 0
2008178 0 0
2008179 0 0
2008180 0 0
2008181 0 0
2008182 0 0
2008183 0 0
2008184 0 0
2008185 0 0
2008186 0 0
2008187 0 0
2008188 0 0
2008189 0 0
2008190 0 0
2008191 0 0
2008192 0 0
2008193 0 0
2008194 0 0
2008195 0 0
2008196 0 0
2008197 0 0
2008198 0 0
2008199 0 0
2008200 0 0
2008201 0 0
2008202 0 0
2008203 0 0
2008204 0 0
2008205 0 0
2008206 0 0
2008207 0 0
2008208 0 0
2008209 0 0
2008210 0 0
2008211 0 0
2008212 0 0
2008213 0 0
2008214 0 0
2008215 0 0
2008216 0 0
2008217 0 0
2008218 0 0
2008219 0 0
2008220 0 0
2008221 0 0
2008222 0 0
2008223 0 0
2008224 0 0
2008225 0 0
2008226 0 0
2008227 0 0
2008228 0 0
2008229 0 0
2008230 0 0
2008231 0 0
2008232 0 0
2008233 0 0
2008234 0 0
2008235 0 0
2008236 0 0
2008237 0 0
2008238 0 0
2008239 0 0
2008240 0 0
2008241 0 0
2008242 0 0
2008243 0 0
2008244 0 0
2008245 0 0
2008246 0 0
2008247 0 0
2008248 0 0
2008249 0 0
2008250 0 0
2008251 0 0
2008252 0 0
2008253 0 0
2008254 0 0
2008255 0 0
2008256 0 0
2008257 0 0
2008258 0 0
2008259 0 0
2008260 0 0
2008261 0 0
2008262 0 0
2008263 0 0
2008264 0 0
2008265 0 0
2008266 0 0
2008267 0 0
2008268 0 0
2008269 0 0
2008270 0 0
2008271 0 0
2008272 0 0
2008273 0 0
2008274 0 0
2008275 0 0
2008276 0 0
2008277 0 0
2008278 0 0
2008279 0 0
2008280 0 0
2008281 0 0
2008282 0 0
2008283 0 0
2008284 0 0
2008285 0 0
2008286 0 0
2008287 0 0
2008288 0 0
2008289 0 0
2008290 0 0
2008291 0 0
2008292 0 0
2008293 0 0
2008294 0 0
2008295 0 0
2008296 0 0
2008297 0 0
2008298 0 0
2008299 0 0
2008300 0 0
2008301 0 0
2008302 0 0
2008303 0 0
2008304 0 0
2008305 0 0
2008306 0 0
2008307 0 0
2008308 0 0
2008309 0 0
2008310 0 0
2008311 0 0
2008312 0 0
2008313 0 0
2008314 0 0
2008315 0 0
2008316 0 0
2008317 0 0
2008318 0 0
2008319 0 0
2008320 0 0
2008321 0 0
2008322 0 0
2008323 0 0
2008324 0 0
2008325 0 0
2008326 0 0
2008327 0 0
2008328 0 0
2008329 0 0
2008330 0 0
2008331 0 0
2008332 0 0
2008333 0 0
2008334 0 0
2008335 0 0
2008336 0 0
2008337 0 0
2008338 0 0
2008339 0 0
2008340 0 0
2008341 0 0
2008342 0 0
2008343 0 0
2008344 0 0
2008345 0 0
2008346 0 0
2008347 0 0
2008348 0 0
2008349 0 0
2008350 0 0
2008351 0 0
2008352 0 0
2008353 0 0
2008354 0 0
2008355 0 0
2008356 0 0
2008357 0 0
2008358 0 0
2008359 0 0
2008360 0 0
2008361 0 0
2008362 0 0
2008363 0 0
2008364 0 0
2008365 0 0
2008366 0 0
2008367 0 0
2008368 0 0
2008369 0 0
2008370 0 0
2008371 0 0
2008372 0 0
2008373 0 0
2008374 0 0
2008375 0 0
2008376 0 0
2008377 0 0
2008378 0 0
2008379 0 0
2008380 0 0
2008381 0 0
2008382 0 0
2008383 0 0
2008384 0 0
2008385 0 0
2008386 0 0
2008387 0 0
2008388 0 0
2008389 0 0
2008390 0 0
2008391 0 0
2008392 0 0
2008393 0 0
2008394 0 0
2008395 0 0
2008396 0 0
2008397 0 0
2008398 0 0
2008399 0 0
2008400 0 0
2008401 0 0
2008402 0 0
2008403 0 0
2008404 0 0
2008405 0 0
2008406 0 0
2008407 0 0
2008408 0 0
2008409 0 0
2008410 0 0
2008411 0 0
2008412 0 0
2008413 0 0
2008414 0 0
2008415 0 0
2008416 0 0
2008417 0 0
2008418 0 0
2008419 0 0
2008420 0 0
2008421 0 0
2008422 0 0
2008423 0 0
2008424 0 0
2008425 0 0
2008426 0 0
2008427 0 0
2008428 0 0
2008429 0 0
2008430 0 0
2008431 0 0
2008432 0 0
2008433 0 0
2008434 0 0
2008435 0 0
2008436 0 0
2008437 0 0
2008438 0 0
2008439 0 0
2008440 0 0
2008441 0 0
2008442 0 0
2008443 0 0
2008444 0 0
2008445 0 0
2008446 0 0
2008447 0 0
2008448 0 0
2008449 0 0
2008450 0 0
2008451 0 0
2008452 0 0
2008453 0 0
2008454 0 0
2008455 0 0
2008456 0 0
2008457 0 0
2008458 0 0
2008459 0 0
2008460 0 0
2008461 0 0
2008462 0 0
2008463 0 0
2008464 0 0
2008465 0 0
2008466 0 0
2008467 0 0
2008468 0 0
2008469 0 0
2008470 0 0
2008471 0 0
2008472 0 0
2008473 0 0
2008474 0 0
2008475 0 0
2008476 0 0
2008477 0 0
2008478 0 0
2008479 0 0
2008480 0 0
2008481 0 0
2008482 0 0
2008483 0 0
2008484 0 0
2008485 0 0
2008486 0 0
2008487 0 0
2008488 0 0
2008489 0 0
2008490 0 0
2008491 0 0
2008492 0 0
2008493 0 0
2008494 0 0
2008495 0 0
2008496 0 0
2008497 0 0
2008498 0 0
2008499 0 0
2008500 0 0
2008501 0 0
2008502 0 0
2008503 0 0
2008504 0 0
2008505 0 0
2008506 0 0
2008507 0 0
2008508 0 0
2008509 0 0
2008510 0 0
2008511 0 0
2008512 0 0
2008513 0 0
2008514 0 0
2008515 0 0
2008516 0 0
2008517 0 0
2008518 0 0
2008519 0 0
2008520 0 0
2008521 0 0
2008522 0 0
2008523 0 0
2008524 0 0
2008525 0 0
2008526 0 0
2008527 0 0
2008528 0 0
2008529 0 0
2008530 0 0
2008531 0 0
2008532 0 0
2008533 0 0
2008534 0 0
2008535 0 0
2008536 0 0
2008537 0 0
2008538 0 0
2008539 0 0
2008540 0 0
2008541 0 0
2008542 0 0
2008543 0 0
2008544 0 0
2008545 0 0
2008546 0 0
2008547 0 0
2008548 0 0
2008549 0 0
2008550 0 0
2008551 0 0
2008552 0 0
2008553 0 0
2008554 0 0
2008555 0 0
2008556 0 0
2008557 0 0
2008558 0 0
2008559 0 0
2008560 0 0
2008561 0 0
2008562 0 0
2008563 0 0
2008564 0 0
2008565 0 0
2008566 0 0
2008567 0 0
2008568 0 0
2008569 0 0
2008570 0 0
2008571 0 0
2008572 0 0
2008573 0 0
2008574 0 0
2008575 0 0
2008576 0 0
2008577 0 0
2008578 0 0
2008579 0 0
2008580 0 0
2008581 0 0
2008582 0 0
2008583 0 0
2008584 0 0
2008585 0 0
2008586 0 0
2008587 0 0
2008588 0 0
2008589 0 0
2008590 0 0
2008591 0 0
2008592 0 0
2008593 0 0
2008594 0 0
2008595 0 0
2008596 0 0
2008597 0 0
2008598 0 0
2008599 0 0
2008600 0 0
2008601 0 0
2008602 0 0
2008603 0 0
2008604 0 0
2008605 0 0
2008606 0 0
2008607 0 0
2008608 0 0
2008609 0 0
2008610 0 0
2008611 0 0
2008612 0 0
2008613 0 0
2008614 0 0
2008615 0 0
2008616 0 0
2008617 0 0
2008618 0 0
2008619 0 0
2008620 0 0
2008621 0 0
2008622 0 0
2008623 0 0
2008624 0 0
2008625 0 0
2008626 0 0
2008627 0 0
2008628 0 0
2008629 0 0
2008630 0 0
2008631 0 0
2008632 0 0
2008633 0 0
2008634 0 0
2008635 0 0
2008636 0 0
2008637 0 0
2008638 0 0
2008639 0 0
2008640 0 0
2008641 0 0
2008642 0 0
2008643 0 0
2008644 0 0
2008645 0 0
2008646 0 0
2008647 0 0
2008648 0 0
2008649 0 0
2008650 0 0
2008651 0 0
2008652 0 0
2008653 0 0
2008654 0 0
2008655 0 0
2008656 0 0
2008657 0 0
2008658 0 0
2008659 0 0
2008660 0 0
2008661 0 0
2008662 0 0
2008663 0 0
2008664 0 0
2008665 0 0
2008666 0 0
2008667 0 0
2008668 0 0
2008669 0 0
2008670 0 0
2008671 0 0
2008672 0 0
2008673 0 0
2008674 0 0
2008675 0 0
2008676 0 0
2008677 0 0
2008678 0 0
2008679 0 0
2008680 0 0
2008681 0 0
2008682 0 0
2008683 0 0
2008684 0 0
2008685 0 0
2008686 0 0
2008687 0 0
2008688 0 0
2008689 0 0
2008690 0 0
2008691 0 0
2008692 0 0
2008693 0 0
2008694 0 0
2008695 0 0
2008696 0 0
2008697 0 0
2008698 0 0
2008699 0 0
2008700 0 0
2008701 0 0
2008702 0 0
2008703 0 0
2008704 0 0
2008705 0 0
2008706 0 0
2008707 0 0
2008708 0 0
2008709 0 0
2008710 0 0
2008711 0 0
2008712 0 0
2008713 0 0
2008714 0 0
2008715 0 0
2008716 0 0
2008717 0 0
2008718 0 0
2008719 0 0
2008720 0 0
2008721 0 0
2008722 0 0
2008723 0 0
2008724 0 0
2008725 0 0
2008726 0 0
2008727 0 0
2008728 0 0
2008729 0 0
2008730 0 0
2008731 0 0
2008732 0 0
2008733 0 0
2008734 0 0
2008735 0 0
2008736 0 0
2008737 0 0
2008738 0 0
2008739 0 0
2008740 0 0
2008741 0 0
2008742 0 0
2008743 0 0
2008744 0 0
2008745 0 0
2008746 0 0
2008747 0 0
2008748 0 0
2008749 0 0
2008750 0 0
2008751 0 0
2008752 0 0
2008753 0 0
2008754 0 0
2008755 0 0
2008756 0 0
2008757 0 0
2008758 0 0
2008759 0 0
2008760 0 0
2008761 0 0
2008762 0 0
2008763 0 0
2008764 0 0
2008765 0 0
2008766 0 0
2008767 0 0
2008768 0 0
2008769 0 0
2008770 0 0
2008771 0 0
2008772 0 0
2008773 0 0
2008774 0 0
2008775 0 0
2008776 0 0
2008777 0 0
2008778 0 0
2008779 0 0
2008780 0 0
2008781 0 0
2008782 0 0
2008783 0 0
2008784 0 0
2008785 0 0
2008786 0 0
2008787 0 0
2008788 0 0
2008789 0 0
2008790 0 0
2008791 0 0
2008792 0 0
2008793 0 0
2008794 0 0
2008795 0 0
2008796 0 0
2008797 0 0
2008798 0 0
2008799 0 0
2008800 0 0
2008801 0 0
2008802 0 0
2008803 0 0
2008804 0 0
2008805 0 0
2008806 0 0
2008807 0 0
2008808 0 0
2008809 0 0
2008810 0 0
2008811 0 0
2008812 0 0
2008813 0 0
2008814 0 0
2008815 0 0
2008816 0 0
2008817 0 0
2008818 0 0
2008819 0 0
2008820 0 0
2008821 0 0
2008822 0 0
2008823 0 0
2008824 0 0
2008825 0 0
2008826 0 0
2008827 0 0
2008828 0 0
2008829 0 0
2008830 0 0
2008831 0 0
2008832 0 0
2008833 0 0
2008834 0 0
2008835 0 0
2008836 0 0
2008837 0 0
2008838 0 0
2008839 0 0
2008840 0 0
2008841 0 0
2008842 0 0
2008843 0 0
2008844 0 0
2008845 0 0
2008846 0 0
2008847 0 0
2008848 0 0
2008849 0 0
2008850 0 0
2008851 0 0
2008852 0 0
2008853 0 0
2008854 0 0
2008855 0 0
2008856 0 0
2008857 0 0
2008858 0 0
2008859 0 0
2008860 0 0
2008861 0 0
2008862 0 0
2008863 0 0
2008864 0 0
2008865 0 0
2008866 0 0
2008867 0 0
2008868 0 0
2008869 0 0
2008870 0 0
2008871 0 0
2008872 0 0
2008873 0 0
2008874 0 0
2008875 0 0
2008876 0 0
2008877 0 0
2008878 0 0
2008879 0 0
2008880 0 0
2008881 0 0
2008882 0 0
2008883 0 0
2008884 0 0
2008885 0 0
2008886 0 0
2008887 0 0
2008888 0 0
2008889 0 0
2008890 0 0
2008891 0 0
2008892 0 0
2008893 0 0
2008894 0 0
2008895 0 0
2008896 0 0
2008897 0 0
2008898 0 0
2008899 0 0
2008900 0 0
2008901 0 0
2008902 0 0
2008903 0 0
2008904 0 0
2008905 0 0
2008906 0 0
2008907 0 0
2008908 0 0
2008909 0 0
2008910 0 0
2008911 0 0
2008912 0 0
2008913 0 0
2008914 0 0
2008915 0 0
2008916 0 0
2008917 0 0
2008918 0 0
2008919 0 0
2008920 0 0
2008921 0 0
2008922 0 0
2008923 0 0
2008924 0 0
2008925 0 0
2008926 0 0
2008927 0 0
2008928 0 0
2008929 0 0
2008930 0 0
2008931 0 0
2008932 0 0
2008933 0 0
2008934 0 0
2008935 0 0
2008936 0 0
2008937 0 0
2008938 0 0
2008939 0 0
2008940 0 0
2008941 0 0
2008942 0 0
2008943 0 0
2008944 0 0
2008945 0 0
2008946 0 0
2008947 0 0
2008948 0 0
2008949 0 0
2008950 0 0
2008951 0 0
2008952 0 0
2008953 0 0
2008954 0 0
2008955 0 0
2008956 0 0
2008957 0 0
2008958 0 0
2008959 0 0
2008960 0 0
2008961 0 0
2008962 0 0
2008963 0 0
2008964 0 0
2008965 0 0
2008966 0 0
2008967 0 0
2008968 0 0
2008969 0 0
2008970 0 0
2008971 0 0
2008972 0 0
2008973 0 0
2008974 0 0
2008975 0 0
2008976 0 0
2008977 0 0
2008978 0 0
2008979 0 0
2008980 0 0
2008981 0 0
2008982 0 0
2008983 0 0
2008984 0 0
2008985 0 0
2008986 0 0
2008987 0 0
2008988 0 0
2008989 0 0
2008990 0 0
2008991 0 0
2008992 0 0
2008993 0 0
2008994 0 0
2008995 0 0
2008996 0 0
2008997 0 0
2008998 0 0
2008999 0 0
2009000 0 0
2009001 0 0
2009002 0 0
2009003 0 0
2009004 0 0
2009005 0 0
2009006 0 0
2009007 0 0
2009008 0 0
2009009 0 0
2009010 0 0
2009011 0 0
2009012 0 0
2009013 0 0
2009014 0 0
2009015 0 0
2009016 0 0
2009017 0 0
2009018 0 0
2009019 0 0
2009020 0 0
2009021 0 0
2009022 0 0
2009023 0 0
2009024 0 0
2009025 0 0
2009026 0 0
2009027 0 0
2009028 0 0
2009029 0 0
2009030 0 0
2009031 0 0
2009032 0 0
2009033 0 0
2009034 0 0
2009035 0 0
2009036 0 0
2009037 0 0
2009038 0 0
2009039 0 0
2009040 0 0
2009041 0 0
2009042 0 0
2009043 0 0
2009044 0 0
2009045 0 0
2009046 0 0
2009047 0 0
2009048 0 0
2009049 0 0
2009050 0 0
2009051 0 0
2009052 0 0
2009053 0 0
2009054 0 0
2009055 0 0
2009056 0 0
2009057 0 0
2009058 0 0
2009059 0 0
2009060 0 0
2009061 0 0
2009062 0 0
2009063 0 0
2009064 0 0
2009065 0 0
2009066 0 0
2009067 0 0
2009068 0 0
2009069 0 0
2009070 0 0
2009071 0 0
2009072 0 0
2009073 0 0
2009074 0 0
2009075 0 0
2009076 0 0
2009077 0 0
2009078 0 0
2009079 0 0
2009080 0 0
2009081 0 0
2009082 0 0
2009083 0 0
2009084 0 0
2009085 0 0
2009086 0 0
2009087 0 0
2009088 0 0
2009089 0 0
2009090 0 0
2009091 0 0
2009092 0 0
2009093 0 0
2009094 0 0
2009095 0 0
2009096 0 0
2009097 0 0
2009098 0 0
2009099 0 0
2009100 0 0
2009101 0 0
2009102 0 0
2009103 0 0
2009104 0 0
2009105 0 0
2009106 0 0
2009107 0 0
2009108 0 0
2009109 0 0
2009110 0 0
2009111 0 0
2009112 0 0
2009113 0 0
2009114 0 0
2009115 0 0
2009116 0 0
2009117 0 0
2009118 0 0
2009119 0 0
2009120 0 0
2009121 0 0
2009122 0 0
2009123 0 0
2009124 0 0
2009125 0 0
2009126 0 0
2009127 0 0
2009128 0 0
2009129 0 0
2009130 0 0
2009131 0 0
2009132 0 0
2009133 0 0
2009134 0 0
2009135 0 0
2009136 0 0
2009137 0 0
2009138 0 0
2009139 0 0
2009140 0 0
2009141 0 0
2009142 0 0
2009143 0 0
2009144 0 0
2009145 0 0
2009146 0 0
2009147 0 0
2009148 0 0
2009149 0 0
2009150 0 0
2009151 0 0
2009152 0 0
2009153 0 0
2009154 0 0
2009155 0 0
2009156 0 0
2009157 0 0
2009158 0 0
2009159 0 0
2009160 0 0
2009161 0 0
2009162 0 0
2009163 0 0
2009164 0 0
2009165 0 0
2009166 0 0
2009167 0 0
2009168 0 0
2009169 0 0
2009170 0 0
2009171 0 0
2009172 0 0
2009173 0 0
2009174 0 0
2009175 0 0
2009176 0 0
2009177 0 0
2009178 0 0
2009179 0 0
2009180 0 0
2009181 0 0
2009182 0 0
2009183 0 0
2009184 0 0
2009185 0 0
2009186 0 0
2009187 0 0
2009188 0 0
2009189 0 0
2009190 0 0
2009191 0 0
2009192 0 0
2009193 0 0
2009194 0 0
2009195 0 0
2009196 0 0
2009197 0 0
2009198 0 0
2009199 0 0
2009200 0 0
2009201 0 0
2009202 0 0
2009203 0 0
2009204 0 0
2009205 0 0
2009206 0 0
2009207 0 0
2009208 0 0
2009209 0 0
2009210 0 0
2009211 0 0
2009212 0 0
2009213 0 0
2009214 0 0
2009215 0 0
2009216 0 0
2009217 0 0
2009218 0 0
2009219 0 0
2009220 0 0
2009221 0 0
2009222 0 0
2009223 0 0
2009224 0 0
2009225 0 0
2009226 0 0
2009227 0 0
2009228 0 0
2009229 0 0
2009230 0 0
2009231 0 0
2009232 0 0
2009233 0 0
2009234 0 0
2009235 0 0
2009236 0 0
2009237 0 0
2009238 0 0
2009239 0 0
2009240 0 0
2009241 0 0
2009242 0 0
2009243 0 0
2009244 0 0
2009245 0 0
2009246 0 0
2009247 0 0
2009248 0 0
2009249 0 0
2009250 0 0
2009251 0 0
2009252 0 0
2009253 0 0
2009254 0 0
2009255 0 0
2009256 0 0
2009257 0 0
2009258 0 0
2009259 0 0
2009260 0 0
2009261 0 0
2009262 0 0
2009263 0 0
2009264 0 0
2009265 0 0
2009266 0 0
2009267 0 0
2009268 0 0
2009269 0 0
2009270 0 0
2009271 0 0
2009272 0 0
2009273 0 0
2009274 0 0
2009275 0 0
2009276 0 0
2009277 0 0
2009278 0 0
2009279 0 0
2009280 0 0
2009281 0 0
2009282 0 0
2009283 0 0
2009284 0 0
2009285 0 0
2009286 0 0
2009287 0 0
2009288 0 0
2009289 0 0
2009290 0 0
2009291 0 0
2009292 0 0
2009293 0 0
2009294 0 0
2009295 0 0
2009296 0 0
2009297 0 0
2009298 0 0
2009299 0 0
2009300 0 0
2009301 0 0
2009302 0 0
2009303 0 0
2009304 0 0
2009305 0 0
2009306 0 0
2009307 0 0
2009308 0 0
2009309 0 0
2009310 0 0
2009311 0 0
2009312 0 0
2009313 0 0
2009314 0 0
2009315 0 0
2009316 0 0
2009317 0 0
2009318 0 0
2009319 0 0
2009320 0 0
2009321 0 0
2009322 0 0
2009323 0 0
2009324 0 0
2009325 0 0
2009326 0 0
2009327 0 0
2009328 0 0
2009329 0 0
2009330 0 0
2009331 0 0
2009332 0 0
2009333 0 0
2009334 0 0
2009335 0 0
2009336 0 0
2009337 0 0
2009338 0 0
2009339 0 0
2009340 0 0
2009341 0 0
2009342 0 0
2009343 0 0
2009344 0 0
2009345 0 0
2009346 0 0
2009347 0 0
2009348 0 0
2009349 0 0
2009350 0 0
2009351 0 0
2009352 0 0
2009353 0 0
2009354 0 0
2009355 0 0
2009356 0 0
2009357 0 0
2009358 0 0
2009359 0 0
2009360 0 0
2009361 0 0
2009362 0 0
2009363 0 0
2009364 0 0
2009365 0 0
2009366 0 0
2009367 0 0
2009368 0 0
2009369 0 0
2009370 0 0
2009371 0 0
2009372 0 0
2009373 0 0
2009374 0 0
2009375 0 0
2009376 0 0
2009377 0 0
2009378 0 0
2009379 0 0
2009380 0 0
2009381 0 0
2009382 0 0
2009383 0 0
2009384 0 0
2009385 0 0
2009386 0 0
2009387 0 0
2009388 0 0
2009389 0 0
2009390 0 0
2009391 0 0
2009392 0 0
2009393 0 0
2009394 0 0
2009395 0 0
2009396 0 0
2009397 0 0
2009398 0 0
2009399 0 0
2009400 0 0
2009401 0 0
2009402 0 0
2009403 0 0
2009404 0 0
2009405 0 0
2009406 0 0
2009407 0 0
2009408 0 0
2009409 0 0
2009410 0 0
2009411 0 0
2009412 0 0
2009413 0 0
2009414 0 0
2009415 0 0
2009416 0 0
2009417 0 0
2009418 0 0
2009419 0 0
2009420 0 0
2009421 0 0
2009422 0 0
2009423 0 0
2009424 0 0
2009425 0 0
2009426 0 0
2009427 0 0
2009428 0 0
2009429 0 0
2009430 0 0
2009431 0 0
2009432 0 0
2009433 0 0
2009434 0 0
2009435 0 0
2009436 0 0
2009437 0 0
2009438 0 0
2009439 0 0
2009440 0 0
2009441 0 0
2009442 0 0
2009443 0 0
2009444 0 0
2009445 0 0
2009446 0 0
2009447 0 0
2009448 0 0
2009449 0 0
2009450 0 0
2009451 0 0
2009452 0 0
2009453 0 0
2009454 0 0
2009455 0 0
2009456 0 0
2009457 0 0
2009458 0 0
2009459 0 0
2009460 0 0
2009461 0 0
2009462 0 0
2009463 0 0
2009464 0 0
2009465 0 0
2009466 0 0
2009467 0 0
2009468 0 0
2009469 0 0
2009470 0 0
2009471 0 0
2009472 0 0
2009473 0 0
2009474 0 0
2009475 0 0
2009476 0 0
2009477 0 0
2009478 0 0
2009479 0 0
2009480 0 0
2009481 0 0
2009482 0 0
2009483 0 0
2009484 0 0
2009485 0 0
2009486 0 0
2009487 0 0
2009488 0 0
2009489 0 0
2009490 0 0
2009491 0 0
2009492 0 0
2009493 0 0
2009494 0 0
2009495 0 0
2009496 0 0
2009497 0 0
2009498 0 0
2009499 0 0
2009500 0 0
2009501 0 0
2009502 0 0
2009503 0 0
2009504 0 0
2009505 0 0
2009506 0 0
2009507 0 0
2009508 0 0
2009509 0 0
2009510 0 0
2009511 0 0
2009512 0 0
2009513 0 0
2009514 0 0
2009515 0 0
2009516 0 0
2009517 0 0
2009518 0 0
2009519 0 0
2009520 0 0
2009521 0 0
2009522 0 0
2009523 0 0
2009524 0 0
2009525 0 0
2009526 0 0
2009527 0 0
2009528 0 0
2009529 0 0
2009530 0 0
2009531 0 0
2009532 0 0
2009533 0 0
2009534 0 0
2009535 0 0
2009536 0 0
2009537 0 0
2009538 0 0
2009539 0 0
2009540 0 0
2009541 0 0
2009542 0 0
2009543 0 0
2009544 0 0
2009545 0 0
2009546 0 0
2009547 0 0
2009548 0 0
2009549 0 0
2009550 0 0
2009551 0 0
2009552 0 0
2009553 0 0
2009554 0 0
2009555 0 0
2009556 0 0
2009557 0 0
2009558 0 0
2009559 0 0
2009560 0 0
2009561 0 0
2009562 0 0
2009563 0 0
2009564 0 0
2009565 0 0
2009566 0 0
2009567 0 0
2009568 0 0
2009569 0 0
2009570 0 0
2009571 0 0
2009572 0 0
2009573 0 0
2009574 0 0
2009575 0 0
2009576 0 0
2009577 0 0
2009578 0 0
2009579 0 0
2009580 0 0
2009581 0 0
2009582 0 0
2009583 0 0
2009584 0 0
2009585 0 0
2009586 0 0
2009587 0 0
2009588 0 0
2009589 0 0
2009590 0 0
2009591 0 0
2009592 0 0
2009593 0 0
2009594 0 0
2009595 0 0
2009596 0 0
2009597 0 0
2009598 0 0
2009599 0 0
2009600 0 0
2009601 0 0
2009602 0 0
2009603 0 0
2009604 0 0
2009605 0 0
2009606 0 0
2009607 0 0
2009608 0 0
2009609 0 0
2009610 0 0
2009611 0 0
2009612 0 0
2009613 0 0
2009614 0 0
2009615 0 0
2009616 0 0
2009617 0 0
2009618 0 0
2009619 0 0
2009620 0 0
2009621 0 0
2009622 0 0
2009623 0 0
2009624 0 0
2009625 0 0
2009626 0 0
2009627 0 0
2009628 0 0
2009629 0 0
2009630 0 0
2009631 0 0
2009632 0 0
2009633 0 0
2009634 0 0
2009635 0 0
2009636 0 0
2009637 0 0
2009638 0 0
2009639 0 0
2009640 0 0
2009641 0 0
2009642 0 0
2009643 0 0
2009644 0 0
2009645 0 0
2009646 0 0
2009647 0 0
2009648 0 0
2009649 0 0
2009650 0 0
2009651 0 0
2009652 0 0
2009653 0 0
2009654 0 0
2009655 0 0
2009656 0 0
2009657 0 0
2009658 0 0
2009659 0 0
2009660 0 0
2009661 0 0
2009662 0 0
2009663 0 0
2009664 0 0
2009665 0 0
2009666 0 0
2009667 0 0
2009668 0 0
2009669 0 0
2009670 0 0
2009671 0 0
2009672 0 0
2009673 0 0
2009674 0 0
2009675 0 0
2009676 0 0
2009677 0 0
2009678 0 0
2009679 0 0
2009680 0 0
2009681 0 0
2009682 0 0
2009683 0 0
2009684 0 0
2009685 0 0
2009686 0 0
2009687 0 0
2009688 0 0
2009689 0 0
2009690 0 0
2009691 0 0
2009692 0 0
2009693 0 0
2009694 0 0
2009695 0 0
2009696 0 0
2009697 0 0
2009698 0 0
2009699 0 0
2009700 0 0
2009701 0 0
2009702 0 0
2009703 0 0
2009704 0 0
2009705 0 0
2009706 0 0
2009707 0 0
2009708 0 0
2009709 0 0
2009710 0 0
2009711 0 0
2009712 0 0
2009713 0 0
2009714 0 0
2009715 0 0
2009716 0 0
2009717 0 0
2009718 0 0
2009719 0 0
2009720 0 0
2009721 0 0
2009722 0 0
2009723 0 0
2009724 0 0
2009725 0 0
2009726 0 0
2009727 0 0
2009728 0 0
2009729 0 0
2009730 0 0
2009731 0 0
2009732 0 0
2009733 0 0
2009734 0 0
2009735 0 0
2009736 0 0
2009737 0 0
2009738 0 0
2009739 0 0
2009740 0 0
2009741 0 0
2009742 0 0
2009743 0 0
2009744 0 0
2009745 0 0
2009746 0 0
2009747 0 0
2009748 0 0
2009749 0 0
2009750 0 0
2009751 0 0
2009752 0 0
2009753 0 0
2009754 0 0
2009755 0 0
2009756 0 0
2009757 0 0
2009758 0 0
2009759 0 0
2009760 0 0
2009761 0 0
2009762 0 0
2009763 0 0
2009764 0 0
2009765 0 0
2009766 0 0
2009767 0 0
2009768 0 0
2009769 0 0
2009770 0 0
2009771 0 0
2009772 0 0
2009773 0 0
2009774 0 0
2009775 0 0
2009776 0 0
2009777 0 0
2009778 0 0
2009779 0 0
2009780 0 0
2009781 0 0
2009782 0 0
2009783 0 0
2009784 0 0
2009785 0 0
2009786 0 0
2009787 0 0
2009788 0 0
2009789 0 0
2009790 0 0
2009791 0 0
2009792 0 0
2009793 0 0
2009794 0 0
2009795 0 0
2009796 0 0
2009797 0 0
2009798 0 0
2009799 0 0
2009800 0 0
2009801 0 0
2009802 0 0
2009803 0 0
2009804 0 0
2009805 0 0
2009806 0 0
2009807 0 0
2009808 0 0
2009809 0 0
2009810 0 0
2009811 0 0
2009812 0 0
2009813 0 0
2009814 0 0
2009815 0 0
2009816 0 0
2009817 0 0
2009818 0 0
2009819 0 0
2009820 0 0
2009821 0 0
2009822 0 0
2009823 0 0
2009824 0 0
2009825 0 0
2009826 0 0
2009827 0 0
2009828 0 0
2009829 0 0
2009830 0 0
2009831 0 0
2009832 0 0
2009833 0 0
2009834 0 0
2009835 0 0
2009836 0 0
2009837 0 0
2009838 0 0
2009839 0 0
2009840 0 0
2009841 0 0
2009842 0 0
2009843 0 0
2009844 0 0
2009845 0 0
2009846 0 0
2009847 0 0
2009848 0 0
2009849 0 0
2009850 0 0
2009851 0 0
2009852 0 0
2009853 0 0
2009854 0 0
2009855 0 0
2009856 0 0
2009857 0 0
2009858 0 0
2009859 0 0
2009860 0 0
2009861 0 0
2009862 0 0
2009863 0 0
2009864 0 0
2009865 0 0
2009866 0 0
2009867 0 0
2009868 0 0
2009869 0 0
2009870 0 0
2009871 0 0
2009872 0 0
2009873 0 0
2009874 0 0
2009875 0 0
2009876 0 0
2009877 0 0
2009878 0 0
2009879 0 0
2009880 0 0
2009881 0 0
2009882 0 0
2009883 0 0
2009884 0 0
2009885 0 0
2009886 0 0
2009887 0 0
2009888 0 0
2009889 0 0
2009890 0 0
2009891 0 0
2009892 0 0
2009893 0 0
2009894 0 0
2009895 0 0
2009896 0 0
2009897 0 0
2009898 0 0
2009899 0 0
2009900 0 0
2009901 0 0
2009902 0 0
2009903 0 0
2009904 0 0
2009905 0 0
2009906 0 0
2009907 0 0
2009908 0 0
2009909 0 0
2009910 0 0
2009911 0 0
2009912 0 0
2009913 0 0
2009914 0 0
2009915 0 0
2009916 0 0
2009917 0 0
2009918 0 0
2009919 0 0
2009920 0 0
2009921 0 0
2009922 0 0
2009923 0 0
2009924 0 0
2009925 0 0
2009926 0 0
2009927 0 0
2009928 0 0
2009929 0 0
2009930 0 0
2009931 0 0
2009932 0 0
2009933 0 0
2009934 0 0
2009935 0 0
2009936 0 0
2009937 0 0
2009938 0 0
2009939 0 0
2009940 0 0
2009941 0 0
2009942 0 0
2009943 0 0
2009944 0 0
2009945 0 0
2009946 0 0
2009947 0 0
2009948 0 0
2009949 0 0
2009950 0 0
2009951 0 0
2009952 0 0
2009953 0 0
2009954 0 0
2009955 0 0
2009956 0 0
2009957 0 0
2009958 0 0
2009959 0 0
2009960 0 0
2009961 0 0
2009962 0 0
2009963 0 0
2009964 0 0
2009965 0 0
2009966 0 0
2009967 0 0
2009968 0 0
2009969 0 0
2009970 0 0
2009971 0 0
2009972 0 0
2009973 0 0
2009974 0 0
2009975 0 0
2009976 0 0
2009977 0 0
2009978 0 0
2009979 0 0
2009980 0 0
2009981 0 0
2009982 0 0
2009983 0 0
2009984 0 0
2009985 0 0
2009986 0 0
2009987 0 0
2009988 0 0
2009989 0 0
2009990 0 0
2009991 0 0
2009992 0 0
2009993 0 0
2009994 0 0
2009995 0 0
2009996 0 0
2009997 0 0
2009998 0 0
2009999 0 0
2010000 0 0
06677 9378 9378
2006678 9378 9378
2006679 9378 9378
2006680 9378 9378
2006681 9378 9378
2006682 9378 9378
2006683 9378 9378
2006684 9378 9378
2006685 9378 9378
2006686 9378 9378
2006687 9378 9378
2006688 9378 9378
2006689 9378 9378
2006690 9378 9378
2006691 9378 9378
2006692 9378 9378
2006693 9378 9378
2006694 9378 9378
2006695 9378 9378
2006696 9378 9378
2006697 9378 9378
2006698 9378 9378
2006699 9378 9378
2006700 9378 9378
2006701 9378 9378
2006702 9378 9378
2006703 9378 9378
2006704 9378 9378
2006705 9378 9378
2006706 9378 9378
2006707 9378 9378
2006708 9378 9378
2006709 9378 9378
2006710 9378 9378
2006711 9378 9378
2006712 9378 9378
2006713 9378 9378
2006714 9378 9378
2006715 9378 9378
2006716 9378 9378
2006717 9378 9378
2006718 9378 9378
2006719 9378 9378
2006720 9378 9378
2006721 9378 9378
2006722 9378 9378
2006723 9378 9378
2006724 9378 9378
2006725 9378 9378
2006726 9378 9378
2006727 9378 9378
2006728 9378 9378
2006729 9378 9378
2006730 9378 9378
2006731 9378 9378
2006732 9378 9378
2006733 9378 9378
2006734 9378 9378
2006735 9378 9378
2006736 9378 9378
2006737 9378 9378
2006738 9378 9378
2006739 9378 9378
2006740 9378 9378
2006741 9378 9378
2006742 9378 9378
2006743 9378 9378
2006744 9378 9378
2006745 9378 9378
2006746 9378 9378
2006747 9378 9378
2006748 9378 9378
2006749 9378 9378
2006750 9378 9378
2006751 9378 9378
2006752 9378 9378
2006753 9378 9378
2006754 9378 9378
2006755 9378 9378
2006756 9378 9378
2006757 9378 9378
2006758 9378 9378
2006759 9378 9378
2006760 9378 9378
2006761 9378 9378
2006762 9378 9378
2006763 9378 9378
2006764 9378 9378
2006765 9378 9378
2006766 9378 9378
2006767 9378 9378
2006768 9378 9378
2006769 9378 9378
2006770 9378 9378
2006771 9378 9378
2006772 9378 9378
2006773 9378 9378
2006774 9378 9378
2006775 9378 9378
2006776 9378 9378
2006777 9378 9378
2006778 9378 9378
2006779 9378 9378
2006780 9378 9378
2006781 9378 9378
2006782 9378 9378
2006783 9378 9378
2006784 9378 9378
2006785 9378 9378
2006786 9378 9378
2006787 9378 9378
2006788 9378 9378
2006789 9378 9378
2006790 9378 9378
2006791 9378 9378
2006792 9378 9378
2006793 9378 9378
2006794 9378 9378
2006795 9378 9378
2006796 9378 9378
2006797 9378 9378
2006798 9378 9378
2006799 9378 9378
2006800 9378 9378
2006801 9378 9378
2006802 9378 9378
2006803 9378 9378
2006804 9378 9378
2006805 9378 9378
2006806 9378 9378
2006807 9378 9378
2006808 9378 9378
2006809 9378 9378
2006810 9378 9378
2006811 9378 9378
2006812 9378 9378
2006813 9378 9378
2006814 9378 9378
2006815 9378 9378
2006816 9378 9378
2006817 9378 9378
2006818 9378 9378
2006819 9378 9378
2006820 9378 9378
2006821 9378 9378
2006822 9378 9378
2006823 9378 9378
2006824 9378 9378
2006825 9378 9378
2006826 9378 9378
2006827 9378 9378
2006828 9378 9378
2006829 9378 9378
2006830 9378 9378
2006831 9378 9378
2006832 9378 9378
2006833 9378 9378
2006834 9378 9378
2006835 9378 9378
2006836 9378 9378
2006837 9378 9378
2006838 9378 9378
2006839 9378 9378
2006840 9378 9378
2006841 9378 9378
2006842 9378 9378
2006843 9378 9378
2006844 9378 9378
2006845 9378 9378
2006846 9378 9378
2006847 9378 9378
2006848 9378 9378
2006849 9378 9378
2006850 9378 9378
2006851 9378 9378
2006852 9378 9378
2006853 9378 9378
2006854 9378 9378
2006855 9378 9378
2006856 9378 9378
2006857 9378 9378
2006858 9378 9378
2006859 9378 9378
2006860 9378 9378
2006861 9378 9378
2006862 9378 9378
2006863 9378 9378
2006864 9378 9378
2006865 9378 9378
2006866 9378 9378
2006867 9378 9378
2006868 9378 9378
2006869 9378 9378
2006870 9378 9378
2006871 9378 9378
2006872 9378 9378
2006873 9378 9378
2006874 9378 9378
2006875 9378 9378
2006876 9378 9378
2006877 9378 9378
2006878 9378 9378
2006879 9378 9378
2006880 9378 9378
2006881 9378 9378
2006882 9378 9378
2006883 9378 9378
2006884 9378 9378
2006885 9378 9378
2006886 9378 9378
2006887 9378 9378
2006888 9378 9378
2006889 9378 9378
2006890 9378 9378
2006891 9378 9378
2006892 9378 9378
2006893 9378 9378
2006894 9378 9378
2006895 9378 9378
2006896 9378 9378
2006897 9378 9378
2006898 9378 9378
2006899 9378 9378
2006900 9378 9378
2006901 9378 9378
2006902 9378 9378
2006903 9378 9378
2006904 9378 9378
2006905 9378 9378
2006906 9378 9378
2006907 9378 9378
2006908 9378 9378
2006909 9378 9378
2006910 9378 9378
2006911 9378 9378
2006912 9378 9378
2006913 9378 9378
2006914 9378 9378
2006915 9378 9378
2006916 9378 9378
2006917 9378 9378
2006918 9378 9378
2006919 9378 9378
2006920 9378 9378
2006921 9378 9378
2006922 9378 9378
2006923 9378 9378
2006924 9378 9378
2006925 9378 9378
2006926 9378 9378
2006927 9378 9378
2006928 9378 9378
2006929 9378 9378
2006930 9378 9378
2006931 9378 9378
2006932 9378 9378
2006933 9378 9378
2006934 9378 9378
2006935 9378 9378
2006936 9378 9378
2006937 9378 9378
2006938 9378 9378
2006939 9378 9378
2006940 9378 9378
2006941 9378 9378
2006942 9378 9378
2006943 9378 9378
2006944 9378 9378
2006945 9378 9378
2006946 9378 9378
2006947 9378 9378
2006948 9378 9378
2006949 9378 9378
2006950 9378 9378
2006951 9378 9378
2006952 9378 9378
2006953 9378 9378
2006954 9378 9378
2006955 9378 9378
2006956 9378 9378
2006957 9378 9378
2006958 9378 9378
2006959 9378 9378
2006960 9378 9378
2006961 9378 9378
2006962 9378 9378
2006963 9378 9378
2006964 9378 9378
2006965 9378 9378
2006966 9378 9378
2006967 9378 9378
2006968 9378 9378
2006969 9378 9378
2006970 9378 9378
2006971 9378 9378
2006972 9378 9378
2006973 9378 9378
2006974 9378 9378
2006975 9378 9378
2006976 9378 9378
2006977 9378 9378
2006978 9378 9378
2006979 9378 9378
2006980 9378 9378
2006981 9378 9378
2006982 9378 9378
2006983 9378 9378
2006984 9378 9378
2006985 9378 9378
2006986 9378 9378
2006987 9378 9378
2006988 9378 9378
2006989 9378 9378
2006990 9378 9378
2006991 9378 9378
2006992 9378 9378
2006993 9378 9378
2006994 9378 9378
2006995 9378 9378
2006996 9378 9378
2006997 9378 9378
2006998 9378 9378
2006999 9378 9378
2007000 9378 9378
2007001 9378 9378
2007002 9378 9378
2007003 9378 9378
2007004 9378 9378
2007005 9378 9378
2007006 9378 9378
2007007 9378 9378
2007008 9378 9378
2007009 9378 9378
2007010 9378 9378
2007011 9378 9378
2007012 9378 9378
2007013 9378 9378
2007014 9378 9378
2007015 9378 9378
2007016 9378 9378
2007017 9378 9378
2007018 9378 9378
2007019 9378 9378
2007020 9378 9378
2007021 9378 9378
2007022 9378 9378
2007023 9378 9378
2007024 9378 9378
2007025 9378 9378
2007026 9378 9378
2007027 9378 9378
2007028 9378 9378
2007029 9378 9378
2007030 9378 9378
2007031 9378 9378
2007032 9378 9378
2007033 9378 9378
2007034 9378 9378
2007035 9378 9378
2007036 9378 9378
2007037 9378 9378
2007038 9378 9378
2007039 9378 9378
2007040 9378 9378
2007041 9378 9378
2007042 9378 9378
2007043 9378 9378
2007044 9378 9378
2007045 9378 9378
2007046 9378 9378
2007047 9378 9378
2007048 9378 9378
2007049 9378 9378
2007050 9378 9378
2007051 9378 9378
2007052 9378 9378
2007053 9378 9378
2007054 9378 9378
2007055 9378 9378
2007056 9378 9378
2007057 9378 9378
2007058 9378 9378
2007059 9378 9378
2007060 9378 9378
2007061 9378 9378
2007062 9378 9378
2007063 9378 9378
2007064 9378 9378
2007065 9378 9378
2007066 9378 9378
2007067 9378 9378
2007068 9378 9378
2007069 9378 9378
2007070 9378 9378
2007071 9378 9378
2007072 9378 9378
2007073 9378 9378
2007074 9378 9378
2007075 9378 9378
2007076 9378 9378
2007077 9378 9378
2007078 9378 9378
2007079 9378 9378
2007080 9378 9378
2007081 9378 9378
2007082 9378 9378
2007083 9378 9378
2007084 9378 9378
2007085 9378 9378
2007086 9378 9378
2007087 9378 9378
2007088 9378 9378
2007089 9378 9378
2007090 9378 9378
2007091 9378 9378
2007092 9378 9378
2007093 9378 9378
2007094 9378 9378
2007095 9378 9378
2007096 9378 9378
2007097 9378 9378
2007098 9378 9378
2007099 9378 9378
2007100 9378 9378
2007101 9378 9378
2007102 9378 9378
2007103 9378 9378
2007104 9378 9378
2007105 9378 9378
2007106 9378 9378
2007107 9378 9378
2007108 9378 9378
2007109 9378 9378
2007110 9378 9378
2007111 9378 9378
2007112 9378 9378
2007113 9378 9378
2007114 9378 9378
2007115 9378 9378
2007116 9378 9378
2007117 9378 9378
2007118 9378 9378
2007119 9378 9378
2007120 9378 9378
2007121 9378 9378
2007122 9378 9378
2007123 9378 9378
2007124 9378 9378
2007125 9378 9378
2007126 9378 9378
2007127 9378 9378
2007128 9378 9378
2007129 9378 9378
2007130 9378 9378
2007131 9378 9378
2007132 9378 9378
2007133 9378 9378
2007134 9378 9378
2007135 9378 9378
2007136 9378 9378
2007137 9378 9378
2007138 9378 9378
2007139 9378 9378
2007140 9378 9378
2007141 9378 9378
2007142 9378 9378
2007143 9378 9378
2007144 9378 9378
2007145 9378 9378
2007146 9378 9378
2007147 9378 9378
2007148 9378 9378
2007149 9378 9378
2007150 9378 9378
2007151 9378 9378
2007152 9378 9378
2007153 9378 9378
2007154 9378 9378
2007155 9378 9378
2007156 9378 9378
2007157 9378 9378
2007158 9378 9378
2007159 9378 9378
2007160 9378 9378
2007161 9378 9378
2007162 9378 9378
2007163 9378 9378
2007164 9378 9378
2007165 9378 9378
2007166 9378 9378
2007167 9378 9378
2007168 9378 9378
2007169 9378 9378
2007170 9378 9378
2007171 9378 9378
2007172 9378 9378
2007173 9378 9378
2007174 9378 9378
2007175 9378 9378
2007176 9378 9378
2007177 9378 9378
2007178 9378 9378
2007179 9378 9378
2007180 9378 9378
2007181 9378 9378
2007182 9378 9378
2007183 9378 9378
2007184 9378 9378
2007185 9378 9378
2007186 9378 9378
2007187 9378 9378
2007188 9378 9378
2007189 9378 9378
2007190 9378 9378
2007191 9378 9378
2007192 9378 9378
2007193 9378 9378
2007194 9378 9378
2007195 9378 9378
2007196 9378 9378
2007197 9378 9378
2007198 9378 9378
2007199 9378 9378
2007200 9378 9378
2007201 9378 9378
2007202 9378 9378
2007203 9378 9378
2007204 9378 9378
2007205 9378 9378
2007206 9378 9378
2007207 9378 9378
2007208 9378 9378
2007209 9378 9378
2007210 9378 9378
2007211 9378 9378
2007212 9378 9378
2007213 9378 9378
2007214 9378 9378
2007215 9378 9378
2007216 9378 9378
2007217 9378 9378
2007218 9378 9378
2007219 9378 9378
2007220 9378 9378
2007221 9378 9378
2007222 9378 9378
2007223 9378 9378
2007224 9378 9378
2007225 9378 9378
2007226 9378 9378
2007227 9378 9378
2007228 9378 9378
2007229 9378 9378
2007230 9378 9378
2007231 9378 9378
2007232 9378 9378
2007233 9378 9378
2007234 9378 9378
2007235 9378 9378
2007236 9378 9378
2007237 9378 9378
2007238 9378 9378
2007239 9378 9378
2007240 9378 9378
2007241 9378 9378
2007242 9378 9378
2007243 9378 9378
2007244 9378 9378
2007245 9378 9378
2007246 9378 9378
2007247 9378 9378
2007248 9378 9378
2007249 9378 9378
2007250 9378 9378
2007251 9378 9378
2007252 9378 9378
2007253 9378 9378
2007254 9378 9378
2007255 9378 9378
2007256 9378 9378
2007257 9378 9378
2007258 9378 9378
2007259 9378 9378
2007260 9378 9378
2007261 9378 9378
2007262 9378 9378
2007263 9378 9378
2007264 9378 9378
2007265 9378 9378
2007266 9378 9378
2007267 9378 9378
2007268 9378 9378
2007269 9378 9378
2007270 9378 9378
2007271 9378 9378
2007272 9378 9378
2007273 9378 9378
2007274 9378 9378
2007275 9378 9378
2007276 9378 9378
2007277 9378 9378
2007278 9378 9378
2007279 9378 9378
2007280 9378 9378
2007281 9378 9378
2007282 9378 9378
2007283 9378 9378
2007284 9378 9378
2007285 9378 9378
2007286 9378 9378
2007287 9378 9378
2007288 9378 9378
2007289 9378 9378
2007290 9378 9378
2007291 9378 9378
2007292 9378 9378
2007293 9378 9378
2007294 9378 9378
2007295 9378 9378
2007296 9378 9378
2007297 9378 9378
2007298 9378 9378
2007299 9378 9378
2007300 9378 9378
2007301 9378 9378
2007302 9378 9378
2007303 9378 9378
2007304 9378 9378
2007305 9378 9378
2007306 9378 9378
2007307 9378 9378
2007308 9378 9378
2007309 9378 9378
2007310 9378 9378
2007311 9378 9378
2007312 9378 9378
2007313 9378 9378
2007314 9378 9378
2007315 9378 9378
2007316 9378 9378
2007317 9378 9378
2007318 9378 9378
2007319 9378 9378
2007320 9378 9378
2007321 9378 9378
2007322 9378 9378
2007323 9378 9378
2007324 9378 9378
2007325 9378 9378
2007326 9378 9378
2007327 9378 9378
2007328 9378 9378
2007329 9378 9378
2007330 9378 9378
2007331 9378 9378
2007332 9378 9378
2007333 9378 9378
2007334 9378 9378
2007335 9378 9378
2007336 9378 9378
2007337 9378 9378
2007338 9378 9378
2007339 9378 9378
2007340 9378 9378
2007341 9378 9378
2007342 9378 9378
2007343 9378 9378
2007344 9378 9378
2007345 9378 9378
2007346 9378 9378
2007347 9378 9378
2007348 9378 9378
2007349 9378 9378
2007350 9378 9378
2007351 9378 9378
2007352 9378 9378
2007353 9378 9378
2007354 9378 9378
2007355 9378 9378
2007356 9378 9378
2007357 9378 9378
2007358 9378 9378
2007359 9378 9378
2007360 9378 9378
2007361 9378 9378
2007362 9378 9378
2007363 9378 9378
2007364 9378 9378
2007365 9378 9378
2007366 9378 9378
2007367 9378 9378
2007368 9378 9378
2007369 9378 9378
2007370 9378 9378
2007371 9378 9378
2007372 9378 9378
2007373 9378 9378
2007374 9378 9378
2007375 9378 9378
2007376 9378 9378
2007377 9378 9378
2007378 9378 9378
2007379 9378 9378
2007380 9378 9378
2007381 9378 9378
2007382 9378 9378
2007383 9378 9378
2007384 9378 9378
2007385 9378 9378
2007386 9378 9378
2007387 9378 9378
2007388 9378 9378
2007389 9378 9378
2007390 9378 9378
2007391 9378 9378
2007392 9378 9378
2007393 9378 9378
2007394 9378 9378
2007395 9378 9378
2007396 9378 9378
2007397 9378 9378
2007398 9378 9378
2007399 9378 9378
2007400 9378 9378
2007401 9378 9378
2007402 9378 9378
2007403 9378 9378
2007404 9378 9378
2007405 9378 9378
2007406 9378 9378
2007407 9378 9378
2007408 9378 9378
2007409 9378 9378
2007410 9378 9378
2007411 9378 9378
2007412 9378 9378
2007413 9378 9378
2007414 9378 9378
2007415 9378 9378
2007416 9378 9378
2007417 9378 9378
2007418 9378 9378
2007419 9378 9378
2007420 9378 9378
2007421 9378 9378
2007422 9378 9378
2007423 9378 9378
2007424 9378 9378
2007425 9378 9378
2007426 9378 9378
2007427 9378 9378
2007428 9378 9378
2007429 9378 9378
2007430 9378 9378
2007431 9378 9378
2007432 9378 9378
2007433 9378 9378
2007434 9378 9378
2007435 9378 9378
2007436 9378 9378
2007437 9378 9378
2007438 9378 9378
2007439 9378 9378
2007440 9378 9378
2007441 9378 9378
2007442 9378 9378
2007443 9378 9378
2007444 9378 9378
2007445 9378 9378
2007446 9378 9378
2007447 9378 9378
2007448 9378 9378
2007449 9378 9378
2007450 9378 9378
2007451 9378 9378
2007452 9378 9378
2007453 9378 9378
2007454 9378 9378
2007455 9378 9378
2007456 9378 9378
2007457 9378 9378
2007458 9378 9378
2007459 9378 9378
2007460 9378 9378
2007461 9378 9378
2007462 9378 9378
2007463 9378 9378
2007464 9378 9378
2007465 9378 9378
2007466 9378 9378
2007467 9378 9378
2007468 9378 9378
2007469 9378 9378
2007470 9378 9378
2007471 9378 9378
2007472 9378 9378
2007473 9378 9378
2007474 9378 9378
2007475 9378 9378
2007476 9378 9378
2007477 9378 9378
2007478 9378 9378
2007479 9378 9378
2007480 9378 9378
2007481 9378 9378
2007482 9378 9378
2007483 9378 9378
2007484 9378 9378
2007485 9378 9378
2007486 9378 9378
2007487 9378 9378
2007488 9378 9378
2007489 9378 9378
2007490 9378 9378
2007491 9378 9378
2007492 9378 9378
2007493 9378 9378
2007494 9378 9378
2007495 9378 9378
2007496 9378 9378
2007497 9378 9378
2007498 9378 9378
2007499 9378 9378
2007500 9378 9378
2007501 9378 9378
2007502 9378 9378
2007503 9378 9378
2007504 9378 9378
2007505 9378 9378
2007506 9378 9378
2007507 9378 9378
2007508 9378 9378
2007509 9378 9378
2007510 9378 9378
2007511 9378 9378
2007512 9378 9378
2007513 9378 9378
2007514 9378 9378
2007515 9378 9378
2007516 9378 9378
2007517 9378 9378
2007518 9378 9378
2007519 9378 9378
2007520 9378 9378
2007521 9378 9378
2007522 9378 9378
2007523 9378 9378
2007524 9378 9378
2007525 9378 9378
2007526 9378 9378
2007527 9378 9378
2007528 9378 9378
2007529 9378 9378
2007530 9378 9378
2007531 9378 9378
2007532 9378 9378
2007533 9378 9378
2007534 9378 9378
2007535 9378 9378
2007536 9378 9378
2007537 9378 9378
2007538 9378 9378
2007539 9378 9378
2007540 9378 9378
2007541 9378 9378
2007542 9378 9378
2007543 9378 9378
2007544 9378 9378
2007545 9378 9378
2007546 9378 9378
2007547 9378 9378
2007548 9378 9378
2007549 9378 9378
2007550 9378 9378
2007551 9378 9378
2007552 9378 9378
2007553 9378 9378
2007554 9378 9378
2007555 9378 9378
2007556 9378 9378
2007557 9378 9378
2007558 9378 9378
2007559 9378 9378
2007560 9378 9378
2007561 9378 9378
2007562 9378 9378
2007563 9378 9378
2007564 9378 9378
2007565 9378 9378
2007566 9378 9378
2007567 9378 9378
2007568 9378 9378
2007569 9378 9378
2007570 9378 9378
2007571 9378 9378
2007572 9378 9378
2007573 9378 9378
2007574 9378 9378
2007575 9378 9378
2007576 9378 9378
2007577 9378 9378
2007578 9378 9378
2007579 9378 9378
2007580 9378 9378
2007581 9378 9378
2007582 9378 9378
2007583 9378 9378
2007584 9378 9378
2007585 9378 9378
2007586 9378 9378
2007587 9378 9378
2007588 9378 9378
2007589 9378 9378
2007590 9378 9378
2007591 9378 9378
2007592 9378 9378
2007593 9378 9378
2007594 9378 9378
2007595 9378 9378
2007596 9378 9378
2007597 9378 9378
2007598 9378 9378
2007599 9378 9378
2007600 9378 9378
2007601 9378 9378
2007602 9378 9378
2007603 9378 9378
2007604 9378 9378
2007605 9378 9378
2007606 9378 9378
2007607 9378 9378
2007608 9378 9378
2007609 9378 9378
2007610 9378 9378
2007611 9378 9378
2007612 9378 9378
2007613 9378 9378
2007614 9378 9378
2007615 9378 9378
2007616 9378 9378
2007617 9378 9378
2007618 9378 9378
2007619 9378 9378
2007620 9378 9378
2007621 9378 9378
2007622 9378 9378
2007623 9378 9378
2007624 9378 9378
2007625 9378 9378
2007626 9378 9378
2007627 9378 9378
2007628 9378 9378
2007629 9378 9378
2007630 9378 9378
2007631 9378 9378
2007632 9378 9378
2007633 9378 9378
2007634 9378 9378
2007635 9378 9378
2007636 9378 9378
2007637 9378 9378
2007638 9378 9378
2007639 9378 9378
2007640 9378 9378
2007641 9378 9378
2007642 9378 9378
2007643 9378 9378
2007644 9378 9378
2007645 9378 9378
2007646 9378 9378
2007647 9378 9378
2007648 9378 9378
2007649 9378 9378
2007650 9378 9378
2007651 9378 9378
2007652 9378 9378
2007653 9378 9378
2007654 9378 9378
2007655 9378 9378
2007656 9378 9378
2007657 9378 9378
2007658 9378 9378
2007659 9378 9378
2007660 9378 9378
2007661 9378 9378
2007662 9378 9378
2007663 9378 9378
2007664 9378 9378
2007665 9378 9378
2007666 9378 9378
2007667 9378 9378
2007668 9378 9378
2007669 9378 9378
2007670 9378 9378
2007671 9378 9378
2007672 9378 9378
2007673 9378 9378
2007674 9378 9378
2007675 9378 9378
2007676 9378 9378
2007677 9378 9378
2007678 9378 9378
2007679 9378 9378
2007680 9378 9378
2007681 9378 9378
2007682 9378 9378
2007683 9378 9378
2007684 9378 9378
2007685 9378 9378
2007686 9378 9378
2007687 9378 9378
2007688 9378 9378
2007689 9378 9378
2007690 9378 9378
2007691 9378 9378
2007692 9378 9378
2007693 9378 9378
2007694 9378 9378
2007695 9378 9378
2007696 9378 9378
2007697 9378 9378
2007698 9378 9378
2007699 9378 9378
2007700 9378 9378
2007701 9378 9378
2007702 9378 9378
2007703 9378 9378
2007704 9378 9378
2007705 9378 9378
2007706 9378 9378
2007707 9378 9378
2007708 9378 9378
2007709 9378 9378
2007710 9378 9378
2007711 9378 9378
2007712 9378 9378
2007713 9378 9378
2007714 9378 9378
2007715 9378 9378
2007716 9378 9378
2007717 9378 9378
2007718 9378 9378
2007719 9378 9378
2007720 9378 9378
2007721 9378 9378
2007722 9378 9378
2007723 9378 9378
2007724 9378 9378
2007725 9378 9378
2007726 9378 9378
2007727 9378 9378
2007728 9378 9378
2007729 9378 9378
2007730 9378 9378
2007731 9378 9378
2007732 9378 9378
2007733 9378 9378
2007734 9378 9378
2007735 9378 9378
2007736 9378 9378
2007737 9378 9378
2007738 9378 9378
2007739 9378 9378
2007740 9378 9378
2007741 9378 9378
2007742 9378 9378
2007743 9378 9378
2007744 9378 9378
2007745 9378 9378
2007746 9378 9378
2007747 9378 9378
2007748 9378 9378
2007749 9378 9378
2007750 9378 9378
2007751 9378 9378
2007752 9378 9378
2007753 9378 9378
2007754 9378 9378
2007755 9378 9378
2007756 9378 9378
2007757 9378 9378
2007758 9378 9378
2007759 9378 9378
2007760 9378 9378
2007761 9378 9378
2007762 9378 9378
2007763 9378 9378
2007764 9378 9378
2007765 9378 9378
2007766 9378 9378
2007767 9378 9378
2007768 9378 9378
2007769 9378 9378
2007770 9378 9378
2007771 9378 9378
2007772 9378 9378
2007773 9378 9378
2007774 9378 9378
2007775 9378 9378
2007776 9378 9378
2007777 9378 9378
2007778 9378 9378
2007779 9378 9378
2007780 9378 9378
2007781 9378 9378
2007782 9378 9378
2007783 9378 9378
2007784 9378 9378
2007785 9378 9378
2007786 9378 9378
2007787 9378 9378
2007788 9378 9378
2007789 9378 9378
2007790 9378 9378
2007791 9378 9378
2007792 9378 9378
2007793 9378 9378
2007794 9378 9378
2007795 9378 9378
2007796 9378 9378
2007797 9378 9378
2007798 9378 9378
2007799 9378 9378
2007800 9378 9378
2007801 9378 9378
2007802 9378 9378
2007803 9378 9378
2007804 9378 9378
2007805 9378 9378
2007806 9378 9378
2007807 9378 9378
2007808 9378 9378
2007809 9378 9378
2007810 9378 9378
2007811 9378 9378
2007812 9378 9378
2007813 9378 9378
2007814 9378 9378
2007815 9378 9378
2007816 9378 9378
2007817 9378 9378
2007818 9378 9378
2007819 9378 9378
2007820 9378 9378
2007821 9378 9378
2007822 9378 9378
2007823 9378 9378
2007824 9378 9378
2007825 9378 9378
2007826 9378 9378
2007827 9378 9378
2007828 9378 9378
2007829 9378 9378
2007830 9378 9378
2007831 9378 9378
2007832 9378 9378
2007833 9378 9378
2007834 9378 9378
2007835 9378 9378
2007836 9378 9378
2007837 9378 9378
2007838 9378 9378
2007839 9378 9378
2007840 9378 9378
2007841 9378 9378
2007842 9378 9378
2007843 9378 9378
2007844 9378 9378
2007845 9378 9378
2007846 9378 9378
2007847 9378 9378
2007848 9378 9378
2007849 9378 9378
2007850 9378 9378
2007851 9378 9378
2007852 9378 9378
2007853 9378 9378
2007854 9378 9378
2007855 9378 9378
2007856 9378 9378
2007857 9378 9378
2007858 9378 9378
2007859 9378 9378
2007860 9378 9378
2007861 9378 9378
2007862 9378 9378
2007863 9378 9378
2007864 9378 9378
2007865 9378 9378
2007866 9378 9378
2007867 9378 9378
2007868 9378 9378
2007869 9378 9378
2007870 9378 9378
2007871 9378 9378
2007872 9378 9378
2007873 9378 9378
2007874 9378 9378
2007875 9378 9378
2007876 9378 9378
2007877 9378 9378
2007878 9378 9378
2007879 9378 9378
2007880 9378 9378
2007881 9378 9378
2007882 9378 9378
2007883 9378 9378
2007884 9378 9378
2007885 9378 9378
2007886 9378 9378
2007887 9378 9378
2007888 9378 9378
2007889 9378 9378
2007890 9378 9378
2007891 9378 9378
2007892 9378 9378
2007893 9378 9378
2007894 9378 9378
2007895 9378 9378
2007896 9378 9378
2007897 9378 9378
2007898 9378 9378
2007899 9378 9378
2007900 9378 9378
2007901 9378 9378
2007902 9378 9378
2007903 9378 9378
2007904 9378 9378
2007905 9378 9378
2007906 9378 9378
2007907 9378 9378
2007908 9378 9378
2007909 9378 9378
2007910 9378 9378
2007911 9378 9378
2007912 9378 9378
2007913 9378 9378
2007914 9378 9378
2007915 9378 9378
2007916 9378 9378
2007917 9378 9378
2007918 9378 9378
2007919 9378 9378
2007920 9378 9378
2007921 9378 9378
2007922 9378 9378
2007923 9378 9378
2007924 9378 9378
2007925 9378 9378
2007926 9378 9378
2007927 9378 9378
2007928 9378 9378
2007929 9378 9378
2007930 9378 9378
2007931 9378 9378
2007932 9378 9378
2007933 9378 9378
2007934 9378 9378
2007935 9378 9378
2007936 9378 9378
2007937 9378 9378
2007938 9378 9378
2007939 9378 9378
2007940 9378 9378
2007941 9378 9378
2007942 9378 9378
2007943 9378 9378
2007944 9378 9378
2007945 9378 9378
2007946 9378 9378
2007947 9378 9378
2007948 9378 9378
2007949 9378 9378
2007950 9378 9378
2007951 9378 9378
2007952 9378 9378
2007953 9378 9378
2007954 9378 9378
2007955 9378 9378
2007956 9378 9378
2007957 9378 9378
2007958 9378 9378
2007959 9378 9378
2007960 9378 9378
2007961 9378 9378
2007962 9378 9378
2007963 9378 9378
2007964 9378 9378
2007965 9378 9378
2007966 9378 9378
2007967 9378 9378
2007968 9378 9378
2007969 9378 9378
2007970 9378 9378
2007971 9378 9378
2007972 9378 9378
2007973 9378 9378
2007974 9378 9378
2007975 9378 9378
2007976 9378 9378
2007977 9378 9378
2007978 9378 9378
2007979 9378 9378
2007980 9378 9378
2007981 9378 9378
2007982 9378 9378
2007983 9378 9378
2007984 9378 9378
2007985 9378 9378
2007986 9378 9378
2007987 9378 9378
2007988 9378 9378
2007989 9378 9378
2007990 9378 9378
2007991 9378 9378
2007992 9378 9378
2007993 9378 9378
2007994 9378 9378
2007995 9378 9378
2007996 9378 9378
2007997 9378 9378
2007998 9378 9378
2007999 9378 9378
2008000 9378 9378
2008001 9378 9378
2008002 9378 9378
2008003 9378 9378
2008004 9378 9378
2008005 9378 9378
2008006 9378 9378
2008007 9378 9378
2008008 9378 9378
2008009 9378 9378
2008010 9378 9378
2008011 9378 9378
2008012 9378 9378
2008013 9378 9378
2008014 9378 9378
2008015 9378 9378
2008016 9378 9378
2008017 9378 9378
2008018 9378 9378
2008019 9378 9378
2008020 9378 9378
2008021 9378 9378
2008022 9378 9378
2008023 9378 9378
2008024 9378 9378
2008025 9378 9378
2008026 9378 9378
2008027 9378 9378
2008028 9378 9378
2008029 9378 9378
2008030 9378 9378
2008031 9378 9378
2008032 9378 9378
2008033 9378 9378
2008034 9378 9378
2008035 9378 9378
2008036 9378 9378
2008037 9378 9378
2008038 9378 9378
2008039 9378 9378
2008040 9378 9378
2008041 9378 9378
2008042 9378 9378
2008043 9378 9378
2008044 9378 9378
2008045 9378 9378
2008046 9378 9378
2008047 9378 9378
2008048 9378 9378
2008049 9378 9378
2008050 9378 9378
2008051 9378 9378
2008052 9378 9378
2008053 9378 9378
2008054 9378 9378
2008055 9378 9378
2008056 9378 9378
2008057 9378 9378
2008058 9378 9378
2008059 9378 9378
2008060 9378 9378
2008061 9378 9378
2008062 9378 9378
2008063 9378 9378
2008064 9378 9378
2008065 9378 9378
2008066 9378 9378
2008067 9378 9378
2008068 9378 9378
2008069 9378 9378
2008070 9378 9378
2008071 9378 9378
2008072 9378 9378
2008073 9378 9378
2008074 9378 9378
2008075 9378 9378
2008076 9378 9378
2008077 9378 9378
2008078 9378 9378
2008079 9378 9378
2008080 9378 9378
2008081 9378 9378
2008082 9378 9378
2008083 9378 9378
2008084 9378 9378
2008085 9378 9378
2008086 9378 9378
2008087 9378 9378
2008088 9378 9378
2008089 9378 9378
2008090 9378 9378
2008091 9378 9378
2008092 9378 9378
2008093 9378 9378
2008094 9378 9378
2008095 9378 9378
2008096 9378 9378
2008097 9378 9378
2008098 9378 9378
2008099 9378 9378
2008100 9378 9378
2008101 9378 9378
2008102 9378 9378
2008103 9378 9378
2008104 9378 9378
2008105 9378 9378
2008106 9378 9378
2008107 9378 9378
2008108 9378 9378
2008109 9378 9378
2008110 9378 9378
2008111 9378 9378
2008112 9378 9378
2008113 9378 9378
2008114 9378 9378
2008115 9378 9378
2008116 9378 9378
2008117 9378 9378
2008118 9378 9378
2008119 9378 9378
2008120 9378 9378
2008121 9378 9378
2008122 9378 9378
2008123 9378 9378
2008124 9378 9378
2008125 9378 9378
2008126 9378 9378
2008127 9378 9378
2008128 9378 9378
2008129 9378 9378
2008130 9378 9378
2008131 9378 9378
2008132 9378 9378
2008133 9378 9378
2008134 9378 9378
2008135 9378 9378
2008136 9378 9378
2008137 9378 9378
2008138 9378 9378
2008139 9378 9378
2008140 9378 9378
2008141 9378 9378
2008142 9378 9378
2008143 9378 9378
2008144 9378 9378
2008145 9378 9378
2008146 9378 9378
2008147 9378 9378
2008148 9378 9378
2008149 9378 9378
2008150 9378 9378
2008151 9378 9378
2008152 9378 9378
2008153 9378 9378
2008154 9378 9378
2008155 9378 9378
2008156 9378 9378
2008157 9378 9378
2008158 9378 9378
2008159 9378 9378
2008160 9378 9378
2008161 9378 9378
2008162 9378 9378
2008163 9378 9378
2008164 9378 9378
2008165 9378 9378
2008166 9378 9378
2008167 9378 9378
2008168 9378 9378
2008169 9378 9378
2008170 9378 9378
2008171 9378 9378
2008172 9378 9378
2008173 9378 9378
2008174 9378 9378
2008175 9378 9378
2008176 9378 9378
2008177 9378 9378
2008178 9378 9378
2008179 9378 9378
2008180 9378 9378
2008181 9378 9378
2008182 9378 9378
2008183 9378 9378
2008184 9378 9378
2008185 9378 9378
2008186 9378 9378
2008187 9378 9378
2008188 9378 9378
2008189 9378 9378
2008190 9378 9378
2008191 9378 9378
2008192 9378 9378
2008193 9378 9378
2008194 9378 9378
2008195 9378 9378
2008196 9378 9378
2008197 9378 9378
2008198 9378 9378
2008199 9378 9378
2008200 9378 9378
2008201 9378 9378
2008202 9378 9378
2008203 9378 9378
2008204 9378 9378
2008205 9378 9378
2008206 9378 9378
2008207 9378 9378
2008208 9378 9378
2008209 9378 9378
2008210 9378 9378
2008211 9378 9378
2008212 9378 9378
2008213 9378 9378
2008214 9378 9378
2008215 9378 9378
2008216 9378 9378
2008217 9378 9378
2008218 9378 9378
2008219 9378 9378
2008220 9378 9378
2008221 9378 9378
2008222 9378 9378
2008223 9378 9378
2008224 9378 9378
2008225 9378 9378
2008226 9378 9378
2008227 9378 9378
2008228 9378 9378
2008229 9378 9378
2008230 9378 9378
2008231 9378 9378
2008232 9378 9378
2008233 9378 9378
2008234 9378 9378
2008235 9378 9378
2008236 9378 9378
2008237 9378 9378
2008238 9378 9378
2008239 9378 9378
2008240 9378 9378
2008241 9378 9378
2008242 9378 9378
2008243 9378 9378
2008244 9378 9378
2008245 9378 9378
2008246 9378 9378
2008247 9378 9378
2008248 9378 9378
2008249 9378 9378
2008250 9378 9378
2008251 9378 9378
2008252 9378 9378
2008253 9378 9378
2008254 9378 9378
2008255 9378 9378
2008256 9378 9378
2008257 9378 9378
2008258 9378 9378
2008259 9378 9378
2008260 9378 9378
2008261 9378 9378
2008262 9378 9378
2008263 9378 9378
2008264 9378 9378
2008265 9378 9378
2008266 9378 9378
2008267 9378 9378
2008268 9378 9378
2008269 9378 9378
2008270 9378 9378
2008271 9378 9378
2008272 9378 9378
2008273 9378 9378
2008274 9378 9378
2008275 9378 9378
2008276 9378 9378
2008277 9378 9378
2008278 9378 9378
2008279 9378 9378
2008280 9378 9378
2008281 9378 9378
2008282 9378 9378
2008283 9378 9378
2008284 9378 9378
2008285 9378 9378
2008286 9378 9378
2008287 9378 9378
2008288 9378 9378
2008289 9378 9378
2008290 9378 9378
2008291 9378 9378
2008292 9378 9378
2008293 9378 9378
2008294 9378 9378
2008295 9378 9378
2008296 9378 9378
2008297 9378 9378
2008298 9378 9378
2008299 9378 9378
2008300 9378 9378
2008301 9378 9378
2008302 9378 9378
2008303 9378 9378
2008304 9378 9378
2008305 9378 9378
2008306 9378 9378
2008307 9378 9378
2008308 9378 9378
2008309 9378 9378
2008310 9378 9378
2008311 9378 9378
2008312 9378 9378
2008313 9378 9378
2008314 9378 9378
2008315 9378 9378
2008316 9378 9378
2008317 9378 9378
2008318 9378 9378
2008319 9378 9378
2008320 9378 9378
2008321 9378 9378
2008322 9378 9378
2008323 9378 9378
2008324 9378 9378
2008325 9378 9378
2008326 9378 9378
2008327 9378 9378
2008328 9378 9378
2008329 9378 9378
2008330 9378 9378
2008331 9378 9378
2008332 9378 9378
2008333 9378 9378
2008334 9378 9378
2008335 9378 9378
2008336 9378 9378
2008337 9378 9378
2008338 9378 9378
2008339 9378 9378
2008340 9378 9378
2008341 9378 9378
2008342 9378 9378
2008343 9378 9378
2008344 9378 9378
2008345 9378 9378
2008346 9378 9378
2008347 9378 9378
2008348 9378 9378
2008349 9378 9378
2008350 9378 9378
2008351 9378 9378
2008352 9378 9378
2008353 9378 9378
2008354 9378 9378
2008355 9378 9378
2008356 9378 9378
2008357 9378 9378
2008358 9378 9378
2008359 9378 9378
2008360 9378 9378
2008361 9378 9378
2008362 9378 9378
2008363 9378 9378
2008364 9378 9378
2008365 9378 9378
2008366 9378 9378
2008367 9378 9378
2008368 9378 9378
2008369 9378 9378
2008370 9378 9378
2008371 9378 9378
2008372 9378 9378
2008373 9378 9378
2008374 9378 9378
2008375 9378 9378
2008376 9378 9378
2008377 9378 9378
2008378 9378 9378
2008379 9378 9378
2008380 9378 9378
2008381 9378 9378
2008382 9378 9378
2008383 9378 9378
2008384 9378 9378
2008385 9378 9378
2008386 9378 9378
2008387 9378 9378
2008388 9378 9378
2008389 9378 9378
2008390 9378 9378
2008391 9378 9378
2008392 9378 9378
2008393 9378 9378
2008394 9378 9378
2008395 9378 9378
2008396 9378 9378
2008397 9378 9378
2008398 9378 9378
2008399 9378 9378
2008400 9378 9378
2008401 9378 9378
2008402 9378 9378
2008403 9378 9378
2008404 9378 9378
2008405 9378 9378
2008406 9378 9378
2008407 9378 9378
2008408 9378 9378
2008409 9378 9378
2008410 9378 9378
2008411 9378 9378
2008412 9378 9378
2008413 9378 9378
2008414 9378 9378
2008415 9378 9378
2008416 9378 9378
2008417 9378 9378
2008418 9378 9378
2008419 9378 9378
2008420 9378 9378
2008421 9378 9378
2008422 9378 9378
2008423 9378 9378
2008424 9378 9378
2008425 9378 9378
2008426 9378 9378
2008427 9378 9378
2008428 9378 9378
2008429 9378 9378
2008430 9378 9378
2008431 9378 9378
2008432 9378 9378
2008433 9378 9378
2008434 9378 9378
2008435 9378 9378
2008436 9378 9378
2008437 9378 9378
2008438 9378 9378
2008439 9378 9378
2008440 9378 9378
2008441 9378 9378
2008442 9378 9378
2008443 9378 9378
2008444 9378 9378
2008445 9378 9378
2008446 9378 9378
2008447 9378 9378
2008448 9378 9378
2008449 9378 9378
2008450 9378 9378
2008451 9378 9378
2008452 9378 9378
2008453 9378 9378
2008454 9378 9378
2008455 9378 9378
2008456 9378 9378
2008457 9378 9378
2008458 9378 9378
2008459 9378 9378
2008460 9378 9378
2008461 9378 9378
2008462 9378 9378
2008463 9378 9378
2008464 9378 9378
2008465 9378 9378
2008466 9378 9378
2008467 9378 9378
2008468 9378 9378
2008469 9378 9378
2008470 9378 9378
2008471 9378 9378
2008472 9378 9378
2008473 9378 9378
2008474 9378 9378
2008475 9378 9378
2008476 9378 9378
2008477 9378 9378
2008478 9378 9378
2008479 9378 9378
2008480 9378 9378
2008481 9378 9378
2008482 9378 9378
2008483 9378 9378
2008484 9378 9378
2008485 9378 9378
2008486 9378 9378
2008487 9378 9378
2008488 9378 9378
2008489 9378 9378
2008490 9378 9378
2008491 9378 9378
2008492 9378 9378
2008493 9378 9378
2008494 9378 9378
2008495 9378 9378
2008496 9378 9378
2008497 9378 9378
2008498 9378 9378
2008499 9378 9378
2008500 9378 9378
2008501 9378 9378
2008502 9378 9378
2008503 9378 9378
2008504 9378 9378
2008505 9378 9378
2008506 9378 9378
2008507 9378 9378
2008508 9378 9378
2008509 9378 9378
2008510 9378 9378
2008511 9378 9378
2008512 9378 9378
2008513 9378 9378
2008514 9378 9378
2008515 9378 9378
2008516 9378 9378
2008517 9378 9378
2008518 9378 9378
2008519 9378 9378
2008520 9378 9378
2008521 9378 9378
2008522 9378 9378
2008523 9378 9378
2008524 9378 9378
2008525 9378 9378
2008526 9378 9378
2008527 9378 9378
2008528 9378 9378
2008529 9378 9378
2008530 9378 9378
2008531 9378 9378
2008532 9378 9378
2008533 9378 9378
2008534 9378 9378
2008535 9378 9378
2008536 9378 9378
2008537 9378 9378
2008538 9378 9378
2008539 9378 9378
2008540 9378 9378
2008541 9378 9378
2008542 9378 9378
2008543 9378 9378
2008544 9378 9378
2008545 9378 9378
2008546 9378 9378
2008547 9378 9378
2008548 9378 9378
2008549 9378 9378
2008550 9378 9378
2008551 9378 9378
2008552 9378 9378
2008553 9378 9378
2008554 9378 9378
2008555 9378 9378
2008556 9378 9378
2008557 9378 9378
2008558 9378 9378
2008559 9378 9378
2008560 9378 9378
2008561 9378 9378
2008562 9378 9378
2008563 9378 9378
2008564 9378 9378
2008565 9378 9378
2008566 9378 9378
2008567 9378 9378
2008568 9378 9378
2008569 9378 9378
2008570 9378 9378
2008571 9378 9378
2008572 9378 9378
2008573 9378 9378
2008574 9378 9378
2008575 9378 9378
2008576 9378 9378
2008577 9378 9378
2008578 9378 9378
2008579 9378 9378
2008580 9378 9378
2008581 9378 9378
2008582 9378 9378
2008583 9378 9378
2008584 9378 9378
2008585 9378 9378
2008586 9378 9378
2008587 9378 9378
2008588 9378 9378
2008589 9378 9378
2008590 9378 9378
2008591 9378 9378
2008592 9378 9378
2008593 9378 9378
2008594 9378 9378
2008595 9378 9378
2008596 9378 9378
2008597 9378 9378
2008598 9378 9378
2008599 9378 9378
2008600 9378 9378
2008601 9378 9378
2008602 9378 9378
2008603 9378 9378
2008604 9378 9378
2008605 9378 9378
2008606 9378 9378
2008607 9378 9378
2008608 9378 9378
2008609 9378 9378
2008610 9378 9378
2008611 9378 9378
2008612 9378 9378
2008613 9378 9378
2008614 9378 9378
2008615 9378 9378
2008616 9378 9378
2008617 9378 9378
2008618 9378 9378
2008619 9378 9378
2008620 9378 9378
2008621 9378 9378
2008622 9378 9378
2008623 9378 9378
2008624 9378 9378
2008625 9378 9378
2008626 9378 9378
2008627 9378 9378
2008628 9378 9378
2008629 9378 9378
2008630 9378 9378
2008631 9378 9378
2008632 9378 9378
2008633 9378 9378
2008634 9378 9378
2008635 9378 9378
2008636 9378 9378
2008637 9378 9378
2008638 9378 9378
2008639 9378 9378
2008640 9378 9378
2008641 9378 9378
2008642 9378 9378
2008643 9378 9378
2008644 9378 9378
2008645 9378 9378
2008646 9378 9378
2008647 9378 9378
2008648 9378 9378
2008649 9378 9378
2008650 9378 9378
2008651 9378 9378
2008652 9378 9378
2008653 9378 9378
2008654 9378 9378
2008655 9378 9378
2008656 9378 9378
2008657 9378 9378
2008658 9378 9378
2008659 9378 9378
2008660 9378 9378
2008661 9378 9378
2008662 9378 9378
2008663 9378 9378
2008664 9378 9378
2008665 9378 9378
2008666 9378 9378
2008667 9378 9378
2008668 9378 9378
2008669 9378 9378
2008670 9378 9378
2008671 9378 9378
2008672 9378 9378
2008673 9378 9378
2008674 9378 9378
2008675 9378 9378
2008676 9378 9378
2008677 9378 9378
2008678 9378 9378
2008679 9378 9378
2008680 9378 9378
2008681 9378 9378
2008682 9378 9378
2008683 9378 9378
2008684 9378 9378
2008685 9378 9378
2008686 9378 9378
2008687 9378 9378
2008688 9378 9378
2008689 9378 9378
2008690 9378 9378
2008691 9378 9378
2008692 9378 9378
2008693 9378 9378
2008694 9378 9378
2008695 9378 9378
2008696 9378 9378
2008697 9378 9378
2008698 9378 9378
2008699 9378 9378
2008700 9378 9378
2008701 9378 9378
2008702 9378 9378
2008703 9378 9378
2008704 9378 9378
2008705 9378 9378
2008706 9378 9378
2008707 9378 9378
2008708 9378 9378
2008709 9378 9378
2008710 9378 9378
2008711 9378 9378
2008712 9378 9378
2008713 9378 9378
2008714 9378 9378
2008715 9378 9378
2008716 9378 9378
2008717 9378 9378
2008718 9378 9378
2008719 9378 9378
2008720 9378 9378
2008721 9378 9378
2008722 9378 9378
2008723 9378 9378
2008724 9378 9378
2008725 9378 9378
2008726 9378 9378
2008727 9378 9378
2008728 9378 9378
2008729 9378 9378
2008730 9378 9378
2008731 9378 9378
2008732 9378 9378
2008733 9378 9378
2008734 9378 9378
2008735 9378 9378
2008736 9378 9378
2008737 9378 9378
2008738 9378 9378
2008739 9378 9378
2008740 9378 9378
2008741 9378 9378
2008742 9378 9378
2008743 9378 9378
2008744 9378 9378
2008745 9378 9378
2008746 9378 9378
2008747 9378 9378
2008748 9378 9378
2008749 9378 9378
2008750 9378 9378
2008751 9378 9378
2008752 9378 9378
2008753 9378 9378
2008754 9378 9378
2008755 9378 9378
2008756 9378 9378
2008757 9378 9378
2008758 9378 9378
2008759 9378 9378
2008760 9378 9378
2008761 9378 9378
2008762 9378 9378
2008763 9378 9378
2008764 9378 9378
2008765 9378 9378
2008766 9378 9378
2008767 9378 9378
2008768 9378 9378
2008769 9378 9378
2008770 9378 9378
2008771 9378 9378
2008772 9378 9378
2008773 9378 9378
2008774 9378 9378
2008775 9378 9378
2008776 9378 9378
2008777 9378 9378
2008778 9378 9378
2008779 9378 9378
2008780 9378 9378
2008781 9378 9378
2008782 9378 9378
2008783 9378 9378
2008784 9378 9378
2008785 9378 9378
2008786 9378 9378
2008787 9378 9378
2008788 9378 9378
2008789 9378 9378
2008790 9378 9378
2008791 9378 9378
2008792 9378 9378
2008793 9378 9378
2008794 9378 9378
2008795 9378 9378
2008796 9378 9378
2008797 9378 9378
2008798 9378 9378
2008799 9378 9378
2008800 9378 9378
2008801 9378 9378
2008802 9378 9378
2008803 9378 9378
2008804 9378 9378
2008805 9378 9378
2008806 9378 9378
2008807 9378 9378
2008808 9378 9378
2008809 9378 9378
2008810 9378 9378
2008811 9378 9378
2008812 9378 9378
2008813 9378 9378
2008814 9378 9378
2008815 9378 9378
2008816 9378 9378
2008817 9378 9378
2008818 9378 9378
2008819 9378 9378
2008820 9378 9378
2008821 9378 9378
2008822 9378 9378
2008823 9378 9378
2008824 9378 9378
2008825 9378 9378
2008826 9378 9378
2008827 9378 9378
2008828 9378 9378
2008829 9378 9378
2008830 9378 9378
2008831 9378 9378
2008832 9378 9378
2008833 9378 9378
2008834 9378 9378
2008835 9378 9378
2008836 9378 9378
2008837 9378 9378
2008838 9378 9378
2008839 9378 9378
2008840 9378 9378
2008841 9378 9378
2008842 9378 9378
2008843 9378 9378
2008844 9378 9378
2008845 9378 9378
2008846 9378 9378
2008847 9378 9378
2008848 9378 9378
2008849 9378 9378
2008850 9378 9378
2008851 9378 9378
2008852 9378 9378
2008853 9378 9378
2008854 9378 9378
2008855 9378 9378
2008856 9378 9378
2008857 9378 9378
2008858 9378 9378
2008859 9378 9378
2008860 9378 9378
2008861 9378 9378
2008862 9378 9378
2008863 9378 9378
2008864 9378 9378
2008865 9378 9378
2008866 9378 9378
2008867 9378 9378
2008868 9378 9378
2008869 9378 9378
2008870 9378 9378
2008871 9378 9378
2008872 9378 9378
2008873 9378 9378
2008874 9378 9378
2008875 9378 9378
2008876 9378 9378
2008877 9378 9378
2008878 9378 9378
2008879 9378 9378
2008880 9378 9378
2008881 9378 9378
2008882 9378 9378
2008883 9378 9378
2008884 9378 9378
2008885 9378 9378
2008886 9378 9378
2008887 9378 9378
2008888 9378 9378
2008889 9378 9378
2008890 9378 9378
2008891 9378 9378
2008892 9378 9378
2008893 9378 9378
2008894 9378 9378
2008895 9378 9378
2008896 9378 9378
2008897 9378 9378
2008898 9378 9378
2008899 9378 9378
2008900 9378 9378
2008901 9378 9378
2008902 9378 9378
2008903 9378 9378
2008904 9378 9378
2008905 9378 9378
2008906 9378 9378
2008907 9378 9378
2008908 9378 9378
2008909 9378 9378
2008910 9378 9378
2008911 9378 9378
2008912 9378 9378
2008913 9378 9378
2008914 9378 9378
2008915 9378 9378
2008916 9378 9378
2008917 9378 9378
2008918 9378 9378
2008919 9378 9378
2008920 9378 9378
2008921 9378 9378
2008922 9378 9378
2008923 9378 9378
2008924 9378 9378
2008925 9378 9378
2008926 9378 9378
2008927 9378 9378
2008928 9378 9378
2008929 9378 9378
2008930 9378 9378
2008931 9378 9378
2008932 9378 9378
2008933 9378 9378
2008934 9378 9378
2008935 9378 9378
2008936 9378 9378
2008937 9378 9378
2008938 9378 9378
2008939 9378 9378
2008940 9378 9378
2008941 9378 9378
2008942 9378 9378
2008943 9378 9378
2008944 9378 9378
2008945 9378 9378
2008946 9378 9378
2008947 9378 9378
2008948 9378 9378
2008949 9378 9378
2008950 9378 9378
2008951 9378 9378
2008952 9378 9378
2008953 9378 9378
2008954 9378 9378
2008955 9378 9378
2008956 9378 9378
2008957 9378 9378
2008958 9378 9378
2008959 9378 9378
2008960 9378 9378
2008961 9378 9378
2008962 9378 9378
2008963 9378 9378
2008964 9378 9378
2008965 9378 9378
2008966 9378 9378
2008967 9378 9378
2008968 9378 9378
2008969 9378 9378
2008970 9378 9378
2008971 9378 9378
2008972 9378 9378
2008973 9378 9378
2008974 9378 9378
2008975 9378 9378
2008976 9378 9378
2008977 9378 9378
2008978 9378 9378
2008979 9378 9378
2008980 9378 9378
2008981 9378 9378
2008982 9378 9378
2008983 9378 9378
2008984 9378 9378
2008985 9378 9378
2008986 9378 9378
2008987 9378 9378
2008988 9378 9378
2008989 9378 9378
2008990 9378 9378
2008991 9378 9378
2008992 9378 9378
2008993 9378 9378
2008994 9378 9378
2008995 9378 9378
2008996 9378 9378
2008997 9378 9378
2008998 9378 9378
2008999 9378 9378
2009000 9378 9378
2009001 9378 9378
2009002 9378 9378
2009003 9378 9378
2009004 9378 9378
2009005 9378 9378
2009006 9378 9378
2009007 9378 9378
2009008 9378 9378
2009009 9378 9378
2009010 9378 9378
2009011 9378 9378
2009012 9378 9378
2009013 9378 9378
2009014 9378 9378
2009015 9378 9378
2009016 9378 9378
2009017 9378 9378
2009018 9378 9378
2009019 9378 9378
2009020 9378 9378
2009021 9378 9378
2009022 9378 9378
2009023 9378 9378
2009024 9378 9378
2009025 9378 9378
2009026 9378 9378
2009027 9378 9378
2009028 9378 9378
2009029 9378 9378
2009030 9378 9378
2009031 9378 9378
2009032 9378 9378
2009033 9378 9378
2009034 9378 9378
2009035 9378 9378
2009036 9378 9378
2009037 9378 9378
2009038 9378 9378
2009039 9378 9378
2009040 9378 9378
2009041 9378 9378
2009042 9378 9378
2009043 9378 9378
2009044 9378 9378
2009045 9378 9378
2009046 9378 9378
2009047 9378 9378
2009048 9378 9378
2009049 9378 9378
2009050 9378 9378
2009051 9378 9378
2009052 9378 9378
2009053 9378 9378
2009054 9378 9378
2009055 9378 9378
2009056 9378 9378
2009057 9378 9378
2009058 9378 9378
2009059 9378 9378
2009060 9378 9378
2009061 9378 9378
2009062 9378 9378
2009063 9378 9378
2009064 9378 9378
2009065 9378 9378
2009066 9378 9378
2009067 9378 9378
2009068 9378 9378
2009069 9378 9378
2009070 9378 9378
2009071 9378 9378
2009072 9378 9378
2009073 9378 9378
2009074 9378 9378
2009075 9378 9378
2009076 9378 9378
2009077 9378 9378
2009078 9378 9378
2009079 9378 9378
2009080 9378 9378
2009081 9378 9378
2009082 9378 9378
2009083 9378 9378
2009084 9378 9378
2009085 9378 9378
2009086 9378 9378
2009087 9378 9378
2009088 9378 9378
2009089 9378 9378
2009090 9378 9378
2009091 9378 9378
2009092 9378 9378
2009093 9378 9378
2009094 9378 9378
2009095 9378 9378
2009096 9378 9378
2009097 9378 9378
2009098 9378 9378
2009099 9378 9378
2009100 9378 9378
2009101 9378 9378
2009102 9378 9378
2009103 9378 9378
2009104 9378 9378
2009105 9378 9378
2009106 9378 9378
2009107 9378 9378
2009108 9378 9378
2009109 9378 9378
2009110 9378 9378
2009111 9378 9378
2009112 9378 9378
2009113 9378 9378
2009114 9378 9378
2009115 9378 9378
2009116 9378 9378
2009117 9378 9378
2009118 9378 9378
2009119 9378 9378
2009120 9378 9378
2009121 9378 9378
2009122 9378 9378
2009123 9378 9378
2009124 9378 9378
2009125 9378 9378
2009126 9378 9378
2009127 9378 9378
2009128 9378 9378
2009129 9378 9378
2009130 9378 9378
2009131 9378 9378
2009132 9378 9378
2009133 9378 9378
2009134 9378 9378
2009135 9378 9378
2009136 9378 9378
2009137 9378 9378
2009138 9378 9378
2009139 9378 9378
2009140 9378 9378
2009141 9378 9378
2009142 9378 9378
2009143 9378 9378
2009144 9378 9378
2009145 9378 9378
2009146 9378 9378
2009147 9378 9378
2009148 9378 9378
2009149 9378 9378
2009150 9378 9378
2009151 9378 9378
2009152 9378 9378
2009153 9378 9378
2009154 9378 9378
2009155 9378 9378
2009156 9378 9378
2009157 9378 9378
2009158 9378 9378
2009159 9378 9378
2009160 9378 9378
2009161 9378 9378
2009162 9378 9378
2009163 9378 9378
2009164 9378 9378
2009165 9378 9378
2009166 9378 9378
2009167 9378 9378
2009168 9378 9378
2009169 9378 9378
2009170 9378 9378
2009171 9378 9378
2009172 9378 9378
2009173 9378 9378
2009174 9378 9378
2009175 9378 9378
2009176 9378 9378
2009177 9378 9378
2009178 9378 9378
2009179 9378 9378
2009180 9378 9378
2009181 9378 9378
2009182 9378 9378
2009183 9378 9378
2009184 9378 9378
2009185 9378 9378
2009186 9378 9378
2009187 9378 9378
2009188 9378 9378
2009189 9378 9378
2009190 9378 9378
2009191 9378 9378
2009192 9378 9378
2009193 9378 9378
2009194 9378 9378
2009195 9378 9378
2009196 9378 9378
2009197 9378 9378
2009198 9378 9378
2009199 9378 9378
2009200 9378 9378
2009201 9378 9378
2009202 9378 9378
2009203 9378 9378
2009204 9378 9378
2009205 9378 9378
2009206 9378 9378
2009207 9378 9378
2009208 9378 9378
2009209 9378 9378
2009210 9378 9378
2009211 9378 9378
2009212 9378 9378
2009213 9378 9378
2009214 9378 9378
2009215 9378 9378
2009216 9378 9378
2009217 9378 9378
2009218 9378 9378
2009219 9378 9378
2009220 9378 9378
2009221 9378 9378
2009222 9378 9378
2009223 9378 9378
2009224 9378 9378
2009225 9378 9378
2009226 9378 9378
2009227 9378 9378
2009228 9378 9378
2009229 9378 9378
2009230 9378 9378
2009231 9378 9378
2009232 9378 9378
2009233 9378 9378
2009234 9378 9378
2009235 9378 9378
2009236 9378 9378
2009237 9378 9378
2009238 9378 9378
2009239 9378 9378
2009240 9378 9378
2009241 9378 9378
2009242 9378 9378
2009243 9378 9378
2009244 9378 9378
2009245 9378 9378
2009246 9378 9378
2009247 9378 9378
2009248 9378 9378
2009249 9378 9378
2009250 9378 9378
2009251 9378 9378
2009252 9378 9378
2009253 9378 9378
2009254 9378 9378
2009255 9378 9378
2009256 9378 9378
2009257 9378 9378
2009258 9378 9378
2009259 9378 9378
2009260 9378 9378
2009261 9378 9378
2009262 9378 9378
2009263 9378 9378
2009264 9378 9378
2009265 9378 9378
2009266 9378 9378
2009267 9378 9378
2009268 9378 9378
2009269 9378 9378
2009270 9378 9378
2009271 9378 9378
2009272 9378 9378
2009273 9378 9378
2009274 9378 9378
2009275 9378 9378
2009276 9378 9378
2009277 9378 9378
2009278 9378 9378
2009279 9378 9378
2009280 9378 9378
2009281 9378 9378
2009282 9378 9378
2009283 9378 9378
2009284 9378 9378
2009285 9378 9378
2009286 9378 9378
2009287 9378 9378
2009288 9378 9378
2009289 9378 9378
2009290 9378 9378
2009291 9378 9378
2009292 9378 9378
2009293 9378 9378
2009294 9378 9378
2009295 9378 9378
2009296 9378 9378
2009297 9378 9378
2009298 9378 9378
2009299 9378 9378
2009300 9378 9378
2009301 9378 9378
2009302 9378 9378
2009303 9378 9378
2009304 9378 9378
2009305 9378 9378
2009306 9378 9378
2009307 9378 9378
2009308 9378 9378
2009309 9378 9378
2009310 9378 9378
2009311 9378 9378
2009312 9378 9378
2009313 9378 9378
2009314 9378 9378
2009315 9378 9378
2009316 9378 9378
2009317 9378 9378
2009318 9378 9378
2009319 9378 9378
2009320 9378 9378
2009321 9378 9378
2009322 9378 9378
2009323 9378 9378
2009324 9378 9378
2009325 9378 9378
2009326 9378 9378
2009327 9378 9378
2009328 9378 9378
2009329 9378 9378
2009330 9378 9378
2009331 9378 9378
2009332 9378 9378
2009333 9378 9378
2009334 9378 9378
2009335 9378 9378
2009336 9378 9378
2009337 9378 9378
2009338 9378 9378
2009339 9378 9378
2009340 9378 9378
2009341 9378 9378
2009342 9378 9378
2009343 9378 9378
2009344 9378 9378
2009345 9378 9378
2009346 9378 9378
2009347 9378 9378
2009348 9378 9378
2009349 9378 9378
2009350 9378 9378
2009351 9378 9378
2009352 9378 9378
2009353 9378 9378
2009354 9378 9378
2009355 9378 9378
2009356 9378 9378
2009357 9378 9378
2009358 9378 9378
2009359 9378 9378
2009360 9378 9378
2009361 9378 9378
2009362 9378 9378
2009363 9378 9378
2009364 9378 9378
2009365 9378 9378
2009366 9378 9378
2009367 9378 9378
2009368 9378 9378
2009369 9378 9378
2009370 9378 9378
2009371 9378 9378
2009372 9378 9378
2009373 9378 9378
2009374 9378 9378
2009375 9378 9378
2009376 9378 9378
2009377 9378 9378
2009378 9378 9378
2009379 9378 9378
2009380 9378 9378
2009381 9378 9378
2009382 9378 9378
2009383 9378 9378
2009384 9378 9378
2009385 9378 9378
2009386 9378 9378
2009387 9378 9378
2009388 9378 9378
2009389 9378 9378
2009390 9378 9378
2009391 9378 9378
2009392 9378 9378
2009393 9378 9378
2009394 9378 9378
2009395 9378 9378
2009396 9378 9378
2009397 9378 9378
2009398 9378 9378
2009399 9378 9378
2009400 9378 9378
2009401 9378 9378
2009402 9378 9378
2009403 9378 9378
2009404 9378 9378
2009405 9378 9378
2009406 9378 9378
2009407 9378 9378
2009408 9378 9378
2009409 9378 9378
2009410 9378 9378
2009411 9378 9378
2009412 9378 9378
2009413 9378 9378
2009414 9378 9378
2009415 9378 9378
2009416 9378 9378
2009417 9378 9378
2009418 9378 9378
2009419 9378 9378
2009420 9378 9378
2009421 9378 9378
2009422 9378 9378
2009423 9378 9378
2009424 9378 9378
2009425 9378 9378
2009426 9378 9378
2009427 9378 9378
2009428 9378 9378
2009429 9378 9378
2009430 9378 9378
2009431 9378 9378
2009432 9378 9378
2009433 9378 9378
2009434 9378 9378
2009435 9378 9378
2009436 9378 9378
2009437 9378 9378
2009438 9378 9378
2009439 9378 9378
2009440 9378 9378
2009441 9378 9378
2009442 9378 9378
2009443 9378 9378
2009444 9378 9378
2009445 9378 9378
2009446 9378 9378
2009447 9378 9378
2009448 9378 9378
2009449 9378 9378
2009450 9378 9378
2009451 9378 9378
2009452 9378 9378
2009453 9378 9378
2009454 9378 9378
2009455 9378 9378
2009456 9378 9378
2009457 9378 9378
2009458 9378 9378
2009459 9378 9378
2009460 9378 9378
2009461 9378 9378
2009462 9378 9378
2009463 9378 9378
2009464 9378 9378
2009465 9378 9378
2009466 9378 9378
2009467 9378 9378
2009468 9378 9378
2009469 9378 9378
2009470 9378 9378
2009471 9378 9378
2009472 9378 9378
2009473 9378 9378
2009474 9378 9378
2009475 9378 9378
2009476 9378 9378
2009477 9378 9378
2009478 9378 9378
2009479 9378 9378
2009480 9378 9378
2009481 9378 9378
2009482 9378 9378
2009483 9378 9378
2009484 9378 9378
2009485 9378 9378
2009486 9378 9378
2009487 9378 9378
2009488 9378 9378
2009489 9378 9378
2009490 9378 9378
2009491 9378 9378
2009492 9378 9378
2009493 9378 9378
2009494 9378 9378
2009495 9378 9378
2009496 9378 9378
2009497 9378 9378
2009498 9378 9378
2009499 9378 9378
2009500 9378 9378
2009501 9378 9378
2009502 9378 9378
2009503 9378 9378
2009504 9378 9378
2009505 9378 9378
2009506 9378 9378
2009507 9378 9378
2009508 9378 9378
2009509 9378 9378
2009510 9378 9378
2009511 9378 9378
2009512 9378 9378
2009513 9378 9378
2009514 9378 9378
2009515 9378 9378
2009516 9378 9378
2009517 9378 9378
2009518 9378 9378
2009519 9378 9378
2009520 9378 9378
2009521 9378 9378
2009522 9378 9378
2009523 9378 9378
2009524 9378 9378
2009525 9378 9378
2009526 9378 9378
2009527 9378 9378
2009528 9378 9378
2009529 9378 9378
2009530 9378 9378
2009531 9378 9378
2009532 9378 9378
2009533 9378 9378
2009534 9378 9378
2009535 9378 9378
2009536 9378 9378
2009537 9378 9378
2009538 9378 9378
2009539 9378 9378
2009540 9378 9378
2009541 9378 9378
2009542 9378 9378
2009543 9378 9378
2009544 9378 9378
2009545 9378 9378
2009546 9378 9378
2009547 9378 9378
2009548 9378 9378
2009549 9378 9378
2009550 9378 9378
2009551 9378 9378
2009552 9378 9378
2009553 9378 9378
2009554 9378 9378
2009555 9378 9378
2009556 9378 9378
2009557 9378 9378
2009558 9378 9378
2009559 9378 9378
2009560 9378 9378
2009561 9378 9378
2009562 9378 9378
2009563 9378 9378
2009564 9378 9378
2009565 9378 9378
2009566 9378 9378
2009567 9378 9378
2009568 9378 9378
2009569 9378 9378
2009570 9378 9378
2009571 9378 9378
2009572 9378 9378
2009573 9378 9378
2009574 9378 9378
2009575 9378 9378
2009576 9378 9378
2009577 9378 9378
2009578 9378 9378
2009579 9378 9378
2009580 9378 9378
2009581 9378 9378
2009582 9378 9378
2009583 9378 9378
2009584 9378 9378
2009585 9378 9378
2009586 9378 9378
2009587 9378 9378
2009588 9378 9378
2009589 9378 9378
2009590 9378 9378
2009591 9378 9378
2009592 9378 9378
2009593 9378 9378
2009594 9378 9378
2009595 9378 9378
2009596 9378 9378
2009597 9378 9378
2009598 9378 9378
2009599 9378 9378
2009600 9378 9378
2009601 9378 9378
2009602 9378 9378
2009603 9378 9378
2009604 9378 9378
2009605 9378 9378
2009606 9378 9378
2009607 9378 9378
2009608 9378 9378
2009609 9378 9378
2009610 9378 9378
2009611 9378 9378
2009612 9378 9378
2009613 9378 9378
2009614 9378 9378
2009615 9378 9378
2009616 9378 9378
2009617 9378 9378
2009618 9378 9378
2009619 9378 9378
2009620 9378 9378
2009621 9378 9378
2009622 9378 9378
2009623 9378 9378
2009624 9378 9378
2009625 9378 9378
2009626 9378 9378
2009627 9378 9378
2009628 9378 9378
2009629 9378 9378
2009630 9378 9378
2009631 9378 9378
2009632 9378 9378
2009633 9378 9378
2009634 9378 9378
2009635 9378 9378
2009636 9378 9378
2009637 9378 9378
2009638 9378 9378
2009639 9378 9378
2009640 9378 9378
2009641 9378 9378
2009642 9378 9378
2009643 9378 9378
2009644 9378 9378
2009645 9378 9378
2009646 9378 9378
2009647 9378 9378
2009648 9378 9378
2009649 9378 9378
2009650 9378 9378
2009651 9378 9378
2009652 9378 9378
2009653 9378 9378
2009654 9378 9378
2009655 9378 9378
2009656 9378 9378
2009657 9378 9378
2009658 9378 9378
2009659 9378 9378
2009660 9378 9378
2009661 9378 9378
2009662 9378 9378
2009663 9378 9378
2009664 9378 9378
2009665 9378 9378
2009666 9378 9378
2009667 9378 9378
2009668 9378 9378
2009669 9378 9378
2009670 9378 9378
2009671 9378 9378
2009672 9378 9378
2009673 9378 9378
2009674 9378 9378
2009675 9378 9378
2009676 9378 9378
2009677 9378 9378
2009678 9378 9378
2009679 9378 9378
2009680 9378 9378
2009681 9378 9378
2009682 9378 9378
2009683 9378 9378
2009684 9378 9378
2009685 9378 9378
2009686 9378 9378
2009687 9378 9378
2009688 9378 9378
2009689 9378 9378
2009690 9378 9378
2009691 9378 9378
2009692 9378 9378
2009693 9378 9378
2009694 9378 9378
2009695 9378 9378
2009696 9378 9378
2009697 9378 9378
2009698 9378 9378
2009699 9378 9378
2009700 9378 9378
2009701 9378 9378
2009702 9378 9378
2009703 9378 9378
2009704 9378 9378
2009705 9378 9378
2009706 9378 9378
2009707 9378 9378
2009708 9378 9378
2009709 9378 9378
2009710 9378 9378
2009711 9378 9378
2009712 9378 9378
2009713 9378 9378
2009714 9378 9378
2009715 9378 9378
2009716 9378 9378
2009717 9378 9378
2009718 9378 9378
2009719 9378 9378
2009720 9378 9378
2009721 9378 9378
2009722 9378 9378
2009723 9378 9378
2009724 9378 9378
2009725 9378 9378
2009726 9378 9378
2009727 9378 9378
2009728 9378 9378
2009729 9378 9378
2009730 9378 9378
2009731 9378 9378
2009732 9378 9378
2009733 9378 9378
2009734 9378 9378
2009735 9378 9378
2009736 9378 9378
2009737 9378 9378
2009738 9378 9378
2009739 9378 9378
2009740 9378 9378
2009741 9378 9378
2009742 9378 9378
2009743 9378 9378
2009744 9378 9378
2009745 9378 9378
2009746 9378 9378
2009747 9378 9378
2009748 9378 9378
2009749 9378 9378
2009750 9378 9378
2009751 9378 9378
2009752 9378 9378
2009753 9378 9378
2009754 9378 9378
2009755 9378 9378
2009756 9378 9378
2009757 9378 9378
2009758 9378 9378
2009759 9378 9378
2009760 9378 9378
2009761 9378 9378
2009762 9378 9378
2009763 9378 9378
2009764 9378 9378
2009765 9378 9378
2009766 9378 9378
2009767 9378 9378
2009768 9378 9378
2009769 9378 9378
2009770 9378 9378
2009771 9378 9378
2009772 9378 9378
2009773 9378 9378
2009774 9378 9378
2009775 9378 9378
2009776 9378 9378
2009777 9378 9378
2009778 9378 9378
2009779 9378 9378
2009780 9378 9378
2009781 9378 9378
2009782 9378 9378
2009783 9378 9378
2009784 9378 9378
2009785 9378 9378
2009786 9378 9378
2009787 9378 9378
2009788 9378 9378
2009789 9378 9378
2009790 9378 9378
2009791 9378 9378
2009792 9378 9378
2009793 9378 9378
2009794 9378 9378
2009795 9378 9378
2009796 9378 9378
2009797 9378 9378
2009798 9378 9378
2009799 9378 9378
2009800 9378 9378
2009801 9378 9378
2009802 9378 9378
2009803 9378 9378
2009804 9378 9378
2009805 9378 9378
2009806 9378 9378
2009807 9378 9378
2009808 9378 9378
2009809 9378 9378
2009810 9378 9378
2009811 9378 9378
2009812 9378 9378
2009813 9378 9378
2009814 9378 9378
2009815 9378 9378
2009816 9378 9378
2009817 9378 9378
2009818 9378 9378
2009819 9378 9378
2009820 9378 9378
2009821 9378 9378
2009822 9378 9378
2009823 9378 9378
2009824 9378 9378
2009825 9378 9378
2009826 9378 9378
2009827 9378 9378
2009828 9378 9378
2009829 9378 9378
2009830 9378 9378
2009831 9378 9378
2009832 9378 9378
2009833 9378 9378
2009834 9378 9378
2009835 9378 9378
2009836 9378 9378
2009837 9378 9378
2009838 9378 9378
2009839 9378 9378
2009840 9378 9378
2009841 9378 9378
2009842 9378 9378
2009843 9378 9378
2009844 9378 9378
2009845 9378 9378
2009846 9378 9378
2009847 9378 9378
2009848 9378 9378
2009849 9378 9378
2009850 9378 9378
2009851 9378 9378
2009852 9378 9378
2009853 9378 9378
2009854 9378 9378
2009855 9378 9378
2009856 9378 9378
2009857 9378 9378
2009858 9378 9378
2009859 9378 9378
2009860 9378 9378
2009861 9378 9378
2009862 9378 9378
2009863 9378 9378
2009864 9378 9378
2009865 9378 9378
2009866 9378 9378
2009867 9378 9378
2009868 9378 9378
2009869 9378 9378
2009870 9378 9378
2009871 9378 9378
2009872 9378 9378
2009873 9378 9378
2009874 9378 9378
2009875 9378 9378
2009876 9378 9378
2009877 9378 9378
2009878 9378 9378
2009879 9378 9378
2009880 9378 9378
2009881 9378 9378
2009882 9378 9378
2009883 9378 9378
2009884 9378 9378
2009885 9378 9378
2009886 9378 9378
2009887 9378 9378
2009888 9378 9378
2009889 9378 9378
2009890 9378 9378
2009891 9378 9378
2009892 9378 9378
2009893 9378 9378
2009894 9378 9378
2009895 9378 9378
2009896 9378 9378
2009897 9378 9378
2009898 9378 9378
2009899 9378 9378
2009900 9378 9378
2009901 9378 9378
2009902 9378 9378
2009903 9378 9378
2009904 9378 9378
2009905 9378 9378
2009906 9378 9378
2009907 9378 9378
2009908 9378 9378
2009909 9378 9378
2009910 9378 9378
2009911 9378 9378
2009912 9378 9378
2009913 9378 9378
2009914 9378 9378
2009915 9378 9378
2009916 9378 9378
2009917 9378 9378
2009918 9378 9378
2009919 9378 9378
2009920 9378 9378
2009921 9378 9378
2009922 9378 9378
2009923 9378 9378
2009924 9378 9378
2009925 9378 9378
2009926 9378 9378
2009927 9378 9378
2009928 9378 9378
2009929 9378 9378
2009930 9378 9378
2009931 9378 9378
2009932 9378 9378
2009933 9378 9378
2009934 9378 9378
2009935 9378 9378
2009936 9378 9378
2009937 9378 9378
2009938 9378 9378
2009939 9378 9378
2009940 9378 9378
2009941 9378 9378
2009942 9378 9378
2009943 9378 9378
2009944 9378 9378
2009945 9378 9378
2009946 9378 9378
2009947 9378 9378
2009948 9378 9378
2009949 9378 9378
2009950 9378 9378
2009951 9378 9378
2009952 9378 9378
2009953 9378 9378
2009954 9378 9378
2009955 9378 9378
2009956 9378 9378
2009957 9378 9378
2009958 9378 9378
2009959 9378 9378
2009960 9378 9378
2009961 9378 9378
2009962 9378 9378
2009963 9378 9378
2009964 9378 9378
2009965 9378 9378
2009966 9378 9378
2009967 9378 9378
2009968 9378 9378
2009969 9378 9378
2009970 9378 9378
2009971 9378 9378
2009972 9378 9378
2009973 9378 9378
2009974 9378 9378
2009975 9378 9378
2009976 9378 9378
2009977 9378 9378
2009978 9378 9378
2009979 9378 9378
2009980 9378 9378
2009981 9378 9378
2009982 9378 9378
2009983 9378 9378
2009984 9378 9378
2009985 9378 9378
2009986 9378 9378
2009987 9378 9378
2009988 9378 9378
2009989 9378 9378
2009990 9378 9378
2009991 9378 9378
2009992 9378 9378
2009993 9378 9378
2009994 9378 9378
2009995 9378 9378
2009996 9378 9378
2009997 9378 9378
2009998 9378 9378
2009999 9378 9378
2010000 9378 9378
4 12504
2009071 12504 12504
2009072 12504 12504
2009073 12504 12504
2009074 12504 12504
2009075 12504 12504
2009076 12504 12504
2009077 12504 12504
2009078 12504 12504
2009079 12504 12504
2009080 12504 12504
2009081 12504 12504
2009082 12504 12504
2009083 12504 12504
2009084 12504 12504
2009085 12504 12504
2009086 12504 12504
2009087 12504 12504
2009088 12504 12504
2009089 12504 12504
2009090 12504 12504
2009091 12504 12504
2009092 12504 12504
2009093 12504 12504
2009094 12504 12504
2009095 12504 12504
2009096 12504 12504
2009097 12504 12504
2009098 12504 12504
2009099 12504 12504
2009100 12504 12504
2009101 12504 12504
2009102 12504 12504
2009103 12504 12504
2009104 12504 12504
2009105 12504 12504
2009106 12504 12504
2009107 12504 12504
2009108 12504 12504
2009109 12504 12504
2009110 12504 12504
2009111 12504 12504
2009112 12504 12504
2009113 12504 12504
2009114 12504 12504
2009115 12504 12504
2009116 12504 12504
2009117 12504 12504
2009118 12504 12504
2009119 12504 12504
2009120 12504 12504
2009121 12504 12504
2009122 12504 12504
2009123 12504 12504
2009124 12504 12504
2009125 12504 12504
2009126 12504 12504
2009127 12504 12504
2009128 12504 12504
2009129 12504 12504
2009130 12504 12504
2009131 12504 12504
2009132 12504 12504
2009133 12504 12504
2009134 12504 12504
2009135 12504 12504
2009136 12504 12504
2009137 12504 12504
2009138 12504 12504
2009139 12504 12504
2009140 12504 12504
2009141 12504 12504
2009142 12504 12504
2009143 12504 12504
2009144 12504 12504
2009145 12504 12504
2009146 12504 12504
2009147 12504 12504
2009148 12504 12504
2009149 12504 12504
2009150 12504 12504
2009151 12504 12504
2009152 12504 12504
2009153 12504 12504
2009154 12504 12504
2009155 12504 12504
2009156 12504 12504
2009157 12504 12504
2009158 12504 12504
2009159 12504 12504
2009160 12504 12504
2009161 12504 12504
2009162 12504 12504
2009163 12504 12504
2009164 12504 12504
2009165 12504 12504
2009166 12504 12504
2009167 12504 12504
2009168 12504 12504
2009169 12504 12504
2009170 12504 12504
2009171 12504 12504
2009172 12504 12504
2009173 12504 12504
2009174 12504 12504
2009175 12504 12504
2009176 12504 12504
2009177 12504 12504
2009178 12504 12504
2009179 12504 12504
2009180 12504 12504
2009181 12504 12504
2009182 12504 12504
2009183 12504 12504
2009184 12504 12504
2009185 12504 12504
2009186 12504 12504
2009187 12504 12504
2009188 12504 12504
2009189 12504 12504
2009190 12504 12504
2009191 12504 12504
2009192 12504 12504
2009193 12504 12504
2009194 12504 12504
2009195 12504 12504
2009196 12504 12504
2009197 12504 12504
2009198 12504 12504
2009199 12504 12504
2009200 12504 12504
2009201 12504 12504
2009202 12504 12504
2009203 12504 12504
2009204 12504 12504
2009205 12504 12504
2009206 12504 12504
2009207 12504 12504
2009208 12504 12504
2009209 12504 12504
2009210 12504 12504
2009211 12504 12504
2009212 12504 12504
2009213 12504 12504
2009214 12504 12504
2009215 12504 12504
2009216 12504 12504
2009217 12504 12504
2009218 12504 12504
2009219 12504 12504
2009220 12504 12504
2009221 12504 12504
2009222 12504 12504
2009223 12504 12504
2009224 12504 12504
2009225 12504 12504
2009226 12504 12504
2009227 12504 12504
2009228 12504 12504
2009229 12504 12504
2009230 12504 12504
2009231 12504 12504
2009232 12504 12504
2009233 12504 12504
2009234 12504 12504
2009235 12504 12504
2009236 12504 12504
2009237 12504 12504
2009238 12504 12504
2009239 12504 12504
2009240 12504 12504
2009241 12504 12504
2009242 12504 12504
2009243 12504 12504
2009244 12504 12504
2009245 12504 12504
2009246 12504 12504
2009247 12504 12504
2009248 12504 12504
2009249 12504 12504
2009250 12504 12504
2009251 12504 12504
2009252 12504 12504
2009253 12504 12504
2009254 12504 12504
2009255 12504 12504
2009256 12504 12504
2009257 12504 12504
2009258 12504 12504
2009259 12504 12504
2009260 12504 12504
2009261 12504 12504
2009262 12504 12504
2009263 12504 12504
2009264 12504 12504
2009265 12504 12504
2009266 12504 12504
2009267 12504 12504
2009268 12504 12504
2009269 12504 12504
2009270 12504 12504
2009271 12504 12504
2009272 12504 12504
2009273 12504 12504
2009274 12504 12504
2009275 12504 12504
2009276 12504 12504
2009277 12504 12504
2009278 12504 12504
2009279 12504 12504
2009280 12504 12504
2009281 12504 12504
2009282 12504 12504
2009283 12504 12504
2009284 12504 12504
2009285 12504 12504
2009286 12504 12504
2009287 12504 12504
2009288 12504 12504
2009289 12504 12504
2009290 12504 12504
2009291 12504 12504
2009292 12504 12504
2009293 12504 12504
2009294 12504 12504
2009295 12504 12504
2009296 12504 12504
2009297 12504 12504
2009298 12504 12504
2009299 12504 12504
2009300 12504 12504
2009301 12504 12504
2009302 12504 12504
2009303 12504 12504
2009304 12504 12504
2009305 12504 12504
2009306 12504 12504
2009307 12504 12504
2009308 12504 12504
2009309 12504 12504
2009310 12504 12504
2009311 12504 12504
2009312 12504 12504
2009313 12504 12504
2009314 12504 12504
2009315 12504 12504
2009316 12504 12504
2009317 12504 12504
2009318 12504 12504
2009319 12504 12504
2009320 12504 12504
2009321 12504 12504
2009322 12504 12504
2009323 12504 12504
2009324 12504 12504
2009325 12504 12504
2009326 12504 12504
2009327 12504 12504
2009328 12504 12504
2009329 12504 12504
2009330 12504 12504
2009331 12504 12504
2009332 12504 12504
2009333 12504 12504
2009334 12504 12504
2009335 12504 12504
2009336 12504 12504
2009337 12504 12504
2009338 12504 12504
2009339 12504 12504
2009340 12504 12504
2009341 12504 12504
2009342 12504 12504
2009343 12504 12504
2009344 12504 12504
2009345 12504 12504
2009346 12504 12504
2009347 12504 12504
2009348 12504 12504
2009349 12504 12504
2009350 12504 12504
2009351 12504 12504
2009352 12504 12504
2009353 12504 12504
2009354 12504 12504
2009355 12504 12504
2009356 12504 12504
2009357 12504 12504
2009358 12504 12504
2009359 12504 12504
2009360 12504 12504
2009361 12504 12504
2009362 12504 12504
2009363 12504 12504
2009364 12504 12504
2009365 12504 12504
2009366 12504 12504
2009367 12504 12504
2009368 12504 12504
2009369 12504 12504
2009370 12504 12504
2009371 12504 12504
2009372 12504 12504
2009373 12504 12504
2009374 12504 12504
2009375 12504 12504
2009376 12504 12504
2009377 12504 12504
2009378 12504 12504
2009379 12504 12504
2009380 12504 12504
2009381 12504 12504
2009382 12504 12504
2009383 12504 12504
2009384 12504 12504
2009385 12504 12504
2009386 12504 12504
2009387 12504 12504
2009388 12504 12504
2009389 12504 12504
2009390 12504 12504
2009391 12504 12504
2009392 12504 12504
2009393 12504 12504
2009394 12504 12504
2009395 12504 12504
2009396 12504 12504
2009397 12504 12504
2009398 12504 12504
2009399 12504 12504
2009400 12504 12504
2009401 12504 12504
2009402 12504 12504
2009403 12504 12504
2009404 12504 12504
2009405 12504 12504
2009406 12504 12504
2009407 12504 12504
2009408 12504 12504
2009409 12504 12504
2009410 12504 12504
2009411 12504 12504
2009412 12504 12504
2009413 12504 12504
2009414 12504 12504
2009415 12504 12504
2009416 12504 12504
2009417 12504 12504
2009418 12504 12504
2009419 12504 12504
2009420 12504 12504
2009421 12504 12504
2009422 12504 12504
2009423 12504 12504
2009424 12504 12504
2009425 12504 12504
2009426 12504 12504
2009427 12504 12504
2009428 12504 12504
2009429 12504 12504
2009430 12504 12504
2009431 12504 12504
2009432 12504 12504
2009433 12504 12504
2009434 12504 12504
2009435 12504 12504
2009436 12504 12504
2009437 12504 12504
2009438 12504 12504
2009439 12504 12504
2009440 12504 12504
2009441 12504 12504
2009442 12504 12504
2009443 12504 12504
2009444 12504 12504
2009445 12504 12504
2009446 12504 12504
2009447 12504 12504
2009448 12504 12504
2009449 12504 12504
2009450 12504 12504
2009451 12504 12504
2009452 12504 12504
2009453 12504 12504
2009454 12504 12504
2009455 12504 12504
2009456 12504 12504
2009457 12504 12504
2009458 12504 12504
2009459 12504 12504
2009460 12504 12504
2009461 12504 12504
2009462 12504 12504
2009463 12504 12504
2009464 12504 12504
2009465 12504 12504
2009466 12504 12504
2009467 12504 12504
2009468 12504 12504
2009469 12504 12504
2009470 12504 12504
2009471 12504 12504
2009472 12504 12504
2009473 12504 12504
2009474 12504 12504
2009475 12504 12504
2009476 12504 12504
2009477 12504 12504
2009478 12504 12504
2009479 12504 12504
2009480 12504 12504
2009481 12504 12504
2009482 12504 12504
2009483 12504 12504
2009484 12504 12504
2009485 12504 12504
2009486 12504 12504
2009487 12504 12504
2009488 12504 12504
2009489 12504 12504
2009490 12504 12504
2009491 12504 12504
2009492 12504 12504
2009493 12504 12504
2009494 12504 12504
2009495 12504 12504
2009496 12504 12504
2009497 12504 12504
2009498 12504 12504
2009499 12504 12504
2009500 12504 12504
2009501 12504 12504
2009502 12504 12504
2009503 12504 12504
2009504 12504 12504
2009505 12504 12504
2009506 12504 12504
2009507 12504 12504
2009508 12504 12504
2009509 12504 12504
2009510 12504 12504
2009511 12504 12504
2009512 12504 12504
2009513 12504 12504
2009514 12504 12504
2009515 12504 12504
2009516 12504 12504
2009517 12504 12504
2009518 12504 12504
2009519 12504 12504
2009520 12504 12504
2009521 12504 12504
2009522 12504 12504
2009523 12504 12504
2009524 12504 12504
2009525 12504 12504
2009526 12504 12504
2009527 12504 12504
2009528 12504 12504
2009529 12504 12504
2009530 12504 12504
2009531 12504 12504
2009532 12504 12504
2009533 12504 12504
2009534 12504 12504
2009535 12504 12504
2009536 12504 12504
2009537 12504 12504
2009538 12504 12504
2009539 12504 12504
2009540 12504 12504
2009541 12504 12504
2009542 12504 12504
2009543 12504 12504
2009544 12504 12504
2009545 12504 12504
2009546 12504 12504
2009547 12504 12504
2009548 12504 12504
2009549 12504 12504
2009550 12504 12504
2009551 12504 12504
2009552 12504 12504
2009553 12504 12504
2009554 12504 12504
2009555 12504 12504
2009556 12504 12504
2009557 12504 12504
2009558 12504 12504
2009559 12504 12504
2009560 12504 12504
2009561 12504 12504
2009562 12504 12504
2009563 12504 12504
2009564 12504 12504
2009565 12504 12504
2009566 12504 12504
2009567 12504 12504
2009568 12504 12504
2009569 12504 12504
2009570 12504 12504
2009571 12504 12504
2009572 12504 12504
2009573 12504 12504
2009574 12504 12504
2009575 12504 12504
2009576 12504 12504
2009577 12504 12504
2009578 12504 12504
2009579 12504 12504
2009580 12504 12504
2009581 12504 12504
2009582 12504 12504
2009583 12504 12504
2009584 12504 12504
2009585 12504 12504
2009586 12504 12504
2009587 12504 12504
2009588 12504 12504
2009589 12504 12504
2009590 12504 12504
2009591 12504 12504
2009592 12504 12504
2009593 12504 12504
2009594 12504 12504
2009595 12504 12504
2009596 12504 12504
2009597 12504 12504
2009598 12504 12504
2009599 12504 12504
2009600 12504 12504
2009601 12504 12504
2009602 12504 12504
2009603 12504 12504
2009604 12504 12504
2009605 12504 12504
2009606 12504 12504
2009607 12504 12504
2009608 12504 12504
2009609 12504 12504
2009610 12504 12504
2009611 12504 12504
2009612 12504 12504
2009613 12504 12504
2009614 12504 12504
2009615 12504 12504
2009616 12504 12504
2009617 12504 12504
2009618 12504 12504
2009619 12504 12504
2009620 12504 12504
2009621 12504 12504
2009622 12504 12504
2009623 12504 12504
2009624 12504 12504
2009625 12504 12504
2009626 12504 12504
2009627 12504 12504
2009628 12504 12504
2009629 12504 12504
2009630 12504 12504
2009631 12504 12504
2009632 12504 12504
2009633 12504 12504
2009634 12504 12504
2009635 12504 12504
2009636 12504 12504
2009637 12504 12504
2009638 12504 12504
2009639 12504 12504
2009640 12504 12504
2009641 12504 12504
2009642 12504 12504
2009643 12504 12504
2009644 12504 12504
2009645 12504 12504
2009646 12504 12504
2009647 12504 12504
2009648 12504 12504
2009649 12504 12504
2009650 12504 12504
2009651 12504 12504
2009652 12504 12504
2009653 12504 12504
2009654 12504 12504
2009655 12504 12504
2009656 12504 12504
2009657 12504 12504
2009658 12504 12504
2009659 12504 12504
2009660 12504 12504
2009661 12504 12504
2009662 12504 12504
2009663 12504 12504
2009664 12504 12504
2009665 12504 12504
2009666 12504 12504
2009667 12504 12504
2009668 12504 12504
2009669 12504 12504
2009670 12504 12504
2009671 12504 12504
2009672 12504 12504
2009673 12504 12504
2009674 12504 12504
2009675 12504 12504
2009676 12504 12504
2009677 12504 12504
2009678 12504 12504
2009679 12504 12504
2009680 12504 12504
2009681 12504 12504
2009682 12504 12504
2009683 12504 12504
2009684 12504 12504
2009685 12504 12504
2009686 12504 12504
2009687 12504 12504
2009688 12504 12504
2009689 12504 12504
2009690 12504 12504
2009691 12504 12504
2009692 12504 12504
2009693 12504 12504
2009694 12504 12504
2009695 12504 12504
2009696 12504 12504
2009697 12504 12504
2009698 12504 12504
2009699 12504 12504
2009700 12504 12504
2009701 12504 12504
2009702 12504 12504
2009703 12504 12504
2009704 12504 12504
2009705 12504 12504
2009706 12504 12504
2009707 12504 12504
2009708 12504 12504
2009709 12504 12504
2009710 12504 12504
2009711 12504 12504
2009712 12504 12504
2009713 12504 12504
2009714 12504 12504
2009715 12504 12504
2009716 12504 12504
2009717 12504 12504
2009718 12504 12504
2009719 12504 12504
2009720 12504 12504
2009721 12504 12504
2009722 12504 12504
2009723 12504 12504
2009724 12504 12504
2009725 12504 12504
2009726 12504 12504
2009727 12504 12504
2009728 12504 12504
2009729 12504 12504
2009730 12504 12504
2009731 12504 12504
2009732 12504 12504
2009733 12504 12504
2009734 12504 12504
2009735 12504 12504
2009736 12504 12504
2009737 12504 12504
2009738 12504 12504
2009739 12504 12504
2009740 12504 12504
2009741 12504 12504
2009742 12504 12504
2009743 12504 12504
2009744 12504 12504
2009745 12504 12504
2009746 12504 12504
2009747 12504 12504
2009748 12504 12504
2009749 12504 12504
2009750 12504 12504
2009751 12504 12504
2009752 12504 12504
2009753 12504 12504
2009754 12504 12504
2009755 12504 12504
2009756 12504 12504
2009757 12504 12504
2009758 12504 12504
2009759 12504 12504
2009760 12504 12504
2009761 12504 12504
2009762 12504 12504
2009763 12504 12504
2009764 12504 12504
2009765 12504 12504
2009766 12504 12504
2009767 12504 12504
2009768 12504 12504
2009769 12504 12504
2009770 12504 12504
2009771 12504 12504
2009772 12504 12504
2009773 12504 12504
2009774 12504 12504
2009775 12504 12504
2009776 12504 12504
2009777 12504 12504
2009778 12504 12504
2009779 12504 12504
2009780 12504 12504
2009781 12504 12504
2009782 12504 12504
2009783 12504 12504
2009784 12504 12504
2009785 12504 12504
2009786 12504 12504
2009787 12504 12504
2009788 12504 12504
2009789 12504 12504
2009790 12504 12504
2009791 12504 12504
2009792 12504 12504
2009793 12504 12504
2009794 12504 12504
2009795 12504 12504
2009796 12504 12504
2009797 12504 12504
2009798 12504 12504
2009799 12504 12504
2009800 12504 12504
2009801 12504 12504
2009802 12504 12504
2009803 12504 12504
2009804 12504 12504
2009805 12504 12504
2009806 12504 12504
2009807 12504 12504
2009808 12504 12504
2009809 12504 12504
2009810 12504 12504
2009811 12504 12504
2009812 12504 12504
2009813 12504 12504
2009814 12504 12504
2009815 12504 12504
2009816 12504 12504
2009817 12504 12504
2009818 12504 12504
2009819 12504 12504
2009820 12504 12504
2009821 12504 12504
2009822 12504 12504
2009823 12504 12504
2009824 12504 12504
2009825 12504 12504
2009826 12504 12504
2009827 12504 12504
2009828 12504 12504
2009829 12504 12504
2009830 12504 12504
2009831 12504 12504
2009832 12504 12504
2009833 12504 12504
2009834 12504 12504
2009835 12504 12504
2009836 12504 12504
2009837 12504 12504
2009838 12504 12504
2009839 12504 12504
2009840 12504 12504
2009841 12504 12504
2009842 12504 12504
2009843 12504 12504
2009844 12504 12504
2009845 12504 12504
2009846 12504 12504
2009847 12504 12504
2009848 12504 12504
2009849 12504 12504
2009850 12504 12504
2009851 12504 12504
2009852 12504 12504
2009853 12504 12504
2009854 12504 12504
2009855 12504 12504
2009856 12504 12504
2009857 12504 12504
2009858 12504 12504
2009859 12504 12504
2009860 12504 12504
2009861 12504 12504
2009862 12504 12504
2009863 12504 12504
2009864 12504 12504
2009865 12504 12504
2009866 12504 12504
2009867 12504 12504
2009868 12504 12504
2009869 12504 12504
2009870 12504 12504
2009871 12504 12504
2009872 12504 12504
2009873 12504 12504
2009874 12504 12504
2009875 12504 12504
2009876 12504 12504
2009877 12504 12504
2009878 12504 12504
2009879 12504 12504
2009880 12504 12504
2009881 12504 12504
2009882 12504 12504
2009883 12504 12504
2009884 12504 12504
2009885 12504 12504
2009886 12504 12504
2009887 12504 12504
2009888 12504 12504
2009889 12504 12504
2009890 12504 12504
2009891 12504 12504
2009892 12504 12504
2009893 12504 12504
2009894 12504 12504
2009895 12504 12504
2009896 12504 12504
2009897 12504 12504
2009898 12504 12504
2009899 12504 12504
2009900 12504 12504
2009901 12504 12504
2009902 12504 12504
2009903 12504 12504
2009904 12504 12504
2009905 12504 12504
2009906 12504 12504
2009907 12504 12504
2009908 12504 12504
2009909 12504 12504
2009910 12504 12504
2009911 12504 12504
2009912 12504 12504
2009913 12504 12504
2009914 12504 12504
2009915 12504 12504
2009916 12504 12504
2009917 12504 12504
2009918 12504 12504
2009919 12504 12504
2009920 12504 12504
2009921 12504 12504
2009922 12504 12504
2009923 12504 12504
2009924 12504 12504
2009925 12504 12504
2009926 12504 12504
2009927 12504 12504
2009928 12504 12504
2009929 12504 12504
2009930 12504 12504
2009931 12504 12504
2009932 12504 12504
2009933 12504 12504
2009934 12504 12504
2009935 12504 12504
2009936 12504 12504
2009937 12504 12504
2009938 12504 12504
2009939 12504 12504
2009940 12504 12504
2009941 12504 12504
2009942 12504 12504
2009943 12504 12504
2009944 12504 12504
2009945 12504 12504
2009946 12504 12504
2009947 12504 12504
2009948 12504 12504
2009949 12504 12504
2009950 12504 12504
2009951 12504 12504
2009952 12504 12504
2009953 12504 12504
2009954 12504 12504
2009955 12504 12504
2009956 12504 12504
2009957 12504 12504
2009958 12504 12504
2009959 12504 12504
2009960 12504 12504
2009961 12504 12504
2009962 12504 12504
2009963 12504 12504
2009964 12504 12504
2009965 12504 12504
2009966 12504 12504
2009967 12504 12504
2009968 12504 12504
2009969 12504 12504
2009970 12504 12504
2009971 12504 12504
2009972 12504 12504
2009973 12504 12504
2009974 12504 12504
2009975 12504 12504
2009976 12504 12504
2009977 12504 12504
2009978 12504 12504
2009979 12504 12504
2009980 12504 12504
2009981 12504 12504
2009982 12504 12504
2009983 12504 12504
2009984 12504 12504
2009985 12504 12504
2009986 12504 12504
2009987 12504 12504
2009988 12504 12504
2009989 12504 12504
2009990 12504 12504
2009991 12504 12504
2009992 12504 12504
2009993 12504 12504
2009994 12504 12504
2009995 12504 12504
2009996 12504 12504
2009997 12504 12504
2009998 12504 12504
2009999 12504 12504
2010000 12504 12504
18756
2009967 18756 18756
2009968 18756 18756
2009969 18756 18756
2009970 18756 18756
2009971 18756 18756
2009972 18756 18756
2009973 18756 18756
2009974 18756 18756
2009975 18756 18756
2009976 18756 18756
2009977 18756 18756
2009978 18756 18756
2009979 18756 18756
2009980 18756 18756
2009981 18756 18756
2009982 18756 18756
2009983 18756 18756
2009984 18756 18756
2009985 18756 18756
2009986 18756 18756
2009987 18756 18756
2009988 18756 18756
2009989 18756 18756
2009990 18756 18756
2009991 18756 18756
2009992 18756 18756
2009993 18756 18756
2009994 18756 18756
2009995 18756 18756
2009996 18756 18756
2009997 18756 18756
2009998 18756 18756
2009999 18756 18756
2010000 18756 18756
