2047 447 0 -> 0 0 -> 1
2047 446 0 -> 1 0 -> 1
2072 445 0 -> 0 0 -> 2
2072 444 0 -> 1 0 -> 2
2095 443 0 -> 0 0 -> 3
2095 442 0 -> 1 0 -> 3
2119 441 0 -> 0 0 -> 4
2119 440 0 -> 1 0 -> 4
2144 439 0 -> 0 0 -> 5
2144 438 0 -> 1 0 -> 5
2167 437 0 -> 0 0 -> 6
2167 436 0 -> 1 0 -> 6
2192 435 0 -> 0 0 -> 7
2192 434 0 -> 1 0 -> 7
2215 433 0 -> 0 0 -> 8
2215 432 0 -> 1 0 -> 8
2240 431 0 -> 0 0 -> 9
2240 430 0 -> 1 0 -> 9
2263 429 0 -> 0 0 -> 10
2263 428 0 -> 1 0 -> 10
2288 427 0 -> 0 0 -> 11
2288 426 0 -> 1 0 -> 11
2311 425 0 -> 0 0 -> 12
2311 424 0 -> 1 0 -> 12
2336 423 0 -> 0 0 -> 13
2336 422 0 -> 1 0 -> 13
2359 421 0 -> 0 0 -> 14
2359 420 0 -> 1 0 -> 14
2384 419 0 -> 0 0 -> 15
2384 418 0 -> 1 0 -> 15
2407 417 0 -> 0 0 -> 16
2407 416 0 -> 1 0 -> 16
2432 415 0 -> 0 0 -> 17
2432 414 0 -> 1 0 -> 17
2455 413 0 -> 0 0 -> 18
2455 412 0 -> 1 0 -> 18
2480 411 0 -> 0 0 -> 19
2480 410 0 -> 1 0 -> 19
2503 409 0 -> 0 0 -> 20
2503 408 0 -> 1 0 -> 20
2528 407 0 -> 0 0 -> 21
2528 406 0 -> 1 0 -> 21
2552 405 0 -> 0 0 -> 22
2552 404 0 -> 1 0 -> 22
2575 403 0 -> 0 0 -> 23
2575 402 0 -> 1 0 -> 23
2600 401 0 -> 0 0 -> 24
2600 400 0 -> 1 0 -> 24
2623 399 0 -> 0 0 -> 25
2623 398 0 -> 1 0 -> 25
2648 397 0 -> 0 0 -> 26
2648 396 0 -> 1 0 -> 26
2671 395 0 -> 0 0 -> 27
2671 394 0 -> 1 0 -> 27
2696 393 0 -> 0 0 -> 28
2696 392 0 -> 1 0 -> 28
2719 391 0 -> 0 0 -> 29
2719 390 0 -> 1 0 -> 29
2744 389 0 -> 0 0 -> 30
2744 388 0 -> 1 0 -> 30
2767 387 0 -> 0 0 -> 31
2767 386 0 -> 1 0 -> 31
2792 385 0 -> 0 0 -> 32
2792 384 0 -> 1 0 -> 32
2815 383 0 -> 0 0 -> 33
2815 382 0 -> 1 0 -> 33
2840 381 0 -> 0 0 -> 34
2840 380 0 -> 1 0 -> 34
2863 379 0 -> 0 0 -> 35
2863 378 0 -> 1 0 -> 35
2888 377 0 -> 0 0 -> 36
2888 376 0 -> 1 0 -> 36
2911 375 0 -> 0 0 -> 37
2911 374 0 -> 1 0 -> 37
2936 373 0 -> 0 0 -> 38
2936 372 0 -> 1 0 -> 38
2960 371 0 -> 0 0 -> 39
2960 370 0 -> 1 0 -> 39
2983 369 0 -> 0 0 -> 40
2983 368 0 -> 1 0 -> 40
3008 367 0 -> 0 0 -> 41
3008 366 0 -> 1 0 -> 41
3031 365 0 -> 0 0 -> 42
3031 364 0 -> 1 0 -> 42
3056 363 0 -> 0 0 -> 43
3056 362 0 -> 1 0 -> 43
3079 361 0 -> 0 0 -> 44
3079 360 0 -> 1 0 -> 44
3104 359 0 -> 0 0 -> 45
3104 358 0 -> 1 0 -> 45
3127 357 0 -> 0 0 -> 46
3127 356 0 -> 1 0 -> 46
3152 355 0 -> 0 0 -> 47
3152 354 0 -> 1 0 -> 47
3175 353 0 -> 0 0 -> 48
3175 352 0 -> 1 0 -> 48
3200 351 0 -> 0 0 -> 49
3200 350 0 -> 1 0 -> 49
3223 349 0 -> 0 0 -> 50
3223 348 0 -> 1 0 -> 50
3248 347 0 -> 0 0 -> 51
3248 346 0 -> 1 0 -> 51
3271 345 0 -> 0 0 -> 52
3271 344 0 -> 1 0 -> 52
3296 343 0 -> 0 0 -> 53
3296 342 0 -> 1 0 -> 53
3319 341 0 -> 0 0 -> 54
3319 340 0 -> 1 0 -> 54
3344 339 0 -> 0 0 -> 55
3344 338 0 -> 1 0 -> 55
3367 337 0 -> 0 0 -> 56
3367 336 0 -> 1 0 -> 56
3391 335 0 -> 0 0 -> 57
3391 334 0 -> 1 0 -> 57
3416 333 0 -> 0 0 -> 58
3416 332 0 -> 1 0 -> 58
3439 331 0 -> 0 0 -> 59
3439 330 0 -> 1 0 -> 59
3464 329 0 -> 0 0 -> 60
3464 328 0 -> 1 0 -> 60
3487 327 0 -> 0 0 -> 61
3487 326 0 -> 1 0 -> 61
3512 325 0 -> 0 0 -> 62
3512 324 0 -> 1 0 -> 62
3535 323 0 -> 0 0 -> 63
3535 322 0 -> 1 0 -> 63
3560 321 0 -> 0 0 -> 64
3560 320 0 -> 1 0 -> 64
3583 319 0 -> 0 0 -> 65
3583 318 0 -> 1 0 -> 65
3608 317 0 -> 0 0 -> 66
3608 316 0 -> 1 0 -> 66
3631 315 0 -> 0 0 -> 67
3631 314 0 -> 1 0 -> 67
3656 313 0 -> 0 0 -> 68
3656 312 0 -> 1 0 -> 68
3679 311 0 -> 0 0 -> 69
3679 310 0 -> 1 0 -> 69
3704 309 0 -> 0 0 -> 70
3704 308 0 -> 1 0 -> 70
3727 307 0 -> 0 0 -> 71
3727 306 0 -> 1 0 -> 71
3752 305 0 -> 0 0 -> 72
3752 304 0 -> 1 0 -> 72
3775 303 0 -> 0 0 -> 73
3775 302 0 -> 1 0 -> 73
3799 301 0 -> 0 0 -> 74
3799 300 0 -> 1 0 -> 74
3824 299 0 -> 0 0 -> 75
3824 298 0 -> 1 0 -> 75
3847 297 0 -> 0 0 -> 76
3847 296 0 -> 1 0 -> 76
3872 295 0 -> 0 0 -> 77
3872 294 0 -> 1 0 -> 77
3895 293 0 -> 0 0 -> 78
3895 292 0 -> 1 0 -> 78
3920 291 0 -> 0 0 -> 79
3920 290 0 -> 1 0 -> 79
3943 289 0 -> 0 0 -> 80
3943 288 0 -> 1 0 -> 80
3968 287 0 -> 0 0 -> 81
3968 286 0 -> 1 0 -> 81
3991 285 0 -> 0 0 -> 82
3991 284 0 -> 1 0 -> 82
4016 283 0 -> 0 0 -> 83
4016 282 0 -> 1 0 -> 83
4039 281 0 -> 0 0 -> 84
4039 280 0 -> 1 0 -> 84
4064 279 0 -> 0 0 -> 85
4064 278 0 -> 1 0 -> 85
4087 277 0 -> 0 0 -> 86
4087 276 0 -> 1 0 -> 86
4112 275 0 -> 0 0 -> 87
4112 274 0 -> 1 0 -> 87
4135 273 0 -> 0 0 -> 88
4135 272 0 -> 1 0 -> 88
4160 271 0 -> 0 0 -> 89
4160 270 0 -> 1 0 -> 89
4183 269 0 -> 0 0 -> 90
4183 268 0 -> 1 0 -> 90
4208 267 0 -> 0 0 -> 91
4208 266 0 -> 1 0 -> 91
4232 265 0 -> 0 0 -> 92
4232 264 0 -> 1 0 -> 92
4255 263 0 -> 0 0 -> 93
4255 262 0 -> 1 0 -> 93
4280 261 0 -> 0 0 -> 94
4280 260 0 -> 1 0 -> 94
4303 259 0 -> 0 0 -> 95
4303 258 0 -> 1 0 -> 95
4328 257 0 -> 0 0 -> 96
4328 256 0 -> 1 0 -> 96
4351 255 0 -> 0 0 -> 97
4351 254 0 -> 1 0 -> 97
4376 253 0 -> 0 0 -> 98
4376 252 0 -> 1 0 -> 98
4399 251 0 -> 0 0 -> 99
4399 250 0 -> 1 0 -> 99
4424 249 0 -> 0 0 -> 100
4424 248 0 -> 1 0 -> 100
4447 247 0 -> 0 0 -> 101
4447 246 0 -> 1 0 -> 101
4472 245 0 -> 0 0 -> 102
4472 244 0 -> 1 0 -> 102
4495 243 0 -> 0 0 -> 103
4495 242 0 -> 1 0 -> 103
4520 241 0 -> 0 0 -> 104
4520 240 0 -> 1 0 -> 104
4543 239 0 -> 0 0 -> 105
4543 238 0 -> 1 0 -> 105
4568 237 0 -> 0 0 -> 106
4568 236 0 -> 1 0 -> 106
4591 235 0 -> 0 0 -> 107
4591 234 0 -> 1 0 -> 107
4616 233 0 -> 0 0 -> 108
4616 232 0 -> 1 0 -> 108
4639 231 0 -> 0 0 -> 109
4639 230 0 -> 1 0 -> 109
4663 229 0 -> 0 0 -> 110
4663 228 0 -> 1 0 -> 110
4688 227 0 -> 0 0 -> 111
4688 226 0 -> 1 0 -> 111
4711 225 0 -> 0 0 -> 112
4711 224 0 -> 1 0 -> 112
4736 223 0 -> 0 0 -> 113
4736 222 0 -> 1 0 -> 113
4759 221 0 -> 0 0 -> 114
4759 220 0 -> 1 0 -> 114
4784 219 0 -> 0 0 -> 115
4784 218 0 -> 1 0 -> 115
4807 217 0 -> 0 0 -> 116
4807 216 0 -> 1 0 -> 116
4832 215 0 -> 0 0 -> 117
4832 214 0 -> 1 0 -> 117
4855 213 0 -> 0 0 -> 118
4855 212 0 -> 1 0 -> 118
4880 211 0 -> 0 0 -> 119
4880 210 0 -> 1 0 -> 119
4903 209 0 -> 0 0 -> 120
4903 208 0 -> 1 0 -> 120
4928 207 0 -> 0 0 -> 121
4928 206 0 -> 1 0 -> 121
4951 205 0 -> 0 0 -> 122
4951 204 0 -> 1 0 -> 122
4976 203 0 -> 0 0 -> 123
4976 202 0 -> 1 0 -> 123
4999 201 0 -> 0 0 -> 124
4999 200 0 -> 1 0 -> 124
5024 199 0 -> 0 0 -> 125
5024 198 0 -> 1 0 -> 125
5047 197 0 -> 0 0 -> 126
5047 196 0 -> 1 0 -> 126
5071 195 0 -> 0 0 -> 127
5071 194 0 -> 1 0 -> 127
5096 193 0 -> 0 0 -> 128
5096 192 0 -> 1 0 -> 128
5119 191 0 -> 0 0 -> 129
5119 190 0 -> 1 0 -> 129
5144 189 0 -> 0 0 -> 130
5144 188 0 -> 1 0 -> 130
5167 187 0 -> 0 0 -> 131
5167 186 0 -> 1 0 -> 131
5192 185 0 -> 0 0 -> 132
5192 184 0 -> 1 0 -> 132
5215 183 0 -> 0 0 -> 133
5215 182 0 -> 1 0 -> 133
5240 181 0 -> 0 0 -> 134
5240 180 0 -> 1 0 -> 134
5263 179 0 -> 0 0 -> 135
5263 178 0 -> 1 0 -> 135
5288 177 0 -> 0 0 -> 136
5288 176 0 -> 1 0 -> 136
5311 175 0 -> 0 0 -> 137
5311 174 0 -> 1 0 -> 137
5336 173 0 -> 0 0 -> 138
5336 172 0 -> 1 0 -> 138
5359 171 0 -> 0 0 -> 139
5359 170 0 -> 1 0 -> 139
5384 169 0 -> 0 0 -> 140
5384 168 0 -> 1 0 -> 140
5407 167 0 -> 0 0 -> 141
5407 166 0 -> 1 0 -> 141
5432 165 0 -> 0 0 -> 142
5432 164 0 -> 1 0 -> 142
5455 163 0 -> 0 0 -> 143
5455 162 0 -> 1 0 -> 143
5480 161 0 -> 0 0 -> 144
5480 160 0 -> 1 0 -> 144
5504 159 0 -> 0 0 -> 145
5504 158 0 -> 1 0 -> 145
5527 157 0 -> 0 0 -> 146
5527 156 0 -> 1 0 -> 146
5552 155 0 -> 0 0 -> 147
5552 154 0 -> 1 0 -> 147
5575 153 0 -> 0 0 -> 148
5575 152 0 -> 1 0 -> 148
5600 151 0 -> 0 0 -> 149
5600 150 0 -> 1 0 -> 149
5623 149 0 -> 0 0 -> 150
5623 148 0 -> 1 0 -> 150
5648 147 0 -> 0 0 -> 151
5648 146 0 -> 1 0 -> 151
5671 145 0 -> 0 0 -> 152
5671 144 0 -> 1 0 -> 152
5696 143 0 -> 0 0 -> 153
5696 142 0 -> 1 0 -> 153
5719 141 0 -> 0 0 -> 154
5719 140 0 -> 1 0 -> 154
5744 139 0 -> 0 0 -> 155
5744 138 0 -> 1 0 -> 155
5767 137 0 -> 0 0 -> 156
5767 136 0 -> 1 0 -> 156
5792 135 0 -> 0 0 -> 157
5792 134 0 -> 1 0 -> 157
5815 133 0 -> 0 0 -> 158
5815 132 0 -> 1 0 -> 158
5840 131 0 -> 0 0 -> 159
5840 130 0 -> 1 0 -> 159
5863 129 0 -> 0 0 -> 160
5863 128 0 -> 1 0 -> 160
5888 127 0 -> 0 0 -> 161
5888 126 0 -> 1 0 -> 161
5912 125 0 -> 0 0 -> 162
5912 124 0 -> 1 0 -> 162
5935 123 0 -> 0 0 -> 163
5935 122 0 -> 1 0 -> 163
5960 121 0 -> 0 0 -> 164
5960 120 0 -> 1 0 -> 164
5983 119 0 -> 0 0 -> 165
5983 118 0 -> 1 0 -> 165
6008 117 0 -> 0 0 -> 166
6008 116 0 -> 1 0 -> 166
6031 115 0 -> 0 0 -> 167
6031 114 0 -> 1 0 -> 167
6056 113 0 -> 0 0 -> 168
6056 112 0 -> 1 0 -> 168
6079 448 1 -> 0 0 -> 169
6079 449 0 -> 1 0 -> 169
6104 446 1 -> 0 1 -> 170
6104 447 0 -> 1 1 -> 170
6127 444 1 -> 0 2 -> 171
6127 445 0 -> 1 2 -> 171
6152 442 1 -> 0 3 -> 172
6152 443 0 -> 1 3 -> 172
6175 440 1 -> 0 4 -> 173
6175 441 0 -> 1 4 -> 173
6200 438 1 -> 0 5 -> 174
6200 439 0 -> 1 5 -> 174
6223 436 1 -> 0 6 -> 175
6223 437 0 -> 1 6 -> 175
6248 434 1 -> 0 7 -> 176
6248 435 0 -> 1 7 -> 176
6271 432 1 -> 0 8 -> 177
6271 433 0 -> 1 8 -> 177
6296 430 1 -> 0 9 -> 178
6296 431 0 -> 1 9 -> 178
6319 428 1 -> 0 10 -> 179
6319 429 0 -> 1 10 -> 179
6343 426 1 -> 0 11 -> 180
6343 427 0 -> 1 11 -> 180
6368 424 1 -> 0 12 -> 181
6368 425 0 -> 1 12 -> 181
6391 422 1 -> 0 13 -> 182
6391 423 0 -> 1 13 -> 182
6416 420 1 -> 0 14 -> 183
6416 421 0 -> 1 14 -> 183
6439 418 1 -> 0 15 -> 184
6439 419 0 -> 1 15 -> 184
6464 416 1 -> 0 16 -> 185
6464 417 0 -> 1 16 -> 185
6487 414 1 -> 0 17 -> 186
6487 415 0 -> 1 17 -> 186
6512 412 1 -> 0 18 -> 187
6512 413 0 -> 1 18 -> 187
6535 410 1 -> 0 19 -> 188
6535 411 0 -> 1 19 -> 188
6560 408 1 -> 0 20 -> 189
6560 409 0 -> 1 20 -> 189
6583 406 1 -> 0 21 -> 190
6583 407 0 -> 1 21 -> 190
6608 404 1 -> 0 22 -> 191
6608 405 0 -> 1 22 -> 191
6631 402 1 -> 0 23 -> 192
6631 403 0 -> 1 23 -> 192
6656 400 1 -> 0 24 -> 193
6656 401 0 -> 1 24 -> 193
6679 398 1 -> 0 25 -> 194
6679 399 0 -> 1 25 -> 194
6704 396 1 -> 0 26 -> 195
6704 397 0 -> 1 26 -> 195
6727 394 1 -> 0 27 -> 196
6727 395 0 -> 1 27 -> 196
6751 392 1 -> 0 28 -> 197
6751 393 0 -> 1 28 -> 197
6776 390 1 -> 0 29 -> 198
6776 391 0 -> 1 29 -> 198
6799 388 1 -> 0 30 -> 199
6799 389 0 -> 1 30 -> 199
6824 386 1 -> 0 31 -> 200
6824 387 0 -> 1 31 -> 200
6847 384 1 -> 0 32 -> 201
6847 385 0 -> 1 32 -> 201
6872 382 1 -> 0 33 -> 202
6872 383 0 -> 1 33 -> 202
6895 380 1 -> 0 34 -> 203
6895 381 0 -> 1 34 -> 203
6920 378 1 -> 0 35 -> 204
6920 379 0 -> 1 35 -> 204
6943 376 1 -> 0 36 -> 205
6943 377 0 -> 1 36 -> 205
6968 374 1 -> 0 37 -> 206
6968 375 0 -> 1 37 -> 206
6991 372 1 -> 0 38 -> 207
6991 373 0 -> 1 38 -> 207
7016 370 1 -> 0 39 -> 208
7016 371 0 -> 1 39 -> 208
7039 368 1 -> 0 40 -> 209
7039 369 0 -> 1 40 -> 209
7064 366 1 -> 0 41 -> 210
7064 367 0 -> 1 41 -> 210
7087 364 1 -> 0 42 -> 211
7087 365 0 -> 1 42 -> 211
7112 362 1 -> 0 43 -> 212
7112 363 0 -> 1 43 -> 212
7135 360 1 -> 0 44 -> 213
7135 361 0 -> 1 44 -> 213
7160 358 1 -> 0 45 -> 214
7160 359 0 -> 1 45 -> 214
7184 356 1 -> 0 46 -> 215
7184 357 0 -> 1 46 -> 215
7207 354 1 -> 0 47 -> 216
7207 355 0 -> 1 47 -> 216
7232 352 1 -> 0 48 -> 217
7232 353 0 -> 1 48 -> 217
7255 350 1 -> 0 49 -> 218
7255 351 0 -> 1 49 -> 218
7280 348 1 -> 0 50 -> 219
7280 349 0 -> 1 50 -> 219
7303 346 1 -> 0 51 -> 220
7303 347 0 -> 1 51 -> 220
7328 344 1 -> 0 52 -> 221
7328 345 0 -> 1 52 -> 221
7351 342 1 -> 0 53 -> 222
7351 343 0 -> 1 53 -> 222
7376 340 1 -> 0 54 -> 223
7376 341 0 -> 1 54 -> 223
7399 338 1 -> 0 55 -> 224
7399 339 0 -> 1 55 -> 224
7424 336 1 -> 0 56 -> 225
7424 337 0 -> 1 56 -> 225
7447 334 1 -> 0 57 -> 226
7447 335 0 -> 1 57 -> 226
7472 332 1 -> 0 58 -> 227
7472 333 0 -> 1 58 -> 227
7495 330 1 -> 0 59 -> 228
7495 331 0 -> 1 59 -> 228
7520 328 1 -> 0 60 -> 229
7520 329 0 -> 1 60 -> 229
7543 326 1 -> 0 61 -> 230
7543 327 0 -> 1 61 -> 230
7568 324 1 -> 0 62 -> 231
7568 325 0 -> 1 62 -> 231
7591 322 1 -> 0 63 -> 232
7591 323 0 -> 1 63 -> 232
7615 320 1 -> 0 64 -> 233
7615 321 0 -> 1 64 -> 233
7640 318 1 -> 0 65 -> 234
7640 319 0 -> 1 65 -> 234
7663 316 1 -> 0 66 -> 235
7663 317 0 -> 1 66 -> 235
7688 314 1 -> 0 67 -> 236
7688 315 0 -> 1 67 -> 236
7711 312 1 -> 0 68 -> 237
7711 313 0 -> 1 68 -> 237
7736 310 1 -> 0 69 -> 238
7736 311 0 -> 1 69 -> 238
7759 308 1 -> 0 70 -> 239
7759 309 0 -> 1 70 -> 239
7784 306 1 -> 0 71 -> 240
7784 307 0 -> 1 71 -> 240
7807 304 1 -> 0 72 -> 241
7807 305 0 -> 1 72 -> 241
7832 302 1 -> 0 73 -> 242
7832 303 0 -> 1 73 -> 242
7855 300 1 -> 0 74 -> 243
7855 301 0 -> 1 74 -> 243
7880 298 1 -> 0 75 -> 244
7880 299 0 -> 1 75 -> 244
7903 296 1 -> 0 76 -> 245
7903 297 0 -> 1 76 -> 245
7928 294 1 -> 0 77 -> 246
7928 295 0 -> 1 77 -> 246
7951 292 1 -> 0 78 -> 247
7951 293 0 -> 1 78 -> 247
7976 290 1 -> 0 79 -> 248
7976 291 0 -> 1 79 -> 248
7999 288 1 -> 0 80 -> 249
7999 289 0 -> 1 80 -> 249
8023 286 1 -> 0 81 -> 250
8023 287 0 -> 1 81 -> 250
8048 284 1 -> 0 82 -> 251
8048 285 0 -> 1 82 -> 251
8071 282 1 -> 0 83 -> 252
8071 283 0 -> 1 83 -> 252
8096 280 1 -> 0 84 -> 253
8096 281 0 -> 1 84 -> 253
8119 278 1 -> 0 85 -> 254
8119 279 0 -> 1 85 -> 254
8144 276 1 -> 0 86 -> 255
8144 277 0 -> 1 86 -> 255
8167 274 1 -> 0 87 -> 256
8167 275 0 -> 1 87 -> 256
8192 272 1 -> 0 88 -> 257
8192 273 0 -> 1 88 -> 257
8215 270 1 -> 0 89 -> 258
8215 271 0 -> 1 89 -> 258
8240 268 1 -> 0 90 -> 259
8240 269 0 -> 1 90 -> 259
8263 266 1 -> 0 91 -> 260
8263 267 0 -> 1 91 -> 260
8288 264 1 -> 0 92 -> 261
8288 265 0 -> 1 92 -> 261
8311 262 1 -> 0 93 -> 262
8311 263 0 -> 1 93 -> 262
8336 260 1 -> 0 94 -> 263
8336 261 0 -> 1 94 -> 263
8359 258 1 -> 0 95 -> 264
8359 259 0 -> 1 95 -> 264
8384 256 1 -> 0 96 -> 265
8384 257 0 -> 1 96 -> 265
8407 254 1 -> 0 97 -> 266
8407 255 0 -> 1 97 -> 266
8432 252 1 -> 0 98 -> 267
8432 253 0 -> 1 98 -> 267
8456 250 1 -> 0 99 -> 268
8456 251 0 -> 1 99 -> 268
8479 248 1 -> 0 100 -> 269
8479 249 0 -> 1 100 -> 269
8504 246 1 -> 0 101 -> 270
8504 247 0 -> 1 101 -> 270
8527 244 1 -> 0 102 -> 271
8527 245 0 -> 1 102 -> 271
8552 242 1 -> 0 103 -> 272
8552 243 0 -> 1 103 -> 272
8575 240 1 -> 0 104 -> 273
8575 241 0 -> 1 104 -> 273
8600 238 1 -> 0 105 -> 274
8600 239 0 -> 1 105 -> 274
8623 236 1 -> 0 106 -> 275
8623 237 0 -> 1 106 -> 275
8648 234 1 -> 0 107 -> 276
8648 235 0 -> 1 107 -> 276
8671 232 1 -> 0 108 -> 277
8671 233 0 -> 1 108 -> 277
8696 230 1 -> 0 109 -> 278
8696 231 0 -> 1 109 -> 278
8719 228 1 -> 0 110 -> 279
8719 229 0 -> 1 110 -> 279
8744 226 1 -> 0 111 -> 280
8744 227 0 -> 1 111 -> 280
8767 224 1 -> 0 112 -> 281
8767 225 0 -> 1 112 -> 281
8792 222 1 -> 0 113 -> 282
8792 223 0 -> 1 113 -> 282
8815 220 1 -> 0 114 -> 283
8815 221 0 -> 1 114 -> 283
8840 218 1 -> 0 115 -> 284
8840 219 0 -> 1 115 -> 284
8864 216 1 -> 0 116 -> 285
8864 217 0 -> 1 116 -> 285
8887 214 1 -> 0 117 -> 286
8887 215 0 -> 1 117 -> 286
8912 212 1 -> 0 118 -> 287
8912 213 0 -> 1 118 -> 287
8935 210 1 -> 0 119 -> 288
8935 211 0 -> 1 119 -> 288
8960 208 1 -> 0 120 -> 289
8960 209 0 -> 1 120 -> 289
8983 206 1 -> 0 121 -> 290
8983 207 0 -> 1 121 -> 290
9008 204 1 -> 0 122 -> 291
9008 205 0 -> 1 122 -> 291
9031 202 1 -> 0 123 -> 292
9031 203 0 -> 1 123 -> 292
9056 200 1 -> 0 124 -> 293
9056 201 0 -> 1 124 -> 293
9079 198 1 -> 0 125 -> 294
9079 199 0 -> 1 125 -> 294
9104 196 1 -> 0 126 -> 295
9104 197 0 -> 1 126 -> 295
9127 194 1 -> 0 127 -> 296
9127 195 0 -> 1 127 -> 296
9152 192 1 -> 0 128 -> 297
9152 193 0 -> 1 128 -> 297
9175 190 1 -> 0 129 -> 298
9175 191 0 -> 1 129 -> 298
9200 188 1 -> 0 130 -> 299
9200 189 0 -> 1 130 -> 299
9223 186 1 -> 0 131 -> 300
9223 187 0 -> 1 131 -> 300
9248 184 1 -> 0 132 -> 301
9248 185 0 -> 1 132 -> 301
9271 182 1 -> 0 133 -> 302
9271 183 0 -> 1 133 -> 302
9295 180 1 -> 0 134 -> 303
9295 181 0 -> 1 134 -> 303
9320 178 1 -> 0 135 -> 304
9320 179 0 -> 1 135 -> 304
9343 176 1 -> 0 136 -> 305
9343 177 0 -> 1 136 -> 305
9368 174 1 -> 0 137 -> 306
9368 175 0 -> 1 137 -> 306
9391 172 1 -> 0 138 -> 307
9391 173 0 -> 1 138 -> 307
9416 170 1 -> 0 139 -> 308
9416 171 0 -> 1 139 -> 308
9439 168 1 -> 0 140 -> 309
9439 169 0 -> 1 140 -> 309
9464 166 1 -> 0 141 -> 310
9464 167 0 -> 1 141 -> 310
9487 164 1 -> 0 142 -> 311
9487 165 0 -> 1 142 -> 311
9512 162 1 -> 0 143 -> 312
9512 163 0 -> 1 143 -> 312
9535 160 1 -> 0 144 -> 313
9535 161 0 -> 1 144 -> 313
9560 158 1 -> 0 145 -> 314
9560 159 0 -> 1 145 -> 314
9583 156 1 -> 0 146 -> 315
9583 157 0 -> 1 146 -> 315
9608 154 1 -> 0 147 -> 316
9608 155 0 -> 1 147 -> 316
9631 152 1 -> 0 148 -> 317
9631 153 0 -> 1 148 -> 317
9656 150 1 -> 0 149 -> 318
9656 151 0 -> 1 149 -> 318
9679 148 1 -> 0 150 -> 319
9679 149 0 -> 1 150 -> 319
9703 146 1 -> 0 151 -> 320
9703 147 0 -> 1 151 -> 320
9728 144 1 -> 0 152 -> 321
9728 145 0 -> 1 152 -> 321
9751 142 1 -> 0 153 -> 322
9751 143 0 -> 1 153 -> 322
9776 140 1 -> 0 154 -> 323
9776 141 0 -> 1 154 -> 323
9799 138 1 -> 0 155 -> 324
9799 139 0 -> 1 155 -> 324
9824 136 1 -> 0 156 -> 325
9824 137 0 -> 1 156 -> 325
9847 134 1 -> 0 157 -> 326
9847 135 0 -> 1 157 -> 326
9872 132 1 -> 0 158 -> 327
9872 133 0 -> 1 158 -> 327
9895 130 1 -> 0 159 -> 328
9895 131 0 -> 1 159 -> 328
9920 128 1 -> 0 160 -> 329
9920 129 0 -> 1 160 -> 329
9943 126 1 -> 0 161 -> 330
9943 127 0 -> 1 161 -> 330
9968 124 1 -> 0 162 -> 331
9968 125 0 -> 1 162 -> 331
9991 122 1 -> 0 163 -> 332
9991 123 0 -> 1 163 -> 332
10016 120 1 -> 0 164 -> 333
10016 121 0 -> 1 164 -> 333
10039 118 1 -> 0 165 -> 334
10039 119 0 -> 1 165 -> 334
10064 116 1 -> 0 166 -> 335
10064 117 0 -> 1 166 -> 335
10087 114 1 -> 0 167 -> 336
10087 115 0 -> 1 167 -> 336
10112 112 1 -> 0 168 -> 337
10112 113 0 -> 1 168 -> 337
10136 449 1 -> 0 169 -> 338
10136 448 0 -> 1 169 -> 338
10159 447 1 -> 0 170 -> 339
10159 446 0 -> 1 170 -> 339
10184 445 1 -> 0 171 -> 340
10184 444 0 -> 1 171 -> 340
10207 443 1 -> 0 172 -> 341
10207 442 0 -> 1 172 -> 341
10232 441 1 -> 0 173 -> 342
10232 440 0 -> 1 173 -> 342
10255 439 1 -> 0 174 -> 343
10255 438 0 -> 1 174 -> 343
10280 437 1 -> 0 175 -> 344
10280 436 0 -> 1 175 -> 344
10303 435 1 -> 0 176 -> 345
10303 434 0 -> 1 176 -> 345
10328 433 1 -> 0 177 -> 346
10328 432 0 -> 1 177 -> 346
10351 431 1 -> 0 178 -> 347
10351 430 0 -> 1 178 -> 347
10376 429 1 -> 0 179 -> 348
10376 428 0 -> 1 179 -> 348
10399 427 1 -> 0 180 -> 349
10399 426 0 -> 1 180 -> 349
10424 425 1 -> 0 181 -> 350
10424 424 0 -> 1 181 -> 350
10447 423 1 -> 0 182 -> 351
10447 422 0 -> 1 182 -> 351
10472 421 1 -> 0 183 -> 352
10472 420 0 -> 1 183 -> 352
10495 419 1 -> 0 184 -> 353
10495 418 0 -> 1 184 -> 353
10520 417 1 -> 0 185 -> 354
10520 416 0 -> 1 185 -> 354
10543 415 1 -> 0 186 -> 355
10543 414 0 -> 1 186 -> 355
10567 413 1 -> 0 187 -> 356
10567 412 0 -> 1 187 -> 356
10592 411 1 -> 0 188 -> 357
10592 410 0 -> 1 188 -> 357
10615 409 1 -> 0 189 -> 358
10615 408 0 -> 1 189 -> 358
10640 407 1 -> 0 190 -> 359
10640 406 0 -> 1 190 -> 359
10663 405 1 -> 0 191 -> 360
10663 404 0 -> 1 191 -> 360
10688 403 1 -> 0 192 -> 361
10688 402 0 -> 1 192 -> 361
10711 401 1 -> 0 193 -> 362
10711 400 0 -> 1 193 -> 362
10736 399 1 -> 0 194 -> 363
10736 398 0 -> 1 194 -> 363
10759 397 1 -> 0 195 -> 364
10759 396 0 -> 1 195 -> 364
10784 395 1 -> 0 196 -> 365
10784 394 0 -> 1 196 -> 365
10807 393 1 -> 0 197 -> 366
10807 392 0 -> 1 197 -> 366
10832 391 1 -> 0 198 -> 367
10832 390 0 -> 1 198 -> 367
10855 389 1 -> 0 199 -> 368
10855 388 0 -> 1 199 -> 368
10880 387 1 -> 0 200 -> 369
10880 386 0 -> 1 200 -> 369
10903 385 1 -> 0 201 -> 370
10903 384 0 -> 1 201 -> 370
10928 383 1 -> 0 202 -> 371
10928 382 0 -> 1 202 -> 371
10951 381 1 -> 0 203 -> 372
10951 380 0 -> 1 203 -> 372
10975 379 1 -> 0 204 -> 373
10975 378 0 -> 1 204 -> 373
11000 377 1 -> 0 205 -> 374
11000 376 0 -> 1 205 -> 374
11023 375 1 -> 0 206 -> 375
11023 374 0 -> 1 206 -> 375
11048 373 1 -> 0 207 -> 376
11048 372 0 -> 1 207 -> 376
11071 371 1 -> 0 208 -> 377
11071 370 0 -> 1 208 -> 377
11096 369 1 -> 0 209 -> 378
11096 368 0 -> 1 209 -> 378
11119 367 1 -> 0 210 -> 379
11119 366 0 -> 1 210 -> 379
11144 365 1 -> 0 211 -> 380
11144 364 0 -> 1 211 -> 380
11167 363 1 -> 0 212 -> 381
11167 362 0 -> 1 212 -> 381
11192 361 1 -> 0 213 -> 382
11192 360 0 -> 1 213 -> 382
11215 359 1 -> 0 214 -> 383
11215 358 0 -> 1 214 -> 383
11240 357 1 -> 0 215 -> 384
11240 356 0 -> 1 215 -> 384
11263 355 1 -> 0 216 -> 385
11263 354 0 -> 1 216 -> 385
11288 353 1 -> 0 217 -> 386
11288 352 0 -> 1 217 -> 386
11311 351 1 -> 0 218 -> 387
11311 350 0 -> 1 218 -> 387
11336 349 1 -> 0 219 -> 388
11336 348 0 -> 1 219 -> 388
11359 347 1 -> 0 220 -> 389
11359 346 0 -> 1 220 -> 389
11384 345 1 -> 0 221 -> 390
11384 344 0 -> 1 221 -> 390
11408 343 1 -> 0 222 -> 391
11408 342 0 -> 1 222 -> 391
11431 341 1 -> 0 223 -> 392
11431 340 0 -> 1 223 -> 392
11456 339 1 -> 0 224 -> 393
11456 338 0 -> 1 224 -> 393
11479 337 1 -> 0 225 -> 394
11479 336 0 -> 1 225 -> 394
11504 335 1 -> 0 226 -> 395
11504 334 0 -> 1 226 -> 395
11527 333 1 -> 0 227 -> 396
11527 332 0 -> 1 227 -> 396
11552 331 1 -> 0 228 -> 397
11552 330 0 -> 1 228 -> 397
11575 329 1 -> 0 229 -> 398
11575 328 0 -> 1 229 -> 398
11600 327 1 -> 0 230 -> 399
11600 326 0 -> 1 230 -> 399
11623 325 1 -> 0 231 -> 400
11623 324 0 -> 1 231 -> 400
11648 323 1 -> 0 232 -> 401
11648 322 0 -> 1 232 -> 401
11671 321 1 -> 0 233 -> 402
11671 320 0 -> 1 233 -> 402
11696 319 1 -> 0 234 -> 403
11696 318 0 -> 1 234 -> 403
11719 317 1 -> 0 235 -> 404
11719 316 0 -> 1 235 -> 404
11744 315 1 -> 0 236 -> 405
11744 314 0 -> 1 236 -> 405
11767 313 1 -> 0 237 -> 406
11767 312 0 -> 1 237 -> 406
11792 311 1 -> 0 238 -> 407
11792 310 0 -> 1 238 -> 407
11816 309 1 -> 0 239 -> 408
11816 308 0 -> 1 239 -> 408
11839 307 1 -> 0 240 -> 409
11839 306 0 -> 1 240 -> 409
11864 305 1 -> 0 241 -> 410
11864 304 0 -> 1 241 -> 410
11887 303 1 -> 0 242 -> 411
11887 302 0 -> 1 242 -> 411
11912 301 1 -> 0 243 -> 412
11912 300 0 -> 1 243 -> 412
11935 299 1 -> 0 244 -> 413
11935 298 0 -> 1 244 -> 413
11960 297 1 -> 0 245 -> 414
11960 296 0 -> 1 245 -> 414
11983 295 1 -> 0 246 -> 415
11983 294 0 -> 1 246 -> 415
12008 293 1 -> 0 247 -> 416
12008 292 0 -> 1 247 -> 416
12031 291 1 -> 0 248 -> 417
12031 290 0 -> 1 248 -> 417
12056 289 1 -> 0 249 -> 418
12056 288 0 -> 1 249 -> 418
12079 287 1 -> 0 250 -> 419
12079 286 0 -> 1 250 -> 419
12104 285 1 -> 0 251 -> 420
12104 284 0 -> 1 251 -> 420
12127 283 1 -> 0 252 -> 421
12127 282 0 -> 1 252 -> 421
12152 281 1 -> 0 253 -> 422
12152 280 0 -> 1 253 -> 422
12175 279 1 -> 0 254 -> 423
12175 278 0 -> 1 254 -> 423
12200 277 1 -> 0 255 -> 424
12200 276 0 -> 1 255 -> 424
12223 275 1 -> 0 256 -> 425
12223 274 0 -> 1 256 -> 425
12247 273 1 -> 0 257 -> 426
12247 272 0 -> 1 257 -> 426
12272 271 1 -> 0 258 -> 427
12272 270 0 -> 1 258 -> 427
12295 269 1 -> 0 259 -> 428
12295 268 0 -> 1 259 -> 428
12320 267 1 -> 0 260 -> 429
12320 266 0 -> 1 260 -> 429
12343 265 1 -> 0 261 -> 430
12343 264 0 -> 1 261 -> 430
12368 263 1 -> 0 262 -> 431
12368 262 0 -> 1 262 -> 431
12391 261 1 -> 0 263 -> 432
12391 260 0 -> 1 263 -> 432
12416 259 1 -> 0 264 -> 433
12416 258 0 -> 1 264 -> 433
12439 257 1 -> 0 265 -> 434
12439 256 0 -> 1 265 -> 434
12464 255 1 -> 0 266 -> 435
12464 254 0 -> 1 266 -> 435
12487 253 1 -> 0 267 -> 436
12487 252 0 -> 1 267 -> 436
12512 251 1 -> 0 268 -> 437
12512 250 0 -> 1 268 -> 437
12535 249 1 -> 0 269 -> 438
12535 248 0 -> 1 269 -> 438
12560 247 1 -> 0 270 -> 439
12560 246 0 -> 1 270 -> 439
12583 245 1 -> 0 271 -> 440
12583 244 0 -> 1 271 -> 440
12608 243 1 -> 0 272 -> 441
12608 242 0 -> 1 272 -> 441
12631 241 1 -> 0 273 -> 442
12631 240 0 -> 1 273 -> 442
12655 239 1 -> 0 274 -> 443
12655 238 0 -> 1 274 -> 443
12680 237 1 -> 0 275 -> 444
12680 236 0 -> 1 275 -> 444
12703 235 1 -> 0 276 -> 445
12703 234 0 -> 1 276 -> 445
12728 233 1 -> 0 277 -> 446
12728 232 0 -> 1 277 -> 446
12751 231 1 -> 0 278 -> 447
12751 230 0 -> 1 278 -> 447
12776 229 1 -> 0 279 -> 448
12776 228 0 -> 1 279 -> 448
12799 227 1 -> 0 280 -> 449
12799 226 0 -> 1 280 -> 449
12824 225 1 -> 0 281 -> 450
12824 224 0 -> 1 281 -> 450
12847 223 1 -> 0 282 -> 451
12847 222 0 -> 1 282 -> 451
12872 221 1 -> 0 283 -> 452
12872 220 0 -> 1 283 -> 452
12895 219 1 -> 0 284 -> 453
12895 218 0 -> 1 284 -> 453
12920 217 1 -> 0 285 -> 454
12920 216 0 -> 1 285 -> 454
12943 215 1 -> 0 286 -> 455
12943 214 0 -> 1 286 -> 455
12968 213 1 -> 0 287 -> 456
12968 212 0 -> 1 287 -> 456
12991 211 1 -> 0 288 -> 457
12991 210 0 -> 1 288 -> 457
13016 209 1 -> 0 289 -> 458
13016 208 0 -> 1 289 -> 458
13039 207 1 -> 0 290 -> 459
13039 206 0 -> 1 290 -> 459
13064 205 1 -> 0 291 -> 460
13064 204 0 -> 1 291 -> 460
13088 203 1 -> 0 292 -> 461
13088 202 0 -> 1 292 -> 461
13111 201 1 -> 0 293 -> 462
13111 200 0 -> 1 293 -> 462
13136 199 1 -> 0 294 -> 463
13136 198 0 -> 1 294 -> 463
13159 197 1 -> 0 295 -> 464
13159 196 0 -> 1 295 -> 464
13184 195 1 -> 0 296 -> 465
13184 194 0 -> 1 296 -> 465
13207 193 1 -> 0 297 -> 466
13207 192 0 -> 1 297 -> 466
13232 191 1 -> 0 298 -> 467
13232 190 0 -> 1 298 -> 467
13255 189 1 -> 0 299 -> 468
13255 188 0 -> 1 299 -> 468
13280 187 1 -> 0 300 -> 469
13280 186 0 -> 1 300 -> 469
13303 185 1 -> 0 301 -> 470
13303 184 0 -> 1 301 -> 470
13328 183 1 -> 0 302 -> 471
13328 182 0 -> 1 302 -> 471
13351 181 1 -> 0 303 -> 472
13351 180 0 -> 1 303 -> 472
13376 179 1 -> 0 304 -> 473
13376 178 0 -> 1 304 -> 473
13399 177 1 -> 0 305 -> 474
13399 176 0 -> 1 305 -> 474
13424 175 1 -> 0 306 -> 475
13424 174 0 -> 1 306 -> 475
13447 173 1 -> 0 307 -> 476
13447 172 0 -> 1 307 -> 476
13472 171 1 -> 0 308 -> 477
13472 170 0 -> 1 308 -> 477
13495 169 1 -> 0 309 -> 478
13495 168 0 -> 1 309 -> 478
13519 167 1 -> 0 310 -> 479
13519 166 0 -> 1 310 -> 479
13544 165 1 -> 0 311 -> 480
13544 164 0 -> 1 311 -> 480
13567 163 1 -> 0 312 -> 481
13567 162 0 -> 1 312 -> 481
13592 161 1 -> 0 313 -> 482
13592 160 0 -> 1 313 -> 482
13615 159 1 -> 0 314 -> 483
13615 158 0 -> 1 314 -> 483
13640 157 1 -> 0 315 -> 484
13640 156 0 -> 1 315 -> 484
13663 155 1 -> 0 316 -> 485
13663 154 0 -> 1 316 -> 485
13688 153 1 -> 0 317 -> 486
13688 152 0 -> 1 317 -> 486
13711 151 1 -> 0 318 -> 487
13711 150 0 -> 1 318 -> 487
13736 149 1 -> 0 319 -> 488
13736 148 0 -> 1 319 -> 488
13759 147 1 -> 0 320 -> 489
13759 146 0 -> 1 320 -> 489
13784 145 1 -> 0 321 -> 490
13784 144 0 -> 1 321 -> 490
13807 143 1 -> 0 322 -> 491
13807 142 0 -> 1 322 -> 491
13832 141 1 -> 0 323 -> 492
13832 140 0 -> 1 323 -> 492
13855 139 1 -> 0 324 -> 493
13855 138 0 -> 1 324 -> 493
13880 137 1 -> 0 325 -> 494
13880 136 0 -> 1 325 -> 494
13903 135 1 -> 0 326 -> 495
13903 134 0 -> 1 326 -> 495
13927 133 1 -> 0 327 -> 496
13927 132 0 -> 1 327 -> 496
13952 131 1 -> 0 328 -> 497
13952 130 0 -> 1 328 -> 497
13975 129 1 -> 0 329 -> 498
13975 128 0 -> 1 329 -> 498
14000 127 1 -> 0 330 -> 499
14000 126 0 -> 1 330 -> 499
14023 125 1 -> 0 331 -> 500
14023 124 0 -> 1 331 -> 500
14048 123 1 -> 0 332 -> 501
14048 122 0 -> 1 332 -> 501
14071 121 1 -> 0 333 -> 502
14071 120 0 -> 1 333 -> 502
14096 119 1 -> 0 334 -> 503
14096 118 0 -> 1 334 -> 503
14119 117 1 -> 0 335 -> 504
14119 116 0 -> 1 335 -> 504
14144 115 1 -> 0 336 -> 505
14144 114 0 -> 1 336 -> 505
14167 113 1 -> 0 337 -> 506
14167 112 0 -> 1 337 -> 506
14192 448 1 -> 0 338 -> 507
14192 449 0 -> 1 338 -> 507
14215 446 1 -> 0 339 -> 508
14215 447 0 -> 1 339 -> 508
14240 444 1 -> 0 340 -> 509
14240 445 0 -> 1 340 -> 509
14263 442 1 -> 0 341 -> 510
14263 443 0 -> 1 341 -> 510
14288 440 1 -> 0 342 -> 511
14288 441 0 -> 1 342 -> 511
14311 438 1 -> 0 343 -> 512
14311 439 0 -> 1 343 -> 512
14336 436 1 -> 0 344 -> 513
14336 437 0 -> 1 344 -> 513
14360 434 1 -> 0 345 -> 514
14360 435 0 -> 1 345 -> 514
14383 432 1 -> 0 346 -> 515
14383 433 0 -> 1 346 -> 515
14408 430 1 -> 0 347 -> 516
14408 431 0 -> 1 347 -> 516
14431 428 1 -> 0 348 -> 517
14431 429 0 -> 1 348 -> 517
14456 426 1 -> 0 349 -> 518
14456 427 0 -> 1 349 -> 518
14479 424 1 -> 0 350 -> 519
14479 425 0 -> 1 350 -> 519
14504 422 1 -> 0 351 -> 520
14504 423 0 -> 1 351 -> 520
14527 420 1 -> 0 352 -> 521
14527 421 0 -> 1 352 -> 521
14552 418 1 -> 0 353 -> 522
14552 419 0 -> 1 353 -> 522
14575 416 1 -> 0 354 -> 523
14575 417 0 -> 1 354 -> 523
14600 414 1 -> 0 355 -> 524
14600 415 0 -> 1 355 -> 524
14623 412 1 -> 0 356 -> 525
14623 413 0 -> 1 356 -> 525
14648 410 1 -> 0 357 -> 526
14648 411 0 -> 1 357 -> 526
14671 408 1 -> 0 358 -> 527
14671 409 0 -> 1 358 -> 527
14696 406 1 -> 0 359 -> 528
14696 407 0 -> 1 359 -> 528
14719 404 1 -> 0 360 -> 529
14719 405 0 -> 1 360 -> 529
14744 402 1 -> 0 361 -> 530
14744 403 0 -> 1 361 -> 530
14768 400 1 -> 0 362 -> 531
14768 401 0 -> 1 362 -> 531
14791 398 1 -> 0 363 -> 532
14791 399 0 -> 1 363 -> 532
14816 396 1 -> 0 364 -> 533
14816 397 0 -> 1 364 -> 533
14839 394 1 -> 0 365 -> 534
14839 395 0 -> 1 365 -> 534
14864 392 1 -> 0 366 -> 535
14864 393 0 -> 1 366 -> 535
14887 390 1 -> 0 367 -> 536
14887 391 0 -> 1 367 -> 536
14912 388 1 -> 0 368 -> 537
14912 389 0 -> 1 368 -> 537
14935 386 1 -> 0 369 -> 538
14935 387 0 -> 1 369 -> 538
14960 384 1 -> 0 370 -> 539
14960 385 0 -> 1 370 -> 539
14983 382 1 -> 0 371 -> 540
14983 383 0 -> 1 371 -> 540
15008 380 1 -> 0 372 -> 541
15008 381 0 -> 1 372 -> 541
15031 378 1 -> 0 373 -> 542
15031 379 0 -> 1 373 -> 542
15056 376 1 -> 0 374 -> 543
15056 377 0 -> 1 374 -> 543
15079 374 1 -> 0 375 -> 544
15079 375 0 -> 1 375 -> 544
15104 372 1 -> 0 376 -> 545
15104 373 0 -> 1 376 -> 545
15127 370 1 -> 0 377 -> 546
15127 371 0 -> 1 377 -> 546
15152 368 1 -> 0 378 -> 547
15152 369 0 -> 1 378 -> 547
15175 366 1 -> 0 379 -> 548
15175 367 0 -> 1 379 -> 548
15199 364 1 -> 0 380 -> 549
15199 365 0 -> 1 380 -> 549
15224 362 1 -> 0 381 -> 550
15224 363 0 -> 1 381 -> 550
15247 360 1 -> 0 382 -> 551
15247 361 0 -> 1 382 -> 551
15272 358 1 -> 0 383 -> 552
15272 359 0 -> 1 383 -> 552
15295 356 1 -> 0 384 -> 553
15295 357 0 -> 1 384 -> 553
15320 354 1 -> 0 385 -> 554
15320 355 0 -> 1 385 -> 554
15343 352 1 -> 0 386 -> 555
15343 353 0 -> 1 386 -> 555
15368 350 1 -> 0 387 -> 556
15368 351 0 -> 1 387 -> 556
15391 348 1 -> 0 388 -> 557
15391 349 0 -> 1 388 -> 557
15416 346 1 -> 0 389 -> 558
15416 347 0 -> 1 389 -> 558
15439 344 1 -> 0 390 -> 559
15439 345 0 -> 1 390 -> 559
15464 342 1 -> 0 391 -> 560
15464 343 0 -> 1 391 -> 560
15487 340 1 -> 0 392 -> 561
15487 341 0 -> 1 392 -> 561
15512 338 1 -> 0 393 -> 562
15512 339 0 -> 1 393 -> 562
15535 336 1 -> 0 394 -> 563
15535 337 0 -> 1 394 -> 563
15560 334 1 -> 0 395 -> 564
15560 335 0 -> 1 395 -> 564
15583 332 1 -> 0 396 -> 565
15583 333 0 -> 1 396 -> 565
15608 330 1 -> 0 397 -> 566
15608 331 0 -> 1 397 -> 566
15632 328 1 -> 0 398 -> 567
15632 329 0 -> 1 398 -> 567
15655 326 1 -> 0 399 -> 568
15655 327 0 -> 1 399 -> 568
15680 324 1 -> 0 400 -> 569
15680 325 0 -> 1 400 -> 569
15703 322 1 -> 0 401 -> 570
15703 323 0 -> 1 401 -> 570
15728 320 1 -> 0 402 -> 571
15728 321 0 -> 1 402 -> 571
15751 318 1 -> 0 403 -> 572
15751 319 0 -> 1 403 -> 572
15776 316 1 -> 0 404 -> 573
15776 317 0 -> 1 404 -> 573
15799 314 1 -> 0 405 -> 574
15799 315 0 -> 1 405 -> 574
15824 312 1 -> 0 406 -> 575
15824 313 0 -> 1 406 -> 575
15847 310 1 -> 0 407 -> 576
15847 311 0 -> 1 407 -> 576
15872 308 1 -> 0 408 -> 577
15872 309 0 -> 1 408 -> 577
15895 306 1 -> 0 409 -> 578
15895 307 0 -> 1 409 -> 578
15920 304 1 -> 0 410 -> 579
15920 305 0 -> 1 410 -> 579
15943 302 1 -> 0 411 -> 580
15943 303 0 -> 1 411 -> 580
15968 300 1 -> 0 412 -> 581
15968 301 0 -> 1 412 -> 581
15991 298 1 -> 0 413 -> 582
15991 299 0 -> 1 413 -> 582
16016 296 1 -> 0 414 -> 583
16016 297 0 -> 1 414 -> 583
16040 294 1 -> 0 415 -> 584
16040 295 0 -> 1 415 -> 584
16063 292 1 -> 0 416 -> 585
16063 293 0 -> 1 416 -> 585
16088 290 1 -> 0 417 -> 586
16088 291 0 -> 1 417 -> 586
16111 288 1 -> 0 418 -> 587
16111 289 0 -> 1 418 -> 587
16136 286 1 -> 0 419 -> 588
16136 287 0 -> 1 419 -> 588
16159 284 1 -> 0 420 -> 589
16159 285 0 -> 1 420 -> 589
16184 282 1 -> 0 421 -> 590
16184 283 0 -> 1 421 -> 590
16207 280 1 -> 0 422 -> 591
16207 281 0 -> 1 422 -> 591
16232 278 1 -> 0 423 -> 592
16232 279 0 -> 1 423 -> 592
16255 276 1 -> 0 424 -> 593
16255 277 0 -> 1 424 -> 593
16280 274 1 -> 0 425 -> 594
16280 275 0 -> 1 425 -> 594
16303 272 1 -> 0 426 -> 595
16303 273 0 -> 1 426 -> 595
16328 270 1 -> 0 427 -> 596
16328 271 0 -> 1 427 -> 596
16351 268 1 -> 0 428 -> 597
16351 269 0 -> 1 428 -> 597
16376 266 1 -> 0 429 -> 598
16376 267 0 -> 1 429 -> 598
16399 264 1 -> 0 430 -> 599
16399 265 0 -> 1 430 -> 599
16424 262 1 -> 0 431 -> 600
16424 263 0 -> 1 431 -> 600
16447 260 1 -> 0 432 -> 601
16447 261 0 -> 1 432 -> 601
16471 258 1 -> 0 433 -> 602
16471 259 0 -> 1 433 -> 602
16496 256 1 -> 0 434 -> 603
16496 257 0 -> 1 434 -> 603
16519 254 1 -> 0 435 -> 604
16519 255 0 -> 1 435 -> 604
16544 252 1 -> 0 436 -> 605
16544 253 0 -> 1 436 -> 605
16567 250 1 -> 0 437 -> 606
16567 251 0 -> 1 437 -> 606
16592 248 1 -> 0 438 -> 607
16592 249 0 -> 1 438 -> 607
16615 246 1 -> 0 439 -> 608
16615 247 0 -> 1 439 -> 608
16640 244 1 -> 0 440 -> 609
16640 245 0 -> 1 440 -> 609
16663 242 1 -> 0 441 -> 610
16663 243 0 -> 1 441 -> 610
16688 240 1 -> 0 442 -> 611
16688 241 0 -> 1 442 -> 611
16711 238 1 -> 0 443 -> 612
16711 239 0 -> 1 443 -> 612
16736 236 1 -> 0 444 -> 613
16736 237 0 -> 1 444 -> 613
16759 234 1 -> 0 445 -> 614
16759 235 0 -> 1 445 -> 614
16784 232 1 -> 0 446 -> 615
16784 233 0 -> 1 446 -> 615
16807 230 1 -> 0 447 -> 616
16807 231 0 -> 1 447 -> 616
16832 228 1 -> 0 448 -> 617
16832 229 0 -> 1 448 -> 617
16855 226 1 -> 0 449 -> 618
16855 227 0 -> 1 449 -> 618
16879 224 1 -> 0 450 -> 619
16879 225 0 -> 1 450 -> 619
16904 222 1 -> 0 451 -> 620
16904 223 0 -> 1 451 -> 620
16927 220 1 -> 0 452 -> 621
16927 221 0 -> 1 452 -> 621
16952 218 1 -> 0 453 -> 622
16952 219 0 -> 1 453 -> 622
16975 216 1 -> 0 454 -> 623
16975 217 0 -> 1 454 -> 623
17000 214 1 -> 0 455 -> 624
17000 215 0 -> 1 455 -> 624
17023 212 1 -> 0 456 -> 625
17023 213 0 -> 1 456 -> 625
17048 210 1 -> 0 457 -> 626
17048 211 0 -> 1 457 -> 626
17071 208 1 -> 0 458 -> 627
17071 209 0 -> 1 458 -> 627
17096 206 1 -> 0 459 -> 628
17096 207 0 -> 1 459 -> 628
17119 204 1 -> 0 460 -> 629
17119 205 0 -> 1 460 -> 629
17144 202 1 -> 0 461 -> 630
17144 203 0 -> 1 461 -> 630
17167 200 1 -> 0 462 -> 631
17167 201 0 -> 1 462 -> 631
17192 198 1 -> 0 463 -> 632
17192 199 0 -> 1 463 -> 632
17215 196 1 -> 0 464 -> 633
17215 197 0 -> 1 464 -> 633
17240 194 1 -> 0 465 -> 634
17240 195 0 -> 1 465 -> 634
17263 192 1 -> 0 466 -> 635
17263 193 0 -> 1 466 -> 635
17288 190 1 -> 0 467 -> 636
17288 191 0 -> 1 467 -> 636
17312 188 1 -> 0 468 -> 637
17312 189 0 -> 1 468 -> 637
17335 186 1 -> 0 469 -> 638
17335 187 0 -> 1 469 -> 638
17360 184 1 -> 0 470 -> 639
17360 185 0 -> 1 470 -> 639
17383 182 1 -> 0 471 -> 640
17383 183 0 -> 1 471 -> 640
17408 180 1 -> 0 472 -> 641
17408 181 0 -> 1 472 -> 641
17431 178 1 -> 0 473 -> 642
17431 179 0 -> 1 473 -> 642
17456 176 1 -> 0 474 -> 643
17456 177 0 -> 1 474 -> 643
17479 174 1 -> 0 475 -> 644
17479 175 0 -> 1 475 -> 644
17504 172 1 -> 0 476 -> 645
17504 173 0 -> 1 476 -> 645
17527 170 1 -> 0 477 -> 646
17527 171 0 -> 1 477 -> 646
17552 168 1 -> 0 478 -> 647
17552 169 0 -> 1 478 -> 647
17575 166 1 -> 0 479 -> 648
17575 167 0 -> 1 479 -> 648
17600 164 1 -> 0 480 -> 649
17600 165 0 -> 1 480 -> 649
17623 162 1 -> 0 481 -> 650
17623 163 0 -> 1 481 -> 650
17648 160 1 -> 0 482 -> 651
17648 161 0 -> 1 482 -> 651
17671 158 1 -> 0 483 -> 652
17671 159 0 -> 1 483 -> 652
17696 156 1 -> 0 484 -> 653
17696 157 0 -> 1 484 -> 653
17720 154 1 -> 0 485 -> 654
17720 155 0 -> 1 485 -> 654
17743 152 1 -> 0 486 -> 655
17743 153 0 -> 1 486 -> 655
17768 150 1 -> 0 487 -> 656
17768 151 0 -> 1 487 -> 656
17791 148 1 -> 0 488 -> 657
17791 149 0 -> 1 488 -> 657
17816 146 1 -> 0 489 -> 658
17816 147 0 -> 1 489 -> 658
17839 144 1 -> 0 490 -> 659
17839 145 0 -> 1 490 -> 659
17864 142 1 -> 0 491 -> 660
17864 143 0 -> 1 491 -> 660
17887 140 1 -> 0 492 -> 661
17887 141 0 -> 1 492 -> 661
17912 138 1 -> 0 493 -> 662
17912 139 0 -> 1 493 -> 662
17935 136 1 -> 0 494 -> 663
17935 137 0 -> 1 494 -> 663
17960 134 1 -> 0 495 -> 664
17960 135 0 -> 1 495 -> 664
17983 132 1 -> 0 496 -> 665
17983 133 0 -> 1 496 -> 665
18008 130 1 -> 0 497 -> 666
18008 131 0 -> 1 497 -> 666
18031 128 1 -> 0 498 -> 667
18031 129 0 -> 1 498 -> 667
18056 126 1 -> 0 499 -> 668
18056 127 0 -> 1 499 -> 668
18079 124 1 -> 0 500 -> 669
18079 125 0 -> 1 500 -> 669
18104 122 1 -> 0 501 -> 670
18104 123 0 -> 1 501 -> 670
18127 120 1 -> 0 502 -> 671
18127 121 0 -> 1 502 -> 671
18151 118 1 -> 0 503 -> 672
18151 119 0 -> 1 503 -> 672
18176 116 1 -> 0 504 -> 673
18176 117 0 -> 1 504 -> 673
18199 114 1 -> 0 505 -> 674
18199 115 0 -> 1 505 -> 674
18224 112 1 -> 0 506 -> 675
18224 113 0 -> 1 506 -> 675
18247 449 1 -> 0 507 -> 676
18247 448 0 -> 1 507 -> 676
18272 447 1 -> 0 508 -> 677
18272 446 0 -> 1 508 -> 677
18295 445 1 -> 0 509 -> 678
18295 444 0 -> 1 509 -> 678
18320 443 1 -> 0 510 -> 679
18320 442 0 -> 1 510 -> 679
18343 441 1 -> 0 511 -> 680
18343 440 0 -> 1 511 -> 680
18368 439 1 -> 0 512 -> 681
18368 438 0 -> 1 512 -> 681
18391 437 1 -> 0 513 -> 682
18391 436 0 -> 1 513 -> 682
18416 435 1 -> 0 514 -> 683
18416 434 0 -> 1 514 -> 683
18439 433 1 -> 0 515 -> 684
18439 432 0 -> 1 515 -> 684
18464 431 1 -> 0 516 -> 685
18464 430 0 -> 1 516 -> 685
18487 429 1 -> 0 517 -> 686
18487 428 0 -> 1 517 -> 686
18512 427 1 -> 0 518 -> 687
18512 426 0 -> 1 518 -> 687
18535 425 1 -> 0 519 -> 688
18535 424 0 -> 1 519 -> 688
18560 423 1 -> 0 520 -> 689
18560 422 0 -> 1 520 -> 689
18584 421 1 -> 0 521 -> 690
18584 420 0 -> 1 521 -> 690
18607 419 1 -> 0 522 -> 691
18607 418 0 -> 1 522 -> 691
18632 417 1 -> 0 523 -> 692
18632 416 0 -> 1 523 -> 692
18655 415 1 -> 0 524 -> 693
18655 414 0 -> 1 524 -> 693
18680 413 1 -> 0 525 -> 694
18680 412 0 -> 1 525 -> 694
18703 411 1 -> 0 526 -> 695
18703 410 0 -> 1 526 -> 695
18728 409 1 -> 0 527 -> 696
18728 408 0 -> 1 527 -> 696
18751 407 1 -> 0 528 -> 697
18751 406 0 -> 1 528 -> 697
18776 405 1 -> 0 529 -> 698
18776 404 0 -> 1 529 -> 698
18799 403 1 -> 0 530 -> 699
18799 402 0 -> 1 530 -> 699
18824 401 1 -> 0 531 -> 700
18824 400 0 -> 1 531 -> 700
18847 399 1 -> 0 532 -> 701
18847 398 0 -> 1 532 -> 701
18872 397 1 -> 0 533 -> 702
18872 396 0 -> 1 533 -> 702
18895 395 1 -> 0 534 -> 703
18895 394 0 -> 1 534 -> 703
18920 393 1 -> 0 535 -> 704
18920 392 0 -> 1 535 -> 704
18943 391 1 -> 0 536 -> 705
18943 390 0 -> 1 536 -> 705
18968 389 1 -> 0 537 -> 706
18968 388 0 -> 1 537 -> 706
18992 387 1 -> 0 538 -> 707
18992 386 0 -> 1 538 -> 707
19015 385 1 -> 0 539 -> 708
19015 384 0 -> 1 539 -> 708
19040 383 1 -> 0 540 -> 709
19040 382 0 -> 1 540 -> 709
19063 381 1 -> 0 541 -> 710
19063 380 0 -> 1 541 -> 710
19088 379 1 -> 0 542 -> 711
19088 378 0 -> 1 542 -> 711
19111 377 1 -> 0 543 -> 712
19111 376 0 -> 1 543 -> 712
19136 375 1 -> 0 544 -> 713
19136 374 0 -> 1 544 -> 713
19159 373 1 -> 0 545 -> 714
19159 372 0 -> 1 545 -> 714
19184 371 1 -> 0 546 -> 715
19184 370 0 -> 1 546 -> 715
19207 369 1 -> 0 547 -> 716
19207 368 0 -> 1 547 -> 716
19232 367 1 -> 0 548 -> 717
19232 366 0 -> 1 548 -> 717
19255 365 1 -> 0 549 -> 718
19255 364 0 -> 1 549 -> 718
19280 363 1 -> 0 550 -> 719
19280 362 0 -> 1 550 -> 719
19303 361 1 -> 0 551 -> 720
19303 360 0 -> 1 551 -> 720
19328 359 1 -> 0 552 -> 721
19328 358 0 -> 1 552 -> 721
19351 357 1 -> 0 553 -> 722
19351 356 0 -> 1 553 -> 722
19376 355 1 -> 0 554 -> 723
19376 354 0 -> 1 554 -> 723
19399 353 1 -> 0 555 -> 724
19399 352 0 -> 1 555 -> 724
19423 351 1 -> 0 556 -> 725
19423 350 0 -> 1 556 -> 725
19448 349 1 -> 0 557 -> 726
19448 348 0 -> 1 557 -> 726
19471 347 1 -> 0 558 -> 727
19471 346 0 -> 1 558 -> 727
19496 345 1 -> 0 559 -> 728
19496 344 0 -> 1 559 -> 728
19519 343 1 -> 0 560 -> 729
19519 342 0 -> 1 560 -> 729
19544 341 1 -> 0 561 -> 730
19544 340 0 -> 1 561 -> 730
19567 339 1 -> 0 562 -> 731
19567 338 0 -> 1 562 -> 731
19592 337 1 -> 0 563 -> 732
19592 336 0 -> 1 563 -> 732
19615 335 1 -> 0 564 -> 733
19615 334 0 -> 1 564 -> 733
19640 333 1 -> 0 565 -> 734
19640 332 0 -> 1 565 -> 734
19663 331 1 -> 0 566 -> 735
19663 330 0 -> 1 566 -> 735
19688 329 1 -> 0 567 -> 736
19688 328 0 -> 1 567 -> 736
19711 327 1 -> 0 568 -> 737
19711 326 0 -> 1 568 -> 737
19736 325 1 -> 0 569 -> 738
19736 324 0 -> 1 569 -> 738
19759 323 1 -> 0 570 -> 739
19759 322 0 -> 1 570 -> 739
19784 321 1 -> 0 571 -> 740
19784 320 0 -> 1 571 -> 740
19807 319 1 -> 0 572 -> 741
19807 318 0 -> 1 572 -> 741
19831 317 1 -> 0 573 -> 742
19831 316 0 -> 1 573 -> 742
19856 315 1 -> 0 574 -> 743
19856 314 0 -> 1 574 -> 743
19879 313 1 -> 0 575 -> 744
19879 312 0 -> 1 575 -> 744
19904 311 1 -> 0 576 -> 745
19904 310 0 -> 1 576 -> 745
19927 309 1 -> 0 577 -> 746
19927 308 0 -> 1 577 -> 746
19952 307 1 -> 0 578 -> 747
19952 306 0 -> 1 578 -> 747
19975 305 1 -> 0 579 -> 748
19975 304 0 -> 1 579 -> 748
20000 303 1 -> 0 580 -> 749
20000 302 0 -> 1 580 -> 749
20023 301 1 -> 0 581 -> 750
20023 300 0 -> 1 581 -> 750
20048 299 1 -> 0 582 -> 751
20048 298 0 -> 1 582 -> 751
20071 297 1 -> 0 583 -> 752
20071 296 0 -> 1 583 -> 752
20096 295 1 -> 0 584 -> 753
20096 294 0 -> 1 584 -> 753
20119 293 1 -> 0 585 -> 754
20119 292 0 -> 1 585 -> 754
20144 291 1 -> 0 586 -> 755
20144 290 0 -> 1 586 -> 755
20167 289 1 -> 0 587 -> 756
20167 288 0 -> 1 587 -> 756
20192 287 1 -> 0 588 -> 757
20192 286 0 -> 1 588 -> 757
20215 285 1 -> 0 589 -> 758
20215 284 0 -> 1 589 -> 758
20240 283 1 -> 0 590 -> 759
20240 282 0 -> 1 590 -> 759
20264 281 1 -> 0 591 -> 760
20264 280 0 -> 1 591 -> 760
20287 279 1 -> 0 592 -> 761
20287 278 0 -> 1 592 -> 761
20312 277 1 -> 0 593 -> 762
20312 276 0 -> 1 593 -> 762
20335 275 1 -> 0 594 -> 763
20335 274 0 -> 1 594 -> 763
20360 273 1 -> 0 595 -> 764
20360 272 0 -> 1 595 -> 764
20383 271 1 -> 0 596 -> 765
20383 270 0 -> 1 596 -> 765
20408 269 1 -> 0 597 -> 766
20408 268 0 -> 1 597 -> 766
20431 267 1 -> 0 598 -> 767
20431 266 0 -> 1 598 -> 767
20456 265 1 -> 0 599 -> 768
20456 264 0 -> 1 599 -> 768
20479 263 1 -> 0 600 -> 769
20479 262 0 -> 1 600 -> 769
20504 261 1 -> 0 601 -> 770
20504 260 0 -> 1 601 -> 770
20527 259 1 -> 0 602 -> 771
20527 258 0 -> 1 602 -> 771
20552 257 1 -> 0 603 -> 772
20552 256 0 -> 1 603 -> 772
20575 255 1 -> 0 604 -> 773
20575 254 0 -> 1 604 -> 773
20600 253 1 -> 0 605 -> 774
20600 252 0 -> 1 605 -> 774
20623 251 1 -> 0 606 -> 775
20623 250 0 -> 1 606 -> 775
20648 249 1 -> 0 607 -> 776
20648 248 0 -> 1 607 -> 776
20672 247 1 -> 0 608 -> 777
20672 246 0 -> 1 608 -> 777
20695 245 1 -> 0 609 -> 778
20695 244 0 -> 1 609 -> 778
20720 243 1 -> 0 610 -> 779
20720 242 0 -> 1 610 -> 779
20743 241 1 -> 0 611 -> 780
20743 240 0 -> 1 611 -> 780
20768 239 1 -> 0 612 -> 781
20768 238 0 -> 1 612 -> 781
20791 237 1 -> 0 613 -> 782
20791 236 0 -> 1 613 -> 782
20816 235 1 -> 0 614 -> 783
20816 234 0 -> 1 614 -> 783
20839 233 1 -> 0 615 -> 784
20839 232 0 -> 1 615 -> 784
20864 231 1 -> 0 616 -> 785
20864 230 0 -> 1 616 -> 785
20887 229 1 -> 0 617 -> 786
20887 228 0 -> 1 617 -> 786
20912 227 1 -> 0 618 -> 787
20912 226 0 -> 1 618 -> 787
20935 225 1 -> 0 619 -> 788
20935 224 0 -> 1 619 -> 788
20960 223 1 -> 0 620 -> 789
20960 222 0 -> 1 620 -> 789
20983 221 1 -> 0 621 -> 790
20983 220 0 -> 1 621 -> 790
21008 219 1 -> 0 622 -> 791
21008 218 0 -> 1 622 -> 791
21031 217 1 -> 0 623 -> 792
21031 216 0 -> 1 623 -> 792
21056 215 1 -> 0 624 -> 793
21056 214 0 -> 1 624 -> 793
21079 213 1 -> 0 625 -> 794
21079 212 0 -> 1 625 -> 794
21103 211 1 -> 0 626 -> 795
21103 210 0 -> 1 626 -> 795
21128 209 1 -> 0 627 -> 796
21128 208 0 -> 1 627 -> 796
21151 207 1 -> 0 628 -> 797
21151 206 0 -> 1 628 -> 797
21176 205 1 -> 0 629 -> 798
21176 204 0 -> 1 629 -> 798
21199 203 1 -> 0 630 -> 799
21199 202 0 -> 1 630 -> 799
21224 201 1 -> 0 631 -> 800
21224 200 0 -> 1 631 -> 800
21247 199 1 -> 0 632 -> 801
21247 198 0 -> 1 632 -> 801
21272 197 1 -> 0 633 -> 802
21272 196 0 -> 1 633 -> 802
21295 195 1 -> 0 634 -> 803
21295 194 0 -> 1 634 -> 803
21320 193 1 -> 0 635 -> 804
21320 192 0 -> 1 635 -> 804
21343 191 1 -> 0 636 -> 805
21343 190 0 -> 1 636 -> 805
21368 189 1 -> 0 637 -> 806
21368 188 0 -> 1 637 -> 806
21391 187 1 -> 0 638 -> 807
21391 186 0 -> 1 638 -> 807
21416 185 1 -> 0 639 -> 808
21416 184 0 -> 1 639 -> 808
21439 183 1 -> 0 640 -> 809
21439 182 0 -> 1 640 -> 809
21464 181 1 -> 0 641 -> 810
21464 180 0 -> 1 641 -> 810
21487 179 1 -> 0 642 -> 811
21487 178 0 -> 1 642 -> 811
21512 177 1 -> 0 643 -> 812
21512 176 0 -> 1 643 -> 812
21536 175 1 -> 0 644 -> 813
21536 174 0 -> 1 644 -> 813
21559 173 1 -> 0 645 -> 814
21559 172 0 -> 1 645 -> 814
21584 171 1 -> 0 646 -> 815
21584 170 0 -> 1 646 -> 815
21607 169 1 -> 0 647 -> 816
21607 168 0 -> 1 647 -> 816
21632 167 1 -> 0 648 -> 817
21632 166 0 -> 1 648 -> 817
21655 165 1 -> 0 649 -> 818
21655 164 0 -> 1 649 -> 818
21680 163 1 -> 0 650 -> 819
21680 162 0 -> 1 650 -> 819
21703 161 1 -> 0 651 -> 820
21703 160 0 -> 1 651 -> 820
21728 159 1 -> 0 652 -> 821
21728 158 0 -> 1 652 -> 821
21751 157 1 -> 0 653 -> 822
21751 156 0 -> 1 653 -> 822
21776 155 1 -> 0 654 -> 823
21776 154 0 -> 1 654 -> 823
21799 153 1 -> 0 655 -> 824
21799 152 0 -> 1 655 -> 824
21824 151 1 -> 0 656 -> 825
21824 150 0 -> 1 656 -> 825
21847 149 1 -> 0 657 -> 826
21847 148 0 -> 1 657 -> 826
21872 147 1 -> 0 658 -> 827
21872 146 0 -> 1 658 -> 827
21895 145 1 -> 0 659 -> 828
21895 144 0 -> 1 659 -> 828
21920 143 1 -> 0 660 -> 829
21920 142 0 -> 1 660 -> 829
21944 141 1 -> 0 661 -> 830
21944 140 0 -> 1 661 -> 830
21967 139 1 -> 0 662 -> 831
21967 138 0 -> 1 662 -> 831
21992 137 1 -> 0 663 -> 832
21992 136 0 -> 1 663 -> 832
22015 135 1 -> 0 664 -> 833
22015 134 0 -> 1 664 -> 833
22040 133 1 -> 0 665 -> 834
22040 132 0 -> 1 665 -> 834
22063 131 1 -> 0 666 -> 835
22063 130 0 -> 1 666 -> 835
22088 129 1 -> 0 667 -> 836
22088 128 0 -> 1 667 -> 836
22111 127 1 -> 0 668 -> 837
22111 126 0 -> 1 668 -> 837
22136 125 1 -> 0 669 -> 838
22136 124 0 -> 1 669 -> 838
22159 123 1 -> 0 670 -> 839
22159 122 0 -> 1 670 -> 839
22184 121 1 -> 0 671 -> 840
22184 120 0 -> 1 671 -> 840
22207 119 1 -> 0 672 -> 841
22207 118 0 -> 1 672 -> 841
22232 117 1 -> 0 673 -> 842
22232 116 0 -> 1 673 -> 842
22255 115 1 -> 0 674 -> 843
22255 114 0 -> 1 674 -> 843
22280 113 1 -> 0 675 -> 844
22280 112 0 -> 1 675 -> 844
22303 448 1 -> 0 676 -> 845
22303 449 0 -> 1 676 -> 845
22328 446 1 -> 0 677 -> 846
22328 447 0 -> 1 677 -> 846
22351 444 1 -> 0 678 -> 847
22351 445 0 -> 1 678 -> 847
22375 442 1 -> 0 679 -> 848
22375 443 0 -> 1 679 -> 848
22400 440 1 -> 0 680 -> 849
22400 441 0 -> 1 680 -> 849
22423 438 1 -> 0 681 -> 850
22423 439 0 -> 1 681 -> 850
22448 436 1 -> 0 682 -> 851
22448 437 0 -> 1 682 -> 851
22471 434 1 -> 0 683 -> 852
22471 435 0 -> 1 683 -> 852
22496 432 1 -> 0 684 -> 853
22496 433 0 -> 1 684 -> 853
22519 430 1 -> 0 685 -> 854
22519 431 0 -> 1 685 -> 854
22544 428 1 -> 0 686 -> 855
22544 429 0 -> 1 686 -> 855
22567 426 1 -> 0 687 -> 856
22567 427 0 -> 1 687 -> 856
22592 424 1 -> 0 688 -> 857
22592 425 0 -> 1 688 -> 857
22615 422 1 -> 0 689 -> 858
22615 423 0 -> 1 689 -> 858
22640 420 1 -> 0 690 -> 859
22640 421 0 -> 1 690 -> 859
22663 418 1 -> 0 691 -> 860
22663 419 0 -> 1 691 -> 860
22688 416 1 -> 0 692 -> 861
22688 417 0 -> 1 692 -> 861
22711 414 1 -> 0 693 -> 862
22711 415 0 -> 1 693 -> 862
22736 412 1 -> 0 694 -> 863
22736 413 0 -> 1 694 -> 863
22759 410 1 -> 0 695 -> 864
22759 411 0 -> 1 695 -> 864
22783 408 1 -> 0 696 -> 865
22783 409 0 -> 1 696 -> 865
22808 406 1 -> 0 697 -> 866
22808 407 0 -> 1 697 -> 866
22831 404 1 -> 0 698 -> 867
22831 405 0 -> 1 698 -> 867
22856 402 1 -> 0 699 -> 868
22856 403 0 -> 1 699 -> 868
22879 400 1 -> 0 700 -> 869
22879 401 0 -> 1 700 -> 869
22904 398 1 -> 0 701 -> 870
22904 399 0 -> 1 701 -> 870
22927 396 1 -> 0 702 -> 871
22927 397 0 -> 1 702 -> 871
22952 394 1 -> 0 703 -> 872
22952 395 0 -> 1 703 -> 872
22975 392 1 -> 0 704 -> 873
22975 393 0 -> 1 704 -> 873
23000 390 1 -> 0 705 -> 874
23000 391 0 -> 1 705 -> 874
23023 388 1 -> 0 706 -> 875
23023 389 0 -> 1 706 -> 875
23048 386 1 -> 0 707 -> 876
23048 387 0 -> 1 707 -> 876
23071 384 1 -> 0 708 -> 877
23071 385 0 -> 1 708 -> 877
23096 382 1 -> 0 709 -> 878
23096 383 0 -> 1 709 -> 878
23119 380 1 -> 0 710 -> 879
23119 381 0 -> 1 710 -> 879
23144 378 1 -> 0 711 -> 880
23144 379 0 -> 1 711 -> 880
23167 376 1 -> 0 712 -> 881
23167 377 0 -> 1 712 -> 881
23192 374 1 -> 0 713 -> 882
23192 375 0 -> 1 713 -> 882
23216 372 1 -> 0 714 -> 883
23216 373 0 -> 1 714 -> 883
23239 370 1 -> 0 715 -> 884
23239 371 0 -> 1 715 -> 884
23264 368 1 -> 0 716 -> 885
23264 369 0 -> 1 716 -> 885
23287 366 1 -> 0 717 -> 886
23287 367 0 -> 1 717 -> 886
23312 364 1 -> 0 718 -> 887
23312 365 0 -> 1 718 -> 887
23335 362 1 -> 0 719 -> 888
23335 363 0 -> 1 719 -> 888
23360 360 1 -> 0 720 -> 889
23360 361 0 -> 1 720 -> 889
23383 358 1 -> 0 721 -> 890
23383 359 0 -> 1 721 -> 890
23408 356 1 -> 0 722 -> 891
23408 357 0 -> 1 722 -> 891
23431 354 1 -> 0 723 -> 892
23431 355 0 -> 1 723 -> 892
23456 352 1 -> 0 724 -> 893
23456 353 0 -> 1 724 -> 893
23479 350 1 -> 0 725 -> 894
23479 351 0 -> 1 725 -> 894
23504 348 1 -> 0 726 -> 895
23504 349 0 -> 1 726 -> 895
23527 346 1 -> 0 727 -> 896
23527 347 0 -> 1 727 -> 896
23552 344 1 -> 0 728 -> 897
23552 345 0 -> 1 728 -> 897
23575 342 1 -> 0 729 -> 898
23575 343 0 -> 1 729 -> 898
23600 340 1 -> 0 730 -> 899
23600 341 0 -> 1 730 -> 899
23623 338 1 -> 0 731 -> 900
23623 339 0 -> 1 731 -> 900
23647 336 1 -> 0 732 -> 901
23647 337 0 -> 1 732 -> 901
23672 334 1 -> 0 733 -> 902
23672 335 0 -> 1 733 -> 902
23695 332 1 -> 0 734 -> 903
23695 333 0 -> 1 734 -> 903
23720 330 1 -> 0 735 -> 904
23720 331 0 -> 1 735 -> 904
23743 328 1 -> 0 736 -> 905
23743 329 0 -> 1 736 -> 905
23768 326 1 -> 0 737 -> 906
23768 327 0 -> 1 737 -> 906
23791 324 1 -> 0 738 -> 907
23791 325 0 -> 1 738 -> 907
23816 322 1 -> 0 739 -> 908
23816 323 0 -> 1 739 -> 908
23839 320 1 -> 0 740 -> 909
23839 321 0 -> 1 740 -> 909
23864 318 1 -> 0 741 -> 910
23864 319 0 -> 1 741 -> 910
23887 316 1 -> 0 742 -> 911
23887 317 0 -> 1 742 -> 911
23912 314 1 -> 0 743 -> 912
23912 315 0 -> 1 743 -> 912
23935 312 1 -> 0 744 -> 913
23935 313 0 -> 1 744 -> 913
23960 310 1 -> 0 745 -> 914
23960 311 0 -> 1 745 -> 914
23983 308 1 -> 0 746 -> 915
23983 309 0 -> 1 746 -> 915
24008 306 1 -> 0 747 -> 916
24008 307 0 -> 1 747 -> 916
24031 304 1 -> 0 748 -> 917
24031 305 0 -> 1 748 -> 917
24055 302 1 -> 0 749 -> 918
24055 303 0 -> 1 749 -> 918
24080 300 1 -> 0 750 -> 919
24080 301 0 -> 1 750 -> 919
24103 298 1 -> 0 751 -> 920
24103 299 0 -> 1 751 -> 920
24128 296 1 -> 0 752 -> 921
24128 297 0 -> 1 752 -> 921
24151 294 1 -> 0 753 -> 922
24151 295 0 -> 1 753 -> 922
24176 292 1 -> 0 754 -> 923
24176 293 0 -> 1 754 -> 923
24199 290 1 -> 0 755 -> 924
24199 291 0 -> 1 755 -> 924
24224 288 1 -> 0 756 -> 925
24224 289 0 -> 1 756 -> 925
24247 286 1 -> 0 757 -> 926
24247 287 0 -> 1 757 -> 926
24272 284 1 -> 0 758 -> 927
24272 285 0 -> 1 758 -> 927
24295 282 1 -> 0 759 -> 928
24295 283 0 -> 1 759 -> 928
24320 280 1 -> 0 760 -> 929
24320 281 0 -> 1 760 -> 929
24343 278 1 -> 0 761 -> 930
24343 279 0 -> 1 761 -> 930
24368 276 1 -> 0 762 -> 931
24368 277 0 -> 1 762 -> 931
24391 274 1 -> 0 763 -> 932
24391 275 0 -> 1 763 -> 932
24416 272 1 -> 0 764 -> 933
24416 273 0 -> 1 764 -> 933
24439 270 1 -> 0 765 -> 934
24439 271 0 -> 1 765 -> 934
24464 268 1 -> 0 766 -> 935
24464 269 0 -> 1 766 -> 935
24488 266 1 -> 0 767 -> 936
24488 267 0 -> 1 767 -> 936
24511 264 1 -> 0 768 -> 937
24511 265 0 -> 1 768 -> 937
24536 262 1 -> 0 769 -> 938
24536 263 0 -> 1 769 -> 938
24559 260 1 -> 0 770 -> 939
24559 261 0 -> 1 770 -> 939
24584 258 1 -> 0 771 -> 940
24584 259 0 -> 1 771 -> 940
24607 256 1 -> 0 772 -> 941
24607 257 0 -> 1 772 -> 941
24632 254 1 -> 0 773 -> 942
24632 255 0 -> 1 773 -> 942
24655 252 1 -> 0 774 -> 943
24655 253 0 -> 1 774 -> 943
24680 250 1 -> 0 775 -> 944
24680 251 0 -> 1 775 -> 944
24703 248 1 -> 0 776 -> 945
24703 249 0 -> 1 776 -> 945
24728 246 1 -> 0 777 -> 946
24728 247 0 -> 1 777 -> 946
24751 244 1 -> 0 778 -> 947
24751 245 0 -> 1 778 -> 947
24776 242 1 -> 0 779 -> 948
24776 243 0 -> 1 779 -> 948
24799 240 1 -> 0 780 -> 949
24799 241 0 -> 1 780 -> 949
24824 238 1 -> 0 781 -> 950
24824 239 0 -> 1 781 -> 950
24847 236 1 -> 0 782 -> 951
24847 237 0 -> 1 782 -> 951
24872 234 1 -> 0 783 -> 952
24872 235 0 -> 1 783 -> 952
24896 232 1 -> 0 784 -> 953
24896 233 0 -> 1 784 -> 953
24919 230 1 -> 0 785 -> 954
24919 231 0 -> 1 785 -> 954
24944 228 1 -> 0 786 -> 955
24944 229 0 -> 1 786 -> 955
24967 226 1 -> 0 787 -> 956
24967 227 0 -> 1 787 -> 956
24992 224 1 -> 0 788 -> 957
24992 225 0 -> 1 788 -> 957
25015 222 1 -> 0 789 -> 958
25015 223 0 -> 1 789 -> 958
25040 220 1 -> 0 790 -> 959
25040 221 0 -> 1 790 -> 959
25063 218 1 -> 0 791 -> 960
25063 219 0 -> 1 791 -> 960
25088 216 1 -> 0 792 -> 961
25088 217 0 -> 1 792 -> 961
25111 214 1 -> 0 793 -> 962
25111 215 0 -> 1 793 -> 962
25136 212 1 -> 0 794 -> 963
25136 213 0 -> 1 794 -> 963
25159 210 1 -> 0 795 -> 964
25159 211 0 -> 1 795 -> 964
25184 208 1 -> 0 796 -> 965
25184 209 0 -> 1 796 -> 965
25207 206 1 -> 0 797 -> 966
25207 207 0 -> 1 797 -> 966
25232 204 1 -> 0 798 -> 967
25232 205 0 -> 1 798 -> 967
25255 202 1 -> 0 799 -> 968
25255 203 0 -> 1 799 -> 968
25280 200 1 -> 0 800 -> 969
25280 201 0 -> 1 800 -> 969
25303 198 1 -> 0 801 -> 970
25303 199 0 -> 1 801 -> 970
25327 196 1 -> 0 802 -> 971
25327 197 0 -> 1 802 -> 971
25352 194 1 -> 0 803 -> 972
25352 195 0 -> 1 803 -> 972
25375 192 1 -> 0 804 -> 973
25375 193 0 -> 1 804 -> 973
25400 190 1 -> 0 805 -> 974
25400 191 0 -> 1 805 -> 974
25423 188 1 -> 0 806 -> 975
25423 189 0 -> 1 806 -> 975
25448 186 1 -> 0 807 -> 976
25448 187 0 -> 1 807 -> 976
25471 184 1 -> 0 808 -> 977
25471 185 0 -> 1 808 -> 977
25496 182 1 -> 0 809 -> 978
25496 183 0 -> 1 809 -> 978
25519 180 1 -> 0 810 -> 979
25519 181 0 -> 1 810 -> 979
25544 178 1 -> 0 811 -> 980
25544 179 0 -> 1 811 -> 980
25567 176 1 -> 0 812 -> 981
25567 177 0 -> 1 812 -> 981
25592 174 1 -> 0 813 -> 982
25592 175 0 -> 1 813 -> 982
25615 172 1 -> 0 814 -> 983
25615 173 0 -> 1 814 -> 983
25640 170 1 -> 0 815 -> 984
25640 171 0 -> 1 815 -> 984
25663 168 1 -> 0 816 -> 985
25663 169 0 -> 1 816 -> 985
25688 166 1 -> 0 817 -> 986
25688 167 0 -> 1 817 -> 986
25711 164 1 -> 0 818 -> 987
25711 165 0 -> 1 818 -> 987
25735 162 1 -> 0 819 -> 988
25735 163 0 -> 1 819 -> 988
25760 160 1 -> 0 820 -> 989
25760 161 0 -> 1 820 -> 989
25783 158 1 -> 0 821 -> 990
25783 159 0 -> 1 821 -> 990
25808 156 1 -> 0 822 -> 991
25808 157 0 -> 1 822 -> 991
25831 154 1 -> 0 823 -> 992
25831 155 0 -> 1 823 -> 992
25856 152 1 -> 0 824 -> 993
25856 153 0 -> 1 824 -> 993
25879 150 1 -> 0 825 -> 994
25879 151 0 -> 1 825 -> 994
25904 148 1 -> 0 826 -> 995
25904 149 0 -> 1 826 -> 995
25927 146 1 -> 0 827 -> 996
25927 147 0 -> 1 827 -> 996
25952 144 1 -> 0 828 -> 997
25952 145 0 -> 1 828 -> 997
25975 142 1 -> 0 829 -> 998
25975 143 0 -> 1 829 -> 998
26000 140 1 -> 0 830 -> 999
26000 141 0 -> 1 830 -> 999
26023 138 1 -> 0 831 -> 1000
26023 139 0 -> 1 831 -> 1000
26048 136 1 -> 0 832 -> 1001
26048 137 0 -> 1 832 -> 1001
26071 134 1 -> 0 833 -> 1002
26071 135 0 -> 1 833 -> 1002
26096 132 1 -> 0 834 -> 1003
26096 133 0 -> 1 834 -> 1003
26119 130 1 -> 0 835 -> 1004
26119 131 0 -> 1 835 -> 1004
26144 128 1 -> 0 836 -> 1005
26144 129 0 -> 1 836 -> 1005
26168 126 1 -> 0 837 -> 1006
26168 127 0 -> 1 837 -> 1006
26191 124 1 -> 0 838 -> 1007
26191 125 0 -> 1 838 -> 1007
26216 122 1 -> 0 839 -> 1008
26216 123 0 -> 1 839 -> 1008
26239 120 1 -> 0 840 -> 1009
26239 121 0 -> 1 840 -> 1009
26264 118 1 -> 0 841 -> 1010
26264 119 0 -> 1 841 -> 1010
26287 116 1 -> 0 842 -> 1011
26287 117 0 -> 1 842 -> 1011
26312 114 1 -> 0 843 -> 1012
26312 115 0 -> 1 843 -> 1012
26335 112 1 -> 0 844 -> 1013
26335 113 0 -> 1 844 -> 1013
26360 449 1 -> 0 845 -> 1014
26360 448 0 -> 1 845 -> 1014
26383 447 1 -> 0 846 -> 1015
26383 446 0 -> 1 846 -> 1015
26408 445 1 -> 0 847 -> 1016
26408 444 0 -> 1 847 -> 1016
26431 443 1 -> 0 848 -> 1017
26431 442 0 -> 1 848 -> 1017
26456 441 1 -> 0 849 -> 1018
26456 440 0 -> 1 849 -> 1018
26479 439 1 -> 0 850 -> 1019
26479 438 0 -> 1 850 -> 1019
26504 437 1 -> 0 851 -> 1020
26504 436 0 -> 1 851 -> 1020
26527 435 1 -> 0 852 -> 1021
26527 434 0 -> 1 852 -> 1021
26552 433 1 -> 0 853 -> 1022
26552 432 0 -> 1 853 -> 1022
26575 431 1 -> 0 854 -> 1023
26575 430 0 -> 1 854 -> 1023
26599 429 1 -> 0 855 -> 1024
26599 428 0 -> 1 855 -> 1024
26624 427 1 -> 0 856 -> 1025
26624 426 0 -> 1 856 -> 1025
26647 425 1 -> 0 857 -> 1026
26647 424 0 -> 1 857 -> 1026
26672 423 1 -> 0 858 -> 1027
26672 422 0 -> 1 858 -> 1027
26695 421 1 -> 0 859 -> 1028
26695 420 0 -> 1 859 -> 1028
26720 419 1 -> 0 860 -> 1029
26720 418 0 -> 1 860 -> 1029
26743 417 1 -> 0 861 -> 1030
26743 416 0 -> 1 861 -> 1030
26768 415 1 -> 0 862 -> 1031
26768 414 0 -> 1 862 -> 1031
26791 413 1 -> 0 863 -> 1032
26791 412 0 -> 1 863 -> 1032
26816 411 1 -> 0 864 -> 1033
26816 410 0 -> 1 864 -> 1033
26839 409 1 -> 0 865 -> 1034
26839 408 0 -> 1 865 -> 1034
26864 407 1 -> 0 866 -> 1035
26864 406 0 -> 1 866 -> 1035
26887 405 1 -> 0 867 -> 1036
26887 404 0 -> 1 867 -> 1036
26912 403 1 -> 0 868 -> 1037
26912 402 0 -> 1 868 -> 1037
26935 401 1 -> 0 869 -> 1038
26935 400 0 -> 1 869 -> 1038
26960 399 1 -> 0 870 -> 1039
26960 398 0 -> 1 870 -> 1039
26983 397 1 -> 0 871 -> 1040
26983 396 0 -> 1 871 -> 1040
27007 395 1 -> 0 872 -> 1041
27007 394 0 -> 1 872 -> 1041
27032 393 1 -> 0 873 -> 1042
27032 392 0 -> 1 873 -> 1042
27055 391 1 -> 0 874 -> 1043
27055 390 0 -> 1 874 -> 1043
27080 389 1 -> 0 875 -> 1044
27080 388 0 -> 1 875 -> 1044
27103 387 1 -> 0 876 -> 1045
27103 386 0 -> 1 876 -> 1045
27128 385 1 -> 0 877 -> 1046
27128 384 0 -> 1 877 -> 1046
27151 383 1 -> 0 878 -> 1047
27151 382 0 -> 1 878 -> 1047
27176 381 1 -> 0 879 -> 1048
27176 380 0 -> 1 879 -> 1048
27199 379 1 -> 0 880 -> 1049
27199 378 0 -> 1 880 -> 1049
27224 377 1 -> 0 881 -> 1050
27224 376 0 -> 1 881 -> 1050
27247 375 1 -> 0 882 -> 1051
27247 374 0 -> 1 882 -> 1051
27272 373 1 -> 0 883 -> 1052
27272 372 0 -> 1 883 -> 1052
27295 371 1 -> 0 884 -> 1053
27295 370 0 -> 1 884 -> 1053
27320 369 1 -> 0 885 -> 1054
27320 368 0 -> 1 885 -> 1054
27343 367 1 -> 0 886 -> 1055
27343 366 0 -> 1 886 -> 1055
27368 365 1 -> 0 887 -> 1056
27368 364 0 -> 1 887 -> 1056
27391 363 1 -> 0 888 -> 1057
27391 362 0 -> 1 888 -> 1057
27416 361 1 -> 0 889 -> 1058
27416 360 0 -> 1 889 -> 1058
27440 359 1 -> 0 890 -> 1059
27440 358 0 -> 1 890 -> 1059
27463 357 1 -> 0 891 -> 1060
27463 356 0 -> 1 891 -> 1060
27488 355 1 -> 0 892 -> 1061
27488 354 0 -> 1 892 -> 1061
27511 353 1 -> 0 893 -> 1062
27511 352 0 -> 1 893 -> 1062
27536 351 1 -> 0 894 -> 1063
27536 350 0 -> 1 894 -> 1063
27559 349 1 -> 0 895 -> 1064
27559 348 0 -> 1 895 -> 1064
27584 347 1 -> 0 896 -> 1065
27584 346 0 -> 1 896 -> 1065
27607 345 1 -> 0 897 -> 1066
27607 344 0 -> 1 897 -> 1066
27632 343 1 -> 0 898 -> 1067
27632 342 0 -> 1 898 -> 1067
27655 341 1 -> 0 899 -> 1068
27655 340 0 -> 1 899 -> 1068
27680 339 1 -> 0 900 -> 1069
27680 338 0 -> 1 900 -> 1069
27703 337 1 -> 0 901 -> 1070
27703 336 0 -> 1 901 -> 1070
27728 335 1 -> 0 902 -> 1071
27728 334 0 -> 1 902 -> 1071
27751 333 1 -> 0 903 -> 1072
27751 332 0 -> 1 903 -> 1072
27776 331 1 -> 0 904 -> 1073
27776 330 0 -> 1 904 -> 1073
27799 329 1 -> 0 905 -> 1074
27799 328 0 -> 1 905 -> 1074
27824 327 1 -> 0 906 -> 1075
27824 326 0 -> 1 906 -> 1075
27848 325 1 -> 0 907 -> 1076
27848 324 0 -> 1 907 -> 1076
27871 323 1 -> 0 908 -> 1077
27871 322 0 -> 1 908 -> 1077
27896 321 1 -> 0 909 -> 1078
27896 320 0 -> 1 909 -> 1078
27919 319 1 -> 0 910 -> 1079
27919 318 0 -> 1 910 -> 1079
27944 317 1 -> 0 911 -> 1080
27944 316 0 -> 1 911 -> 1080
27967 315 1 -> 0 912 -> 1081
27967 314 0 -> 1 912 -> 1081
27992 313 1 -> 0 913 -> 1082
27992 312 0 -> 1 913 -> 1082
28015 311 1 -> 0 914 -> 1083
28015 310 0 -> 1 914 -> 1083
28040 309 1 -> 0 915 -> 1084
28040 308 0 -> 1 915 -> 1084
28063 307 1 -> 0 916 -> 1085
28063 306 0 -> 1 916 -> 1085
28088 305 1 -> 0 917 -> 1086
28088 304 0 -> 1 917 -> 1086
28111 303 1 -> 0 918 -> 1087
28111 302 0 -> 1 918 -> 1087
28136 301 1 -> 0 919 -> 1088
28136 300 0 -> 1 919 -> 1088
28159 299 1 -> 0 920 -> 1089
28159 298 0 -> 1 920 -> 1089
28184 297 1 -> 0 921 -> 1090
28184 296 0 -> 1 921 -> 1090
28207 295 1 -> 0 922 -> 1091
28207 294 0 -> 1 922 -> 1091
28232 293 1 -> 0 923 -> 1092
28232 292 0 -> 1 923 -> 1092
28255 291 1 -> 0 924 -> 1093
28255 290 0 -> 1 924 -> 1093
28279 289 1 -> 0 925 -> 1094
28279 288 0 -> 1 925 -> 1094
28304 287 1 -> 0 926 -> 1095
28304 286 0 -> 1 926 -> 1095
28327 285 1 -> 0 927 -> 1096
28327 284 0 -> 1 927 -> 1096
28352 283 1 -> 0 928 -> 1097
28352 282 0 -> 1 928 -> 1097
28375 281 1 -> 0 929 -> 1098
28375 280 0 -> 1 929 -> 1098
28400 279 1 -> 0 930 -> 1099
28400 278 0 -> 1 930 -> 1099
28423 277 1 -> 0 931 -> 1100
28423 276 0 -> 1 931 -> 1100
28448 275 1 -> 0 932 -> 1101
28448 274 0 -> 1 932 -> 1101
28471 273 1 -> 0 933 -> 1102
28471 272 0 -> 1 933 -> 1102
28496 271 1 -> 0 934 -> 1103
28496 270 0 -> 1 934 -> 1103
28519 269 1 -> 0 935 -> 1104
28519 268 0 -> 1 935 -> 1104
28544 267 1 -> 0 936 -> 1105
28544 266 0 -> 1 936 -> 1105
28567 265 1 -> 0 937 -> 1106
28567 264 0 -> 1 937 -> 1106
28592 263 1 -> 0 938 -> 1107
28592 262 0 -> 1 938 -> 1107
28615 261 1 -> 0 939 -> 1108
28615 260 0 -> 1 939 -> 1108
28640 259 1 -> 0 940 -> 1109
28640 258 0 -> 1 940 -> 1109
28663 257 1 -> 0 941 -> 1110
28663 256 0 -> 1 941 -> 1110
28687 255 1 -> 0 942 -> 1111
28687 254 0 -> 1 942 -> 1111
28712 253 1 -> 0 943 -> 1112
28712 252 0 -> 1 943 -> 1112
28735 251 1 -> 0 944 -> 1113
28735 250 0 -> 1 944 -> 1113
28760 249 1 -> 0 945 -> 1114
28760 248 0 -> 1 945 -> 1114
28783 247 1 -> 0 946 -> 1115
28783 246 0 -> 1 946 -> 1115
28808 245 1 -> 0 947 -> 1116
28808 244 0 -> 1 947 -> 1116
28831 243 1 -> 0 948 -> 1117
28831 242 0 -> 1 948 -> 1117
28856 241 1 -> 0 949 -> 1118
28856 240 0 -> 1 949 -> 1118
28879 239 1 -> 0 950 -> 1119
28879 238 0 -> 1 950 -> 1119
28904 237 1 -> 0 951 -> 1120
28904 236 0 -> 1 951 -> 1120
28927 235 1 -> 0 952 -> 1121
28927 234 0 -> 1 952 -> 1121
28952 233 1 -> 0 953 -> 1122
28952 232 0 -> 1 953 -> 1122
28975 231 1 -> 0 954 -> 1123
28975 230 0 -> 1 954 -> 1123
29000 229 1 -> 0 955 -> 1124
29000 228 0 -> 1 955 -> 1124
29023 227 1 -> 0 956 -> 1125
29023 226 0 -> 1 956 -> 1125
29048 225 1 -> 0 957 -> 1126
29048 224 0 -> 1 957 -> 1126
29071 223 1 -> 0 958 -> 1127
29071 222 0 -> 1 958 -> 1127
29096 221 1 -> 0 959 -> 1128
29096 220 0 -> 1 959 -> 1128
29120 219 1 -> 0 960 -> 1129
29120 218 0 -> 1 960 -> 1129
29143 217 1 -> 0 961 -> 1130
29143 216 0 -> 1 961 -> 1130
29168 215 1 -> 0 962 -> 1131
29168 214 0 -> 1 962 -> 1131
29191 213 1 -> 0 963 -> 1132
29191 212 0 -> 1 963 -> 1132
29216 211 1 -> 0 964 -> 1133
29216 210 0 -> 1 964 -> 1133
29239 209 1 -> 0 965 -> 1134
29239 208 0 -> 1 965 -> 1134
29264 207 1 -> 0 966 -> 1135
29264 206 0 -> 1 966 -> 1135
29287 205 1 -> 0 967 -> 1136
29287 204 0 -> 1 967 -> 1136
29312 203 1 -> 0 968 -> 1137
29312 202 0 -> 1 968 -> 1137
29335 201 1 -> 0 969 -> 1138
29335 200 0 -> 1 969 -> 1138
29360 199 1 -> 0 970 -> 1139
29360 198 0 -> 1 970 -> 1139
29383 197 1 -> 0 971 -> 1140
29383 196 0 -> 1 971 -> 1140
29408 195 1 -> 0 972 -> 1141
29408 194 0 -> 1 972 -> 1141
29431 193 1 -> 0 973 -> 1142
29431 192 0 -> 1 973 -> 1142
29456 191 1 -> 0 974 -> 1143
29456 190 0 -> 1 974 -> 1143
29479 189 1 -> 0 975 -> 1144
29479 188 0 -> 1 975 -> 1144
29504 187 1 -> 0 976 -> 1145
29504 186 0 -> 1 976 -> 1145
29527 185 1 -> 0 977 -> 1146
29527 184 0 -> 1 977 -> 1146
29551 183 1 -> 0 978 -> 1147
29551 182 0 -> 1 978 -> 1147
29576 181 1 -> 0 979 -> 1148
29576 180 0 -> 1 979 -> 1148
29599 179 1 -> 0 980 -> 1149
29599 178 0 -> 1 980 -> 1149
29624 177 1 -> 0 981 -> 1150
29624 176 0 -> 1 981 -> 1150
29647 175 1 -> 0 982 -> 1151
29647 174 0 -> 1 982 -> 1151
29672 173 1 -> 0 983 -> 1152
29672 172 0 -> 1 983 -> 1152
29695 171 1 -> 0 984 -> 1153
29695 170 0 -> 1 984 -> 1153
29720 169 1 -> 0 985 -> 1154
29720 168 0 -> 1 985 -> 1154
29743 167 1 -> 0 986 -> 1155
29743 166 0 -> 1 986 -> 1155
29768 165 1 -> 0 987 -> 1156
29768 164 0 -> 1 987 -> 1156
29791 163 1 -> 0 988 -> 1157
29791 162 0 -> 1 988 -> 1157
29816 161 1 -> 0 989 -> 1158
29816 160 0 -> 1 989 -> 1158
29839 159 1 -> 0 990 -> 1159
29839 158 0 -> 1 990 -> 1159
29864 157 1 -> 0 991 -> 1160
29864 156 0 -> 1 991 -> 1160
29887 155 1 -> 0 992 -> 1161
29887 154 0 -> 1 992 -> 1161
29912 153 1 -> 0 993 -> 1162
29912 152 0 -> 1 993 -> 1162
29935 151 1 -> 0 994 -> 1163
29935 150 0 -> 1 994 -> 1163
29959 149 1 -> 0 995 -> 1164
29959 148 0 -> 1 995 -> 1164
29984 147 1 -> 0 996 -> 1165
29984 146 0 -> 1 996 -> 1165
30007 145 1 -> 0 997 -> 1166
30007 144 0 -> 1 997 -> 1166
30032 143 1 -> 0 998 -> 1167
30032 142 0 -> 1 998 -> 1167
30055 141 1 -> 0 999 -> 1168
30055 140 0 -> 1 999 -> 1168
30080 139 1 -> 0 1000 -> 1169
30080 138 0 -> 1 1000 -> 1169
30103 137 1 -> 0 1001 -> 1170
30103 136 0 -> 1 1001 -> 1170
30128 135 1 -> 0 1002 -> 1171
30128 134 0 -> 1 1002 -> 1171
30151 133 1 -> 0 1003 -> 1172
30151 132 0 -> 1 1003 -> 1172
30176 131 1 -> 0 1004 -> 1173
30176 130 0 -> 1 1004 -> 1173
30199 129 1 -> 0 1005 -> 1174
30199 128 0 -> 1 1005 -> 1174
30224 127 1 -> 0 1006 -> 1175
30224 126 0 -> 1 1006 -> 1175
30247 125 1 -> 0 1007 -> 1176
30247 124 0 -> 1 1007 -> 1176
30272 123 1 -> 0 1008 -> 1177
30272 122 0 -> 1 1008 -> 1177
30295 121 1 -> 0 1009 -> 1178
30295 120 0 -> 1 1009 -> 1178
30320 119 1 -> 0 1010 -> 1179
30320 118 0 -> 1 1010 -> 1179
30343 117 1 -> 0 1011 -> 1180
30343 116 0 -> 1 1011 -> 1180
30368 115 1 -> 0 1012 -> 1181
30368 114 0 -> 1 1012 -> 1181
30392 113 1 -> 0 1013 -> 1182
30392 112 0 -> 1 1013 -> 1182
30415 448 1 -> 0 1014 -> 1183
30415 449 0 -> 1 1014 -> 1183
30440 446 1 -> 0 1015 -> 1184
30440 447 0 -> 1 1015 -> 1184
30463 444 1 -> 0 1016 -> 1185
30463 445 0 -> 1 1016 -> 1185
30488 442 1 -> 0 1017 -> 1186
30488 443 0 -> 1 1017 -> 1186
30511 440 1 -> 0 1018 -> 1187
30511 441 0 -> 1 1018 -> 1187
30536 438 1 -> 0 1019 -> 1188
30536 439 0 -> 1 1019 -> 1188
30559 436 1 -> 0 1020 -> 1189
30559 437 0 -> 1 1020 -> 1189
30584 434 1 -> 0 1021 -> 1190
30584 435 0 -> 1 1021 -> 1190
30607 432 1 -> 0 1022 -> 1191
30607 433 0 -> 1 1022 -> 1191
30632 430 1 -> 0 1023 -> 1192
30632 431 0 -> 1 1023 -> 1192
30655 428 1 -> 0 1024 -> 1193
30655 429 0 -> 1 1024 -> 1193
30680 426 1 -> 0 1025 -> 1194
30680 427 0 -> 1 1025 -> 1194
30703 424 1 -> 0 1026 -> 1195
30703 425 0 -> 1 1026 -> 1195
30728 422 1 -> 0 1027 -> 1196
30728 423 0 -> 1 1027 -> 1196
30751 420 1 -> 0 1028 -> 1197
30751 421 0 -> 1 1028 -> 1197
30776 418 1 -> 0 1029 -> 1198
30776 419 0 -> 1 1029 -> 1198
30800 416 1 -> 0 1030 -> 1199
30800 417 0 -> 1 1030 -> 1199
30823 414 1 -> 0 1031 -> 1200
30823 415 0 -> 1 1031 -> 1200
30848 412 1 -> 0 1032 -> 1201
30848 413 0 -> 1 1032 -> 1201
30871 410 1 -> 0 1033 -> 1202
30871 411 0 -> 1 1033 -> 1202
30896 408 1 -> 0 1034 -> 1203
30896 409 0 -> 1 1034 -> 1203
30919 406 1 -> 0 1035 -> 1204
30919 407 0 -> 1 1035 -> 1204
30944 404 1 -> 0 1036 -> 1205
30944 405 0 -> 1 1036 -> 1205
30967 402 1 -> 0 1037 -> 1206
30967 403 0 -> 1 1037 -> 1206
30992 400 1 -> 0 1038 -> 1207
30992 401 0 -> 1 1038 -> 1207
31015 398 1 -> 0 1039 -> 1208
31015 399 0 -> 1 1039 -> 1208
31040 396 1 -> 0 1040 -> 1209
31040 397 0 -> 1 1040 -> 1209
31063 394 1 -> 0 1041 -> 1210
31063 395 0 -> 1 1041 -> 1210
31088 392 1 -> 0 1042 -> 1211
31088 393 0 -> 1 1042 -> 1211
31111 390 1 -> 0 1043 -> 1212
31111 391 0 -> 1 1043 -> 1212
31136 388 1 -> 0 1044 -> 1213
31136 389 0 -> 1 1044 -> 1213
31159 386 1 -> 0 1045 -> 1214
31159 387 0 -> 1 1045 -> 1214
31184 384 1 -> 0 1046 -> 1215
31184 385 0 -> 1 1046 -> 1215
31207 382 1 -> 0 1047 -> 1216
31207 383 0 -> 1 1047 -> 1216
31231 380 1 -> 0 1048 -> 1217
31231 381 0 -> 1 1048 -> 1217
31256 378 1 -> 0 1049 -> 1218
31256 379 0 -> 1 1049 -> 1218
31279 376 1 -> 0 1050 -> 1219
31279 377 0 -> 1 1050 -> 1219
31304 374 1 -> 0 1051 -> 1220
31304 375 0 -> 1 1051 -> 1220
31327 372 1 -> 0 1052 -> 1221
31327 373 0 -> 1 1052 -> 1221
31352 370 1 -> 0 1053 -> 1222
31352 371 0 -> 1 1053 -> 1222
31375 368 1 -> 0 1054 -> 1223
31375 369 0 -> 1 1054 -> 1223
31400 366 1 -> 0 1055 -> 1224
31400 367 0 -> 1 1055 -> 1224
31423 364 1 -> 0 1056 -> 1225
31423 365 0 -> 1 1056 -> 1225
31448 362 1 -> 0 1057 -> 1226
31448 363 0 -> 1 1057 -> 1226
31471 360 1 -> 0 1058 -> 1227
31471 361 0 -> 1 1058 -> 1227
31496 358 1 -> 0 1059 -> 1228
31496 359 0 -> 1 1059 -> 1228
31519 356 1 -> 0 1060 -> 1229
31519 357 0 -> 1 1060 -> 1229
31544 354 1 -> 0 1061 -> 1230
31544 355 0 -> 1 1061 -> 1230
31567 352 1 -> 0 1062 -> 1231
31567 353 0 -> 1 1062 -> 1231
31592 350 1 -> 0 1063 -> 1232
31592 351 0 -> 1 1063 -> 1232
31615 348 1 -> 0 1064 -> 1233
31615 349 0 -> 1 1064 -> 1233
31639 346 1 -> 0 1065 -> 1234
31639 347 0 -> 1 1065 -> 1234
31664 344 1 -> 0 1066 -> 1235
31664 345 0 -> 1 1066 -> 1235
31687 342 1 -> 0 1067 -> 1236
31687 343 0 -> 1 1067 -> 1236
31712 340 1 -> 0 1068 -> 1237
31712 341 0 -> 1 1068 -> 1237
31735 338 1 -> 0 1069 -> 1238
31735 339 0 -> 1 1069 -> 1238
31760 336 1 -> 0 1070 -> 1239
31760 337 0 -> 1 1070 -> 1239
31783 334 1 -> 0 1071 -> 1240
31783 335 0 -> 1 1071 -> 1240
31808 332 1 -> 0 1072 -> 1241
31808 333 0 -> 1 1072 -> 1241
31831 330 1 -> 0 1073 -> 1242
31831 331 0 -> 1 1073 -> 1242
31856 328 1 -> 0 1074 -> 1243
31856 329 0 -> 1 1074 -> 1243
31879 326 1 -> 0 1075 -> 1244
31879 327 0 -> 1 1075 -> 1244
31904 324 1 -> 0 1076 -> 1245
31904 325 0 -> 1 1076 -> 1245
31927 322 1 -> 0 1077 -> 1246
31927 323 0 -> 1 1077 -> 1246
31952 320 1 -> 0 1078 -> 1247
31952 321 0 -> 1 1078 -> 1247
31975 318 1 -> 0 1079 -> 1248
31975 319 0 -> 1 1079 -> 1248
32000 316 1 -> 0 1080 -> 1249
32000 317 0 -> 1 1080 -> 1249
32023 314 1 -> 0 1081 -> 1250
32023 315 0 -> 1 1081 -> 1250
32048 312 1 -> 0 1082 -> 1251
32048 313 0 -> 1 1082 -> 1251
32072 310 1 -> 0 1083 -> 1252
32072 311 0 -> 1 1083 -> 1252
32095 308 1 -> 0 1084 -> 1253
32095 309 0 -> 1 1084 -> 1253
32120 306 1 -> 0 1085 -> 1254
32120 307 0 -> 1 1085 -> 1254
32143 304 1 -> 0 1086 -> 1255
32143 305 0 -> 1 1086 -> 1255
32168 302 1 -> 0 1087 -> 1256
32168 303 0 -> 1 1087 -> 1256
32191 300 1 -> 0 1088 -> 1257
32191 301 0 -> 1 1088 -> 1257
32216 298 1 -> 0 1089 -> 1258
32216 299 0 -> 1 1089 -> 1258
32239 296 1 -> 0 1090 -> 1259
32239 297 0 -> 1 1090 -> 1259
32264 294 1 -> 0 1091 -> 1260
32264 295 0 -> 1 1091 -> 1260
32287 292 1 -> 0 1092 -> 1261
32287 293 0 -> 1 1092 -> 1261
32312 290 1 -> 0 1093 -> 1262
32312 291 0 -> 1 1093 -> 1262
32335 288 1 -> 0 1094 -> 1263
32335 289 0 -> 1 1094 -> 1263
32360 286 1 -> 0 1095 -> 1264
32360 287 0 -> 1 1095 -> 1264
32383 284 1 -> 0 1096 -> 1265
32383 285 0 -> 1 1096 -> 1265
32408 282 1 -> 0 1097 -> 1266
32408 283 0 -> 1 1097 -> 1266
32431 280 1 -> 0 1098 -> 1267
32431 281 0 -> 1 1098 -> 1267
32456 278 1 -> 0 1099 -> 1268
32456 279 0 -> 1 1099 -> 1268
32479 276 1 -> 0 1100 -> 1269
32479 277 0 -> 1 1100 -> 1269
32503 274 1 -> 0 1101 -> 1270
32503 275 0 -> 1 1101 -> 1270
32528 272 1 -> 0 1102 -> 1271
32528 273 0 -> 1 1102 -> 1271
32551 270 1 -> 0 1103 -> 1272
32551 271 0 -> 1 1103 -> 1272
32576 268 1 -> 0 1104 -> 1273
32576 269 0 -> 1 1104 -> 1273
32599 266 1 -> 0 1105 -> 1274
32599 267 0 -> 1 1105 -> 1274
32624 264 1 -> 0 1106 -> 1275
32624 265 0 -> 1 1106 -> 1275
32647 262 1 -> 0 1107 -> 1276
32647 263 0 -> 1 1107 -> 1276
32672 260 1 -> 0 1108 -> 1277
32672 261 0 -> 1 1108 -> 1277
32695 258 1 -> 0 1109 -> 1278
32695 259 0 -> 1 1109 -> 1278
32720 256 1 -> 0 1110 -> 1279
32720 257 0 -> 1 1110 -> 1279
32743 254 1 -> 0 1111 -> 1280
32743 255 0 -> 1 1111 -> 1280
32768 252 1 -> 0 1112 -> 1281
32768 253 0 -> 1 1112 -> 1281
32791 250 1 -> 0 1113 -> 1282
32791 251 0 -> 1 1113 -> 1282
32816 248 1 -> 0 1114 -> 1283
32816 249 0 -> 1 1114 -> 1283
32839 246 1 -> 0 1115 -> 1284
32839 247 0 -> 1 1115 -> 1284
32864 244 1 -> 0 1116 -> 1285
32864 245 0 -> 1 1116 -> 1285
32887 242 1 -> 0 1117 -> 1286
32887 243 0 -> 1 1117 -> 1286
32911 240 1 -> 0 1118 -> 1287
32911 241 0 -> 1 1118 -> 1287
32936 238 1 -> 0 1119 -> 1288
32936 239 0 -> 1 1119 -> 1288
32959 236 1 -> 0 1120 -> 1289
32959 237 0 -> 1 1120 -> 1289
32984 234 1 -> 0 1121 -> 1290
32984 235 0 -> 1 1121 -> 1290
33007 232 1 -> 0 1122 -> 1291
33007 233 0 -> 1 1122 -> 1291
33032 230 1 -> 0 1123 -> 1292
33032 231 0 -> 1 1123 -> 1292
33055 228 1 -> 0 1124 -> 1293
33055 229 0 -> 1 1124 -> 1293
33080 226 1 -> 0 1125 -> 1294
33080 227 0 -> 1 1125 -> 1294
33103 224 1 -> 0 1126 -> 1295
33103 225 0 -> 1 1126 -> 1295
33128 222 1 -> 0 1127 -> 1296
33128 223 0 -> 1 1127 -> 1296
33151 220 1 -> 0 1128 -> 1297
33151 221 0 -> 1 1128 -> 1297
33176 218 1 -> 0 1129 -> 1298
33176 219 0 -> 1 1129 -> 1298
33199 216 1 -> 0 1130 -> 1299
33199 217 0 -> 1 1130 -> 1299
33224 214 1 -> 0 1131 -> 1300
33224 215 0 -> 1 1131 -> 1300
33247 212 1 -> 0 1132 -> 1301
33247 213 0 -> 1 1132 -> 1301
33272 210 1 -> 0 1133 -> 1302
33272 211 0 -> 1 1133 -> 1302
33295 208 1 -> 0 1134 -> 1303
33295 209 0 -> 1 1134 -> 1303
33320 206 1 -> 0 1135 -> 1304
33320 207 0 -> 1 1135 -> 1304
33344 204 1 -> 0 1136 -> 1305
33344 205 0 -> 1 1136 -> 1305
33367 202 1 -> 0 1137 -> 1306
33367 203 0 -> 1 1137 -> 1306
33392 200 1 -> 0 1138 -> 1307
33392 201 0 -> 1 1138 -> 1307
33415 198 1 -> 0 1139 -> 1308
33415 199 0 -> 1 1139 -> 1308
33440 196 1 -> 0 1140 -> 1309
33440 197 0 -> 1 1140 -> 1309
33463 194 1 -> 0 1141 -> 1310
33463 195 0 -> 1 1141 -> 1310
33488 192 1 -> 0 1142 -> 1311
33488 193 0 -> 1 1142 -> 1311
33511 190 1 -> 0 1143 -> 1312
33511 191 0 -> 1 1143 -> 1312
33536 188 1 -> 0 1144 -> 1313
33536 189 0 -> 1 1144 -> 1313
33559 186 1 -> 0 1145 -> 1314
33559 187 0 -> 1 1145 -> 1314
33584 184 1 -> 0 1146 -> 1315
33584 185 0 -> 1 1146 -> 1315
33607 182 1 -> 0 1147 -> 1316
33607 183 0 -> 1 1147 -> 1316
33632 180 1 -> 0 1148 -> 1317
33632 181 0 -> 1 1148 -> 1317
33655 178 1 -> 0 1149 -> 1318
33655 179 0 -> 1 1149 -> 1318
33680 176 1 -> 0 1150 -> 1319
33680 177 0 -> 1 1150 -> 1319
33703 174 1 -> 0 1151 -> 1320
33703 175 0 -> 1 1151 -> 1320
33728 172 1 -> 0 1152 -> 1321
33728 173 0 -> 1 1152 -> 1321
33752 170 1 -> 0 1153 -> 1322
33752 171 0 -> 1 1153 -> 1322
33775 168 1 -> 0 1154 -> 1323
33775 169 0 -> 1 1154 -> 1323
33800 166 1 -> 0 1155 -> 1324
33800 167 0 -> 1 1155 -> 1324
33823 164 1 -> 0 1156 -> 1325
33823 165 0 -> 1 1156 -> 1325
33848 162 1 -> 0 1157 -> 1326
33848 163 0 -> 1 1157 -> 1326
33871 160 1 -> 0 1158 -> 1327
33871 161 0 -> 1 1158 -> 1327
33896 158 1 -> 0 1159 -> 1328
33896 159 0 -> 1 1159 -> 1328
33919 156 1 -> 0 1160 -> 1329
33919 157 0 -> 1 1160 -> 1329
33944 154 1 -> 0 1161 -> 1330
33944 155 0 -> 1 1161 -> 1330
33967 152 1 -> 0 1162 -> 1331
33967 153 0 -> 1 1162 -> 1331
33992 150 1 -> 0 1163 -> 1332
33992 151 0 -> 1 1163 -> 1332
34015 148 1 -> 0 1164 -> 1333
34015 149 0 -> 1 1164 -> 1333
34040 146 1 -> 0 1165 -> 1334
34040 147 0 -> 1 1165 -> 1334
34063 144 1 -> 0 1166 -> 1335
34063 145 0 -> 1 1166 -> 1335
34088 142 1 -> 0 1167 -> 1336
34088 143 0 -> 1 1167 -> 1336
34111 140 1 -> 0 1168 -> 1337
34111 141 0 -> 1 1168 -> 1337
34136 138 1 -> 0 1169 -> 1338
34136 139 0 -> 1 1169 -> 1338
34159 136 1 -> 0 1170 -> 1339
34159 137 0 -> 1 1170 -> 1339
34183 134 1 -> 0 1171 -> 1340
34183 135 0 -> 1 1171 -> 1340
34208 132 1 -> 0 1172 -> 1341
34208 133 0 -> 1 1172 -> 1341
34231 130 1 -> 0 1173 -> 1342
34231 131 0 -> 1 1173 -> 1342
34256 128 1 -> 0 1174 -> 1343
34256 129 0 -> 1 1174 -> 1343
34279 126 1 -> 0 1175 -> 1344
34279 127 0 -> 1 1175 -> 1344
34304 124 1 -> 0 1176 -> 1345
34304 125 0 -> 1 1176 -> 1345
34327 122 1 -> 0 1177 -> 1346
34327 123 0 -> 1 1177 -> 1346
34352 120 1 -> 0 1178 -> 1347
34352 121 0 -> 1 1178 -> 1347
34375 118 1 -> 0 1179 -> 1348
34375 119 0 -> 1 1179 -> 1348
34400 116 1 -> 0 1180 -> 1349
34400 117 0 -> 1 1180 -> 1349
34423 114 1 -> 0 1181 -> 1350
34423 115 0 -> 1 1181 -> 1350
34448 112 1 -> 0 1182 -> 1351
34448 113 0 -> 1 1182 -> 1351
34471 449 1 -> 0 1183 -> 1352
34471 448 0 -> 1 1183 -> 1352
34496 447 1 -> 0 1184 -> 1353
34496 446 0 -> 1 1184 -> 1353
34519 445 1 -> 0 1185 -> 1354
34519 444 0 -> 1 1185 -> 1354
34544 443 1 -> 0 1186 -> 1355
34544 442 0 -> 1 1186 -> 1355
34567 441 1 -> 0 1187 -> 1356
34567 440 0 -> 1 1187 -> 1356
34591 439 1 -> 0 1188 -> 1357
34591 438 0 -> 1 1188 -> 1357
34616 437 1 -> 0 1189 -> 1358
34616 436 0 -> 1 1189 -> 1358
34639 435 1 -> 0 1190 -> 1359
34639 434 0 -> 1 1190 -> 1359
34664 433 1 -> 0 1191 -> 1360
34664 432 0 -> 1 1191 -> 1360
34687 431 1 -> 0 1192 -> 1361
34687 430 0 -> 1 1192 -> 1361
34712 429 1 -> 0 1193 -> 1362
34712 428 0 -> 1 1193 -> 1362
34735 427 1 -> 0 1194 -> 1363
34735 426 0 -> 1 1194 -> 1363
34760 425 1 -> 0 1195 -> 1364
34760 424 0 -> 1 1195 -> 1364
34783 423 1 -> 0 1196 -> 1365
34783 422 0 -> 1 1196 -> 1365
34808 421 1 -> 0 1197 -> 1366
34808 420 0 -> 1 1197 -> 1366
34831 419 1 -> 0 1198 -> 1367
34831 418 0 -> 1 1198 -> 1367
34856 417 1 -> 0 1199 -> 1368
34856 416 0 -> 1 1199 -> 1368
34879 415 1 -> 0 1200 -> 1369
34879 414 0 -> 1 1200 -> 1369
34904 413 1 -> 0 1201 -> 1370
34904 412 0 -> 1 1201 -> 1370
34927 411 1 -> 0 1202 -> 1371
34927 410 0 -> 1 1202 -> 1371
34952 409 1 -> 0 1203 -> 1372
34952 408 0 -> 1 1203 -> 1372
34975 407 1 -> 0 1204 -> 1373
34975 406 0 -> 1 1204 -> 1373
35000 405 1 -> 0 1205 -> 1374
35000 404 0 -> 1 1205 -> 1374
35024 403 1 -> 0 1206 -> 1375
35024 402 0 -> 1 1206 -> 1375
35047 401 1 -> 0 1207 -> 1376
35047 400 0 -> 1 1207 -> 1376
35072 399 1 -> 0 1208 -> 1377
35072 398 0 -> 1 1208 -> 1377
35095 397 1 -> 0 1209 -> 1378
35095 396 0 -> 1 1209 -> 1378
35120 395 1 -> 0 1210 -> 1379
35120 394 0 -> 1 1210 -> 1379
35143 393 1 -> 0 1211 -> 1380
35143 392 0 -> 1 1211 -> 1380
35168 391 1 -> 0 1212 -> 1381
35168 390 0 -> 1 1212 -> 1381
35191 389 1 -> 0 1213 -> 1382
35191 388 0 -> 1 1213 -> 1382
35216 387 1 -> 0 1214 -> 1383
35216 386 0 -> 1 1214 -> 1383
35239 385 1 -> 0 1215 -> 1384
35239 384 0 -> 1 1215 -> 1384
35264 383 1 -> 0 1216 -> 1385
35264 382 0 -> 1 1216 -> 1385
35287 381 1 -> 0 1217 -> 1386
35287 380 0 -> 1 1217 -> 1386
35312 379 1 -> 0 1218 -> 1387
35312 378 0 -> 1 1218 -> 1387
35335 377 1 -> 0 1219 -> 1388
35335 376 0 -> 1 1219 -> 1388
35360 375 1 -> 0 1220 -> 1389
35360 374 0 -> 1 1220 -> 1389
35383 373 1 -> 0 1221 -> 1390
35383 372 0 -> 1 1221 -> 1390
35408 371 1 -> 0 1222 -> 1391
35408 370 0 -> 1 1222 -> 1391
35431 369 1 -> 0 1223 -> 1392
35431 368 0 -> 1 1223 -> 1392
35455 367 1 -> 0 1224 -> 1393
35455 366 0 -> 1 1224 -> 1393
35480 365 1 -> 0 1225 -> 1394
35480 364 0 -> 1 1225 -> 1394
35503 363 1 -> 0 1226 -> 1395
35503 362 0 -> 1 1226 -> 1395
35528 361 1 -> 0 1227 -> 1396
35528 360 0 -> 1 1227 -> 1396
35551 359 1 -> 0 1228 -> 1397
35551 358 0 -> 1 1228 -> 1397
35576 357 1 -> 0 1229 -> 1398
35576 356 0 -> 1 1229 -> 1398
35599 355 1 -> 0 1230 -> 1399
35599 354 0 -> 1 1230 -> 1399
35624 353 1 -> 0 1231 -> 1400
35624 352 0 -> 1 1231 -> 1400
35647 351 1 -> 0 1232 -> 1401
35647 350 0 -> 1 1232 -> 1401
35672 349 1 -> 0 1233 -> 1402
35672 348 0 -> 1 1233 -> 1402
35695 347 1 -> 0 1234 -> 1403
35695 346 0 -> 1 1234 -> 1403
35720 345 1 -> 0 1235 -> 1404
35720 344 0 -> 1 1235 -> 1404
35743 343 1 -> 0 1236 -> 1405
35743 342 0 -> 1 1236 -> 1405
35768 341 1 -> 0 1237 -> 1406
35768 340 0 -> 1 1237 -> 1406
35791 339 1 -> 0 1238 -> 1407
35791 338 0 -> 1 1238 -> 1407
35816 337 1 -> 0 1239 -> 1408
35816 336 0 -> 1 1239 -> 1408
35839 335 1 -> 0 1240 -> 1409
35839 334 0 -> 1 1240 -> 1409
35863 333 1 -> 0 1241 -> 1410
35863 332 0 -> 1 1241 -> 1410
35888 331 1 -> 0 1242 -> 1411
35888 330 0 -> 1 1242 -> 1411
35911 329 1 -> 0 1243 -> 1412
35911 328 0 -> 1 1243 -> 1412
35936 327 1 -> 0 1244 -> 1413
35936 326 0 -> 1 1244 -> 1413
35959 325 1 -> 0 1245 -> 1414
35959 324 0 -> 1 1245 -> 1414
35984 323 1 -> 0 1246 -> 1415
35984 322 0 -> 1 1246 -> 1415
36007 321 1 -> 0 1247 -> 1416
36007 320 0 -> 1 1247 -> 1416
36032 319 1 -> 0 1248 -> 1417
36032 318 0 -> 1 1248 -> 1417
36055 317 1 -> 0 1249 -> 1418
36055 316 0 -> 1 1249 -> 1418
36080 315 1 -> 0 1250 -> 1419
36080 314 0 -> 1 1250 -> 1419
36103 313 1 -> 0 1251 -> 1420
36103 312 0 -> 1 1251 -> 1420
36128 311 1 -> 0 1252 -> 1421
36128 310 0 -> 1 1252 -> 1421
36151 309 1 -> 0 1253 -> 1422
36151 308 0 -> 1 1253 -> 1422
36176 307 1 -> 0 1254 -> 1423
36176 306 0 -> 1 1254 -> 1423
36199 305 1 -> 0 1255 -> 1424
36199 304 0 -> 1 1255 -> 1424
36224 303 1 -> 0 1256 -> 1425
36224 302 0 -> 1 1256 -> 1425
36247 301 1 -> 0 1257 -> 1426
36247 300 0 -> 1 1257 -> 1426
36272 299 1 -> 0 1258 -> 1427
36272 298 0 -> 1 1258 -> 1427
36296 297 1 -> 0 1259 -> 1428
36296 296 0 -> 1 1259 -> 1428
36319 295 1 -> 0 1260 -> 1429
36319 294 0 -> 1 1260 -> 1429
36344 293 1 -> 0 1261 -> 1430
36344 292 0 -> 1 1261 -> 1430
36367 291 1 -> 0 1262 -> 1431
36367 290 0 -> 1 1262 -> 1431
36392 289 1 -> 0 1263 -> 1432
36392 288 0 -> 1 1263 -> 1432
36415 287 1 -> 0 1264 -> 1433
36415 286 0 -> 1 1264 -> 1433
36440 285 1 -> 0 1265 -> 1434
36440 284 0 -> 1 1265 -> 1434
36463 283 1 -> 0 1266 -> 1435
36463 282 0 -> 1 1266 -> 1435
36488 281 1 -> 0 1267 -> 1436
36488 280 0 -> 1 1267 -> 1436
36511 279 1 -> 0 1268 -> 1437
36511 278 0 -> 1 1268 -> 1437
36536 277 1 -> 0 1269 -> 1438
36536 276 0 -> 1 1269 -> 1438
36559 275 1 -> 0 1270 -> 1439
36559 274 0 -> 1 1270 -> 1439
36584 273 1 -> 0 1271 -> 1440
36584 272 0 -> 1 1271 -> 1440
36607 271 1 -> 0 1272 -> 1441
36607 270 0 -> 1 1272 -> 1441
36632 269 1 -> 0 1273 -> 1442
36632 268 0 -> 1 1273 -> 1442
36655 267 1 -> 0 1274 -> 1443
36655 266 0 -> 1 1274 -> 1443
36680 265 1 -> 0 1275 -> 1444
36680 264 0 -> 1 1275 -> 1444
36704 263 1 -> 0 1276 -> 1445
36704 262 0 -> 1 1276 -> 1445
36727 261 1 -> 0 1277 -> 1446
36727 260 0 -> 1 1277 -> 1446
36752 259 1 -> 0 1278 -> 1447
36752 258 0 -> 1 1278 -> 1447
36775 257 1 -> 0 1279 -> 1448
36775 256 0 -> 1 1279 -> 1448
36800 255 1 -> 0 1280 -> 1449
36800 254 0 -> 1 1280 -> 1449
36823 253 1 -> 0 1281 -> 1450
36823 252 0 -> 1 1281 -> 1450
36848 251 1 -> 0 1282 -> 1451
36848 250 0 -> 1 1282 -> 1451
36871 249 1 -> 0 1283 -> 1452
36871 248 0 -> 1 1283 -> 1452
36896 247 1 -> 0 1284 -> 1453
36896 246 0 -> 1 1284 -> 1453
36919 245 1 -> 0 1285 -> 1454
36919 244 0 -> 1 1285 -> 1454
36944 243 1 -> 0 1286 -> 1455
36944 242 0 -> 1 1286 -> 1455
36967 241 1 -> 0 1287 -> 1456
36967 240 0 -> 1 1287 -> 1456
36992 239 1 -> 0 1288 -> 1457
36992 238 0 -> 1 1288 -> 1457
37015 237 1 -> 0 1289 -> 1458
37015 236 0 -> 1 1289 -> 1458
37040 235 1 -> 0 1290 -> 1459
37040 234 0 -> 1 1290 -> 1459
37063 233 1 -> 0 1291 -> 1460
37063 232 0 -> 1 1291 -> 1460
37088 231 1 -> 0 1292 -> 1461
37088 230 0 -> 1 1292 -> 1461
37111 229 1 -> 0 1293 -> 1462
37111 228 0 -> 1 1293 -> 1462
37135 227 1 -> 0 1294 -> 1463
37135 226 0 -> 1 1294 -> 1463
37160 225 1 -> 0 1295 -> 1464
37160 224 0 -> 1 1295 -> 1464
37183 223 1 -> 0 1296 -> 1465
37183 222 0 -> 1 1296 -> 1465
37208 221 1 -> 0 1297 -> 1466
37208 220 0 -> 1 1297 -> 1466
37231 219 1 -> 0 1298 -> 1467
37231 218 0 -> 1 1298 -> 1467
37256 217 1 -> 0 1299 -> 1468
37256 216 0 -> 1 1299 -> 1468
37279 215 1 -> 0 1300 -> 1469
37279 214 0 -> 1 1300 -> 1469
37304 213 1 -> 0 1301 -> 1470
37304 212 0 -> 1 1301 -> 1470
37327 211 1 -> 0 1302 -> 1471
37327 210 0 -> 1 1302 -> 1471
37352 209 1 -> 0 1303 -> 1472
37352 208 0 -> 1 1303 -> 1472
37375 207 1 -> 0 1304 -> 1473
37375 206 0 -> 1 1304 -> 1473
37400 205 1 -> 0 1305 -> 1474
37400 204 0 -> 1 1305 -> 1474
37423 203 1 -> 0 1306 -> 1475
37423 202 0 -> 1 1306 -> 1475
37448 201 1 -> 0 1307 -> 1476
37448 200 0 -> 1 1307 -> 1476
37471 199 1 -> 0 1308 -> 1477
37471 198 0 -> 1 1308 -> 1477
37496 197 1 -> 0 1309 -> 1478
37496 196 0 -> 1 1309 -> 1478
37519 195 1 -> 0 1310 -> 1479
37519 194 0 -> 1 1310 -> 1479
37544 193 1 -> 0 1311 -> 1480
37544 192 0 -> 1 1311 -> 1480
37568 191 1 -> 0 1312 -> 1481
37568 190 0 -> 1 1312 -> 1481
37591 189 1 -> 0 1313 -> 1482
37591 188 0 -> 1 1313 -> 1482
37616 187 1 -> 0 1314 -> 1483
37616 186 0 -> 1 1314 -> 1483
37639 185 1 -> 0 1315 -> 1484
37639 184 0 -> 1 1315 -> 1484
37664 183 1 -> 0 1316 -> 1485
37664 182 0 -> 1 1316 -> 1485
37687 181 1 -> 0 1317 -> 1486
37687 180 0 -> 1 1317 -> 1486
37712 179 1 -> 0 1318 -> 1487
37712 178 0 -> 1 1318 -> 1487
37735 177 1 -> 0 1319 -> 1488
37735 176 0 -> 1 1319 -> 1488
37760 175 1 -> 0 1320 -> 1489
37760 174 0 -> 1 1320 -> 1489
37783 173 1 -> 0 1321 -> 1490
37783 172 0 -> 1 1321 -> 1490
37808 171 1 -> 0 1322 -> 1491
37808 170 0 -> 1 1322 -> 1491
37831 169 1 -> 0 1323 -> 1492
37831 168 0 -> 1 1323 -> 1492
37856 167 1 -> 0 1324 -> 1493
37856 166 0 -> 1 1324 -> 1493
37879 165 1 -> 0 1325 -> 1494
37879 164 0 -> 1 1325 -> 1494
37904 163 1 -> 0 1326 -> 1495
37904 162 0 -> 1 1326 -> 1495
37927 161 1 -> 0 1327 -> 1496
37927 160 0 -> 1 1327 -> 1496
37952 159 1 -> 0 1328 -> 1497
37952 158 0 -> 1 1328 -> 1497
37976 157 1 -> 0 1329 -> 1498
37976 156 0 -> 1 1329 -> 1498
37999 155 1 -> 0 1330 -> 1499
37999 154 0 -> 1 1330 -> 1499
38024 153 1 -> 0 1331 -> 1500
38024 152 0 -> 1 1331 -> 1500
38047 151 1 -> 0 1332 -> 1501
38047 150 0 -> 1 1332 -> 1501
38072 149 1 -> 0 1333 -> 1502
38072 148 0 -> 1 1333 -> 1502
38095 147 1 -> 0 1334 -> 1503
38095 146 0 -> 1 1334 -> 1503
38120 145 1 -> 0 1335 -> 1504
38120 144 0 -> 1 1335 -> 1504
38143 143 1 -> 0 1336 -> 1505
38143 142 0 -> 1 1336 -> 1505
38168 141 1 -> 0 1337 -> 1506
38168 140 0 -> 1 1337 -> 1506
38191 139 1 -> 0 1338 -> 1507
38191 138 0 -> 1 1338 -> 1507
38216 137 1 -> 0 1339 -> 1508
38216 136 0 -> 1 1339 -> 1508
38239 135 1 -> 0 1340 -> 1509
38239 134 0 -> 1 1340 -> 1509
38264 133 1 -> 0 1341 -> 1510
38264 132 0 -> 1 1341 -> 1510
38287 131 1 -> 0 1342 -> 1511
38287 130 0 -> 1 1342 -> 1511
38312 129 1 -> 0 1343 -> 1512
38312 128 0 -> 1 1343 -> 1512
38335 127 1 -> 0 1344 -> 1513
38335 126 0 -> 1 1344 -> 1513
38360 125 1 -> 0 1345 -> 1514
38360 124 0 -> 1 1345 -> 1514
38383 123 1 -> 0 1346 -> 1515
38383 122 0 -> 1 1346 -> 1515
38407 121 1 -> 0 1347 -> 1516
38407 120 0 -> 1 1347 -> 1516
38432 119 1 -> 0 1348 -> 1517
38432 118 0 -> 1 1348 -> 1517
38455 117 1 -> 0 1349 -> 1518
38455 116 0 -> 1 1349 -> 1518
38480 115 1 -> 0 1350 -> 1519
38480 114 0 -> 1 1350 -> 1519
38503 113 1 -> 0 1351 -> 1520
38503 112 0 -> 1 1351 -> 1520
38528 448 1 -> 0 1352 -> 1521
38528 449 0 -> 1 1352 -> 1521
38551 446 1 -> 0 1353 -> 1522
38551 447 0 -> 1 1353 -> 1522
38576 444 1 -> 0 1354 -> 1523
38576 445 0 -> 1 1354 -> 1523
38599 442 1 -> 0 1355 -> 1524
38599 443 0 -> 1 1355 -> 1524
38624 440 1 -> 0 1356 -> 1525
38624 441 0 -> 1 1356 -> 1525
38647 438 1 -> 0 1357 -> 1526
38647 439 0 -> 1 1357 -> 1526
38672 436 1 -> 0 1358 -> 1527
38672 437 0 -> 1 1358 -> 1527
38695 434 1 -> 0 1359 -> 1528
38695 435 0 -> 1 1359 -> 1528
38720 432 1 -> 0 1360 -> 1529
38720 433 0 -> 1 1360 -> 1529
38743 430 1 -> 0 1361 -> 1530
38743 431 0 -> 1 1361 -> 1530
38768 428 1 -> 0 1362 -> 1531
38768 429 0 -> 1 1362 -> 1531
38791 426 1 -> 0 1363 -> 1532
38791 427 0 -> 1 1363 -> 1532
38815 424 1 -> 0 1364 -> 1533
38815 425 0 -> 1 1364 -> 1533
38840 422 1 -> 0 1365 -> 1534
38840 423 0 -> 1 1365 -> 1534
38863 420 1 -> 0 1366 -> 1535
38863 421 0 -> 1 1366 -> 1535
38888 418 1 -> 0 1367 -> 1536
38888 419 0 -> 1 1367 -> 1536
38911 416 1 -> 0 1368 -> 1537
38911 417 0 -> 1 1368 -> 1537
38936 414 1 -> 0 1369 -> 1538
38936 415 0 -> 1 1369 -> 1538
38959 412 1 -> 0 1370 -> 1539
38959 413 0 -> 1 1370 -> 1539
38984 410 1 -> 0 1371 -> 1540
38984 411 0 -> 1 1371 -> 1540
39007 408 1 -> 0 1372 -> 1541
39007 409 0 -> 1 1372 -> 1541
39032 406 1 -> 0 1373 -> 1542
39032 407 0 -> 1 1373 -> 1542
39055 404 1 -> 0 1374 -> 1543
39055 405 0 -> 1 1374 -> 1543
39080 402 1 -> 0 1375 -> 1544
39080 403 0 -> 1 1375 -> 1544
39103 400 1 -> 0 1376 -> 1545
39103 401 0 -> 1 1376 -> 1545
39128 398 1 -> 0 1377 -> 1546
39128 399 0 -> 1 1377 -> 1546
39151 396 1 -> 0 1378 -> 1547
39151 397 0 -> 1 1378 -> 1547
39176 394 1 -> 0 1379 -> 1548
39176 395 0 -> 1 1379 -> 1548
39199 392 1 -> 0 1380 -> 1549
39199 393 0 -> 1 1380 -> 1549
39224 390 1 -> 0 1381 -> 1550
39224 391 0 -> 1 1381 -> 1550
39248 388 1 -> 0 1382 -> 1551
39248 389 0 -> 1 1382 -> 1551
39271 386 1 -> 0 1383 -> 1552
39271 387 0 -> 1 1383 -> 1552
39296 384 1 -> 0 1384 -> 1553
39296 385 0 -> 1 1384 -> 1553
39319 382 1 -> 0 1385 -> 1554
39319 383 0 -> 1 1385 -> 1554
39344 380 1 -> 0 1386 -> 1555
39344 381 0 -> 1 1386 -> 1555
39367 378 1 -> 0 1387 -> 1556
39367 379 0 -> 1 1387 -> 1556
39392 376 1 -> 0 1388 -> 1557
39392 377 0 -> 1 1388 -> 1557
39415 374 1 -> 0 1389 -> 1558
39415 375 0 -> 1 1389 -> 1558
39440 372 1 -> 0 1390 -> 1559
39440 373 0 -> 1 1390 -> 1559
39463 370 1 -> 0 1391 -> 1560
39463 371 0 -> 1 1391 -> 1560
39488 368 1 -> 0 1392 -> 1561
39488 369 0 -> 1 1392 -> 1561
39511 366 1 -> 0 1393 -> 1562
39511 367 0 -> 1 1393 -> 1562
39536 364 1 -> 0 1394 -> 1563
39536 365 0 -> 1 1394 -> 1563
39559 362 1 -> 0 1395 -> 1564
39559 363 0 -> 1 1395 -> 1564
39584 360 1 -> 0 1396 -> 1565
39584 361 0 -> 1 1396 -> 1565
39607 358 1 -> 0 1397 -> 1566
39607 359 0 -> 1 1397 -> 1566
39632 356 1 -> 0 1398 -> 1567
39632 357 0 -> 1 1398 -> 1567
39656 354 1 -> 0 1399 -> 1568
39656 355 0 -> 1 1399 -> 1568
39679 352 1 -> 0 1400 -> 1569
39679 353 0 -> 1 1400 -> 1569
39704 350 1 -> 0 1401 -> 1570
39704 351 0 -> 1 1401 -> 1570
39727 348 1 -> 0 1402 -> 1571
39727 349 0 -> 1 1402 -> 1571
39752 346 1 -> 0 1403 -> 1572
39752 347 0 -> 1 1403 -> 1572
39775 344 1 -> 0 1404 -> 1573
39775 345 0 -> 1 1404 -> 1573
39800 342 1 -> 0 1405 -> 1574
39800 343 0 -> 1 1405 -> 1574
39823 340 1 -> 0 1406 -> 1575
39823 341 0 -> 1 1406 -> 1575
39848 338 1 -> 0 1407 -> 1576
39848 339 0 -> 1 1407 -> 1576
39871 336 1 -> 0 1408 -> 1577
39871 337 0 -> 1 1408 -> 1577
39896 334 1 -> 0 1409 -> 1578
39896 335 0 -> 1 1409 -> 1578
39919 332 1 -> 0 1410 -> 1579
39919 333 0 -> 1 1410 -> 1579
39944 330 1 -> 0 1411 -> 1580
39944 331 0 -> 1 1411 -> 1580
39967 328 1 -> 0 1412 -> 1581
39967 329 0 -> 1 1412 -> 1581
39992 326 1 -> 0 1413 -> 1582
39992 327 0 -> 1 1413 -> 1582
40015 324 1 -> 0 1414 -> 1583
40015 325 0 -> 1 1414 -> 1583
40040 322 1 -> 0 1415 -> 1584
40040 323 0 -> 1 1415 -> 1584
40063 320 1 -> 0 1416 -> 1585
40063 321 0 -> 1 1416 -> 1585
40087 318 1 -> 0 1417 -> 1586
40087 319 0 -> 1 1417 -> 1586
40112 316 1 -> 0 1418 -> 1587
40112 317 0 -> 1 1418 -> 1587
40135 314 1 -> 0 1419 -> 1588
40135 315 0 -> 1 1419 -> 1588
40160 312 1 -> 0 1420 -> 1589
40160 313 0 -> 1 1420 -> 1589
40183 310 1 -> 0 1421 -> 1590
40183 311 0 -> 1 1421 -> 1590
40208 308 1 -> 0 1422 -> 1591
40208 309 0 -> 1 1422 -> 1591
40231 306 1 -> 0 1423 -> 1592
40231 307 0 -> 1 1423 -> 1592
40256 304 1 -> 0 1424 -> 1593
40256 305 0 -> 1 1424 -> 1593
40279 302 1 -> 0 1425 -> 1594
40279 303 0 -> 1 1425 -> 1594
40304 300 1 -> 0 1426 -> 1595
40304 301 0 -> 1 1426 -> 1595
40327 298 1 -> 0 1427 -> 1596
40327 299 0 -> 1 1427 -> 1596
40352 296 1 -> 0 1428 -> 1597
40352 297 0 -> 1 1428 -> 1597
40375 294 1 -> 0 1429 -> 1598
40375 295 0 -> 1 1429 -> 1598
40400 292 1 -> 0 1430 -> 1599
40400 293 0 -> 1 1430 -> 1599
40423 290 1 -> 0 1431 -> 1600
40423 291 0 -> 1 1431 -> 1600
40448 288 1 -> 0 1432 -> 1601
40448 289 0 -> 1 1432 -> 1601
40471 286 1 -> 0 1433 -> 1602
40471 287 0 -> 1 1433 -> 1602
40496 284 1 -> 0 1434 -> 1603
40496 285 0 -> 1 1434 -> 1603
40520 282 1 -> 0 1435 -> 1604
40520 283 0 -> 1 1435 -> 1604
40543 280 1 -> 0 1436 -> 1605
40543 281 0 -> 1 1436 -> 1605
40568 278 1 -> 0 1437 -> 1606
40568 279 0 -> 1 1437 -> 1606
40591 276 1 -> 0 1438 -> 1607
40591 277 0 -> 1 1438 -> 1607
40616 274 1 -> 0 1439 -> 1608
40616 275 0 -> 1 1439 -> 1608
40639 272 1 -> 0 1440 -> 1609
40639 273 0 -> 1 1440 -> 1609
40664 270 1 -> 0 1441 -> 1610
40664 271 0 -> 1 1441 -> 1610
40687 268 1 -> 0 1442 -> 1611
40687 269 0 -> 1 1442 -> 1611
40712 266 1 -> 0 1443 -> 1612
40712 267 0 -> 1 1443 -> 1612
40735 264 1 -> 0 1444 -> 1613
40735 265 0 -> 1 1444 -> 1613
40760 262 1 -> 0 1445 -> 1614
40760 263 0 -> 1 1445 -> 1614
40783 260 1 -> 0 1446 -> 1615
40783 261 0 -> 1 1446 -> 1615
40808 258 1 -> 0 1447 -> 1616
40808 259 0 -> 1 1447 -> 1616
40831 256 1 -> 0 1448 -> 1617
40831 257 0 -> 1 1448 -> 1617
40856 254 1 -> 0 1449 -> 1618
40856 255 0 -> 1 1449 -> 1618
40879 252 1 -> 0 1450 -> 1619
40879 253 0 -> 1 1450 -> 1619
40904 250 1 -> 0 1451 -> 1620
40904 251 0 -> 1 1451 -> 1620
40928 248 1 -> 0 1452 -> 1621
40928 249 0 -> 1 1452 -> 1621
40951 246 1 -> 0 1453 -> 1622
40951 247 0 -> 1 1453 -> 1622
40976 244 1 -> 0 1454 -> 1623
40976 245 0 -> 1 1454 -> 1623
40999 242 1 -> 0 1455 -> 1624
40999 243 0 -> 1 1455 -> 1624
41024 240 1 -> 0 1456 -> 1625
41024 241 0 -> 1 1456 -> 1625
41047 238 1 -> 0 1457 -> 1626
41047 239 0 -> 1 1457 -> 1626
41072 236 1 -> 0 1458 -> 1627
41072 237 0 -> 1 1458 -> 1627
41095 234 1 -> 0 1459 -> 1628
41095 235 0 -> 1 1459 -> 1628
41120 232 1 -> 0 1460 -> 1629
41120 233 0 -> 1 1460 -> 1629
41143 230 1 -> 0 1461 -> 1630
41143 231 0 -> 1 1461 -> 1630
41168 228 1 -> 0 1462 -> 1631
41168 229 0 -> 1 1462 -> 1631
41191 226 1 -> 0 1463 -> 1632
41191 227 0 -> 1 1463 -> 1632
41216 224 1 -> 0 1464 -> 1633
41216 225 0 -> 1 1464 -> 1633
41239 222 1 -> 0 1465 -> 1634
41239 223 0 -> 1 1465 -> 1634
41264 220 1 -> 0 1466 -> 1635
41264 221 0 -> 1 1466 -> 1635
41287 218 1 -> 0 1467 -> 1636
41287 219 0 -> 1 1467 -> 1636
41312 216 1 -> 0 1468 -> 1637
41312 217 0 -> 1 1468 -> 1637
41335 214 1 -> 0 1469 -> 1638
41335 215 0 -> 1 1469 -> 1638
41359 212 1 -> 0 1470 -> 1639
41359 213 0 -> 1 1470 -> 1639
41384 210 1 -> 0 1471 -> 1640
41384 211 0 -> 1 1471 -> 1640
41407 208 1 -> 0 1472 -> 1641
41407 209 0 -> 1 1472 -> 1641
41432 206 1 -> 0 1473 -> 1642
41432 207 0 -> 1 1473 -> 1642
41455 204 1 -> 0 1474 -> 1643
41455 205 0 -> 1 1474 -> 1643
41480 202 1 -> 0 1475 -> 1644
41480 203 0 -> 1 1475 -> 1644
41503 200 1 -> 0 1476 -> 1645
41503 201 0 -> 1 1476 -> 1645
41528 198 1 -> 0 1477 -> 1646
41528 199 0 -> 1 1477 -> 1646
41551 196 1 -> 0 1478 -> 1647
41551 197 0 -> 1 1478 -> 1647
41576 194 1 -> 0 1479 -> 1648
41576 195 0 -> 1 1479 -> 1648
41599 192 1 -> 0 1480 -> 1649
41599 193 0 -> 1 1480 -> 1649
41624 190 1 -> 0 1481 -> 1650
41624 191 0 -> 1 1481 -> 1650
41647 188 1 -> 0 1482 -> 1651
41647 189 0 -> 1 1482 -> 1651
41672 186 1 -> 0 1483 -> 1652
41672 187 0 -> 1 1483 -> 1652
41695 184 1 -> 0 1484 -> 1653
41695 185 0 -> 1 1484 -> 1653
41720 182 1 -> 0 1485 -> 1654
41720 183 0 -> 1 1485 -> 1654
41743 180 1 -> 0 1486 -> 1655
41743 181 0 -> 1 1486 -> 1655
41767 178 1 -> 0 1487 -> 1656
41767 179 0 -> 1 1487 -> 1656
41792 176 1 -> 0 1488 -> 1657
41792 177 0 -> 1 1488 -> 1657
41815 174 1 -> 0 1489 -> 1658
41815 175 0 -> 1 1489 -> 1658
41840 172 1 -> 0 1490 -> 1659
41840 173 0 -> 1 1490 -> 1659
41863 170 1 -> 0 1491 -> 1660
41863 171 0 -> 1 1491 -> 1660
41888 168 1 -> 0 1492 -> 1661
41888 169 0 -> 1 1492 -> 1661
41911 166 1 -> 0 1493 -> 1662
41911 167 0 -> 1 1493 -> 1662
41936 164 1 -> 0 1494 -> 1663
41936 165 0 -> 1 1494 -> 1663
41959 162 1 -> 0 1495 -> 1664
41959 163 0 -> 1 1495 -> 1664
41984 160 1 -> 0 1496 -> 1665
41984 161 0 -> 1 1496 -> 1665
42007 158 1 -> 0 1497 -> 1666
42007 159 0 -> 1 1497 -> 1666
42032 156 1 -> 0 1498 -> 1667
42032 157 0 -> 1 1498 -> 1667
42055 154 1 -> 0 1499 -> 1668
42055 155 0 -> 1 1499 -> 1668
42080 152 1 -> 0 1500 -> 1669
42080 153 0 -> 1 1500 -> 1669
42103 150 1 -> 0 1501 -> 1670
42103 151 0 -> 1 1501 -> 1670
42128 148 1 -> 0 1502 -> 1671
42128 149 0 -> 1 1502 -> 1671
42151 146 1 -> 0 1503 -> 1672
42151 147 0 -> 1 1503 -> 1672
42176 144 1 -> 0 1504 -> 1673
42176 145 0 -> 1 1504 -> 1673
42200 142 1 -> 0 1505 -> 1674
42200 143 0 -> 1 1505 -> 1674
42223 140 1 -> 0 1506 -> 1675
42223 141 0 -> 1 1506 -> 1675
42248 138 1 -> 0 1507 -> 1676
42248 139 0 -> 1 1507 -> 1676
42271 136 1 -> 0 1508 -> 1677
42271 137 0 -> 1 1508 -> 1677
42296 134 1 -> 0 1509 -> 1678
42296 135 0 -> 1 1509 -> 1678
42319 132 1 -> 0 1510 -> 1679
42319 133 0 -> 1 1510 -> 1679
42344 130 1 -> 0 1511 -> 1680
42344 131 0 -> 1 1511 -> 1680
42367 128 1 -> 0 1512 -> 1681
42367 129 0 -> 1 1512 -> 1681
42392 126 1 -> 0 1513 -> 1682
42392 127 0 -> 1 1513 -> 1682
42415 124 1 -> 0 1514 -> 1683
42415 125 0 -> 1 1514 -> 1683
42440 122 1 -> 0 1515 -> 1684
42440 123 0 -> 1 1515 -> 1684
42463 120 1 -> 0 1516 -> 1685
42463 121 0 -> 1 1516 -> 1685
42488 118 1 -> 0 1517 -> 1686
42488 119 0 -> 1 1517 -> 1686
42511 116 1 -> 0 1518 -> 1687
42511 117 0 -> 1 1518 -> 1687
42536 114 1 -> 0 1519 -> 1688
42536 115 0 -> 1 1519 -> 1688
42559 112 1 -> 0 1520 -> 1689
42559 113 0 -> 1 1520 -> 1689
42584 449 1 -> 0 1521 -> 1690
42584 448 0 -> 1 1521 -> 1690
42608 447 1 -> 0 1522 -> 1691
42608 446 0 -> 1 1522 -> 1691
42631 445 1 -> 0 1523 -> 1692
42631 444 0 -> 1 1523 -> 1692
42656 443 1 -> 0 1524 -> 1693
42656 442 0 -> 1 1524 -> 1693
42679 441 1 -> 0 1525 -> 1694
42679 440 0 -> 1 1525 -> 1694
42704 439 1 -> 0 1526 -> 1695
42704 438 0 -> 1 1526 -> 1695
42727 437 1 -> 0 1527 -> 1696
42727 436 0 -> 1 1527 -> 1696
42752 435 1 -> 0 1528 -> 1697
42752 434 0 -> 1 1528 -> 1697
42775 433 1 -> 0 1529 -> 1698
42775 432 0 -> 1 1529 -> 1698
42800 431 1 -> 0 1530 -> 1699
42800 430 0 -> 1 1530 -> 1699
42823 429 1 -> 0 1531 -> 1700
42823 428 0 -> 1 1531 -> 1700
42848 427 1 -> 0 1532 -> 1701
42848 426 0 -> 1 1532 -> 1701
42871 425 1 -> 0 1533 -> 1702
42871 424 0 -> 1 1533 -> 1702
42896 423 1 -> 0 1534 -> 1703
42896 422 0 -> 1 1534 -> 1703
42919 421 1 -> 0 1535 -> 1704
42919 420 0 -> 1 1535 -> 1704
42944 419 1 -> 0 1536 -> 1705
42944 418 0 -> 1 1536 -> 1705
42967 417 1 -> 0 1537 -> 1706
42967 416 0 -> 1 1537 -> 1706
42992 415 1 -> 0 1538 -> 1707
42992 414 0 -> 1 1538 -> 1707
43015 413 1 -> 0 1539 -> 1708
43015 412 0 -> 1 1539 -> 1708
43039 411 1 -> 0 1540 -> 1709
43039 410 0 -> 1 1540 -> 1709
43064 409 1 -> 0 1541 -> 1710
43064 408 0 -> 1 1541 -> 1710
43087 407 1 -> 0 1542 -> 1711
43087 406 0 -> 1 1542 -> 1711
43112 405 1 -> 0 1543 -> 1712
43112 404 0 -> 1 1543 -> 1712
43135 403 1 -> 0 1544 -> 1713
43135 402 0 -> 1 1544 -> 1713
43160 401 1 -> 0 1545 -> 1714
43160 400 0 -> 1 1545 -> 1714
43183 399 1 -> 0 1546 -> 1715
43183 398 0 -> 1 1546 -> 1715
43208 397 1 -> 0 1547 -> 1716
43208 396 0 -> 1 1547 -> 1716
43231 395 1 -> 0 1548 -> 1717
43231 394 0 -> 1 1548 -> 1717
43256 393 1 -> 0 1549 -> 1718
43256 392 0 -> 1 1549 -> 1718
43279 391 1 -> 0 1550 -> 1719
43279 390 0 -> 1 1550 -> 1719
43304 389 1 -> 0 1551 -> 1720
43304 388 0 -> 1 1551 -> 1720
43327 387 1 -> 0 1552 -> 1721
43327 386 0 -> 1 1552 -> 1721
43352 385 1 -> 0 1553 -> 1722
43352 384 0 -> 1 1553 -> 1722
43375 383 1 -> 0 1554 -> 1723
43375 382 0 -> 1 1554 -> 1723
43400 381 1 -> 0 1555 -> 1724
43400 380 0 -> 1 1555 -> 1724
43423 379 1 -> 0 1556 -> 1725
43423 378 0 -> 1 1556 -> 1725
43448 377 1 -> 0 1557 -> 1726
43448 376 0 -> 1 1557 -> 1726
43472 375 1 -> 0 1558 -> 1727
43472 374 0 -> 1 1558 -> 1727
43495 373 1 -> 0 1559 -> 1728
43495 372 0 -> 1 1559 -> 1728
43520 371 1 -> 0 1560 -> 1729
43520 370 0 -> 1 1560 -> 1729
43543 369 1 -> 0 1561 -> 1730
43543 368 0 -> 1 1561 -> 1730
43568 367 1 -> 0 1562 -> 1731
43568 366 0 -> 1 1562 -> 1731
43591 365 1 -> 0 1563 -> 1732
43591 364 0 -> 1 1563 -> 1732
43616 363 1 -> 0 1564 -> 1733
43616 362 0 -> 1 1564 -> 1733
43639 361 1 -> 0 1565 -> 1734
43639 360 0 -> 1 1565 -> 1734
43664 359 1 -> 0 1566 -> 1735
43664 358 0 -> 1 1566 -> 1735
43687 357 1 -> 0 1567 -> 1736
43687 356 0 -> 1 1567 -> 1736
43712 355 1 -> 0 1568 -> 1737
43712 354 0 -> 1 1568 -> 1737
43735 353 1 -> 0 1569 -> 1738
43735 352 0 -> 1 1569 -> 1738
43760 351 1 -> 0 1570 -> 1739
43760 350 0 -> 1 1570 -> 1739
43783 349 1 -> 0 1571 -> 1740
43783 348 0 -> 1 1571 -> 1740
43808 347 1 -> 0 1572 -> 1741
43808 346 0 -> 1 1572 -> 1741
43831 345 1 -> 0 1573 -> 1742
43831 344 0 -> 1 1573 -> 1742
43856 343 1 -> 0 1574 -> 1743
43856 342 0 -> 1 1574 -> 1743
43880 341 1 -> 0 1575 -> 1744
43880 340 0 -> 1 1575 -> 1744
43903 339 1 -> 0 1576 -> 1745
43903 338 0 -> 1 1576 -> 1745
43928 337 1 -> 0 1577 -> 1746
43928 336 0 -> 1 1577 -> 1746
43951 335 1 -> 0 1578 -> 1747
43951 334 0 -> 1 1578 -> 1747
43976 333 1 -> 0 1579 -> 1748
43976 332 0 -> 1 1579 -> 1748
43999 331 1 -> 0 1580 -> 1749
43999 330 0 -> 1 1580 -> 1749
44024 329 1 -> 0 1581 -> 1750
44024 328 0 -> 1 1581 -> 1750
44047 327 1 -> 0 1582 -> 1751
44047 326 0 -> 1 1582 -> 1751
44072 325 1 -> 0 1583 -> 1752
44072 324 0 -> 1 1583 -> 1752
44095 323 1 -> 0 1584 -> 1753
44095 322 0 -> 1 1584 -> 1753
44120 321 1 -> 0 1585 -> 1754
44120 320 0 -> 1 1585 -> 1754
44143 319 1 -> 0 1586 -> 1755
44143 318 0 -> 1 1586 -> 1755
44168 317 1 -> 0 1587 -> 1756
44168 316 0 -> 1 1587 -> 1756
44191 315 1 -> 0 1588 -> 1757
44191 314 0 -> 1 1588 -> 1757
44216 313 1 -> 0 1589 -> 1758
44216 312 0 -> 1 1589 -> 1758
44239 311 1 -> 0 1590 -> 1759
44239 310 0 -> 1 1590 -> 1759
44264 309 1 -> 0 1591 -> 1760
44264 308 0 -> 1 1591 -> 1760
44287 307 1 -> 0 1592 -> 1761
44287 306 0 -> 1 1592 -> 1761
44311 305 1 -> 0 1593 -> 1762
44311 304 0 -> 1 1593 -> 1762
44336 303 1 -> 0 1594 -> 1763
44336 302 0 -> 1 1594 -> 1763
44359 301 1 -> 0 1595 -> 1764
44359 300 0 -> 1 1595 -> 1764
44384 299 1 -> 0 1596 -> 1765
44384 298 0 -> 1 1596 -> 1765
44407 297 1 -> 0 1597 -> 1766
44407 296 0 -> 1 1597 -> 1766
44432 295 1 -> 0 1598 -> 1767
44432 294 0 -> 1 1598 -> 1767
44455 293 1 -> 0 1599 -> 1768
44455 292 0 -> 1 1599 -> 1768
44480 291 1 -> 0 1600 -> 1769
44480 290 0 -> 1 1600 -> 1769
44503 289 1 -> 0 1601 -> 1770
44503 288 0 -> 1 1601 -> 1770
44528 287 1 -> 0 1602 -> 1771
44528 286 0 -> 1 1602 -> 1771
44551 285 1 -> 0 1603 -> 1772
44551 284 0 -> 1 1603 -> 1772
44576 283 1 -> 0 1604 -> 1773
44576 282 0 -> 1 1604 -> 1773
44599 281 1 -> 0 1605 -> 1774
44599 280 0 -> 1 1605 -> 1774
44624 279 1 -> 0 1606 -> 1775
44624 278 0 -> 1 1606 -> 1775
44647 277 1 -> 0 1607 -> 1776
44647 276 0 -> 1 1607 -> 1776
44672 275 1 -> 0 1608 -> 1777
44672 274 0 -> 1 1608 -> 1777
44695 273 1 -> 0 1609 -> 1778
44695 272 0 -> 1 1609 -> 1778
44719 271 1 -> 0 1610 -> 1779
44719 270 0 -> 1 1610 -> 1779
44744 269 1 -> 0 1611 -> 1780
44744 268 0 -> 1 1611 -> 1780
44767 267 1 -> 0 1612 -> 1781
44767 266 0 -> 1 1612 -> 1781
44792 265 1 -> 0 1613 -> 1782
44792 264 0 -> 1 1613 -> 1782
44815 263 1 -> 0 1614 -> 1783
44815 262 0 -> 1 1614 -> 1783
44840 261 1 -> 0 1615 -> 1784
44840 260 0 -> 1 1615 -> 1784
44863 259 1 -> 0 1616 -> 1785
44863 258 0 -> 1 1616 -> 1785
44888 257 1 -> 0 1617 -> 1786
44888 256 0 -> 1 1617 -> 1786
44911 255 1 -> 0 1618 -> 1787
44911 254 0 -> 1 1618 -> 1787
44936 253 1 -> 0 1619 -> 1788
44936 252 0 -> 1 1619 -> 1788
44959 251 1 -> 0 1620 -> 1789
44959 250 0 -> 1 1620 -> 1789
44984 249 1 -> 0 1621 -> 1790
44984 248 0 -> 1 1621 -> 1790
45007 247 1 -> 0 1622 -> 1791
45007 246 0 -> 1 1622 -> 1791
45032 245 1 -> 0 1623 -> 1792
45032 244 0 -> 1 1623 -> 1792
45055 243 1 -> 0 1624 -> 1793
45055 242 0 -> 1 1624 -> 1793
45080 241 1 -> 0 1625 -> 1794
45080 240 0 -> 1 1625 -> 1794
45103 239 1 -> 0 1626 -> 1795
45103 238 0 -> 1 1626 -> 1795
45128 237 1 -> 0 1627 -> 1796
45128 236 0 -> 1 1627 -> 1796
45152 235 1 -> 0 1628 -> 1797
45152 234 0 -> 1 1628 -> 1797
45175 233 1 -> 0 1629 -> 1798
45175 232 0 -> 1 1629 -> 1798
45200 231 1 -> 0 1630 -> 1799
45200 230 0 -> 1 1630 -> 1799
45223 229 1 -> 0 1631 -> 1800
45223 228 0 -> 1 1631 -> 1800
45248 227 1 -> 0 1632 -> 1801
45248 226 0 -> 1 1632 -> 1801
45271 225 1 -> 0 1633 -> 1802
45271 224 0 -> 1 1633 -> 1802
45296 223 1 -> 0 1634 -> 1803
45296 222 0 -> 1 1634 -> 1803
45319 221 1 -> 0 1635 -> 1804
45319 220 0 -> 1 1635 -> 1804
45344 219 1 -> 0 1636 -> 1805
45344 218 0 -> 1 1636 -> 1805
45367 217 1 -> 0 1637 -> 1806
45367 216 0 -> 1 1637 -> 1806
45392 215 1 -> 0 1638 -> 1807
45392 214 0 -> 1 1638 -> 1807
45415 213 1 -> 0 1639 -> 1808
45415 212 0 -> 1 1639 -> 1808
45440 211 1 -> 0 1640 -> 1809
45440 210 0 -> 1 1640 -> 1809
45463 209 1 -> 0 1641 -> 1810
45463 208 0 -> 1 1641 -> 1810
45488 207 1 -> 0 1642 -> 1811
45488 206 0 -> 1 1642 -> 1811
45511 205 1 -> 0 1643 -> 1812
45511 204 0 -> 1 1643 -> 1812
45536 203 1 -> 0 1644 -> 1813
45536 202 0 -> 1 1644 -> 1813
45560 201 1 -> 0 1645 -> 1814
45560 200 0 -> 1 1645 -> 1814
45583 199 1 -> 0 1646 -> 1815
45583 198 0 -> 1 1646 -> 1815
45608 197 1 -> 0 1647 -> 1816
45608 196 0 -> 1 1647 -> 1816
45631 195 1 -> 0 1648 -> 1817
45631 194 0 -> 1 1648 -> 1817
45656 193 1 -> 0 1649 -> 1818
45656 192 0 -> 1 1649 -> 1818
45679 191 1 -> 0 1650 -> 1819
45679 190 0 -> 1 1650 -> 1819
45704 189 1 -> 0 1651 -> 1820
45704 188 0 -> 1 1651 -> 1820
45727 187 1 -> 0 1652 -> 1821
45727 186 0 -> 1 1652 -> 1821
45752 185 1 -> 0 1653 -> 1822
45752 184 0 -> 1 1653 -> 1822
45775 183 1 -> 0 1654 -> 1823
45775 182 0 -> 1 1654 -> 1823
45800 181 1 -> 0 1655 -> 1824
45800 180 0 -> 1 1655 -> 1824
45823 179 1 -> 0 1656 -> 1825
45823 178 0 -> 1 1656 -> 1825
45848 177 1 -> 0 1657 -> 1826
45848 176 0 -> 1 1657 -> 1826
45871 175 1 -> 0 1658 -> 1827
45871 174 0 -> 1 1658 -> 1827
45896 173 1 -> 0 1659 -> 1828
45896 172 0 -> 1 1659 -> 1828
45919 171 1 -> 0 1660 -> 1829
45919 170 0 -> 1 1660 -> 1829
45944 169 1 -> 0 1661 -> 1830
45944 168 0 -> 1 1661 -> 1830
45967 167 1 -> 0 1662 -> 1831
45967 166 0 -> 1 1662 -> 1831
45991 165 1 -> 0 1663 -> 1832
45991 164 0 -> 1 1663 -> 1832
46016 163 1 -> 0 1664 -> 1833
46016 162 0 -> 1 1664 -> 1833
46039 161 1 -> 0 1665 -> 1834
46039 160 0 -> 1 1665 -> 1834
46064 159 1 -> 0 1666 -> 1835
46064 158 0 -> 1 1666 -> 1835
46087 157 1 -> 0 1667 -> 1836
46087 156 0 -> 1 1667 -> 1836
46112 155 1 -> 0 1668 -> 1837
46112 154 0 -> 1 1668 -> 1837
46135 153 1 -> 0 1669 -> 1838
46135 152 0 -> 1 1669 -> 1838
46160 151 1 -> 0 1670 -> 1839
46160 150 0 -> 1 1670 -> 1839
46183 149 1 -> 0 1671 -> 1840
46183 148 0 -> 1 1671 -> 1840
46208 147 1 -> 0 1672 -> 1841
46208 146 0 -> 1 1672 -> 1841
46231 145 1 -> 0 1673 -> 1842
46231 144 0 -> 1 1673 -> 1842
46256 143 1 -> 0 1674 -> 1843
46256 142 0 -> 1 1674 -> 1843
46279 141 1 -> 0 1675 -> 1844
46279 140 0 -> 1 1675 -> 1844
46304 139 1 -> 0 1676 -> 1845
46304 138 0 -> 1 1676 -> 1845
46327 137 1 -> 0 1677 -> 1846
46327 136 0 -> 1 1677 -> 1846
46352 135 1 -> 0 1678 -> 1847
46352 134 0 -> 1 1678 -> 1847
46375 133 1 -> 0 1679 -> 1848
46375 132 0 -> 1 1679 -> 1848
46400 131 1 -> 0 1680 -> 1849
46400 130 0 -> 1 1680 -> 1849
46424 129 1 -> 0 1681 -> 1850
46424 128 0 -> 1 1681 -> 1850
46447 127 1 -> 0 1682 -> 1851
46447 126 0 -> 1 1682 -> 1851
46472 125 1 -> 0 1683 -> 1852
46472 124 0 -> 1 1683 -> 1852
46495 123 1 -> 0 1684 -> 1853
46495 122 0 -> 1 1684 -> 1853
46520 121 1 -> 0 1685 -> 1854
46520 120 0 -> 1 1685 -> 1854
46543 119 1 -> 0 1686 -> 1855
46543 118 0 -> 1 1686 -> 1855
46568 117 1 -> 0 1687 -> 1856
46568 116 0 -> 1 1687 -> 1856
46591 115 1 -> 0 1688 -> 1857
46591 114 0 -> 1 1688 -> 1857
46616 113 1 -> 0 1689 -> 1858
46616 112 0 -> 1 1689 -> 1858
46639 448 1 -> 0 1690 -> 1859
46639 449 0 -> 1 1690 -> 1859
46664 446 1 -> 0 1691 -> 1860
46664 447 0 -> 1 1691 -> 1860
46687 444 1 -> 0 1692 -> 1861
46687 445 0 -> 1 1692 -> 1861
46712 442 1 -> 0 1693 -> 1862
46712 443 0 -> 1 1693 -> 1862
46735 440 1 -> 0 1694 -> 1863
46735 441 0 -> 1 1694 -> 1863
46760 438 1 -> 0 1695 -> 1864
46760 439 0 -> 1 1695 -> 1864
46783 436 1 -> 0 1696 -> 1865
46783 437 0 -> 1 1696 -> 1865
46808 434 1 -> 0 1697 -> 1866
46808 435 0 -> 1 1697 -> 1866
46832 432 1 -> 0 1698 -> 1867
46832 433 0 -> 1 1698 -> 1867
46855 430 1 -> 0 1699 -> 1868
46855 431 0 -> 1 1699 -> 1868
46880 428 1 -> 0 1700 -> 1869
46880 429 0 -> 1 1700 -> 1869
46903 426 1 -> 0 1701 -> 1870
46903 427 0 -> 1 1701 -> 1870
46928 424 1 -> 0 1702 -> 1871
46928 425 0 -> 1 1702 -> 1871
46951 422 1 -> 0 1703 -> 1872
46951 423 0 -> 1 1703 -> 1872
46976 420 1 -> 0 1704 -> 1873
46976 421 0 -> 1 1704 -> 1873
46999 418 1 -> 0 1705 -> 1874
46999 419 0 -> 1 1705 -> 1874
47024 416 1 -> 0 1706 -> 1875
47024 417 0 -> 1 1706 -> 1875
47047 414 1 -> 0 1707 -> 1876
47047 415 0 -> 1 1707 -> 1876
47072 412 1 -> 0 1708 -> 1877
47072 413 0 -> 1 1708 -> 1877
47095 410 1 -> 0 1709 -> 1878
47095 411 0 -> 1 1709 -> 1878
47120 408 1 -> 0 1710 -> 1879
47120 409 0 -> 1 1710 -> 1879
47143 406 1 -> 0 1711 -> 1880
47143 407 0 -> 1 1711 -> 1880
47168 404 1 -> 0 1712 -> 1881
47168 405 0 -> 1 1712 -> 1881
47191 402 1 -> 0 1713 -> 1882
47191 403 0 -> 1 1713 -> 1882
47216 400 1 -> 0 1714 -> 1883
47216 401 0 -> 1 1714 -> 1883
47239 398 1 -> 0 1715 -> 1884
47239 399 0 -> 1 1715 -> 1884
47263 396 1 -> 0 1716 -> 1885
47263 397 0 -> 1 1716 -> 1885
47288 394 1 -> 0 1717 -> 1886
47288 395 0 -> 1 1717 -> 1886
47311 392 1 -> 0 1718 -> 1887
47311 393 0 -> 1 1718 -> 1887
47336 390 1 -> 0 1719 -> 1888
47336 391 0 -> 1 1719 -> 1888
47359 388 1 -> 0 1720 -> 1889
47359 389 0 -> 1 1720 -> 1889
47384 386 1 -> 0 1721 -> 1890
47384 387 0 -> 1 1721 -> 1890
47407 384 1 -> 0 1722 -> 1891
47407 385 0 -> 1 1722 -> 1891
47432 382 1 -> 0 1723 -> 1892
47432 383 0 -> 1 1723 -> 1892
47455 380 1 -> 0 1724 -> 1893
47455 381 0 -> 1 1724 -> 1893
47480 378 1 -> 0 1725 -> 1894
47480 379 0 -> 1 1725 -> 1894
47503 376 1 -> 0 1726 -> 1895
47503 377 0 -> 1 1726 -> 1895
47528 374 1 -> 0 1727 -> 1896
47528 375 0 -> 1 1727 -> 1896
47551 372 1 -> 0 1728 -> 1897
47551 373 0 -> 1 1728 -> 1897
47576 370 1 -> 0 1729 -> 1898
47576 371 0 -> 1 1729 -> 1898
47599 368 1 -> 0 1730 -> 1899
47599 369 0 -> 1 1730 -> 1899
47624 366 1 -> 0 1731 -> 1900
47624 367 0 -> 1 1731 -> 1900
47647 364 1 -> 0 1732 -> 1901
47647 365 0 -> 1 1732 -> 1901
47671 362 1 -> 0 1733 -> 1902
47671 363 0 -> 1 1733 -> 1902
47696 360 1 -> 0 1734 -> 1903
47696 361 0 -> 1 1734 -> 1903
47719 358 1 -> 0 1735 -> 1904
47719 359 0 -> 1 1735 -> 1904
47744 356 1 -> 0 1736 -> 1905
47744 357 0 -> 1 1736 -> 1905
47767 354 1 -> 0 1737 -> 1906
47767 355 0 -> 1 1737 -> 1906
47792 352 1 -> 0 1738 -> 1907
47792 353 0 -> 1 1738 -> 1907
47815 350 1 -> 0 1739 -> 1908
47815 351 0 -> 1 1739 -> 1908
47840 348 1 -> 0 1740 -> 1909
47840 349 0 -> 1 1740 -> 1909
47863 346 1 -> 0 1741 -> 1910
47863 347 0 -> 1 1741 -> 1910
47888 344 1 -> 0 1742 -> 1911
47888 345 0 -> 1 1742 -> 1911
47911 342 1 -> 0 1743 -> 1912
47911 343 0 -> 1 1743 -> 1912
47936 340 1 -> 0 1744 -> 1913
47936 341 0 -> 1 1744 -> 1913
47959 338 1 -> 0 1745 -> 1914
47959 339 0 -> 1 1745 -> 1914
47984 336 1 -> 0 1746 -> 1915
47984 337 0 -> 1 1746 -> 1915
48007 334 1 -> 0 1747 -> 1916
48007 335 0 -> 1 1747 -> 1916
48032 332 1 -> 0 1748 -> 1917
48032 333 0 -> 1 1748 -> 1917
48055 330 1 -> 0 1749 -> 1918
48055 331 0 -> 1 1749 -> 1918
48080 328 1 -> 0 1750 -> 1919
48080 329 0 -> 1 1750 -> 1919
48104 326 1 -> 0 1751 -> 1920
48104 327 0 -> 1 1751 -> 1920
48127 324 1 -> 0 1752 -> 1921
48127 325 0 -> 1 1752 -> 1921
48152 322 1 -> 0 1753 -> 1922
48152 323 0 -> 1 1753 -> 1922
48175 320 1 -> 0 1754 -> 1923
48175 321 0 -> 1 1754 -> 1923
48200 318 1 -> 0 1755 -> 1924
48200 319 0 -> 1 1755 -> 1924
48223 316 1 -> 0 1756 -> 1925
48223 317 0 -> 1 1756 -> 1925
48248 314 1 -> 0 1757 -> 1926
48248 315 0 -> 1 1757 -> 1926
48271 312 1 -> 0 1758 -> 1927
48271 313 0 -> 1 1758 -> 1927
48296 310 1 -> 0 1759 -> 1928
48296 311 0 -> 1 1759 -> 1928
48319 308 1 -> 0 1760 -> 1929
48319 309 0 -> 1 1760 -> 1929
48344 306 1 -> 0 1761 -> 1930
48344 307 0 -> 1 1761 -> 1930
48367 304 1 -> 0 1762 -> 1931
48367 305 0 -> 1 1762 -> 1931
48392 302 1 -> 0 1763 -> 1932
48392 303 0 -> 1 1763 -> 1932
48415 300 1 -> 0 1764 -> 1933
48415 301 0 -> 1 1764 -> 1933
48440 298 1 -> 0 1765 -> 1934
48440 299 0 -> 1 1765 -> 1934
48463 296 1 -> 0 1766 -> 1935
48463 297 0 -> 1 1766 -> 1935
48488 294 1 -> 0 1767 -> 1936
48488 295 0 -> 1 1767 -> 1936
48511 292 1 -> 0 1768 -> 1937
48511 293 0 -> 1 1768 -> 1937
48535 290 1 -> 0 1769 -> 1938
48535 291 0 -> 1 1769 -> 1938
48560 288 1 -> 0 1770 -> 1939
48560 289 0 -> 1 1770 -> 1939
48583 286 1 -> 0 1771 -> 1940
48583 287 0 -> 1 1771 -> 1940
48608 284 1 -> 0 1772 -> 1941
48608 285 0 -> 1 1772 -> 1941
48631 282 1 -> 0 1773 -> 1942
48631 283 0 -> 1 1773 -> 1942
48656 280 1 -> 0 1774 -> 1943
48656 281 0 -> 1 1774 -> 1943
48679 278 1 -> 0 1775 -> 1944
48679 279 0 -> 1 1775 -> 1944
48704 276 1 -> 0 1776 -> 1945
48704 277 0 -> 1 1776 -> 1945
48727 274 1 -> 0 1777 -> 1946
48727 275 0 -> 1 1777 -> 1946
48752 272 1 -> 0 1778 -> 1947
48752 273 0 -> 1 1778 -> 1947
48775 270 1 -> 0 1779 -> 1948
48775 271 0 -> 1 1779 -> 1948
48800 268 1 -> 0 1780 -> 1949
48800 269 0 -> 1 1780 -> 1949
48823 266 1 -> 0 1781 -> 1950
48823 267 0 -> 1 1781 -> 1950
48848 264 1 -> 0 1782 -> 1951
48848 265 0 -> 1 1782 -> 1951
48871 262 1 -> 0 1783 -> 1952
48871 263 0 -> 1 1783 -> 1952
48896 260 1 -> 0 1784 -> 1953
48896 261 0 -> 1 1784 -> 1953
48919 258 1 -> 0 1785 -> 1954
48919 259 0 -> 1 1785 -> 1954
48943 256 1 -> 0 1786 -> 1955
48943 257 0 -> 1 1786 -> 1955
48968 254 1 -> 0 1787 -> 1956
48968 255 0 -> 1 1787 -> 1956
48991 252 1 -> 0 1788 -> 1957
48991 253 0 -> 1 1788 -> 1957
49016 250 1 -> 0 1789 -> 1958
49016 251 0 -> 1 1789 -> 1958
49039 248 1 -> 0 1790 -> 1959
49039 249 0 -> 1 1790 -> 1959
49064 246 1 -> 0 1791 -> 1960
49064 247 0 -> 1 1791 -> 1960
49087 244 1 -> 0 1792 -> 1961
49087 245 0 -> 1 1792 -> 1961
49112 242 1 -> 0 1793 -> 1962
49112 243 0 -> 1 1793 -> 1962
49135 240 1 -> 0 1794 -> 1963
49135 241 0 -> 1 1794 -> 1963
49160 238 1 -> 0 1795 -> 1964
49160 239 0 -> 1 1795 -> 1964
49183 236 1 -> 0 1796 -> 1965
49183 237 0 -> 1 1796 -> 1965
49208 234 1 -> 0 1797 -> 1966
49208 235 0 -> 1 1797 -> 1966
49231 232 1 -> 0 1798 -> 1967
49231 233 0 -> 1 1798 -> 1967
49256 230 1 -> 0 1799 -> 1968
49256 231 0 -> 1 1799 -> 1968
49279 228 1 -> 0 1800 -> 1969
49279 229 0 -> 1 1800 -> 1969
49304 226 1 -> 0 1801 -> 1970
49304 227 0 -> 1 1801 -> 1970
49327 224 1 -> 0 1802 -> 1971
49327 225 0 -> 1 1802 -> 1971
49352 222 1 -> 0 1803 -> 1972
49352 223 0 -> 1 1803 -> 1972
49376 220 1 -> 0 1804 -> 1973
49376 221 0 -> 1 1804 -> 1973
49399 218 1 -> 0 1805 -> 1974
49399 219 0 -> 1 1805 -> 1974
49424 216 1 -> 0 1806 -> 1975
49424 217 0 -> 1 1806 -> 1975
49447 214 1 -> 0 1807 -> 1976
49447 215 0 -> 1 1807 -> 1976
49472 212 1 -> 0 1808 -> 1977
49472 213 0 -> 1 1808 -> 1977
49495 210 1 -> 0 1809 -> 1978
49495 211 0 -> 1 1809 -> 1978
49520 208 1 -> 0 1810 -> 1979
49520 209 0 -> 1 1810 -> 1979
49543 206 1 -> 0 1811 -> 1980
49543 207 0 -> 1 1811 -> 1980
49568 204 1 -> 0 1812 -> 1981
49568 205 0 -> 1 1812 -> 1981
49591 202 1 -> 0 1813 -> 1982
49591 203 0 -> 1 1813 -> 1982
49616 200 1 -> 0 1814 -> 1983
49616 201 0 -> 1 1814 -> 1983
49639 198 1 -> 0 1815 -> 1984
49639 199 0 -> 1 1815 -> 1984
49664 196 1 -> 0 1816 -> 1985
49664 197 0 -> 1 1816 -> 1985
49687 194 1 -> 0 1817 -> 1986
49687 195 0 -> 1 1817 -> 1986
49712 192 1 -> 0 1818 -> 1987
49712 193 0 -> 1 1818 -> 1987
49735 190 1 -> 0 1819 -> 1988
49735 191 0 -> 1 1819 -> 1988
49760 188 1 -> 0 1820 -> 1989
49760 189 0 -> 1 1820 -> 1989
49784 186 1 -> 0 1821 -> 1990
49784 187 0 -> 1 1821 -> 1990
49807 184 1 -> 0 1822 -> 1991
49807 185 0 -> 1 1822 -> 1991
49832 182 1 -> 0 1823 -> 1992
49832 183 0 -> 1 1823 -> 1992
49855 180 1 -> 0 1824 -> 1993
49855 181 0 -> 1 1824 -> 1993
49880 178 1 -> 0 1825 -> 1994
49880 179 0 -> 1 1825 -> 1994
49903 176 1 -> 0 1826 -> 1995
49903 177 0 -> 1 1826 -> 1995
49928 174 1 -> 0 1827 -> 1996
49928 175 0 -> 1 1827 -> 1996
49951 172 1 -> 0 1828 -> 1997
49951 173 0 -> 1 1828 -> 1997
49976 170 1 -> 0 1829 -> 1998
49976 171 0 -> 1 1829 -> 1998
49999 168 1 -> 0 1830 -> 1999
49999 169 0 -> 1 1830 -> 1999
50024 166 1 -> 0 1831 -> 2000
50024 167 0 -> 1 1831 -> 2000
50047 164 1 -> 0 1832 -> 2001
50047 165 0 -> 1 1832 -> 2001
50072 162 1 -> 0 1833 -> 2002
50072 163 0 -> 1 1833 -> 2002
50095 160 1 -> 0 1834 -> 2003
50095 161 0 -> 1 1834 -> 2003
50120 158 1 -> 0 1835 -> 2004
50120 159 0 -> 1 1835 -> 2004
50143 156 1 -> 0 1836 -> 2005
50143 157 0 -> 1 1836 -> 2005
50168 154 1 -> 0 1837 -> 2006
50168 155 0 -> 1 1837 -> 2006
50191 152 1 -> 0 1838 -> 2007
50191 153 0 -> 1 1838 -> 2007
50215 150 1 -> 0 1839 -> 2008
50215 151 0 -> 1 1839 -> 2008
50240 148 1 -> 0 1840 -> 2009
50240 149 0 -> 1 1840 -> 2009
50263 146 1 -> 0 1841 -> 2010
50263 147 0 -> 1 1841 -> 2010
50288 144 1 -> 0 1842 -> 2011
50288 145 0 -> 1 1842 -> 2011
50311 142 1 -> 0 1843 -> 2012
50311 143 0 -> 1 1843 -> 2012
50336 140 1 -> 0 1844 -> 2013
50336 141 0 -> 1 1844 -> 2013
50359 138 1 -> 0 1845 -> 2014
50359 139 0 -> 1 1845 -> 2014
50384 136 1 -> 0 1846 -> 2015
50384 137 0 -> 1 1846 -> 2015
50407 134 1 -> 0 1847 -> 2016
50407 135 0 -> 1 1847 -> 2016
50432 132 1 -> 0 1848 -> 2017
50432 133 0 -> 1 1848 -> 2017
50455 130 1 -> 0 1849 -> 2018
50455 131 0 -> 1 1849 -> 2018
50480 128 1 -> 0 1850 -> 2019
50480 129 0 -> 1 1850 -> 2019
50503 126 1 -> 0 1851 -> 2020
50503 127 0 -> 1 1851 -> 2020
50528 124 1 -> 0 1852 -> 2021
50528 125 0 -> 1 1852 -> 2021
50551 122 1 -> 0 1853 -> 2022
50551 123 0 -> 1 1853 -> 2022
50576 120 1 -> 0 1854 -> 2023
50576 121 0 -> 1 1854 -> 2023
50599 118 1 -> 0 1855 -> 2024
50599 119 0 -> 1 1855 -> 2024
50623 116 1 -> 0 1856 -> 2025
50623 117 0 -> 1 1856 -> 2025
50648 114 1 -> 0 1857 -> 2026
50648 115 0 -> 1 1857 -> 2026
50671 112 1 -> 0 1858 -> 2027
50671 113 0 -> 1 1858 -> 2027
50696 449 1 -> 0 1859 -> 2028
50696 448 0 -> 1 1859 -> 2028
50719 447 1 -> 0 1860 -> 2029
50719 446 0 -> 1 1860 -> 2029
50744 445 1 -> 0 1861 -> 2030
50744 444 0 -> 1 1861 -> 2030
50767 443 1 -> 0 1862 -> 2031
50767 442 0 -> 1 1862 -> 2031
50792 441 1 -> 0 1863 -> 2032
50792 440 0 -> 1 1863 -> 2032
50815 439 1 -> 0 1864 -> 2033
50815 438 0 -> 1 1864 -> 2033
50840 437 1 -> 0 1865 -> 2034
50840 436 0 -> 1 1865 -> 2034
50863 435 1 -> 0 1866 -> 2035
50863 434 0 -> 1 1866 -> 2035
50888 433 1 -> 0 1867 -> 2036
50888 432 0 -> 1 1867 -> 2036
50911 431 1 -> 0 1868 -> 2037
50911 430 0 -> 1 1868 -> 2037
50936 429 1 -> 0 1869 -> 2038
50936 428 0 -> 1 1869 -> 2038
50959 427 1 -> 0 1870 -> 2039
50959 426 0 -> 1 1870 -> 2039
50984 425 1 -> 0 1871 -> 2040
50984 424 0 -> 1 1871 -> 2040
51007 423 1 -> 0 1872 -> 2041
51007 422 0 -> 1 1872 -> 2041
51032 421 1 -> 0 1873 -> 2042
51032 420 0 -> 1 1873 -> 2042
51056 419 1 -> 0 1874 -> 2043
51056 418 0 -> 1 1874 -> 2043
51079 417 1 -> 0 1875 -> 2044
51079 416 0 -> 1 1875 -> 2044
51104 415 1 -> 0 1876 -> 2045
51104 414 0 -> 1 1876 -> 2045
51127 413 1 -> 0 1877 -> 2046
51127 412 0 -> 1 1877 -> 2046
51152 411 1 -> 0 1878 -> 2047
51152 410 0 -> 1 1878 -> 2047
51175 409 1 -> 0 1879 -> 2048
51175 408 0 -> 1 1879 -> 2048
51200 407 1 -> 0 1880 -> 2049
51200 406 0 -> 1 1880 -> 2049
51223 405 1 -> 0 1881 -> 2050
51223 404 0 -> 1 1881 -> 2050
51248 403 1 -> 0 1882 -> 2051
51248 402 0 -> 1 1882 -> 2051
51271 401 1 -> 0 1883 -> 2052
51271 400 0 -> 1 1883 -> 2052
51296 399 1 -> 0 1884 -> 2053
51296 398 0 -> 1 1884 -> 2053
51319 397 1 -> 0 1885 -> 2054
51319 396 0 -> 1 1885 -> 2054
51344 395 1 -> 0 1886 -> 2055
51344 394 0 -> 1 1886 -> 2055
51367 393 1 -> 0 1887 -> 2056
51367 392 0 -> 1 1887 -> 2056
51392 391 1 -> 0 1888 -> 2057
51392 390 0 -> 1 1888 -> 2057
51415 389 1 -> 0 1889 -> 2058
51415 388 0 -> 1 1889 -> 2058
51440 387 1 -> 0 1890 -> 2059
51440 386 0 -> 1 1890 -> 2059
51463 385 1 -> 0 1891 -> 2060
51463 384 0 -> 1 1891 -> 2060
51487 383 1 -> 0 1892 -> 2061
51487 382 0 -> 1 1892 -> 2061
51512 381 1 -> 0 1893 -> 2062
51512 380 0 -> 1 1893 -> 2062
51535 379 1 -> 0 1894 -> 2063
51535 378 0 -> 1 1894 -> 2063
51560 377 1 -> 0 1895 -> 2064
51560 376 0 -> 1 1895 -> 2064
51583 375 1 -> 0 1896 -> 2065
51583 374 0 -> 1 1896 -> 2065
51608 373 1 -> 0 1897 -> 2066
51608 372 0 -> 1 1897 -> 2066
51631 371 1 -> 0 1898 -> 2067
51631 370 0 -> 1 1898 -> 2067
51656 369 1 -> 0 1899 -> 2068
51656 368 0 -> 1 1899 -> 2068
51679 367 1 -> 0 1900 -> 2069
51679 366 0 -> 1 1900 -> 2069
51704 365 1 -> 0 1901 -> 2070
51704 364 0 -> 1 1901 -> 2070
51727 363 1 -> 0 1902 -> 2071
51727 362 0 -> 1 1902 -> 2071
51752 361 1 -> 0 1903 -> 2072
51752 360 0 -> 1 1903 -> 2072
51775 359 1 -> 0 1904 -> 2073
51775 358 0 -> 1 1904 -> 2073
51800 357 1 -> 0 1905 -> 2074
51800 356 0 -> 1 1905 -> 2074
51823 355 1 -> 0 1906 -> 2075
51823 354 0 -> 1 1906 -> 2075
51848 353 1 -> 0 1907 -> 2076
51848 352 0 -> 1 1907 -> 2076
51871 351 1 -> 0 1908 -> 2077
51871 350 0 -> 1 1908 -> 2077
51895 349 1 -> 0 1909 -> 2078
51895 348 0 -> 1 1909 -> 2078
51920 347 1 -> 0 1910 -> 2079
51920 346 0 -> 1 1910 -> 2079
51943 345 1 -> 0 1911 -> 2080
51943 344 0 -> 1 1911 -> 2080
51968 343 1 -> 0 1912 -> 2081
51968 342 0 -> 1 1912 -> 2081
51991 341 1 -> 0 1913 -> 2082
51991 340 0 -> 1 1913 -> 2082
52016 339 1 -> 0 1914 -> 2083
52016 338 0 -> 1 1914 -> 2083
52039 337 1 -> 0 1915 -> 2084
52039 336 0 -> 1 1915 -> 2084
52064 335 1 -> 0 1916 -> 2085
52064 334 0 -> 1 1916 -> 2085
52087 333 1 -> 0 1917 -> 2086
52087 332 0 -> 1 1917 -> 2086
52112 331 1 -> 0 1918 -> 2087
52112 330 0 -> 1 1918 -> 2087
52135 329 1 -> 0 1919 -> 2088
52135 328 0 -> 1 1919 -> 2088
52160 327 1 -> 0 1920 -> 2089
52160 326 0 -> 1 1920 -> 2089
52183 325 1 -> 0 1921 -> 2090
52183 324 0 -> 1 1921 -> 2090
52208 323 1 -> 0 1922 -> 2091
52208 322 0 -> 1 1922 -> 2091
52231 321 1 -> 0 1923 -> 2092
52231 320 0 -> 1 1923 -> 2092
52256 319 1 -> 0 1924 -> 2093
52256 318 0 -> 1 1924 -> 2093
52279 317 1 -> 0 1925 -> 2094
52279 316 0 -> 1 1925 -> 2094
52304 315 1 -> 0 1926 -> 2095
52304 314 0 -> 1 1926 -> 2095
52328 313 1 -> 0 1927 -> 2096
52328 312 0 -> 1 1927 -> 2096
52351 311 1 -> 0 1928 -> 2097
52351 310 0 -> 1 1928 -> 2097
52376 309 1 -> 0 1929 -> 2098
52376 308 0 -> 1 1929 -> 2098
52399 307 1 -> 0 1930 -> 2099
52399 306 0 -> 1 1930 -> 2099
52424 305 1 -> 0 1931 -> 2100
52424 304 0 -> 1 1931 -> 2100
52447 303 1 -> 0 1932 -> 2101
52447 302 0 -> 1 1932 -> 2101
52472 301 1 -> 0 1933 -> 2102
52472 300 0 -> 1 1933 -> 2102
52495 299 1 -> 0 1934 -> 2103
52495 298 0 -> 1 1934 -> 2103
52520 297 1 -> 0 1935 -> 2104
52520 296 0 -> 1 1935 -> 2104
52543 295 1 -> 0 1936 -> 2105
52543 294 0 -> 1 1936 -> 2105
52568 293 1 -> 0 1937 -> 2106
52568 292 0 -> 1 1937 -> 2106
52591 291 1 -> 0 1938 -> 2107
52591 290 0 -> 1 1938 -> 2107
52616 289 1 -> 0 1939 -> 2108
52616 288 0 -> 1 1939 -> 2108
52639 287 1 -> 0 1940 -> 2109
52639 286 0 -> 1 1940 -> 2109
52664 285 1 -> 0 1941 -> 2110
52664 284 0 -> 1 1941 -> 2110
52687 283 1 -> 0 1942 -> 2111
52687 282 0 -> 1 1942 -> 2111
52712 281 1 -> 0 1943 -> 2112
52712 280 0 -> 1 1943 -> 2112
52736 279 1 -> 0 1944 -> 2113
52736 278 0 -> 1 1944 -> 2113
52759 277 1 -> 0 1945 -> 2114
52759 276 0 -> 1 1945 -> 2114
52784 275 1 -> 0 1946 -> 2115
52784 274 0 -> 1 1946 -> 2115
52807 273 1 -> 0 1947 -> 2116
52807 272 0 -> 1 1947 -> 2116
52832 271 1 -> 0 1948 -> 2117
52832 270 0 -> 1 1948 -> 2117
52855 269 1 -> 0 1949 -> 2118
52855 268 0 -> 1 1949 -> 2118
52880 267 1 -> 0 1950 -> 2119
52880 266 0 -> 1 1950 -> 2119
52903 265 1 -> 0 1951 -> 2120
52903 264 0 -> 1 1951 -> 2120
52928 263 1 -> 0 1952 -> 2121
52928 262 0 -> 1 1952 -> 2121
52951 261 1 -> 0 1953 -> 2122
52951 260 0 -> 1 1953 -> 2122
52976 259 1 -> 0 1954 -> 2123
52976 258 0 -> 1 1954 -> 2123
52999 257 1 -> 0 1955 -> 2124
52999 256 0 -> 1 1955 -> 2124
53024 255 1 -> 0 1956 -> 2125
53024 254 0 -> 1 1956 -> 2125
53047 253 1 -> 0 1957 -> 2126
53047 252 0 -> 1 1957 -> 2126
53072 251 1 -> 0 1958 -> 2127
53072 250 0 -> 1 1958 -> 2127
53095 249 1 -> 0 1959 -> 2128
53095 248 0 -> 1 1959 -> 2128
53120 247 1 -> 0 1960 -> 2129
53120 246 0 -> 1 1960 -> 2129
53143 245 1 -> 0 1961 -> 2130
53143 244 0 -> 1 1961 -> 2130
53167 243 1 -> 0 1962 -> 2131
53167 242 0 -> 1 1962 -> 2131
53192 241 1 -> 0 1963 -> 2132
53192 240 0 -> 1 1963 -> 2132
53215 239 1 -> 0 1964 -> 2133
53215 238 0 -> 1 1964 -> 2133
53240 237 1 -> 0 1965 -> 2134
53240 236 0 -> 1 1965 -> 2134
53263 235 1 -> 0 1966 -> 2135
53263 234 0 -> 1 1966 -> 2135
53288 233 1 -> 0 1967 -> 2136
53288 232 0 -> 1 1967 -> 2136
53311 231 1 -> 0 1968 -> 2137
53311 230 0 -> 1 1968 -> 2137
53336 229 1 -> 0 1969 -> 2138
53336 228 0 -> 1 1969 -> 2138
53359 227 1 -> 0 1970 -> 2139
53359 226 0 -> 1 1970 -> 2139
53384 225 1 -> 0 1971 -> 2140
53384 224 0 -> 1 1971 -> 2140
53407 223 1 -> 0 1972 -> 2141
53407 222 0 -> 1 1972 -> 2141
53432 221 1 -> 0 1973 -> 2142
53432 220 0 -> 1 1973 -> 2142
53455 219 1 -> 0 1974 -> 2143
53455 218 0 -> 1 1974 -> 2143
53480 217 1 -> 0 1975 -> 2144
53480 216 0 -> 1 1975 -> 2144
53503 215 1 -> 0 1976 -> 2145
53503 214 0 -> 1 1976 -> 2145
53528 213 1 -> 0 1977 -> 2146
53528 212 0 -> 1 1977 -> 2146
53551 211 1 -> 0 1978 -> 2147
53551 210 0 -> 1 1978 -> 2147
53575 209 1 -> 0 1979 -> 2148
53575 208 0 -> 1 1979 -> 2148
53600 207 1 -> 0 1980 -> 2149
53600 206 0 -> 1 1980 -> 2149
53623 205 1 -> 0 1981 -> 2150
53623 204 0 -> 1 1981 -> 2150
53648 203 1 -> 0 1982 -> 2151
53648 202 0 -> 1 1982 -> 2151
53671 201 1 -> 0 1983 -> 2152
53671 200 0 -> 1 1983 -> 2152
53696 199 1 -> 0 1984 -> 2153
53696 198 0 -> 1 1984 -> 2153
53719 197 1 -> 0 1985 -> 2154
53719 196 0 -> 1 1985 -> 2154
53744 195 1 -> 0 1986 -> 2155
53744 194 0 -> 1 1986 -> 2155
53767 193 1 -> 0 1987 -> 2156
53767 192 0 -> 1 1987 -> 2156
53792 191 1 -> 0 1988 -> 2157
53792 190 0 -> 1 1988 -> 2157
53815 189 1 -> 0 1989 -> 2158
53815 188 0 -> 1 1989 -> 2158
53840 187 1 -> 0 1990 -> 2159
53840 186 0 -> 1 1990 -> 2159
53863 185 1 -> 0 1991 -> 2160
53863 184 0 -> 1 1991 -> 2160
53888 183 1 -> 0 1992 -> 2161
53888 182 0 -> 1 1992 -> 2161
53911 181 1 -> 0 1993 -> 2162
53911 180 0 -> 1 1993 -> 2162
53936 179 1 -> 0 1994 -> 2163
53936 178 0 -> 1 1994 -> 2163
53959 177 1 -> 0 1995 -> 2164
53959 176 0 -> 1 1995 -> 2164
53984 175 1 -> 0 1996 -> 2165
53984 174 0 -> 1 1996 -> 2165
54008 173 1 -> 0 1997 -> 2166
54008 172 0 -> 1 1997 -> 2166
54031 171 1 -> 0 1998 -> 2167
54031 170 0 -> 1 1998 -> 2167
54056 169 1 -> 0 1999 -> 2168
54056 168 0 -> 1 1999 -> 2168
54079 167 1 -> 0 2000 -> 2169
54079 166 0 -> 1 2000 -> 2169
54104 165 1 -> 0 2001 -> 2170
54104 164 0 -> 1 2001 -> 2170
54127 163 1 -> 0 2002 -> 2171
54127 162 0 -> 1 2002 -> 2171
54152 161 1 -> 0 2003 -> 2172
54152 160 0 -> 1 2003 -> 2172
54175 159 1 -> 0 2004 -> 2173
54175 158 0 -> 1 2004 -> 2173
54200 157 1 -> 0 2005 -> 2174
54200 156 0 -> 1 2005 -> 2174
54223 155 1 -> 0 2006 -> 2175
54223 154 0 -> 1 2006 -> 2175
54248 153 1 -> 0 2007 -> 2176
54248 152 0 -> 1 2007 -> 2176
54271 151 1 -> 0 2008 -> 2177
54271 150 0 -> 1 2008 -> 2177
54296 149 1 -> 0 2009 -> 2178
54296 148 0 -> 1 2009 -> 2178
54319 147 1 -> 0 2010 -> 2179
54319 146 0 -> 1 2010 -> 2179
54344 145 1 -> 0 2011 -> 2180
54344 144 0 -> 1 2011 -> 2180
54367 143 1 -> 0 2012 -> 2181
54367 142 0 -> 1 2012 -> 2181
54392 141 1 -> 0 2013 -> 2182
54392 140 0 -> 1 2013 -> 2182
54415 139 1 -> 0 2014 -> 2183
54415 138 0 -> 1 2014 -> 2183
54439 137 1 -> 0 2015 -> 2184
54439 136 0 -> 1 2015 -> 2184
54464 135 1 -> 0 2016 -> 2185
54464 134 0 -> 1 2016 -> 2185
54487 133 1 -> 0 2017 -> 2186
54487 132 0 -> 1 2017 -> 2186
54512 131 1 -> 0 2018 -> 2187
54512 130 0 -> 1 2018 -> 2187
54535 129 1 -> 0 2019 -> 2188
54535 128 0 -> 1 2019 -> 2188
54560 127 1 -> 0 2020 -> 2189
54560 126 0 -> 1 2020 -> 2189
54583 125 1 -> 0 2021 -> 2190
54583 124 0 -> 1 2021 -> 2190
54608 123 1 -> 0 2022 -> 2191
54608 122 0 -> 1 2022 -> 2191
54631 121 1 -> 0 2023 -> 2192
54631 120 0 -> 1 2023 -> 2192
54656 119 1 -> 0 2024 -> 2193
54656 118 0 -> 1 2024 -> 2193
54679 117 1 -> 0 2025 -> 2194
54679 116 0 -> 1 2025 -> 2194
54704 115 1 -> 0 2026 -> 2195
54704 114 0 -> 1 2026 -> 2195
54727 113 1 -> 0 2027 -> 2196
54727 112 0 -> 1 2027 -> 2196
54752 448 1 -> 0 2028 -> 2197
54752 449 0 -> 1 2028 -> 2197
54775 446 1 -> 0 2029 -> 2198
54775 447 0 -> 1 2029 -> 2198
54800 444 1 -> 0 2030 -> 2199
54800 445 0 -> 1 2030 -> 2199
54823 442 1 -> 0 2031 -> 2200
54823 443 0 -> 1 2031 -> 2200
54847 440 1 -> 0 2032 -> 2201
54847 441 0 -> 1 2032 -> 2201
54872 438 1 -> 0 2033 -> 2202
54872 439 0 -> 1 2033 -> 2202
54895 436 1 -> 0 2034 -> 2203
54895 437 0 -> 1 2034 -> 2203
54920 434 1 -> 0 2035 -> 2204
54920 435 0 -> 1 2035 -> 2204
54943 432 1 -> 0 2036 -> 2205
54943 433 0 -> 1 2036 -> 2205
54968 430 1 -> 0 2037 -> 2206
54968 431 0 -> 1 2037 -> 2206
54991 428 1 -> 0 2038 -> 2207
54991 429 0 -> 1 2038 -> 2207
55016 426 1 -> 0 2039 -> 2208
55016 427 0 -> 1 2039 -> 2208
55039 424 1 -> 0 2040 -> 2209
55039 425 0 -> 1 2040 -> 2209
55064 422 1 -> 0 2041 -> 2210
55064 423 0 -> 1 2041 -> 2210
55087 420 1 -> 0 2042 -> 2211
55087 421 0 -> 1 2042 -> 2211
55112 418 1 -> 0 2043 -> 2212
55112 419 0 -> 1 2043 -> 2212
55135 416 1 -> 0 2044 -> 2213
55135 417 0 -> 1 2044 -> 2213
55160 414 1 -> 0 2045 -> 2214
55160 415 0 -> 1 2045 -> 2214
55183 412 1 -> 0 2046 -> 2215
55183 413 0 -> 1 2046 -> 2215
55208 410 1 -> 0 2047 -> 2216
55208 411 0 -> 1 2047 -> 2216
55231 408 1 -> 0 2048 -> 2217
55231 409 0 -> 1 2048 -> 2217
55256 406 1 -> 0 2049 -> 2218
55256 407 0 -> 1 2049 -> 2218
55280 404 1 -> 0 2050 -> 2219
55280 405 0 -> 1 2050 -> 2219
55303 402 1 -> 0 2051 -> 2220
55303 403 0 -> 1 2051 -> 2220
55328 400 1 -> 0 2052 -> 2221
55328 401 0 -> 1 2052 -> 2221
55351 398 1 -> 0 2053 -> 2222
55351 399 0 -> 1 2053 -> 2222
55376 396 1 -> 0 2054 -> 2223
55376 397 0 -> 1 2054 -> 2223
55399 394 1 -> 0 2055 -> 2224
55399 395 0 -> 1 2055 -> 2224
55424 392 1 -> 0 2056 -> 2225
55424 393 0 -> 1 2056 -> 2225
55447 390 1 -> 0 2057 -> 2226
55447 391 0 -> 1 2057 -> 2226
55472 388 1 -> 0 2058 -> 2227
55472 389 0 -> 1 2058 -> 2227
55495 386 1 -> 0 2059 -> 2228
55495 387 0 -> 1 2059 -> 2228
55520 384 1 -> 0 2060 -> 2229
55520 385 0 -> 1 2060 -> 2229
55543 382 1 -> 0 2061 -> 2230
55543 383 0 -> 1 2061 -> 2230
55568 380 1 -> 0 2062 -> 2231
55568 381 0 -> 1 2062 -> 2231
55591 378 1 -> 0 2063 -> 2232
55591 379 0 -> 1 2063 -> 2232
55616 376 1 -> 0 2064 -> 2233
55616 377 0 -> 1 2064 -> 2233
55639 374 1 -> 0 2065 -> 2234
55639 375 0 -> 1 2065 -> 2234
55664 372 1 -> 0 2066 -> 2235
55664 373 0 -> 1 2066 -> 2235
55688 370 1 -> 0 2067 -> 2236
55688 371 0 -> 1 2067 -> 2236
55711 368 1 -> 0 2068 -> 2237
55711 369 0 -> 1 2068 -> 2237
55736 366 1 -> 0 2069 -> 2238
55736 367 0 -> 1 2069 -> 2238
55759 364 1 -> 0 2070 -> 2239
55759 365 0 -> 1 2070 -> 2239
55784 362 1 -> 0 2071 -> 2240
55784 363 0 -> 1 2071 -> 2240
55807 360 1 -> 0 2072 -> 2241
55807 361 0 -> 1 2072 -> 2241
55832 358 1 -> 0 2073 -> 2242
55832 359 0 -> 1 2073 -> 2242
55855 356 1 -> 0 2074 -> 2243
55855 357 0 -> 1 2074 -> 2243
55880 354 1 -> 0 2075 -> 2244
55880 355 0 -> 1 2075 -> 2244
55903 352 1 -> 0 2076 -> 2245
55903 353 0 -> 1 2076 -> 2245
55928 350 1 -> 0 2077 -> 2246
55928 351 0 -> 1 2077 -> 2246
55951 348 1 -> 0 2078 -> 2247
55951 349 0 -> 1 2078 -> 2247
55976 346 1 -> 0 2079 -> 2248
55976 347 0 -> 1 2079 -> 2248
55999 344 1 -> 0 2080 -> 2249
55999 345 0 -> 1 2080 -> 2249
56024 342 1 -> 0 2081 -> 2250
56024 343 0 -> 1 2081 -> 2250
56047 340 1 -> 0 2082 -> 2251
56047 341 0 -> 1 2082 -> 2251
56072 338 1 -> 0 2083 -> 2252
56072 339 0 -> 1 2083 -> 2252
56095 336 1 -> 0 2084 -> 2253
56095 337 0 -> 1 2084 -> 2253
56119 334 1 -> 0 2085 -> 2254
56119 335 0 -> 1 2085 -> 2254
56144 332 1 -> 0 2086 -> 2255
56144 333 0 -> 1 2086 -> 2255
56167 330 1 -> 0 2087 -> 2256
56167 331 0 -> 1 2087 -> 2256
56192 328 1 -> 0 2088 -> 2257
56192 329 0 -> 1 2088 -> 2257
56215 326 1 -> 0 2089 -> 2258
56215 327 0 -> 1 2089 -> 2258
56240 324 1 -> 0 2090 -> 2259
56240 325 0 -> 1 2090 -> 2259
56263 322 1 -> 0 2091 -> 2260
56263 323 0 -> 1 2091 -> 2260
56288 320 1 -> 0 2092 -> 2261
56288 321 0 -> 1 2092 -> 2261
56311 318 1 -> 0 2093 -> 2262
56311 319 0 -> 1 2093 -> 2262
56336 316 1 -> 0 2094 -> 2263
56336 317 0 -> 1 2094 -> 2263
56359 314 1 -> 0 2095 -> 2264
56359 315 0 -> 1 2095 -> 2264
56384 312 1 -> 0 2096 -> 2265
56384 313 0 -> 1 2096 -> 2265
56407 310 1 -> 0 2097 -> 2266
56407 311 0 -> 1 2097 -> 2266
56432 308 1 -> 0 2098 -> 2267
56432 309 0 -> 1 2098 -> 2267
56455 306 1 -> 0 2099 -> 2268
56455 307 0 -> 1 2099 -> 2268
56480 304 1 -> 0 2100 -> 2269
56480 305 0 -> 1 2100 -> 2269
56503 302 1 -> 0 2101 -> 2270
56503 303 0 -> 1 2101 -> 2270
56528 300 1 -> 0 2102 -> 2271
56528 301 0 -> 1 2102 -> 2271
56552 298 1 -> 0 2103 -> 2272
56552 299 0 -> 1 2103 -> 2272
56575 296 1 -> 0 2104 -> 2273
56575 297 0 -> 1 2104 -> 2273
56600 294 1 -> 0 2105 -> 2274
56600 295 0 -> 1 2105 -> 2274
56623 292 1 -> 0 2106 -> 2275
56623 293 0 -> 1 2106 -> 2275
56648 290 1 -> 0 2107 -> 2276
56648 291 0 -> 1 2107 -> 2276
56671 288 1 -> 0 2108 -> 2277
56671 289 0 -> 1 2108 -> 2277
56696 286 1 -> 0 2109 -> 2278
56696 287 0 -> 1 2109 -> 2278
56719 284 1 -> 0 2110 -> 2279
56719 285 0 -> 1 2110 -> 2279
56744 282 1 -> 0 2111 -> 2280
56744 283 0 -> 1 2111 -> 2280
56767 280 1 -> 0 2112 -> 2281
56767 281 0 -> 1 2112 -> 2281
56792 278 1 -> 0 2113 -> 2282
56792 279 0 -> 1 2113 -> 2282
56815 276 1 -> 0 2114 -> 2283
56815 277 0 -> 1 2114 -> 2283
56840 274 1 -> 0 2115 -> 2284
56840 275 0 -> 1 2115 -> 2284
56863 272 1 -> 0 2116 -> 2285
56863 273 0 -> 1 2116 -> 2285
56888 270 1 -> 0 2117 -> 2286
56888 271 0 -> 1 2117 -> 2286
56911 268 1 -> 0 2118 -> 2287
56911 269 0 -> 1 2118 -> 2287
56936 266 1 -> 0 2119 -> 2288
56936 267 0 -> 1 2119 -> 2288
56960 264 1 -> 0 2120 -> 2289
56960 265 0 -> 1 2120 -> 2289
56983 262 1 -> 0 2121 -> 2290
56983 263 0 -> 1 2121 -> 2290
57008 260 1 -> 0 2122 -> 2291
57008 261 0 -> 1 2122 -> 2291
57031 258 1 -> 0 2123 -> 2292
57031 259 0 -> 1 2123 -> 2292
57056 256 1 -> 0 2124 -> 2293
57056 257 0 -> 1 2124 -> 2293
57079 254 1 -> 0 2125 -> 2294
57079 255 0 -> 1 2125 -> 2294
57104 252 1 -> 0 2126 -> 2295
57104 253 0 -> 1 2126 -> 2295
57127 250 1 -> 0 2127 -> 2296
57127 251 0 -> 1 2127 -> 2296
57152 248 1 -> 0 2128 -> 2297
57152 249 0 -> 1 2128 -> 2297
57175 246 1 -> 0 2129 -> 2298
57175 247 0 -> 1 2129 -> 2298
57200 244 1 -> 0 2130 -> 2299
57200 245 0 -> 1 2130 -> 2299
57223 242 1 -> 0 2131 -> 2300
57223 243 0 -> 1 2131 -> 2300
57248 240 1 -> 0 2132 -> 2301
57248 241 0 -> 1 2132 -> 2301
57271 238 1 -> 0 2133 -> 2302
57271 239 0 -> 1 2133 -> 2302
57296 236 1 -> 0 2134 -> 2303
57296 237 0 -> 1 2134 -> 2303
57319 234 1 -> 0 2135 -> 2304
57319 235 0 -> 1 2135 -> 2304
57344 232 1 -> 0 2136 -> 2305
57344 233 0 -> 1 2136 -> 2305
57367 230 1 -> 0 2137 -> 2306
57367 231 0 -> 1 2137 -> 2306
57391 228 1 -> 0 2138 -> 2307
57391 229 0 -> 1 2138 -> 2307
57416 226 1 -> 0 2139 -> 2308
57416 227 0 -> 1 2139 -> 2308
57439 224 1 -> 0 2140 -> 2309
57439 225 0 -> 1 2140 -> 2309
57464 222 1 -> 0 2141 -> 2310
57464 223 0 -> 1 2141 -> 2310
57487 220 1 -> 0 2142 -> 2311
57487 221 0 -> 1 2142 -> 2311
57512 218 1 -> 0 2143 -> 2312
57512 219 0 -> 1 2143 -> 2312
57535 216 1 -> 0 2144 -> 2313
57535 217 0 -> 1 2144 -> 2313
57560 214 1 -> 0 2145 -> 2314
57560 215 0 -> 1 2145 -> 2314
57583 212 1 -> 0 2146 -> 2315
57583 213 0 -> 1 2146 -> 2315
57608 210 1 -> 0 2147 -> 2316
57608 211 0 -> 1 2147 -> 2316
57631 208 1 -> 0 2148 -> 2317
57631 209 0 -> 1 2148 -> 2317
57656 206 1 -> 0 2149 -> 2318
57656 207 0 -> 1 2149 -> 2318
57679 204 1 -> 0 2150 -> 2319
57679 205 0 -> 1 2150 -> 2319
57704 202 1 -> 0 2151 -> 2320
57704 203 0 -> 1 2151 -> 2320
57727 200 1 -> 0 2152 -> 2321
57727 201 0 -> 1 2152 -> 2321
57752 198 1 -> 0 2153 -> 2322
57752 199 0 -> 1 2153 -> 2322
57775 196 1 -> 0 2154 -> 2323
57775 197 0 -> 1 2154 -> 2323
57799 194 1 -> 0 2155 -> 2324
57799 195 0 -> 1 2155 -> 2324
57824 192 1 -> 0 2156 -> 2325
57824 193 0 -> 1 2156 -> 2325
57847 190 1 -> 0 2157 -> 2326
57847 191 0 -> 1 2157 -> 2326
57872 188 1 -> 0 2158 -> 2327
57872 189 0 -> 1 2158 -> 2327
57895 186 1 -> 0 2159 -> 2328
57895 187 0 -> 1 2159 -> 2328
57920 184 1 -> 0 2160 -> 2329
57920 185 0 -> 1 2160 -> 2329
57943 182 1 -> 0 2161 -> 2330
57943 183 0 -> 1 2161 -> 2330
57968 180 1 -> 0 2162 -> 2331
57968 181 0 -> 1 2162 -> 2331
57991 178 1 -> 0 2163 -> 2332
57991 179 0 -> 1 2163 -> 2332
58016 176 1 -> 0 2164 -> 2333
58016 177 0 -> 1 2164 -> 2333
58039 174 1 -> 0 2165 -> 2334
58039 175 0 -> 1 2165 -> 2334
58064 172 1 -> 0 2166 -> 2335
58064 173 0 -> 1 2166 -> 2335
58087 170 1 -> 0 2167 -> 2336
58087 171 0 -> 1 2167 -> 2336
58112 168 1 -> 0 2168 -> 2337
58112 169 0 -> 1 2168 -> 2337
58135 166 1 -> 0 2169 -> 2338
58135 167 0 -> 1 2169 -> 2338
58160 164 1 -> 0 2170 -> 2339
58160 165 0 -> 1 2170 -> 2339
58183 162 1 -> 0 2171 -> 2340
58183 163 0 -> 1 2171 -> 2340
58208 160 1 -> 0 2172 -> 2341
58208 161 0 -> 1 2172 -> 2341
58232 158 1 -> 0 2173 -> 2342
58232 159 0 -> 1 2173 -> 2342
58255 156 1 -> 0 2174 -> 2343
58255 157 0 -> 1 2174 -> 2343
58280 154 1 -> 0 2175 -> 2344
58280 155 0 -> 1 2175 -> 2344
58303 152 1 -> 0 2176 -> 2345
58303 153 0 -> 1 2176 -> 2345
58328 150 1 -> 0 2177 -> 2346
58328 151 0 -> 1 2177 -> 2346
58351 148 1 -> 0 2178 -> 2347
58351 149 0 -> 1 2178 -> 2347
58376 146 1 -> 0 2179 -> 2348
58376 147 0 -> 1 2179 -> 2348
58399 144 1 -> 0 2180 -> 2349
58399 145 0 -> 1 2180 -> 2349
58424 142 1 -> 0 2181 -> 2350
58424 143 0 -> 1 2181 -> 2350
58447 140 1 -> 0 2182 -> 2351
58447 141 0 -> 1 2182 -> 2351
58472 138 1 -> 0 2183 -> 2352
58472 139 0 -> 1 2183 -> 2352
58495 136 1 -> 0 2184 -> 2353
58495 137 0 -> 1 2184 -> 2353
58520 134 1 -> 0 2185 -> 2354
58520 135 0 -> 1 2185 -> 2354
58543 132 1 -> 0 2186 -> 2355
58543 133 0 -> 1 2186 -> 2355
58568 130 1 -> 0 2187 -> 2356
58568 131 0 -> 1 2187 -> 2356
58591 128 1 -> 0 2188 -> 2357
58591 129 0 -> 1 2188 -> 2357
58616 126 1 -> 0 2189 -> 2358
58616 127 0 -> 1 2189 -> 2358
58640 124 1 -> 0 2190 -> 2359
58640 125 0 -> 1 2190 -> 2359
58663 122 1 -> 0 2191 -> 2360
58663 123 0 -> 1 2191 -> 2360
58688 120 1 -> 0 2192 -> 2361
58688 121 0 -> 1 2192 -> 2361
58711 118 1 -> 0 2193 -> 2362
58711 119 0 -> 1 2193 -> 2362
58736 116 1 -> 0 2194 -> 2363
58736 117 0 -> 1 2194 -> 2363
58759 114 1 -> 0 2195 -> 2364
58759 115 0 -> 1 2195 -> 2364
58784 112 1 -> 0 2196 -> 2365
58784 113 0 -> 1 2196 -> 2365
58807 449 1 -> 0 2197 -> 2366
58807 448 0 -> 1 2197 -> 2366
58832 447 1 -> 0 2198 -> 2367
58832 446 0 -> 1 2198 -> 2367
58855 445 1 -> 0 2199 -> 2368
58855 444 0 -> 1 2199 -> 2368
58880 443 1 -> 0 2200 -> 2369
58880 442 0 -> 1 2200 -> 2369
58903 441 1 -> 0 2201 -> 2370
58903 440 0 -> 1 2201 -> 2370
58928 439 1 -> 0 2202 -> 2371
58928 438 0 -> 1 2202 -> 2371
58951 437 1 -> 0 2203 -> 2372
58951 436 0 -> 1 2203 -> 2372
58976 435 1 -> 0 2204 -> 2373
58976 434 0 -> 1 2204 -> 2373
58999 433 1 -> 0 2205 -> 2374
58999 432 0 -> 1 2205 -> 2374
59024 431 1 -> 0 2206 -> 2375
59024 430 0 -> 1 2206 -> 2375
59047 429 1 -> 0 2207 -> 2376
59047 428 0 -> 1 2207 -> 2376
59071 427 1 -> 0 2208 -> 2377
59071 426 0 -> 1 2208 -> 2377
59096 425 1 -> 0 2209 -> 2378
59096 424 0 -> 1 2209 -> 2378
59119 423 1 -> 0 2210 -> 2379
59119 422 0 -> 1 2210 -> 2379
59144 421 1 -> 0 2211 -> 2380
59144 420 0 -> 1 2211 -> 2380
59167 419 1 -> 0 2212 -> 2381
59167 418 0 -> 1 2212 -> 2381
59192 417 1 -> 0 2213 -> 2382
59192 416 0 -> 1 2213 -> 2382
59215 415 1 -> 0 2214 -> 2383
59215 414 0 -> 1 2214 -> 2383
59240 413 1 -> 0 2215 -> 2384
59240 412 0 -> 1 2215 -> 2384
59263 411 1 -> 0 2216 -> 2385
59263 410 0 -> 1 2216 -> 2385
59288 409 1 -> 0 2217 -> 2386
59288 408 0 -> 1 2217 -> 2386
59311 407 1 -> 0 2218 -> 2387
59311 406 0 -> 1 2218 -> 2387
59336 405 1 -> 0 2219 -> 2388
59336 404 0 -> 1 2219 -> 2388
59359 403 1 -> 0 2220 -> 2389
59359 402 0 -> 1 2220 -> 2389
59384 401 1 -> 0 2221 -> 2390
59384 400 0 -> 1 2221 -> 2390
59407 399 1 -> 0 2222 -> 2391
59407 398 0 -> 1 2222 -> 2391
59432 397 1 -> 0 2223 -> 2392
59432 396 0 -> 1 2223 -> 2392
59455 395 1 -> 0 2224 -> 2393
59455 394 0 -> 1 2224 -> 2393
59480 393 1 -> 0 2225 -> 2394
59480 392 0 -> 1 2225 -> 2394
59504 391 1 -> 0 2226 -> 2395
59504 390 0 -> 1 2226 -> 2395
59527 389 1 -> 0 2227 -> 2396
59527 388 0 -> 1 2227 -> 2396
59552 387 1 -> 0 2228 -> 2397
59552 386 0 -> 1 2228 -> 2397
59575 385 1 -> 0 2229 -> 2398
59575 384 0 -> 1 2229 -> 2398
59600 383 1 -> 0 2230 -> 2399
59600 382 0 -> 1 2230 -> 2399
59623 381 1 -> 0 2231 -> 2400
59623 380 0 -> 1 2231 -> 2400
59648 379 1 -> 0 2232 -> 2401
59648 378 0 -> 1 2232 -> 2401
59671 377 1 -> 0 2233 -> 2402
59671 376 0 -> 1 2233 -> 2402
59696 375 1 -> 0 2234 -> 2403
59696 374 0 -> 1 2234 -> 2403
59719 373 1 -> 0 2235 -> 2404
59719 372 0 -> 1 2235 -> 2404
59744 371 1 -> 0 2236 -> 2405
59744 370 0 -> 1 2236 -> 2405
59767 369 1 -> 0 2237 -> 2406
59767 368 0 -> 1 2237 -> 2406
59792 367 1 -> 0 2238 -> 2407
59792 366 0 -> 1 2238 -> 2407
59815 365 1 -> 0 2239 -> 2408
59815 364 0 -> 1 2239 -> 2408
59840 363 1 -> 0 2240 -> 2409
59840 362 0 -> 1 2240 -> 2409
59863 361 1 -> 0 2241 -> 2410
59863 360 0 -> 1 2241 -> 2410
59888 359 1 -> 0 2242 -> 2411
59888 358 0 -> 1 2242 -> 2411
59912 357 1 -> 0 2243 -> 2412
59912 356 0 -> 1 2243 -> 2412
59935 355 1 -> 0 2244 -> 2413
59935 354 0 -> 1 2244 -> 2413
59960 353 1 -> 0 2245 -> 2414
59960 352 0 -> 1 2245 -> 2414
59983 351 1 -> 0 2246 -> 2415
59983 350 0 -> 1 2246 -> 2415
60008 349 1 -> 0 2247 -> 2416
60008 348 0 -> 1 2247 -> 2416
60031 347 1 -> 0 2248 -> 2417
60031 346 0 -> 1 2248 -> 2417
60056 345 1 -> 0 2249 -> 2418
60056 344 0 -> 1 2249 -> 2418
60079 343 1 -> 0 2250 -> 2419
60079 342 0 -> 1 2250 -> 2419
60104 341 1 -> 0 2251 -> 2420
60104 340 0 -> 1 2251 -> 2420
60127 339 1 -> 0 2252 -> 2421
60127 338 0 -> 1 2252 -> 2421
60152 337 1 -> 0 2253 -> 2422
60152 336 0 -> 1 2253 -> 2422
60175 335 1 -> 0 2254 -> 2423
60175 334 0 -> 1 2254 -> 2423
60200 333 1 -> 0 2255 -> 2424
60200 332 0 -> 1 2255 -> 2424
60223 331 1 -> 0 2256 -> 2425
60223 330 0 -> 1 2256 -> 2425
60248 329 1 -> 0 2257 -> 2426
60248 328 0 -> 1 2257 -> 2426
60271 327 1 -> 0 2258 -> 2427
60271 326 0 -> 1 2258 -> 2427
60296 325 1 -> 0 2259 -> 2428
60296 324 0 -> 1 2259 -> 2428
60319 323 1 -> 0 2260 -> 2429
60319 322 0 -> 1 2260 -> 2429
60343 321 1 -> 0 2261 -> 2430
60343 320 0 -> 1 2261 -> 2430
60368 319 1 -> 0 2262 -> 2431
60368 318 0 -> 1 2262 -> 2431
60391 317 1 -> 0 2263 -> 2432
60391 316 0 -> 1 2263 -> 2432
60416 315 1 -> 0 2264 -> 2433
60416 314 0 -> 1 2264 -> 2433
60439 313 1 -> 0 2265 -> 2434
60439 312 0 -> 1 2265 -> 2434
60464 311 1 -> 0 2266 -> 2435
60464 310 0 -> 1 2266 -> 2435
60487 309 1 -> 0 2267 -> 2436
60487 308 0 -> 1 2267 -> 2436
60512 307 1 -> 0 2268 -> 2437
60512 306 0 -> 1 2268 -> 2437
60535 305 1 -> 0 2269 -> 2438
60535 304 0 -> 1 2269 -> 2438
60560 303 1 -> 0 2270 -> 2439
60560 302 0 -> 1 2270 -> 2439
60583 301 1 -> 0 2271 -> 2440
60583 300 0 -> 1 2271 -> 2440
60608 299 1 -> 0 2272 -> 2441
60608 298 0 -> 1 2272 -> 2441
60631 297 1 -> 0 2273 -> 2442
60631 296 0 -> 1 2273 -> 2442
60656 295 1 -> 0 2274 -> 2443
60656 294 0 -> 1 2274 -> 2443
60679 293 1 -> 0 2275 -> 2444
60679 292 0 -> 1 2275 -> 2444
60704 291 1 -> 0 2276 -> 2445
60704 290 0 -> 1 2276 -> 2445
60727 289 1 -> 0 2277 -> 2446
60727 288 0 -> 1 2277 -> 2446
60751 287 1 -> 0 2278 -> 2447
60751 286 0 -> 1 2278 -> 2447
60776 285 1 -> 0 2279 -> 2448
60776 284 0 -> 1 2279 -> 2448
60799 283 1 -> 0 2280 -> 2449
60799 282 0 -> 1 2280 -> 2449
60824 281 1 -> 0 2281 -> 2450
60824 280 0 -> 1 2281 -> 2450
60847 279 1 -> 0 2282 -> 2451
60847 278 0 -> 1 2282 -> 2451
60872 277 1 -> 0 2283 -> 2452
60872 276 0 -> 1 2283 -> 2452
60895 275 1 -> 0 2284 -> 2453
60895 274 0 -> 1 2284 -> 2453
60920 273 1 -> 0 2285 -> 2454
60920 272 0 -> 1 2285 -> 2454
60943 271 1 -> 0 2286 -> 2455
60943 270 0 -> 1 2286 -> 2455
60968 269 1 -> 0 2287 -> 2456
60968 268 0 -> 1 2287 -> 2456
60991 267 1 -> 0 2288 -> 2457
60991 266 0 -> 1 2288 -> 2457
61016 265 1 -> 0 2289 -> 2458
61016 264 0 -> 1 2289 -> 2458
61039 263 1 -> 0 2290 -> 2459
61039 262 0 -> 1 2290 -> 2459
61064 261 1 -> 0 2291 -> 2460
61064 260 0 -> 1 2291 -> 2460
61087 259 1 -> 0 2292 -> 2461
61087 258 0 -> 1 2292 -> 2461
61112 257 1 -> 0 2293 -> 2462
61112 256 0 -> 1 2293 -> 2462
61135 255 1 -> 0 2294 -> 2463
61135 254 0 -> 1 2294 -> 2463
61160 253 1 -> 0 2295 -> 2464
61160 252 0 -> 1 2295 -> 2464
61184 251 1 -> 0 2296 -> 2465
61184 250 0 -> 1 2296 -> 2465
61207 249 1 -> 0 2297 -> 2466
61207 248 0 -> 1 2297 -> 2466
61232 247 1 -> 0 2298 -> 2467
61232 246 0 -> 1 2298 -> 2467
61255 245 1 -> 0 2299 -> 2468
61255 244 0 -> 1 2299 -> 2468
61280 243 1 -> 0 2300 -> 2469
61280 242 0 -> 1 2300 -> 2469
61303 241 1 -> 0 2301 -> 2470
61303 240 0 -> 1 2301 -> 2470
61328 239 1 -> 0 2302 -> 2471
61328 238 0 -> 1 2302 -> 2471
61351 237 1 -> 0 2303 -> 2472
61351 236 0 -> 1 2303 -> 2472
61376 235 1 -> 0 2304 -> 2473
61376 234 0 -> 1 2304 -> 2473
61399 233 1 -> 0 2305 -> 2474
61399 232 0 -> 1 2305 -> 2474
61424 231 1 -> 0 2306 -> 2475
61424 230 0 -> 1 2306 -> 2475
61447 229 1 -> 0 2307 -> 2476
61447 228 0 -> 1 2307 -> 2476
61472 227 1 -> 0 2308 -> 2477
61472 226 0 -> 1 2308 -> 2477
61495 225 1 -> 0 2309 -> 2478
61495 224 0 -> 1 2309 -> 2478
61520 223 1 -> 0 2310 -> 2479
61520 222 0 -> 1 2310 -> 2479
61543 221 1 -> 0 2311 -> 2480
61543 220 0 -> 1 2311 -> 2480
61568 219 1 -> 0 2312 -> 2481
61568 218 0 -> 1 2312 -> 2481
61592 217 1 -> 0 2313 -> 2482
61592 216 0 -> 1 2313 -> 2482
61615 215 1 -> 0 2314 -> 2483
61615 214 0 -> 1 2314 -> 2483
61640 213 1 -> 0 2315 -> 2484
61640 212 0 -> 1 2315 -> 2484
61663 211 1 -> 0 2316 -> 2485
61663 210 0 -> 1 2316 -> 2485
61688 209 1 -> 0 2317 -> 2486
61688 208 0 -> 1 2317 -> 2486
61711 207 1 -> 0 2318 -> 2487
61711 206 0 -> 1 2318 -> 2487
61736 205 1 -> 0 2319 -> 2488
61736 204 0 -> 1 2319 -> 2488
61759 203 1 -> 0 2320 -> 2489
61759 202 0 -> 1 2320 -> 2489
61784 201 1 -> 0 2321 -> 2490
61784 200 0 -> 1 2321 -> 2490
61807 199 1 -> 0 2322 -> 2491
61807 198 0 -> 1 2322 -> 2491
61832 197 1 -> 0 2323 -> 2492
61832 196 0 -> 1 2323 -> 2492
61855 195 1 -> 0 2324 -> 2493
61855 194 0 -> 1 2324 -> 2493
61880 193 1 -> 0 2325 -> 2494
61880 192 0 -> 1 2325 -> 2494
61903 191 1 -> 0 2326 -> 2495
61903 190 0 -> 1 2326 -> 2495
61928 189 1 -> 0 2327 -> 2496
61928 188 0 -> 1 2327 -> 2496
61951 187 1 -> 0 2328 -> 2497
61951 186 0 -> 1 2328 -> 2497
61976 185 1 -> 0 2329 -> 2498
61976 184 0 -> 1 2329 -> 2498
61999 183 1 -> 0 2330 -> 2499
61999 182 0 -> 1 2330 -> 2499
62023 181 1 -> 0 2331 -> 2500
62023 180 0 -> 1 2331 -> 2500
62048 179 1 -> 0 2332 -> 2501
62048 178 0 -> 1 2332 -> 2501
62071 177 1 -> 0 2333 -> 2502
62071 176 0 -> 1 2333 -> 2502
62096 175 1 -> 0 2334 -> 2503
62096 174 0 -> 1 2334 -> 2503
62119 173 1 -> 0 2335 -> 2504
62119 172 0 -> 1 2335 -> 2504
62144 171 1 -> 0 2336 -> 2505
62144 170 0 -> 1 2336 -> 2505
62167 169 1 -> 0 2337 -> 2506
62167 168 0 -> 1 2337 -> 2506
62192 167 1 -> 0 2338 -> 2507
62192 166 0 -> 1 2338 -> 2507
62215 165 1 -> 0 2339 -> 2508
62215 164 0 -> 1 2339 -> 2508
62240 163 1 -> 0 2340 -> 2509
62240 162 0 -> 1 2340 -> 2509
62263 161 1 -> 0 2341 -> 2510
62263 160 0 -> 1 2341 -> 2510
62288 159 1 -> 0 2342 -> 2511
62288 158 0 -> 1 2342 -> 2511
62311 157 1 -> 0 2343 -> 2512
62311 156 0 -> 1 2343 -> 2512
62336 155 1 -> 0 2344 -> 2513
62336 154 0 -> 1 2344 -> 2513
62359 153 1 -> 0 2345 -> 2514
62359 152 0 -> 1 2345 -> 2514
62384 151 1 -> 0 2346 -> 2515
62384 150 0 -> 1 2346 -> 2515
62407 149 1 -> 0 2347 -> 2516
62407 148 0 -> 1 2347 -> 2516
62432 147 1 -> 0 2348 -> 2517
62432 146 0 -> 1 2348 -> 2517
62456 145 1 -> 0 2349 -> 2518
62456 144 0 -> 1 2349 -> 2518
62479 143 1 -> 0 2350 -> 2519
62479 142 0 -> 1 2350 -> 2519
62504 141 1 -> 0 2351 -> 2520
62504 140 0 -> 1 2351 -> 2520
62527 139 1 -> 0 2352 -> 2521
62527 138 0 -> 1 2352 -> 2521
62552 137 1 -> 0 2353 -> 2522
62552 136 0 -> 1 2353 -> 2522
62575 135 1 -> 0 2354 -> 2523
62575 134 0 -> 1 2354 -> 2523
62600 133 1 -> 0 2355 -> 2524
62600 132 0 -> 1 2355 -> 2524
62623 131 1 -> 0 2356 -> 2525
62623 130 0 -> 1 2356 -> 2525
62648 129 1 -> 0 2357 -> 2526
62648 128 0 -> 1 2357 -> 2526
62671 127 1 -> 0 2358 -> 2527
62671 126 0 -> 1 2358 -> 2527
62696 125 1 -> 0 2359 -> 2528
62696 124 0 -> 1 2359 -> 2528
62719 123 1 -> 0 2360 -> 2529
62719 122 0 -> 1 2360 -> 2529
62744 121 1 -> 0 2361 -> 2530
62744 120 0 -> 1 2361 -> 2530
62767 119 1 -> 0 2362 -> 2531
62767 118 0 -> 1 2362 -> 2531
62792 117 1 -> 0 2363 -> 2532
62792 116 0 -> 1 2363 -> 2532
62815 115 1 -> 0 2364 -> 2533
62815 114 0 -> 1 2364 -> 2533
62840 113 1 -> 0 2365 -> 2534
62840 112 0 -> 1 2365 -> 2534
62864 448 1 -> 0 2366 -> 2535
62864 449 0 -> 1 2366 -> 2535
62887 446 1 -> 0 2367 -> 2536
62887 447 0 -> 1 2367 -> 2536
62912 444 1 -> 0 2368 -> 2537
62912 445 0 -> 1 2368 -> 2537
62935 442 1 -> 0 2369 -> 2538
62935 443 0 -> 1 2369 -> 2538
62960 440 1 -> 0 2370 -> 2539
62960 441 0 -> 1 2370 -> 2539
62983 438 1 -> 0 2371 -> 2540
62983 439 0 -> 1 2371 -> 2540
63008 436 1 -> 0 2372 -> 2541
63008 437 0 -> 1 2372 -> 2541
63031 434 1 -> 0 2373 -> 2542
63031 435 0 -> 1 2373 -> 2542
63056 432 1 -> 0 2374 -> 2543
63056 433 0 -> 1 2374 -> 2543
63079 430 1 -> 0 2375 -> 2544
63079 431 0 -> 1 2375 -> 2544
63104 428 1 -> 0 2376 -> 2545
63104 429 0 -> 1 2376 -> 2545
63127 426 1 -> 0 2377 -> 2546
63127 427 0 -> 1 2377 -> 2546
63152 424 1 -> 0 2378 -> 2547
63152 425 0 -> 1 2378 -> 2547
63175 422 1 -> 0 2379 -> 2548
63175 423 0 -> 1 2379 -> 2548
63200 420 1 -> 0 2380 -> 2549
63200 421 0 -> 1 2380 -> 2549
63223 418 1 -> 0 2381 -> 2550
63223 419 0 -> 1 2381 -> 2550
63248 416 1 -> 0 2382 -> 2551
63248 417 0 -> 1 2382 -> 2551
63271 414 1 -> 0 2383 -> 2552
63271 415 0 -> 1 2383 -> 2552
63295 412 1 -> 0 2384 -> 2553
63295 413 0 -> 1 2384 -> 2553
63320 410 1 -> 0 2385 -> 2554
63320 411 0 -> 1 2385 -> 2554
63343 408 1 -> 0 2386 -> 2555
63343 409 0 -> 1 2386 -> 2555
63368 406 1 -> 0 2387 -> 2556
63368 407 0 -> 1 2387 -> 2556
63391 404 1 -> 0 2388 -> 2557
63391 405 0 -> 1 2388 -> 2557
63416 402 1 -> 0 2389 -> 2558
63416 403 0 -> 1 2389 -> 2558
63439 400 1 -> 0 2390 -> 2559
63439 401 0 -> 1 2390 -> 2559
63464 398 1 -> 0 2391 -> 2560
63464 399 0 -> 1 2391 -> 2560
63487 396 1 -> 0 2392 -> 2561
63487 397 0 -> 1 2392 -> 2561
63512 394 1 -> 0 2393 -> 2562
63512 395 0 -> 1 2393 -> 2562
63535 392 1 -> 0 2394 -> 2563
63535 393 0 -> 1 2394 -> 2563
63560 390 1 -> 0 2395 -> 2564
63560 391 0 -> 1 2395 -> 2564
63583 388 1 -> 0 2396 -> 2565
63583 389 0 -> 1 2396 -> 2565
63608 386 1 -> 0 2397 -> 2566
63608 387 0 -> 1 2397 -> 2566
63631 384 1 -> 0 2398 -> 2567
63631 385 0 -> 1 2398 -> 2567
63656 382 1 -> 0 2399 -> 2568
63656 383 0 -> 1 2399 -> 2568
63679 380 1 -> 0 2400 -> 2569
63679 381 0 -> 1 2400 -> 2569
63703 378 1 -> 0 2401 -> 2570
63703 379 0 -> 1 2401 -> 2570
63728 376 1 -> 0 2402 -> 2571
63728 377 0 -> 1 2402 -> 2571
63751 374 1 -> 0 2403 -> 2572
63751 375 0 -> 1 2403 -> 2572
63776 372 1 -> 0 2404 -> 2573
63776 373 0 -> 1 2404 -> 2573
63799 370 1 -> 0 2405 -> 2574
63799 371 0 -> 1 2405 -> 2574
63824 368 1 -> 0 2406 -> 2575
63824 369 0 -> 1 2406 -> 2575
63847 366 1 -> 0 2407 -> 2576
63847 367 0 -> 1 2407 -> 2576
63872 364 1 -> 0 2408 -> 2577
63872 365 0 -> 1 2408 -> 2577
63895 362 1 -> 0 2409 -> 2578
63895 363 0 -> 1 2409 -> 2578
63920 360 1 -> 0 2410 -> 2579
63920 361 0 -> 1 2410 -> 2579
63943 358 1 -> 0 2411 -> 2580
63943 359 0 -> 1 2411 -> 2580
63968 356 1 -> 0 2412 -> 2581
63968 357 0 -> 1 2412 -> 2581
63991 354 1 -> 0 2413 -> 2582
63991 355 0 -> 1 2413 -> 2582
64016 352 1 -> 0 2414 -> 2583
64016 353 0 -> 1 2414 -> 2583
64039 350 1 -> 0 2415 -> 2584
64039 351 0 -> 1 2415 -> 2584
64064 348 1 -> 0 2416 -> 2585
64064 349 0 -> 1 2416 -> 2585
64087 346 1 -> 0 2417 -> 2586
64087 347 0 -> 1 2417 -> 2586
64112 344 1 -> 0 2418 -> 2587
64112 345 0 -> 1 2418 -> 2587
64136 342 1 -> 0 2419 -> 2588
64136 343 0 -> 1 2419 -> 2588
64159 340 1 -> 0 2420 -> 2589
64159 341 0 -> 1 2420 -> 2589
64184 338 1 -> 0 2421 -> 2590
64184 339 0 -> 1 2421 -> 2590
64207 336 1 -> 0 2422 -> 2591
64207 337 0 -> 1 2422 -> 2591
64232 334 1 -> 0 2423 -> 2592
64232 335 0 -> 1 2423 -> 2592
64255 332 1 -> 0 2424 -> 2593
64255 333 0 -> 1 2424 -> 2593
64280 330 1 -> 0 2425 -> 2594
64280 331 0 -> 1 2425 -> 2594
64303 328 1 -> 0 2426 -> 2595
64303 329 0 -> 1 2426 -> 2595
64328 326 1 -> 0 2427 -> 2596
64328 327 0 -> 1 2427 -> 2596
64351 324 1 -> 0 2428 -> 2597
64351 325 0 -> 1 2428 -> 2597
64376 322 1 -> 0 2429 -> 2598
64376 323 0 -> 1 2429 -> 2598
64399 320 1 -> 0 2430 -> 2599
64399 321 0 -> 1 2430 -> 2599
64424 318 1 -> 0 2431 -> 2600
64424 319 0 -> 1 2431 -> 2600
64447 316 1 -> 0 2432 -> 2601
64447 317 0 -> 1 2432 -> 2601
64472 314 1 -> 0 2433 -> 2602
64472 315 0 -> 1 2433 -> 2602
64495 312 1 -> 0 2434 -> 2603
64495 313 0 -> 1 2434 -> 2603
64520 310 1 -> 0 2435 -> 2604
64520 311 0 -> 1 2435 -> 2604
64544 308 1 -> 0 2436 -> 2605
64544 309 0 -> 1 2436 -> 2605
64567 306 1 -> 0 2437 -> 2606
64567 307 0 -> 1 2437 -> 2606
64592 304 1 -> 0 2438 -> 2607
64592 305 0 -> 1 2438 -> 2607
64615 302 1 -> 0 2439 -> 2608
64615 303 0 -> 1 2439 -> 2608
64640 300 1 -> 0 2440 -> 2609
64640 301 0 -> 1 2440 -> 2609
64663 298 1 -> 0 2441 -> 2610
64663 299 0 -> 1 2441 -> 2610
64688 296 1 -> 0 2442 -> 2611
64688 297 0 -> 1 2442 -> 2611
64711 294 1 -> 0 2443 -> 2612
64711 295 0 -> 1 2443 -> 2612
64736 292 1 -> 0 2444 -> 2613
64736 293 0 -> 1 2444 -> 2613
64759 290 1 -> 0 2445 -> 2614
64759 291 0 -> 1 2445 -> 2614
64784 288 1 -> 0 2446 -> 2615
64784 289 0 -> 1 2446 -> 2615
64807 286 1 -> 0 2447 -> 2616
64807 287 0 -> 1 2447 -> 2616
64832 284 1 -> 0 2448 -> 2617
64832 285 0 -> 1 2448 -> 2617
64855 282 1 -> 0 2449 -> 2618
64855 283 0 -> 1 2449 -> 2618
64880 280 1 -> 0 2450 -> 2619
64880 281 0 -> 1 2450 -> 2619
64903 278 1 -> 0 2451 -> 2620
64903 279 0 -> 1 2451 -> 2620
64928 276 1 -> 0 2452 -> 2621
64928 277 0 -> 1 2452 -> 2621
64951 274 1 -> 0 2453 -> 2622
64951 275 0 -> 1 2453 -> 2622
64975 272 1 -> 0 2454 -> 2623
64975 273 0 -> 1 2454 -> 2623
65000 270 1 -> 0 2455 -> 2624
65000 271 0 -> 1 2455 -> 2624
65023 268 1 -> 0 2456 -> 2625
65023 269 0 -> 1 2456 -> 2625
65048 266 1 -> 0 2457 -> 2626
65048 267 0 -> 1 2457 -> 2626
65071 264 1 -> 0 2458 -> 2627
65071 265 0 -> 1 2458 -> 2627
65096 262 1 -> 0 2459 -> 2628
65096 263 0 -> 1 2459 -> 2628
65119 260 1 -> 0 2460 -> 2629
65119 261 0 -> 1 2460 -> 2629
65144 258 1 -> 0 2461 -> 2630
65144 259 0 -> 1 2461 -> 2630
65167 256 1 -> 0 2462 -> 2631
65167 257 0 -> 1 2462 -> 2631
65192 254 1 -> 0 2463 -> 2632
65192 255 0 -> 1 2463 -> 2632
65215 252 1 -> 0 2464 -> 2633
65215 253 0 -> 1 2464 -> 2633
65240 250 1 -> 0 2465 -> 2634
65240 251 0 -> 1 2465 -> 2634
65263 248 1 -> 0 2466 -> 2635
65263 249 0 -> 1 2466 -> 2635
65288 246 1 -> 0 2467 -> 2636
65288 247 0 -> 1 2467 -> 2636
65311 244 1 -> 0 2468 -> 2637
65311 245 0 -> 1 2468 -> 2637
65336 242 1 -> 0 2469 -> 2638
65336 243 0 -> 1 2469 -> 2638
65359 240 1 -> 0 2470 -> 2639
65359 241 0 -> 1 2470 -> 2639
65384 238 1 -> 0 2471 -> 2640
65384 239 0 -> 1 2471 -> 2640
65408 236 1 -> 0 2472 -> 2641
65408 237 0 -> 1 2472 -> 2641
65431 234 1 -> 0 2473 -> 2642
65431 235 0 -> 1 2473 -> 2642
65456 232 1 -> 0 2474 -> 2643
65456 233 0 -> 1 2474 -> 2643
65479 230 1 -> 0 2475 -> 2644
65479 231 0 -> 1 2475 -> 2644
65504 228 1 -> 0 2476 -> 2645
65504 229 0 -> 1 2476 -> 2645
65527 226 1 -> 0 2477 -> 2646
65527 227 0 -> 1 2477 -> 2646
65552 224 1 -> 0 2478 -> 2647
65552 225 0 -> 1 2478 -> 2647
65575 222 1 -> 0 2479 -> 2648
65575 223 0 -> 1 2479 -> 2648
65600 220 1 -> 0 2480 -> 2649
65600 221 0 -> 1 2480 -> 2649
65623 218 1 -> 0 2481 -> 2650
65623 219 0 -> 1 2481 -> 2650
65648 216 1 -> 0 2482 -> 2651
65648 217 0 -> 1 2482 -> 2651
65671 214 1 -> 0 2483 -> 2652
65671 215 0 -> 1 2483 -> 2652
65696 212 1 -> 0 2484 -> 2653
65696 213 0 -> 1 2484 -> 2653
65719 210 1 -> 0 2485 -> 2654
65719 211 0 -> 1 2485 -> 2654
65744 208 1 -> 0 2486 -> 2655
65744 209 0 -> 1 2486 -> 2655
65767 206 1 -> 0 2487 -> 2656
65767 207 0 -> 1 2487 -> 2656
65792 204 1 -> 0 2488 -> 2657
65792 205 0 -> 1 2488 -> 2657
65816 202 1 -> 0 2489 -> 2658
65816 203 0 -> 1 2489 -> 2658
65839 200 1 -> 0 2490 -> 2659
65839 201 0 -> 1 2490 -> 2659
65864 198 1 -> 0 2491 -> 2660
65864 199 0 -> 1 2491 -> 2660
65887 196 1 -> 0 2492 -> 2661
65887 197 0 -> 1 2492 -> 2661
65912 194 1 -> 0 2493 -> 2662
65912 195 0 -> 1 2493 -> 2662
65935 192 1 -> 0 2494 -> 2663
65935 193 0 -> 1 2494 -> 2663
65960 190 1 -> 0 2495 -> 2664
65960 191 0 -> 1 2495 -> 2664
65983 188 1 -> 0 2496 -> 2665
65983 189 0 -> 1 2496 -> 2665
66008 186 1 -> 0 2497 -> 2666
66008 187 0 -> 1 2497 -> 2666
66031 184 1 -> 0 2498 -> 2667
66031 185 0 -> 1 2498 -> 2667
66056 182 1 -> 0 2499 -> 2668
66056 183 0 -> 1 2499 -> 2668
66079 180 1 -> 0 2500 -> 2669
66079 181 0 -> 1 2500 -> 2669
66104 178 1 -> 0 2501 -> 2670
66104 179 0 -> 1 2501 -> 2670
66127 176 1 -> 0 2502 -> 2671
66127 177 0 -> 1 2502 -> 2671
66152 174 1 -> 0 2503 -> 2672
66152 175 0 -> 1 2503 -> 2672
66175 172 1 -> 0 2504 -> 2673
66175 173 0 -> 1 2504 -> 2673
66200 170 1 -> 0 2505 -> 2674
66200 171 0 -> 1 2505 -> 2674
66223 168 1 -> 0 2506 -> 2675
66223 169 0 -> 1 2506 -> 2675
66247 166 1 -> 0 2507 -> 2676
66247 167 0 -> 1 2507 -> 2676
66272 164 1 -> 0 2508 -> 2677
66272 165 0 -> 1 2508 -> 2677
66295 162 1 -> 0 2509 -> 2678
66295 163 0 -> 1 2509 -> 2678
66320 160 1 -> 0 2510 -> 2679
66320 161 0 -> 1 2510 -> 2679
66343 158 1 -> 0 2511 -> 2680
66343 159 0 -> 1 2511 -> 2680
66368 156 1 -> 0 2512 -> 2681
66368 157 0 -> 1 2512 -> 2681
66391 154 1 -> 0 2513 -> 2682
66391 155 0 -> 1 2513 -> 2682
66416 152 1 -> 0 2514 -> 2683
66416 153 0 -> 1 2514 -> 2683
66439 150 1 -> 0 2515 -> 2684
66439 151 0 -> 1 2515 -> 2684
66464 148 1 -> 0 2516 -> 2685
66464 149 0 -> 1 2516 -> 2685
66487 146 1 -> 0 2517 -> 2686
66487 147 0 -> 1 2517 -> 2686
66512 144 1 -> 0 2518 -> 2687
66512 145 0 -> 1 2518 -> 2687
66535 142 1 -> 0 2519 -> 2688
66535 143 0 -> 1 2519 -> 2688
66560 140 1 -> 0 2520 -> 2689
66560 141 0 -> 1 2520 -> 2689
66583 138 1 -> 0 2521 -> 2690
66583 139 0 -> 1 2521 -> 2690
66608 136 1 -> 0 2522 -> 2691
66608 137 0 -> 1 2522 -> 2691
66631 134 1 -> 0 2523 -> 2692
66631 135 0 -> 1 2523 -> 2692
66655 132 1 -> 0 2524 -> 2693
66655 133 0 -> 1 2524 -> 2693
66680 130 1 -> 0 2525 -> 2694
66680 131 0 -> 1 2525 -> 2694
66703 128 1 -> 0 2526 -> 2695
66703 129 0 -> 1 2526 -> 2695
66728 126 1 -> 0 2527 -> 2696
66728 127 0 -> 1 2527 -> 2696
66751 124 1 -> 0 2528 -> 2697
66751 125 0 -> 1 2528 -> 2697
66776 122 1 -> 0 2529 -> 2698
66776 123 0 -> 1 2529 -> 2698
66799 120 1 -> 0 2530 -> 2699
66799 121 0 -> 1 2530 -> 2699
66824 118 1 -> 0 2531 -> 2700
66824 119 0 -> 1 2531 -> 2700
66847 116 1 -> 0 2532 -> 2701
66847 117 0 -> 1 2532 -> 2701
66872 114 1 -> 0 2533 -> 2702
66872 115 0 -> 1 2533 -> 2702
66895 112 1 -> 0 2534 -> 2703
66895 113 0 -> 1 2534 -> 2703
66920 449 1 -> 0 2535 -> 2704
66920 448 0 -> 1 2535 -> 2704
66943 447 1 -> 0 2536 -> 2705
66943 446 0 -> 1 2536 -> 2705
66968 445 1 -> 0 2537 -> 2706
66968 444 0 -> 1 2537 -> 2706
66991 443 1 -> 0 2538 -> 2707
66991 442 0 -> 1 2538 -> 2707
67016 441 1 -> 0 2539 -> 2708
67016 440 0 -> 1 2539 -> 2708
67039 439 1 -> 0 2540 -> 2709
67039 438 0 -> 1 2540 -> 2709
67064 437 1 -> 0 2541 -> 2710
67064 436 0 -> 1 2541 -> 2710
67088 435 1 -> 0 2542 -> 2711
67088 434 0 -> 1 2542 -> 2711
67111 433 1 -> 0 2543 -> 2712
67111 432 0 -> 1 2543 -> 2712
67136 431 1 -> 0 2544 -> 2713
67136 430 0 -> 1 2544 -> 2713
67159 429 1 -> 0 2545 -> 2714
67159 428 0 -> 1 2545 -> 2714
67184 427 1 -> 0 2546 -> 2715
67184 426 0 -> 1 2546 -> 2715
67207 425 1 -> 0 2547 -> 2716
67207 424 0 -> 1 2547 -> 2716
67232 423 1 -> 0 2548 -> 2717
67232 422 0 -> 1 2548 -> 2717
67255 421 1 -> 0 2549 -> 2718
67255 420 0 -> 1 2549 -> 2718
67280 419 1 -> 0 2550 -> 2719
67280 418 0 -> 1 2550 -> 2719
67303 417 1 -> 0 2551 -> 2720
67303 416 0 -> 1 2551 -> 2720
67328 415 1 -> 0 2552 -> 2721
67328 414 0 -> 1 2552 -> 2721
67351 413 1 -> 0 2553 -> 2722
67351 412 0 -> 1 2553 -> 2722
67376 411 1 -> 0 2554 -> 2723
67376 410 0 -> 1 2554 -> 2723
67399 409 1 -> 0 2555 -> 2724
67399 408 0 -> 1 2555 -> 2724
67424 407 1 -> 0 2556 -> 2725
67424 406 0 -> 1 2556 -> 2725
67447 405 1 -> 0 2557 -> 2726
67447 404 0 -> 1 2557 -> 2726
67472 403 1 -> 0 2558 -> 2727
67472 402 0 -> 1 2558 -> 2727
67495 401 1 -> 0 2559 -> 2728
67495 400 0 -> 1 2559 -> 2728
67519 399 1 -> 0 2560 -> 2729
67519 398 0 -> 1 2560 -> 2729
67544 397 1 -> 0 2561 -> 2730
67544 396 0 -> 1 2561 -> 2730
67567 395 1 -> 0 2562 -> 2731
67567 394 0 -> 1 2562 -> 2731
67592 393 1 -> 0 2563 -> 2732
67592 392 0 -> 1 2563 -> 2732
67615 391 1 -> 0 2564 -> 2733
67615 390 0 -> 1 2564 -> 2733
67640 389 1 -> 0 2565 -> 2734
67640 388 0 -> 1 2565 -> 2734
67663 387 1 -> 0 2566 -> 2735
67663 386 0 -> 1 2566 -> 2735
67688 385 1 -> 0 2567 -> 2736
67688 384 0 -> 1 2567 -> 2736
67711 383 1 -> 0 2568 -> 2737
67711 382 0 -> 1 2568 -> 2737
67736 381 1 -> 0 2569 -> 2738
67736 380 0 -> 1 2569 -> 2738
67759 379 1 -> 0 2570 -> 2739
67759 378 0 -> 1 2570 -> 2739
67784 377 1 -> 0 2571 -> 2740
67784 376 0 -> 1 2571 -> 2740
67807 375 1 -> 0 2572 -> 2741
67807 374 0 -> 1 2572 -> 2741
67832 373 1 -> 0 2573 -> 2742
67832 372 0 -> 1 2573 -> 2742
67855 371 1 -> 0 2574 -> 2743
67855 370 0 -> 1 2574 -> 2743
67880 369 1 -> 0 2575 -> 2744
67880 368 0 -> 1 2575 -> 2744
67903 367 1 -> 0 2576 -> 2745
67903 366 0 -> 1 2576 -> 2745
67927 365 1 -> 0 2577 -> 2746
67927 364 0 -> 1 2577 -> 2746
67952 363 1 -> 0 2578 -> 2747
67952 362 0 -> 1 2578 -> 2747
67975 361 1 -> 0 2579 -> 2748
67975 360 0 -> 1 2579 -> 2748
68000 359 1 -> 0 2580 -> 2749
68000 358 0 -> 1 2580 -> 2749
68023 357 1 -> 0 2581 -> 2750
68023 356 0 -> 1 2581 -> 2750
68048 355 1 -> 0 2582 -> 2751
68048 354 0 -> 1 2582 -> 2751
68071 353 1 -> 0 2583 -> 2752
68071 352 0 -> 1 2583 -> 2752
68096 351 1 -> 0 2584 -> 2753
68096 350 0 -> 1 2584 -> 2753
68119 349 1 -> 0 2585 -> 2754
68119 348 0 -> 1 2585 -> 2754
68144 347 1 -> 0 2586 -> 2755
68144 346 0 -> 1 2586 -> 2755
68167 345 1 -> 0 2587 -> 2756
68167 344 0 -> 1 2587 -> 2756
68192 343 1 -> 0 2588 -> 2757
68192 342 0 -> 1 2588 -> 2757
68215 341 1 -> 0 2589 -> 2758
68215 340 0 -> 1 2589 -> 2758
68240 339 1 -> 0 2590 -> 2759
68240 338 0 -> 1 2590 -> 2759
68263 337 1 -> 0 2591 -> 2760
68263 336 0 -> 1 2591 -> 2760
68288 335 1 -> 0 2592 -> 2761
68288 334 0 -> 1 2592 -> 2761
68311 333 1 -> 0 2593 -> 2762
68311 332 0 -> 1 2593 -> 2762
68336 331 1 -> 0 2594 -> 2763
68336 330 0 -> 1 2594 -> 2763
68360 329 1 -> 0 2595 -> 2764
68360 328 0 -> 1 2595 -> 2764
68383 327 1 -> 0 2596 -> 2765
68383 326 0 -> 1 2596 -> 2765
68408 325 1 -> 0 2597 -> 2766
68408 324 0 -> 1 2597 -> 2766
68431 323 1 -> 0 2598 -> 2767
68431 322 0 -> 1 2598 -> 2767
68456 321 1 -> 0 2599 -> 2768
68456 320 0 -> 1 2599 -> 2768
68479 319 1 -> 0 2600 -> 2769
68479 318 0 -> 1 2600 -> 2769
68504 317 1 -> 0 2601 -> 2770
68504 316 0 -> 1 2601 -> 2770
68527 315 1 -> 0 2602 -> 2771
68527 314 0 -> 1 2602 -> 2771
68552 313 1 -> 0 2603 -> 2772
68552 312 0 -> 1 2603 -> 2772
68575 311 1 -> 0 2604 -> 2773
68575 310 0 -> 1 2604 -> 2773
68600 309 1 -> 0 2605 -> 2774
68600 308 0 -> 1 2605 -> 2774
68623 307 1 -> 0 2606 -> 2775
68623 306 0 -> 1 2606 -> 2775
68648 305 1 -> 0 2607 -> 2776
68648 304 0 -> 1 2607 -> 2776
68671 303 1 -> 0 2608 -> 2777
68671 302 0 -> 1 2608 -> 2777
68696 301 1 -> 0 2609 -> 2778
68696 300 0 -> 1 2609 -> 2778
68719 299 1 -> 0 2610 -> 2779
68719 298 0 -> 1 2610 -> 2779
68744 297 1 -> 0 2611 -> 2780
68744 296 0 -> 1 2611 -> 2780
68768 295 1 -> 0 2612 -> 2781
68768 294 0 -> 1 2612 -> 2781
68791 293 1 -> 0 2613 -> 2782
68791 292 0 -> 1 2613 -> 2782
68816 291 1 -> 0 2614 -> 2783
68816 290 0 -> 1 2614 -> 2783
68839 289 1 -> 0 2615 -> 2784
68839 288 0 -> 1 2615 -> 2784
68864 287 1 -> 0 2616 -> 2785
68864 286 0 -> 1 2616 -> 2785
68887 285 1 -> 0 2617 -> 2786
68887 284 0 -> 1 2617 -> 2786
68912 283 1 -> 0 2618 -> 2787
68912 282 0 -> 1 2618 -> 2787
68935 281 1 -> 0 2619 -> 2788
68935 280 0 -> 1 2619 -> 2788
68960 279 1 -> 0 2620 -> 2789
68960 278 0 -> 1 2620 -> 2789
68983 277 1 -> 0 2621 -> 2790
68983 276 0 -> 1 2621 -> 2790
69008 275 1 -> 0 2622 -> 2791
69008 274 0 -> 1 2622 -> 2791
69031 273 1 -> 0 2623 -> 2792
69031 272 0 -> 1 2623 -> 2792
69056 271 1 -> 0 2624 -> 2793
69056 270 0 -> 1 2624 -> 2793
69079 269 1 -> 0 2625 -> 2794
69079 268 0 -> 1 2625 -> 2794
69104 267 1 -> 0 2626 -> 2795
69104 266 0 -> 1 2626 -> 2795
69127 265 1 -> 0 2627 -> 2796
69127 264 0 -> 1 2627 -> 2796
69152 263 1 -> 0 2628 -> 2797
69152 262 0 -> 1 2628 -> 2797
69175 261 1 -> 0 2629 -> 2798
69175 260 0 -> 1 2629 -> 2798
69199 259 1 -> 0 2630 -> 2799
69199 258 0 -> 1 2630 -> 2799
69224 257 1 -> 0 2631 -> 2800
69224 256 0 -> 1 2631 -> 2800
69247 255 1 -> 0 2632 -> 2801
69247 254 0 -> 1 2632 -> 2801
69272 253 1 -> 0 2633 -> 2802
69272 252 0 -> 1 2633 -> 2802
69295 251 1 -> 0 2634 -> 2803
69295 250 0 -> 1 2634 -> 2803
69320 249 1 -> 0 2635 -> 2804
69320 248 0 -> 1 2635 -> 2804
69343 247 1 -> 0 2636 -> 2805
69343 246 0 -> 1 2636 -> 2805
69368 245 1 -> 0 2637 -> 2806
69368 244 0 -> 1 2637 -> 2806
69391 243 1 -> 0 2638 -> 2807
69391 242 0 -> 1 2638 -> 2807
69416 241 1 -> 0 2639 -> 2808
69416 240 0 -> 1 2639 -> 2808
69439 239 1 -> 0 2640 -> 2809
69439 238 0 -> 1 2640 -> 2809
69464 237 1 -> 0 2641 -> 2810
69464 236 0 -> 1 2641 -> 2810
69487 235 1 -> 0 2642 -> 2811
69487 234 0 -> 1 2642 -> 2811
69512 233 1 -> 0 2643 -> 2812
69512 232 0 -> 1 2643 -> 2812
69535 231 1 -> 0 2644 -> 2813
69535 230 0 -> 1 2644 -> 2813
69560 229 1 -> 0 2645 -> 2814
69560 228 0 -> 1 2645 -> 2814
69583 227 1 -> 0 2646 -> 2815
69583 226 0 -> 1 2646 -> 2815
69607 225 1 -> 0 2647 -> 2816
69607 224 0 -> 1 2647 -> 2816
69632 223 1 -> 0 2648 -> 2817
69632 222 0 -> 1 2648 -> 2817
69655 221 1 -> 0 2649 -> 2818
69655 220 0 -> 1 2649 -> 2818
69680 219 1 -> 0 2650 -> 2819
69680 218 0 -> 1 2650 -> 2819
69703 217 1 -> 0 2651 -> 2820
69703 216 0 -> 1 2651 -> 2820
69728 215 1 -> 0 2652 -> 2821
69728 214 0 -> 1 2652 -> 2821
69751 213 1 -> 0 2653 -> 2822
69751 212 0 -> 1 2653 -> 2822
69776 211 1 -> 0 2654 -> 2823
69776 210 0 -> 1 2654 -> 2823
69799 209 1 -> 0 2655 -> 2824
69799 208 0 -> 1 2655 -> 2824
69824 207 1 -> 0 2656 -> 2825
69824 206 0 -> 1 2656 -> 2825
69847 205 1 -> 0 2657 -> 2826
69847 204 0 -> 1 2657 -> 2826
69872 203 1 -> 0 2658 -> 2827
69872 202 0 -> 1 2658 -> 2827
69895 201 1 -> 0 2659 -> 2828
69895 200 0 -> 1 2659 -> 2828
69920 199 1 -> 0 2660 -> 2829
69920 198 0 -> 1 2660 -> 2829
69943 197 1 -> 0 2661 -> 2830
69943 196 0 -> 1 2661 -> 2830
69968 195 1 -> 0 2662 -> 2831
69968 194 0 -> 1 2662 -> 2831
69991 193 1 -> 0 2663 -> 2832
69991 192 0 -> 1 2663 -> 2832
70016 191 1 -> 0 2664 -> 2833
70016 190 0 -> 1 2664 -> 2833
70040 189 1 -> 0 2665 -> 2834
70040 188 0 -> 1 2665 -> 2834
70063 187 1 -> 0 2666 -> 2835
70063 186 0 -> 1 2666 -> 2835
70088 185 1 -> 0 2667 -> 2836
70088 184 0 -> 1 2667 -> 2836
70111 183 1 -> 0 2668 -> 2837
70111 182 0 -> 1 2668 -> 2837
70136 181 1 -> 0 2669 -> 2838
70136 180 0 -> 1 2669 -> 2838
70159 179 1 -> 0 2670 -> 2839
70159 178 0 -> 1 2670 -> 2839
70184 177 1 -> 0 2671 -> 2840
70184 176 0 -> 1 2671 -> 2840
70207 175 1 -> 0 2672 -> 2841
70207 174 0 -> 1 2672 -> 2841
70232 173 1 -> 0 2673 -> 2842
70232 172 0 -> 1 2673 -> 2842
70255 171 1 -> 0 2674 -> 2843
70255 170 0 -> 1 2674 -> 2843
70280 169 1 -> 0 2675 -> 2844
70280 168 0 -> 1 2675 -> 2844
70303 167 1 -> 0 2676 -> 2845
70303 166 0 -> 1 2676 -> 2845
70328 165 1 -> 0 2677 -> 2846
70328 164 0 -> 1 2677 -> 2846
70351 163 1 -> 0 2678 -> 2847
70351 162 0 -> 1 2678 -> 2847
70376 161 1 -> 0 2679 -> 2848
70376 160 0 -> 1 2679 -> 2848
70399 159 1 -> 0 2680 -> 2849
70399 158 0 -> 1 2680 -> 2849
70424 157 1 -> 0 2681 -> 2850
70424 156 0 -> 1 2681 -> 2850
70447 155 1 -> 0 2682 -> 2851
70447 154 0 -> 1 2682 -> 2851
70471 153 1 -> 0 2683 -> 2852
70471 152 0 -> 1 2683 -> 2852
70496 151 1 -> 0 2684 -> 2853
70496 150 0 -> 1 2684 -> 2853
70519 149 1 -> 0 2685 -> 2854
70519 148 0 -> 1 2685 -> 2854
70544 147 1 -> 0 2686 -> 2855
70544 146 0 -> 1 2686 -> 2855
70567 145 1 -> 0 2687 -> 2856
70567 144 0 -> 1 2687 -> 2856
70592 143 1 -> 0 2688 -> 2857
70592 142 0 -> 1 2688 -> 2857
70615 141 1 -> 0 2689 -> 2858
70615 140 0 -> 1 2689 -> 2858
70640 139 1 -> 0 2690 -> 2859
70640 138 0 -> 1 2690 -> 2859
70663 137 1 -> 0 2691 -> 2860
70663 136 0 -> 1 2691 -> 2860
70688 135 1 -> 0 2692 -> 2861
70688 134 0 -> 1 2692 -> 2861
70711 133 1 -> 0 2693 -> 2862
70711 132 0 -> 1 2693 -> 2862
70736 131 1 -> 0 2694 -> 2863
70736 130 0 -> 1 2694 -> 2863
70759 129 1 -> 0 2695 -> 2864
70759 128 0 -> 1 2695 -> 2864
70784 127 1 -> 0 2696 -> 2865
70784 126 0 -> 1 2696 -> 2865
70807 125 1 -> 0 2697 -> 2866
70807 124 0 -> 1 2697 -> 2866
70832 123 1 -> 0 2698 -> 2867
70832 122 0 -> 1 2698 -> 2867
70855 121 1 -> 0 2699 -> 2868
70855 120 0 -> 1 2699 -> 2868
70879 119 1 -> 0 2700 -> 2869
70879 118 0 -> 1 2700 -> 2869
70904 117 1 -> 0 2701 -> 2870
70904 116 0 -> 1 2701 -> 2870
70927 115 1 -> 0 2702 -> 2871
70927 114 0 -> 1 2702 -> 2871
70952 113 1 -> 0 2703 -> 2872
70952 112 0 -> 1 2703 -> 2872
70975 448 1 -> 0 2704 -> 2873
70975 449 0 -> 1 2704 -> 2873
71000 446 1 -> 0 2705 -> 2874
71000 447 0 -> 1 2705 -> 2874
71023 444 1 -> 0 2706 -> 2875
71023 445 0 -> 1 2706 -> 2875
71048 442 1 -> 0 2707 -> 2876
71048 443 0 -> 1 2707 -> 2876
71071 440 1 -> 0 2708 -> 2877
71071 441 0 -> 1 2708 -> 2877
71096 438 1 -> 0 2709 -> 2878
71096 439 0 -> 1 2709 -> 2878
71119 436 1 -> 0 2710 -> 2879
71119 437 0 -> 1 2710 -> 2879
71144 434 1 -> 0 2711 -> 2880
71144 435 0 -> 1 2711 -> 2880
71167 432 1 -> 0 2712 -> 2881
71167 433 0 -> 1 2712 -> 2881
71192 430 1 -> 0 2713 -> 2882
71192 431 0 -> 1 2713 -> 2882
71215 428 1 -> 0 2714 -> 2883
71215 429 0 -> 1 2714 -> 2883
71240 426 1 -> 0 2715 -> 2884
71240 427 0 -> 1 2715 -> 2884
71263 424 1 -> 0 2716 -> 2885
71263 425 0 -> 1 2716 -> 2885
71288 422 1 -> 0 2717 -> 2886
71288 423 0 -> 1 2717 -> 2886
71312 420 1 -> 0 2718 -> 2887
71312 421 0 -> 1 2718 -> 2887
71335 418 1 -> 0 2719 -> 2888
71335 419 0 -> 1 2719 -> 2888
71360 416 1 -> 0 2720 -> 2889
71360 417 0 -> 1 2720 -> 2889
71383 414 1 -> 0 2721 -> 2890
71383 415 0 -> 1 2721 -> 2890
71408 412 1 -> 0 2722 -> 2891
71408 413 0 -> 1 2722 -> 2891
71431 410 1 -> 0 2723 -> 2892
71431 411 0 -> 1 2723 -> 2892
71456 408 1 -> 0 2724 -> 2893
71456 409 0 -> 1 2724 -> 2893
71479 406 1 -> 0 2725 -> 2894
71479 407 0 -> 1 2725 -> 2894
71504 404 1 -> 0 2726 -> 2895
71504 405 0 -> 1 2726 -> 2895
71527 402 1 -> 0 2727 -> 2896
71527 403 0 -> 1 2727 -> 2896
71552 400 1 -> 0 2728 -> 2897
71552 401 0 -> 1 2728 -> 2897
71575 398 1 -> 0 2729 -> 2898
71575 399 0 -> 1 2729 -> 2898
71600 396 1 -> 0 2730 -> 2899
71600 397 0 -> 1 2730 -> 2899
71623 394 1 -> 0 2731 -> 2900
71623 395 0 -> 1 2731 -> 2900
71648 392 1 -> 0 2732 -> 2901
71648 393 0 -> 1 2732 -> 2901
71671 390 1 -> 0 2733 -> 2902
71671 391 0 -> 1 2733 -> 2902
71696 388 1 -> 0 2734 -> 2903
71696 389 0 -> 1 2734 -> 2903
71720 386 1 -> 0 2735 -> 2904
71720 387 0 -> 1 2735 -> 2904
71743 384 1 -> 0 2736 -> 2905
71743 385 0 -> 1 2736 -> 2905
71768 382 1 -> 0 2737 -> 2906
71768 383 0 -> 1 2737 -> 2906
71791 380 1 -> 0 2738 -> 2907
71791 381 0 -> 1 2738 -> 2907
71816 378 1 -> 0 2739 -> 2908
71816 379 0 -> 1 2739 -> 2908
71839 376 1 -> 0 2740 -> 2909
71839 377 0 -> 1 2740 -> 2909
71864 374 1 -> 0 2741 -> 2910
71864 375 0 -> 1 2741 -> 2910
71887 372 1 -> 0 2742 -> 2911
71887 373 0 -> 1 2742 -> 2911
71912 370 1 -> 0 2743 -> 2912
71912 371 0 -> 1 2743 -> 2912
71935 368 1 -> 0 2744 -> 2913
71935 369 0 -> 1 2744 -> 2913
71960 366 1 -> 0 2745 -> 2914
71960 367 0 -> 1 2745 -> 2914
71983 364 1 -> 0 2746 -> 2915
71983 365 0 -> 1 2746 -> 2915
72008 362 1 -> 0 2747 -> 2916
72008 363 0 -> 1 2747 -> 2916
72031 360 1 -> 0 2748 -> 2917
72031 361 0 -> 1 2748 -> 2917
72056 358 1 -> 0 2749 -> 2918
72056 359 0 -> 1 2749 -> 2918
72079 356 1 -> 0 2750 -> 2919
72079 357 0 -> 1 2750 -> 2919
72104 354 1 -> 0 2751 -> 2920
72104 355 0 -> 1 2751 -> 2920
72127 352 1 -> 0 2752 -> 2921
72127 353 0 -> 1 2752 -> 2921
72151 350 1 -> 0 2753 -> 2922
72151 351 0 -> 1 2753 -> 2922
72176 348 1 -> 0 2754 -> 2923
72176 349 0 -> 1 2754 -> 2923
72199 346 1 -> 0 2755 -> 2924
72199 347 0 -> 1 2755 -> 2924
72224 344 1 -> 0 2756 -> 2925
72224 345 0 -> 1 2756 -> 2925
72247 342 1 -> 0 2757 -> 2926
72247 343 0 -> 1 2757 -> 2926
72272 340 1 -> 0 2758 -> 2927
72272 341 0 -> 1 2758 -> 2927
72295 338 1 -> 0 2759 -> 2928
72295 339 0 -> 1 2759 -> 2928
72320 336 1 -> 0 2760 -> 2929
72320 337 0 -> 1 2760 -> 2929
72343 334 1 -> 0 2761 -> 2930
72343 335 0 -> 1 2761 -> 2930
72368 332 1 -> 0 2762 -> 2931
72368 333 0 -> 1 2762 -> 2931
72391 330 1 -> 0 2763 -> 2932
72391 331 0 -> 1 2763 -> 2932
72416 328 1 -> 0 2764 -> 2933
72416 329 0 -> 1 2764 -> 2933
72439 326 1 -> 0 2765 -> 2934
72439 327 0 -> 1 2765 -> 2934
72464 324 1 -> 0 2766 -> 2935
72464 325 0 -> 1 2766 -> 2935
72487 322 1 -> 0 2767 -> 2936
72487 323 0 -> 1 2767 -> 2936
72512 320 1 -> 0 2768 -> 2937
72512 321 0 -> 1 2768 -> 2937
72535 318 1 -> 0 2769 -> 2938
72535 319 0 -> 1 2769 -> 2938
72559 316 1 -> 0 2770 -> 2939
72559 317 0 -> 1 2770 -> 2939
72584 314 1 -> 0 2771 -> 2940
72584 315 0 -> 1 2771 -> 2940
72607 312 1 -> 0 2772 -> 2941
72607 313 0 -> 1 2772 -> 2941
72632 310 1 -> 0 2773 -> 2942
72632 311 0 -> 1 2773 -> 2942
72655 308 1 -> 0 2774 -> 2943
72655 309 0 -> 1 2774 -> 2943
72680 306 1 -> 0 2775 -> 2944
72680 307 0 -> 1 2775 -> 2944
72703 304 1 -> 0 2776 -> 2945
72703 305 0 -> 1 2776 -> 2945
72728 302 1 -> 0 2777 -> 2946
72728 303 0 -> 1 2777 -> 2946
72751 300 1 -> 0 2778 -> 2947
72751 301 0 -> 1 2778 -> 2947
72776 298 1 -> 0 2779 -> 2948
72776 299 0 -> 1 2779 -> 2948
72799 296 1 -> 0 2780 -> 2949
72799 297 0 -> 1 2780 -> 2949
72824 294 1 -> 0 2781 -> 2950
72824 295 0 -> 1 2781 -> 2950
72847 292 1 -> 0 2782 -> 2951
72847 293 0 -> 1 2782 -> 2951
72872 290 1 -> 0 2783 -> 2952
72872 291 0 -> 1 2783 -> 2952
72895 288 1 -> 0 2784 -> 2953
72895 289 0 -> 1 2784 -> 2953
72920 286 1 -> 0 2785 -> 2954
72920 287 0 -> 1 2785 -> 2954
72943 284 1 -> 0 2786 -> 2955
72943 285 0 -> 1 2786 -> 2955
72968 282 1 -> 0 2787 -> 2956
72968 283 0 -> 1 2787 -> 2956
72992 280 1 -> 0 2788 -> 2957
72992 281 0 -> 1 2788 -> 2957
73015 278 1 -> 0 2789 -> 2958
73015 279 0 -> 1 2789 -> 2958
73040 276 1 -> 0 2790 -> 2959
73040 277 0 -> 1 2790 -> 2959
73063 274 1 -> 0 2791 -> 2960
73063 275 0 -> 1 2791 -> 2960
73088 272 1 -> 0 2792 -> 2961
73088 273 0 -> 1 2792 -> 2961
73111 270 1 -> 0 2793 -> 2962
73111 271 0 -> 1 2793 -> 2962
73136 268 1 -> 0 2794 -> 2963
73136 269 0 -> 1 2794 -> 2963
73159 266 1 -> 0 2795 -> 2964
73159 267 0 -> 1 2795 -> 2964
73184 264 1 -> 0 2796 -> 2965
73184 265 0 -> 1 2796 -> 2965
73207 262 1 -> 0 2797 -> 2966
73207 263 0 -> 1 2797 -> 2966
73232 260 1 -> 0 2798 -> 2967
73232 261 0 -> 1 2798 -> 2967
73255 258 1 -> 0 2799 -> 2968
73255 259 0 -> 1 2799 -> 2968
73280 256 1 -> 0 2800 -> 2969
73280 257 0 -> 1 2800 -> 2969
73303 254 1 -> 0 2801 -> 2970
73303 255 0 -> 1 2801 -> 2970
73328 252 1 -> 0 2802 -> 2971
73328 253 0 -> 1 2802 -> 2971
73351 250 1 -> 0 2803 -> 2972
73351 251 0 -> 1 2803 -> 2972
73376 248 1 -> 0 2804 -> 2973
73376 249 0 -> 1 2804 -> 2973
73399 246 1 -> 0 2805 -> 2974
73399 247 0 -> 1 2805 -> 2974
73423 244 1 -> 0 2806 -> 2975
73423 245 0 -> 1 2806 -> 2975
73448 242 1 -> 0 2807 -> 2976
73448 243 0 -> 1 2807 -> 2976
73471 240 1 -> 0 2808 -> 2977
73471 241 0 -> 1 2808 -> 2977
73496 238 1 -> 0 2809 -> 2978
73496 239 0 -> 1 2809 -> 2978
73519 236 1 -> 0 2810 -> 2979
73519 237 0 -> 1 2810 -> 2979
73544 234 1 -> 0 2811 -> 2980
73544 235 0 -> 1 2811 -> 2980
73567 232 1 -> 0 2812 -> 2981
73567 233 0 -> 1 2812 -> 2981
73592 230 1 -> 0 2813 -> 2982
73592 231 0 -> 1 2813 -> 2982
73615 228 1 -> 0 2814 -> 2983
73615 229 0 -> 1 2814 -> 2983
73640 226 1 -> 0 2815 -> 2984
73640 227 0 -> 1 2815 -> 2984
73663 224 1 -> 0 2816 -> 2985
73663 225 0 -> 1 2816 -> 2985
73688 222 1 -> 0 2817 -> 2986
73688 223 0 -> 1 2817 -> 2986
73711 220 1 -> 0 2818 -> 2987
73711 221 0 -> 1 2818 -> 2987
73736 218 1 -> 0 2819 -> 2988
73736 219 0 -> 1 2819 -> 2988
73759 216 1 -> 0 2820 -> 2989
73759 217 0 -> 1 2820 -> 2989
73784 214 1 -> 0 2821 -> 2990
73784 215 0 -> 1 2821 -> 2990
73807 212 1 -> 0 2822 -> 2991
73807 213 0 -> 1 2822 -> 2991
73831 210 1 -> 0 2823 -> 2992
73831 211 0 -> 1 2823 -> 2992
73856 208 1 -> 0 2824 -> 2993
73856 209 0 -> 1 2824 -> 2993
73879 206 1 -> 0 2825 -> 2994
73879 207 0 -> 1 2825 -> 2994
73904 204 1 -> 0 2826 -> 2995
73904 205 0 -> 1 2826 -> 2995
73927 202 1 -> 0 2827 -> 2996
73927 203 0 -> 1 2827 -> 2996
73952 200 1 -> 0 2828 -> 2997
73952 201 0 -> 1 2828 -> 2997
73975 198 1 -> 0 2829 -> 2998
73975 199 0 -> 1 2829 -> 2998
74000 196 1 -> 0 2830 -> 2999
74000 197 0 -> 1 2830 -> 2999
74023 194 1 -> 0 2831 -> 3000
74023 195 0 -> 1 2831 -> 3000
74048 192 1 -> 0 2832 -> 3001
74048 193 0 -> 1 2832 -> 3001
74071 190 1 -> 0 2833 -> 3002
74071 191 0 -> 1 2833 -> 3002
74096 188 1 -> 0 2834 -> 3003
74096 189 0 -> 1 2834 -> 3003
74119 186 1 -> 0 2835 -> 3004
74119 187 0 -> 1 2835 -> 3004
74144 184 1 -> 0 2836 -> 3005
74144 185 0 -> 1 2836 -> 3005
74167 182 1 -> 0 2837 -> 3006
74167 183 0 -> 1 2837 -> 3006
74192 180 1 -> 0 2838 -> 3007
74192 181 0 -> 1 2838 -> 3007
74215 178 1 -> 0 2839 -> 3008
74215 179 0 -> 1 2839 -> 3008
74240 176 1 -> 0 2840 -> 3009
74240 177 0 -> 1 2840 -> 3009
74264 174 1 -> 0 2841 -> 3010
74264 175 0 -> 1 2841 -> 3010
74287 172 1 -> 0 2842 -> 3011
74287 173 0 -> 1 2842 -> 3011
74312 170 1 -> 0 2843 -> 3012
74312 171 0 -> 1 2843 -> 3012
74335 168 1 -> 0 2844 -> 3013
74335 169 0 -> 1 2844 -> 3013
74360 166 1 -> 0 2845 -> 3014
74360 167 0 -> 1 2845 -> 3014
74383 164 1 -> 0 2846 -> 3015
74383 165 0 -> 1 2846 -> 3015
74408 162 1 -> 0 2847 -> 3016
74408 163 0 -> 1 2847 -> 3016
74431 160 1 -> 0 2848 -> 3017
74431 161 0 -> 1 2848 -> 3017
74456 158 1 -> 0 2849 -> 3018
74456 159 0 -> 1 2849 -> 3018
74479 156 1 -> 0 2850 -> 3019
74479 157 0 -> 1 2850 -> 3019
74504 154 1 -> 0 2851 -> 3020
74504 155 0 -> 1 2851 -> 3020
74527 152 1 -> 0 2852 -> 3021
74527 153 0 -> 1 2852 -> 3021
74552 150 1 -> 0 2853 -> 3022
74552 151 0 -> 1 2853 -> 3022
74575 148 1 -> 0 2854 -> 3023
74575 149 0 -> 1 2854 -> 3023
74600 146 1 -> 0 2855 -> 3024
74600 147 0 -> 1 2855 -> 3024
74623 144 1 -> 0 2856 -> 3025
74623 145 0 -> 1 2856 -> 3025
74648 142 1 -> 0 2857 -> 3026
74648 143 0 -> 1 2857 -> 3026
74672 140 1 -> 0 2858 -> 3027
74672 141 0 -> 1 2858 -> 3027
74695 138 1 -> 0 2859 -> 3028
74695 139 0 -> 1 2859 -> 3028
74720 136 1 -> 0 2860 -> 3029
74720 137 0 -> 1 2860 -> 3029
74743 134 1 -> 0 2861 -> 3030
74743 135 0 -> 1 2861 -> 3030
74768 132 1 -> 0 2862 -> 3031
74768 133 0 -> 1 2862 -> 3031
74791 130 1 -> 0 2863 -> 3032
74791 131 0 -> 1 2863 -> 3032
74816 128 1 -> 0 2864 -> 3033
74816 129 0 -> 1 2864 -> 3033
74839 126 1 -> 0 2865 -> 3034
74839 127 0 -> 1 2865 -> 3034
74864 124 1 -> 0 2866 -> 3035
74864 125 0 -> 1 2866 -> 3035
74887 122 1 -> 0 2867 -> 3036
74887 123 0 -> 1 2867 -> 3036
74912 120 1 -> 0 2868 -> 3037
74912 121 0 -> 1 2868 -> 3037
74935 118 1 -> 0 2869 -> 3038
74935 119 0 -> 1 2869 -> 3038
74960 116 1 -> 0 2870 -> 3039
74960 117 0 -> 1 2870 -> 3039
74983 114 1 -> 0 2871 -> 3040
74983 115 0 -> 1 2871 -> 3040
75008 112 1 -> 0 2872 -> 3041
75008 113 0 -> 1 2872 -> 3041
75031 449 1 -> 0 2873 -> 3042
75031 448 0 -> 1 2873 -> 3042
75056 447 1 -> 0 2874 -> 3043
75056 446 0 -> 1 2874 -> 3043
75079 445 1 -> 0 2875 -> 3044
75079 444 0 -> 1 2875 -> 3044
75103 443 1 -> 0 2876 -> 3045
75103 442 0 -> 1 2876 -> 3045
75128 441 1 -> 0 2877 -> 3046
75128 440 0 -> 1 2877 -> 3046
75151 439 1 -> 0 2878 -> 3047
75151 438 0 -> 1 2878 -> 3047
75176 437 1 -> 0 2879 -> 3048
75176 436 0 -> 1 2879 -> 3048
75199 435 1 -> 0 2880 -> 3049
75199 434 0 -> 1 2880 -> 3049
75224 433 1 -> 0 2881 -> 3050
75224 432 0 -> 1 2881 -> 3050
75247 431 1 -> 0 2882 -> 3051
75247 430 0 -> 1 2882 -> 3051
75272 429 1 -> 0 2883 -> 3052
75272 428 0 -> 1 2883 -> 3052
75295 427 1 -> 0 2884 -> 3053
75295 426 0 -> 1 2884 -> 3053
75320 425 1 -> 0 2885 -> 3054
75320 424 0 -> 1 2885 -> 3054
75343 423 1 -> 0 2886 -> 3055
75343 422 0 -> 1 2886 -> 3055
75368 421 1 -> 0 2887 -> 3056
75368 420 0 -> 1 2887 -> 3056
75391 419 1 -> 0 2888 -> 3057
75391 418 0 -> 1 2888 -> 3057
75416 417 1 -> 0 2889 -> 3058
75416 416 0 -> 1 2889 -> 3058
75439 415 1 -> 0 2890 -> 3059
75439 414 0 -> 1 2890 -> 3059
75464 413 1 -> 0 2891 -> 3060
75464 412 0 -> 1 2891 -> 3060
75487 411 1 -> 0 2892 -> 3061
75487 410 0 -> 1 2892 -> 3061
75511 409 1 -> 0 2893 -> 3062
75511 408 0 -> 1 2893 -> 3062
75536 407 1 -> 0 2894 -> 3063
75536 406 0 -> 1 2894 -> 3063
75559 405 1 -> 0 2895 -> 3064
75559 404 0 -> 1 2895 -> 3064
75584 403 1 -> 0 2896 -> 3065
75584 402 0 -> 1 2896 -> 3065
75607 401 1 -> 0 2897 -> 3066
75607 400 0 -> 1 2897 -> 3066
75632 399 1 -> 0 2898 -> 3067
75632 398 0 -> 1 2898 -> 3067
75655 397 1 -> 0 2899 -> 3068
75655 396 0 -> 1 2899 -> 3068
75680 395 1 -> 0 2900 -> 3069
75680 394 0 -> 1 2900 -> 3069
75703 393 1 -> 0 2901 -> 3070
75703 392 0 -> 1 2901 -> 3070
75728 391 1 -> 0 2902 -> 3071
75728 390 0 -> 1 2902 -> 3071
75751 389 1 -> 0 2903 -> 3072
75751 388 0 -> 1 2903 -> 3072
75776 387 1 -> 0 2904 -> 3073
75776 386 0 -> 1 2904 -> 3073
75799 385 1 -> 0 2905 -> 3074
75799 384 0 -> 1 2905 -> 3074
75824 383 1 -> 0 2906 -> 3075
75824 382 0 -> 1 2906 -> 3075
75847 381 1 -> 0 2907 -> 3076
75847 380 0 -> 1 2907 -> 3076
75872 379 1 -> 0 2908 -> 3077
75872 378 0 -> 1 2908 -> 3077
75895 377 1 -> 0 2909 -> 3078
75895 376 0 -> 1 2909 -> 3078
75920 375 1 -> 0 2910 -> 3079
75920 374 0 -> 1 2910 -> 3079
75944 373 1 -> 0 2911 -> 3080
75944 372 0 -> 1 2911 -> 3080
75967 371 1 -> 0 2912 -> 3081
75967 370 0 -> 1 2912 -> 3081
75992 369 1 -> 0 2913 -> 3082
75992 368 0 -> 1 2913 -> 3082
76015 367 1 -> 0 2914 -> 3083
76015 366 0 -> 1 2914 -> 3083
76040 365 1 -> 0 2915 -> 3084
76040 364 0 -> 1 2915 -> 3084
76063 363 1 -> 0 2916 -> 3085
76063 362 0 -> 1 2916 -> 3085
76088 361 1 -> 0 2917 -> 3086
76088 360 0 -> 1 2917 -> 3086
76111 359 1 -> 0 2918 -> 3087
76111 358 0 -> 1 2918 -> 3087
76136 357 1 -> 0 2919 -> 3088
76136 356 0 -> 1 2919 -> 3088
76159 355 1 -> 0 2920 -> 3089
76159 354 0 -> 1 2920 -> 3089
76184 353 1 -> 0 2921 -> 3090
76184 352 0 -> 1 2921 -> 3090
76207 351 1 -> 0 2922 -> 3091
76207 350 0 -> 1 2922 -> 3091
76232 349 1 -> 0 2923 -> 3092
76232 348 0 -> 1 2923 -> 3092
76255 347 1 -> 0 2924 -> 3093
76255 346 0 -> 1 2924 -> 3093
76280 345 1 -> 0 2925 -> 3094
76280 344 0 -> 1 2925 -> 3094
76303 343 1 -> 0 2926 -> 3095
76303 342 0 -> 1 2926 -> 3095
76328 341 1 -> 0 2927 -> 3096
76328 340 0 -> 1 2927 -> 3096
76351 339 1 -> 0 2928 -> 3097
76351 338 0 -> 1 2928 -> 3097
76375 337 1 -> 0 2929 -> 3098
76375 336 0 -> 1 2929 -> 3098
76400 335 1 -> 0 2930 -> 3099
76400 334 0 -> 1 2930 -> 3099
76423 333 1 -> 0 2931 -> 3100
76423 332 0 -> 1 2931 -> 3100
76448 331 1 -> 0 2932 -> 3101
76448 330 0 -> 1 2932 -> 3101
76471 329 1 -> 0 2933 -> 3102
76471 328 0 -> 1 2933 -> 3102
76496 327 1 -> 0 2934 -> 3103
76496 326 0 -> 1 2934 -> 3103
76519 325 1 -> 0 2935 -> 3104
76519 324 0 -> 1 2935 -> 3104
76544 323 1 -> 0 2936 -> 3105
76544 322 0 -> 1 2936 -> 3105
76567 321 1 -> 0 2937 -> 3106
76567 320 0 -> 1 2937 -> 3106
76592 319 1 -> 0 2938 -> 3107
76592 318 0 -> 1 2938 -> 3107
76615 317 1 -> 0 2939 -> 3108
76615 316 0 -> 1 2939 -> 3108
76640 315 1 -> 0 2940 -> 3109
76640 314 0 -> 1 2940 -> 3109
76663 313 1 -> 0 2941 -> 3110
76663 312 0 -> 1 2941 -> 3110
76688 311 1 -> 0 2942 -> 3111
76688 310 0 -> 1 2942 -> 3111
76711 309 1 -> 0 2943 -> 3112
76711 308 0 -> 1 2943 -> 3112
76736 307 1 -> 0 2944 -> 3113
76736 306 0 -> 1 2944 -> 3113
76759 305 1 -> 0 2945 -> 3114
76759 304 0 -> 1 2945 -> 3114
76783 303 1 -> 0 2946 -> 3115
76783 302 0 -> 1 2946 -> 3115
76808 301 1 -> 0 2947 -> 3116
76808 300 0 -> 1 2947 -> 3116
76831 299 1 -> 0 2948 -> 3117
76831 298 0 -> 1 2948 -> 3117
76856 297 1 -> 0 2949 -> 3118
76856 296 0 -> 1 2949 -> 3118
76879 295 1 -> 0 2950 -> 3119
76879 294 0 -> 1 2950 -> 3119
76904 293 1 -> 0 2951 -> 3120
76904 292 0 -> 1 2951 -> 3120
76927 291 1 -> 0 2952 -> 3121
76927 290 0 -> 1 2952 -> 3121
76952 289 1 -> 0 2953 -> 3122
76952 288 0 -> 1 2953 -> 3122
76975 287 1 -> 0 2954 -> 3123
76975 286 0 -> 1 2954 -> 3123
77000 285 1 -> 0 2955 -> 3124
77000 284 0 -> 1 2955 -> 3124
77023 283 1 -> 0 2956 -> 3125
77023 282 0 -> 1 2956 -> 3125
77048 281 1 -> 0 2957 -> 3126
77048 280 0 -> 1 2957 -> 3126
77071 279 1 -> 0 2958 -> 3127
77071 278 0 -> 1 2958 -> 3127
77096 277 1 -> 0 2959 -> 3128
77096 276 0 -> 1 2959 -> 3128
77119 275 1 -> 0 2960 -> 3129
77119 274 0 -> 1 2960 -> 3129
77144 273 1 -> 0 2961 -> 3130
77144 272 0 -> 1 2961 -> 3130
77167 271 1 -> 0 2962 -> 3131
77167 270 0 -> 1 2962 -> 3131
77192 269 1 -> 0 2963 -> 3132
77192 268 0 -> 1 2963 -> 3132
77216 267 1 -> 0 2964 -> 3133
77216 266 0 -> 1 2964 -> 3133
77239 265 1 -> 0 2965 -> 3134
77239 264 0 -> 1 2965 -> 3134
77264 263 1 -> 0 2966 -> 3135
77264 262 0 -> 1 2966 -> 3135
77287 261 1 -> 0 2967 -> 3136
77287 260 0 -> 1 2967 -> 3136
77312 259 1 -> 0 2968 -> 3137
77312 258 0 -> 1 2968 -> 3137
77335 257 1 -> 0 2969 -> 3138
77335 256 0 -> 1 2969 -> 3138
77360 255 1 -> 0 2970 -> 3139
77360 254 0 -> 1 2970 -> 3139
77383 253 1 -> 0 2971 -> 3140
77383 252 0 -> 1 2971 -> 3140
77408 251 1 -> 0 2972 -> 3141
77408 250 0 -> 1 2972 -> 3141
77431 249 1 -> 0 2973 -> 3142
77431 248 0 -> 1 2973 -> 3142
77456 247 1 -> 0 2974 -> 3143
77456 246 0 -> 1 2974 -> 3143
77479 245 1 -> 0 2975 -> 3144
77479 244 0 -> 1 2975 -> 3144
77504 243 1 -> 0 2976 -> 3145
77504 242 0 -> 1 2976 -> 3145
77527 241 1 -> 0 2977 -> 3146
77527 240 0 -> 1 2977 -> 3146
77552 239 1 -> 0 2978 -> 3147
77552 238 0 -> 1 2978 -> 3147
77575 237 1 -> 0 2979 -> 3148
77575 236 0 -> 1 2979 -> 3148
77600 235 1 -> 0 2980 -> 3149
77600 234 0 -> 1 2980 -> 3149
77624 233 1 -> 0 2981 -> 3150
77624 232 0 -> 1 2981 -> 3150
77647 231 1 -> 0 2982 -> 3151
77647 230 0 -> 1 2982 -> 3151
77672 229 1 -> 0 2983 -> 3152
77672 228 0 -> 1 2983 -> 3152
77695 227 1 -> 0 2984 -> 3153
77695 226 0 -> 1 2984 -> 3153
77720 225 1 -> 0 2985 -> 3154
77720 224 0 -> 1 2985 -> 3154
77743 223 1 -> 0 2986 -> 3155
77743 222 0 -> 1 2986 -> 3155
77768 221 1 -> 0 2987 -> 3156
77768 220 0 -> 1 2987 -> 3156
77791 219 1 -> 0 2988 -> 3157
77791 218 0 -> 1 2988 -> 3157
77816 217 1 -> 0 2989 -> 3158
77816 216 0 -> 1 2989 -> 3158
77839 215 1 -> 0 2990 -> 3159
77839 214 0 -> 1 2990 -> 3159
77864 213 1 -> 0 2991 -> 3160
77864 212 0 -> 1 2991 -> 3160
77887 211 1 -> 0 2992 -> 3161
77887 210 0 -> 1 2992 -> 3161
77912 209 1 -> 0 2993 -> 3162
77912 208 0 -> 1 2993 -> 3162
77935 207 1 -> 0 2994 -> 3163
77935 206 0 -> 1 2994 -> 3163
77960 205 1 -> 0 2995 -> 3164
77960 204 0 -> 1 2995 -> 3164
77983 203 1 -> 0 2996 -> 3165
77983 202 0 -> 1 2996 -> 3165
78008 201 1 -> 0 2997 -> 3166
78008 200 0 -> 1 2997 -> 3166
78031 199 1 -> 0 2998 -> 3167
78031 198 0 -> 1 2998 -> 3167
78055 197 1 -> 0 2999 -> 3168
78055 196 0 -> 1 2999 -> 3168
78080 195 1 -> 0 3000 -> 3169
78080 194 0 -> 1 3000 -> 3169
78103 193 1 -> 0 3001 -> 3170
78103 192 0 -> 1 3001 -> 3170
78128 191 1 -> 0 3002 -> 3171
78128 190 0 -> 1 3002 -> 3171
78151 189 1 -> 0 3003 -> 3172
78151 188 0 -> 1 3003 -> 3172
78176 187 1 -> 0 3004 -> 3173
78176 186 0 -> 1 3004 -> 3173
78199 185 1 -> 0 3005 -> 3174
78199 184 0 -> 1 3005 -> 3174
78224 183 1 -> 0 3006 -> 3175
78224 182 0 -> 1 3006 -> 3175
78247 181 1 -> 0 3007 -> 3176
78247 180 0 -> 1 3007 -> 3176
78272 179 1 -> 0 3008 -> 3177
78272 178 0 -> 1 3008 -> 3177
78295 177 1 -> 0 3009 -> 3178
78295 176 0 -> 1 3009 -> 3178
78320 175 1 -> 0 3010 -> 3179
78320 174 0 -> 1 3010 -> 3179
78343 173 1 -> 0 3011 -> 3180
78343 172 0 -> 1 3011 -> 3180
78368 171 1 -> 0 3012 -> 3181
78368 170 0 -> 1 3012 -> 3181
78391 169 1 -> 0 3013 -> 3182
78391 168 0 -> 1 3013 -> 3182
78416 167 1 -> 0 3014 -> 3183
78416 166 0 -> 1 3014 -> 3183
78439 165 1 -> 0 3015 -> 3184
78439 164 0 -> 1 3015 -> 3184
78464 163 1 -> 0 3016 -> 3185
78464 162 0 -> 1 3016 -> 3185
78488 161 1 -> 0 3017 -> 3186
78488 160 0 -> 1 3017 -> 3186
78511 159 1 -> 0 3018 -> 3187
78511 158 0 -> 1 3018 -> 3187
78536 157 1 -> 0 3019 -> 3188
78536 156 0 -> 1 3019 -> 3188
78559 155 1 -> 0 3020 -> 3189
78559 154 0 -> 1 3020 -> 3189
78584 153 1 -> 0 3021 -> 3190
78584 152 0 -> 1 3021 -> 3190
78607 151 1 -> 0 3022 -> 3191
78607 150 0 -> 1 3022 -> 3191
78632 149 1 -> 0 3023 -> 3192
78632 148 0 -> 1 3023 -> 3192
78655 147 1 -> 0 3024 -> 3193
78655 146 0 -> 1 3024 -> 3193
78680 145 1 -> 0 3025 -> 3194
78680 144 0 -> 1 3025 -> 3194
78703 143 1 -> 0 3026 -> 3195
78703 142 0 -> 1 3026 -> 3195
78728 141 1 -> 0 3027 -> 3196
78728 140 0 -> 1 3027 -> 3196
78751 139 1 -> 0 3028 -> 3197
78751 138 0 -> 1 3028 -> 3197
78776 137 1 -> 0 3029 -> 3198
78776 136 0 -> 1 3029 -> 3198
78799 135 1 -> 0 3030 -> 3199
78799 134 0 -> 1 3030 -> 3199
78824 133 1 -> 0 3031 -> 3200
78824 132 0 -> 1 3031 -> 3200
78847 131 1 -> 0 3032 -> 3201
78847 130 0 -> 1 3032 -> 3201
78872 129 1 -> 0 3033 -> 3202
78872 128 0 -> 1 3033 -> 3202
78896 127 1 -> 0 3034 -> 3203
78896 126 0 -> 1 3034 -> 3203
78919 125 1 -> 0 3035 -> 3204
78919 124 0 -> 1 3035 -> 3204
78944 123 1 -> 0 3036 -> 3205
78944 122 0 -> 1 3036 -> 3205
78967 121 1 -> 0 3037 -> 3206
78967 120 0 -> 1 3037 -> 3206
78992 119 1 -> 0 3038 -> 3207
78992 118 0 -> 1 3038 -> 3207
79015 117 1 -> 0 3039 -> 3208
79015 116 0 -> 1 3039 -> 3208
79040 115 1 -> 0 3040 -> 3209
79040 114 0 -> 1 3040 -> 3209
79063 113 1 -> 0 3041 -> 3210
79063 112 0 -> 1 3041 -> 3210
79088 448 1 -> 0 3042 -> 3211
79088 449 0 -> 1 3042 -> 3211
79111 446 1 -> 0 3043 -> 3212
79111 447 0 -> 1 3043 -> 3212
79136 444 1 -> 0 3044 -> 3213
79136 445 0 -> 1 3044 -> 3213
79159 442 1 -> 0 3045 -> 3214
79159 443 0 -> 1 3045 -> 3214
79184 440 1 -> 0 3046 -> 3215
79184 441 0 -> 1 3046 -> 3215
79207 438 1 -> 0 3047 -> 3216
79207 439 0 -> 1 3047 -> 3216
79232 436 1 -> 0 3048 -> 3217
79232 437 0 -> 1 3048 -> 3217
79255 434 1 -> 0 3049 -> 3218
79255 435 0 -> 1 3049 -> 3218
79280 432 1 -> 0 3050 -> 3219
79280 433 0 -> 1 3050 -> 3219
79303 430 1 -> 0 3051 -> 3220
79303 431 0 -> 1 3051 -> 3220
79327 428 1 -> 0 3052 -> 3221
79327 429 0 -> 1 3052 -> 3221
79352 426 1 -> 0 3053 -> 3222
79352 427 0 -> 1 3053 -> 3222
79375 424 1 -> 0 3054 -> 3223
79375 425 0 -> 1 3054 -> 3223
79400 422 1 -> 0 3055 -> 3224
79400 423 0 -> 1 3055 -> 3224
79423 420 1 -> 0 3056 -> 3225
79423 421 0 -> 1 3056 -> 3225
79448 418 1 -> 0 3057 -> 3226
79448 419 0 -> 1 3057 -> 3226
79471 416 1 -> 0 3058 -> 3227
79471 417 0 -> 1 3058 -> 3227
79496 414 1 -> 0 3059 -> 3228
79496 415 0 -> 1 3059 -> 3228
79519 412 1 -> 0 3060 -> 3229
79519 413 0 -> 1 3060 -> 3229
79544 410 1 -> 0 3061 -> 3230
79544 411 0 -> 1 3061 -> 3230
79567 408 1 -> 0 3062 -> 3231
79567 409 0 -> 1 3062 -> 3231
79592 406 1 -> 0 3063 -> 3232
79592 407 0 -> 1 3063 -> 3232
79615 404 1 -> 0 3064 -> 3233
79615 405 0 -> 1 3064 -> 3233
79640 402 1 -> 0 3065 -> 3234
79640 403 0 -> 1 3065 -> 3234
79663 400 1 -> 0 3066 -> 3235
79663 401 0 -> 1 3066 -> 3235
79688 398 1 -> 0 3067 -> 3236
79688 399 0 -> 1 3067 -> 3236
79711 396 1 -> 0 3068 -> 3237
79711 397 0 -> 1 3068 -> 3237
79735 394 1 -> 0 3069 -> 3238
79735 395 0 -> 1 3069 -> 3238
79760 392 1 -> 0 3070 -> 3239
79760 393 0 -> 1 3070 -> 3239
79783 390 1 -> 0 3071 -> 3240
79783 391 0 -> 1 3071 -> 3240
79808 388 1 -> 0 3072 -> 3241
79808 389 0 -> 1 3072 -> 3241
79831 386 1 -> 0 3073 -> 3242
79831 387 0 -> 1 3073 -> 3242
79856 384 1 -> 0 3074 -> 3243
79856 385 0 -> 1 3074 -> 3243
79879 382 1 -> 0 3075 -> 3244
79879 383 0 -> 1 3075 -> 3244
79904 380 1 -> 0 3076 -> 3245
79904 381 0 -> 1 3076 -> 3245
79927 378 1 -> 0 3077 -> 3246
79927 379 0 -> 1 3077 -> 3246
79952 376 1 -> 0 3078 -> 3247
79952 377 0 -> 1 3078 -> 3247
79975 374 1 -> 0 3079 -> 3248
79975 375 0 -> 1 3079 -> 3248
80000 372 1 -> 0 3080 -> 3249
80000 373 0 -> 1 3080 -> 3249
80023 370 1 -> 0 3081 -> 3250
80023 371 0 -> 1 3081 -> 3250
80048 368 1 -> 0 3082 -> 3251
80048 369 0 -> 1 3082 -> 3251
80071 366 1 -> 0 3083 -> 3252
80071 367 0 -> 1 3083 -> 3252
80096 364 1 -> 0 3084 -> 3253
80096 365 0 -> 1 3084 -> 3253
80119 362 1 -> 0 3085 -> 3254
80119 363 0 -> 1 3085 -> 3254
80144 360 1 -> 0 3086 -> 3255
80144 361 0 -> 1 3086 -> 3255
80168 358 1 -> 0 3087 -> 3256
80168 359 0 -> 1 3087 -> 3256
80191 356 1 -> 0 3088 -> 3257
80191 357 0 -> 1 3088 -> 3257
80216 354 1 -> 0 3089 -> 3258
80216 355 0 -> 1 3089 -> 3258
80239 352 1 -> 0 3090 -> 3259
80239 353 0 -> 1 3090 -> 3259
80264 350 1 -> 0 3091 -> 3260
80264 351 0 -> 1 3091 -> 3260
80287 348 1 -> 0 3092 -> 3261
80287 349 0 -> 1 3092 -> 3261
80312 346 1 -> 0 3093 -> 3262
80312 347 0 -> 1 3093 -> 3262
80335 344 1 -> 0 3094 -> 3263
80335 345 0 -> 1 3094 -> 3263
80360 342 1 -> 0 3095 -> 3264
80360 343 0 -> 1 3095 -> 3264
80383 340 1 -> 0 3096 -> 3265
80383 341 0 -> 1 3096 -> 3265
80408 338 1 -> 0 3097 -> 3266
80408 339 0 -> 1 3097 -> 3266
80431 336 1 -> 0 3098 -> 3267
80431 337 0 -> 1 3098 -> 3267
80456 334 1 -> 0 3099 -> 3268
80456 335 0 -> 1 3099 -> 3268
80479 332 1 -> 0 3100 -> 3269
80479 333 0 -> 1 3100 -> 3269
80504 330 1 -> 0 3101 -> 3270
80504 331 0 -> 1 3101 -> 3270
80527 328 1 -> 0 3102 -> 3271
80527 329 0 -> 1 3102 -> 3271
80552 326 1 -> 0 3103 -> 3272
80552 327 0 -> 1 3103 -> 3272
80576 324 1 -> 0 3104 -> 3273
80576 325 0 -> 1 3104 -> 3273
80599 322 1 -> 0 3105 -> 3274
80599 323 0 -> 1 3105 -> 3274
80624 320 1 -> 0 3106 -> 3275
80624 321 0 -> 1 3106 -> 3275
80647 318 1 -> 0 3107 -> 3276
80647 319 0 -> 1 3107 -> 3276
80672 316 1 -> 0 3108 -> 3277
80672 317 0 -> 1 3108 -> 3277
80695 314 1 -> 0 3109 -> 3278
80695 315 0 -> 1 3109 -> 3278
80720 312 1 -> 0 3110 -> 3279
80720 313 0 -> 1 3110 -> 3279
80743 310 1 -> 0 3111 -> 3280
80743 311 0 -> 1 3111 -> 3280
80768 308 1 -> 0 3112 -> 3281
80768 309 0 -> 1 3112 -> 3281
80791 306 1 -> 0 3113 -> 3282
80791 307 0 -> 1 3113 -> 3282
80816 304 1 -> 0 3114 -> 3283
80816 305 0 -> 1 3114 -> 3283
80839 302 1 -> 0 3115 -> 3284
80839 303 0 -> 1 3115 -> 3284
80864 300 1 -> 0 3116 -> 3285
80864 301 0 -> 1 3116 -> 3285
80887 298 1 -> 0 3117 -> 3286
80887 299 0 -> 1 3117 -> 3286
80912 296 1 -> 0 3118 -> 3287
80912 297 0 -> 1 3118 -> 3287
80935 294 1 -> 0 3119 -> 3288
80935 295 0 -> 1 3119 -> 3288
80960 292 1 -> 0 3120 -> 3289
80960 293 0 -> 1 3120 -> 3289
80983 290 1 -> 0 3121 -> 3290
80983 291 0 -> 1 3121 -> 3290
81007 288 1 -> 0 3122 -> 3291
81007 289 0 -> 1 3122 -> 3291
81032 286 1 -> 0 3123 -> 3292
81032 287 0 -> 1 3123 -> 3292
81055 284 1 -> 0 3124 -> 3293
81055 285 0 -> 1 3124 -> 3293
81080 282 1 -> 0 3125 -> 3294
81080 283 0 -> 1 3125 -> 3294
81103 280 1 -> 0 3126 -> 3295
81103 281 0 -> 1 3126 -> 3295
81128 278 1 -> 0 3127 -> 3296
81128 279 0 -> 1 3127 -> 3296
81151 276 1 -> 0 3128 -> 3297
81151 277 0 -> 1 3128 -> 3297
81176 274 1 -> 0 3129 -> 3298
81176 275 0 -> 1 3129 -> 3298
81199 272 1 -> 0 3130 -> 3299
81199 273 0 -> 1 3130 -> 3299
81224 270 1 -> 0 3131 -> 3300
81224 271 0 -> 1 3131 -> 3300
81247 268 1 -> 0 3132 -> 3301
81247 269 0 -> 1 3132 -> 3301
81272 266 1 -> 0 3133 -> 3302
81272 267 0 -> 1 3133 -> 3302
81295 264 1 -> 0 3134 -> 3303
81295 265 0 -> 1 3134 -> 3303
81320 262 1 -> 0 3135 -> 3304
81320 263 0 -> 1 3135 -> 3304
81343 260 1 -> 0 3136 -> 3305
81343 261 0 -> 1 3136 -> 3305
81368 258 1 -> 0 3137 -> 3306
81368 259 0 -> 1 3137 -> 3306
81391 256 1 -> 0 3138 -> 3307
81391 257 0 -> 1 3138 -> 3307
81416 254 1 -> 0 3139 -> 3308
81416 255 0 -> 1 3139 -> 3308
81440 252 1 -> 0 3140 -> 3309
81440 253 0 -> 1 3140 -> 3309
81463 250 1 -> 0 3141 -> 3310
81463 251 0 -> 1 3141 -> 3310
81488 248 1 -> 0 3142 -> 3311
81488 249 0 -> 1 3142 -> 3311
81511 246 1 -> 0 3143 -> 3312
81511 247 0 -> 1 3143 -> 3312
81536 244 1 -> 0 3144 -> 3313
81536 245 0 -> 1 3144 -> 3313
81559 242 1 -> 0 3145 -> 3314
81559 243 0 -> 1 3145 -> 3314
81584 240 1 -> 0 3146 -> 3315
81584 241 0 -> 1 3146 -> 3315
81607 238 1 -> 0 3147 -> 3316
81607 239 0 -> 1 3147 -> 3316
81632 236 1 -> 0 3148 -> 3317
81632 237 0 -> 1 3148 -> 3317
81655 234 1 -> 0 3149 -> 3318
81655 235 0 -> 1 3149 -> 3318
81680 232 1 -> 0 3150 -> 3319
81680 233 0 -> 1 3150 -> 3319
81703 230 1 -> 0 3151 -> 3320
81703 231 0 -> 1 3151 -> 3320
81728 228 1 -> 0 3152 -> 3321
81728 229 0 -> 1 3152 -> 3321
81751 226 1 -> 0 3153 -> 3322
81751 227 0 -> 1 3153 -> 3322
81776 224 1 -> 0 3154 -> 3323
81776 225 0 -> 1 3154 -> 3323
81799 222 1 -> 0 3155 -> 3324
81799 223 0 -> 1 3155 -> 3324
81824 220 1 -> 0 3156 -> 3325
81824 221 0 -> 1 3156 -> 3325
81848 218 1 -> 0 3157 -> 3326
81848 219 0 -> 1 3157 -> 3326
81871 216 1 -> 0 3158 -> 3327
81871 217 0 -> 1 3158 -> 3327
81896 214 1 -> 0 3159 -> 3328
81896 215 0 -> 1 3159 -> 3328
81919 212 1 -> 0 3160 -> 3329
81919 213 0 -> 1 3160 -> 3329
81944 210 1 -> 0 3161 -> 3330
81944 211 0 -> 1 3161 -> 3330
81967 208 1 -> 0 3162 -> 3331
81967 209 0 -> 1 3162 -> 3331
81992 206 1 -> 0 3163 -> 3332
81992 207 0 -> 1 3163 -> 3332
82015 204 1 -> 0 3164 -> 3333
82015 205 0 -> 1 3164 -> 3333
82040 202 1 -> 0 3165 -> 3334
82040 203 0 -> 1 3165 -> 3334
82063 200 1 -> 0 3166 -> 3335
82063 201 0 -> 1 3166 -> 3335
82088 198 1 -> 0 3167 -> 3336
82088 199 0 -> 1 3167 -> 3336
82111 196 1 -> 0 3168 -> 3337
82111 197 0 -> 1 3168 -> 3337
82136 194 1 -> 0 3169 -> 3338
82136 195 0 -> 1 3169 -> 3338
82159 192 1 -> 0 3170 -> 3339
82159 193 0 -> 1 3170 -> 3339
82184 190 1 -> 0 3171 -> 3340
82184 191 0 -> 1 3171 -> 3340
82207 188 1 -> 0 3172 -> 3341
82207 189 0 -> 1 3172 -> 3341
82232 186 1 -> 0 3173 -> 3342
82232 187 0 -> 1 3173 -> 3342
82255 184 1 -> 0 3174 -> 3343
82255 185 0 -> 1 3174 -> 3343
82279 182 1 -> 0 3175 -> 3344
82279 183 0 -> 1 3175 -> 3344
82304 180 1 -> 0 3176 -> 3345
82304 181 0 -> 1 3176 -> 3345
82327 178 1 -> 0 3177 -> 3346
82327 179 0 -> 1 3177 -> 3346
82352 176 1 -> 0 3178 -> 3347
82352 177 0 -> 1 3178 -> 3347
82375 174 1 -> 0 3179 -> 3348
82375 175 0 -> 1 3179 -> 3348
82400 172 1 -> 0 3180 -> 3349
82400 173 0 -> 1 3180 -> 3349
82423 170 1 -> 0 3181 -> 3350
82423 171 0 -> 1 3181 -> 3350
82448 168 1 -> 0 3182 -> 3351
82448 169 0 -> 1 3182 -> 3351
82471 166 1 -> 0 3183 -> 3352
82471 167 0 -> 1 3183 -> 3352
82496 164 1 -> 0 3184 -> 3353
82496 165 0 -> 1 3184 -> 3353
82519 162 1 -> 0 3185 -> 3354
82519 163 0 -> 1 3185 -> 3354
82544 160 1 -> 0 3186 -> 3355
82544 161 0 -> 1 3186 -> 3355
82567 158 1 -> 0 3187 -> 3356
82567 159 0 -> 1 3187 -> 3356
82592 156 1 -> 0 3188 -> 3357
82592 157 0 -> 1 3188 -> 3357
82615 154 1 -> 0 3189 -> 3358
82615 155 0 -> 1 3189 -> 3358
82640 152 1 -> 0 3190 -> 3359
82640 153 0 -> 1 3190 -> 3359
82663 150 1 -> 0 3191 -> 3360
82663 151 0 -> 1 3191 -> 3360
82687 148 1 -> 0 3192 -> 3361
82687 149 0 -> 1 3192 -> 3361
82712 146 1 -> 0 3193 -> 3362
82712 147 0 -> 1 3193 -> 3362
82735 144 1 -> 0 3194 -> 3363
82735 145 0 -> 1 3194 -> 3363
82760 142 1 -> 0 3195 -> 3364
82760 143 0 -> 1 3195 -> 3364
82783 140 1 -> 0 3196 -> 3365
82783 141 0 -> 1 3196 -> 3365
82808 138 1 -> 0 3197 -> 3366
82808 139 0 -> 1 3197 -> 3366
82831 136 1 -> 0 3198 -> 3367
82831 137 0 -> 1 3198 -> 3367
82856 134 1 -> 0 3199 -> 3368
82856 135 0 -> 1 3199 -> 3368
82879 132 1 -> 0 3200 -> 3369
82879 133 0 -> 1 3200 -> 3369
82904 130 1 -> 0 3201 -> 3370
82904 131 0 -> 1 3201 -> 3370
82927 128 1 -> 0 3202 -> 3371
82927 129 0 -> 1 3202 -> 3371
82952 126 1 -> 0 3203 -> 3372
82952 127 0 -> 1 3203 -> 3372
82975 124 1 -> 0 3204 -> 3373
82975 125 0 -> 1 3204 -> 3373
83000 122 1 -> 0 3205 -> 3374
83000 123 0 -> 1 3205 -> 3374
83023 120 1 -> 0 3206 -> 3375
83023 121 0 -> 1 3206 -> 3375
83048 118 1 -> 0 3207 -> 3376
83048 119 0 -> 1 3207 -> 3376
83071 116 1 -> 0 3208 -> 3377
83071 117 0 -> 1 3208 -> 3377
83096 114 1 -> 0 3209 -> 3378
83096 115 0 -> 1 3209 -> 3378
83120 112 1 -> 0 3210 -> 3379
83120 113 0 -> 1 3210 -> 3379
83143 449 1 -> 0 3211 -> 3380
83143 448 0 -> 1 3211 -> 3380
83168 447 1 -> 0 3212 -> 3381
83168 446 0 -> 1 3212 -> 3381
83191 445 1 -> 0 3213 -> 3382
83191 444 0 -> 1 3213 -> 3382
83216 443 1 -> 0 3214 -> 3383
83216 442 0 -> 1 3214 -> 3383
83239 441 1 -> 0 3215 -> 3384
83239 440 0 -> 1 3215 -> 3384
83264 439 1 -> 0 3216 -> 3385
83264 438 0 -> 1 3216 -> 3385
83287 437 1 -> 0 3217 -> 3386
83287 436 0 -> 1 3217 -> 3386
83312 435 1 -> 0 3218 -> 3387
83312 434 0 -> 1 3218 -> 3387
83335 433 1 -> 0 3219 -> 3388
83335 432 0 -> 1 3219 -> 3388
83360 431 1 -> 0 3220 -> 3389
83360 430 0 -> 1 3220 -> 3389
83383 429 1 -> 0 3221 -> 3390
83383 428 0 -> 1 3221 -> 3390
83408 427 1 -> 0 3222 -> 3391
83408 426 0 -> 1 3222 -> 3391
83431 425 1 -> 0 3223 -> 3392
83431 424 0 -> 1 3223 -> 3392
83456 423 1 -> 0 3224 -> 3393
83456 422 0 -> 1 3224 -> 3393
83479 421 1 -> 0 3225 -> 3394
83479 420 0 -> 1 3225 -> 3394
83504 419 1 -> 0 3226 -> 3395
83504 418 0 -> 1 3226 -> 3395
83528 417 1 -> 0 3227 -> 3396
83528 416 0 -> 1 3227 -> 3396
83551 415 1 -> 0 3228 -> 3397
83551 414 0 -> 1 3228 -> 3397
83576 413 1 -> 0 3229 -> 3398
83576 412 0 -> 1 3229 -> 3398
83599 411 1 -> 0 3230 -> 3399
83599 410 0 -> 1 3230 -> 3399
83624 409 1 -> 0 3231 -> 3400
83624 408 0 -> 1 3231 -> 3400
83647 407 1 -> 0 3232 -> 3401
83647 406 0 -> 1 3232 -> 3401
83672 405 1 -> 0 3233 -> 3402
83672 404 0 -> 1 3233 -> 3402
83695 403 1 -> 0 3234 -> 3403
83695 402 0 -> 1 3234 -> 3403
83720 401 1 -> 0 3235 -> 3404
83720 400 0 -> 1 3235 -> 3404
83743 399 1 -> 0 3236 -> 3405
83743 398 0 -> 1 3236 -> 3405
83768 397 1 -> 0 3237 -> 3406
83768 396 0 -> 1 3237 -> 3406
83791 395 1 -> 0 3238 -> 3407
83791 394 0 -> 1 3238 -> 3407
83816 393 1 -> 0 3239 -> 3408
83816 392 0 -> 1 3239 -> 3408
83839 391 1 -> 0 3240 -> 3409
83839 390 0 -> 1 3240 -> 3409
83864 389 1 -> 0 3241 -> 3410
83864 388 0 -> 1 3241 -> 3410
83887 387 1 -> 0 3242 -> 3411
83887 386 0 -> 1 3242 -> 3411
83912 385 1 -> 0 3243 -> 3412
83912 384 0 -> 1 3243 -> 3412
83935 383 1 -> 0 3244 -> 3413
83935 382 0 -> 1 3244 -> 3413
83959 381 1 -> 0 3245 -> 3414
83959 380 0 -> 1 3245 -> 3414
83984 379 1 -> 0 3246 -> 3415
83984 378 0 -> 1 3246 -> 3415
84007 377 1 -> 0 3247 -> 3416
84007 376 0 -> 1 3247 -> 3416
84032 375 1 -> 0 3248 -> 3417
84032 374 0 -> 1 3248 -> 3417
84055 373 1 -> 0 3249 -> 3418
84055 372 0 -> 1 3249 -> 3418
84080 371 1 -> 0 3250 -> 3419
84080 370 0 -> 1 3250 -> 3419
84103 369 1 -> 0 3251 -> 3420
84103 368 0 -> 1 3251 -> 3420
84128 367 1 -> 0 3252 -> 3421
84128 366 0 -> 1 3252 -> 3421
84151 365 1 -> 0 3253 -> 3422
84151 364 0 -> 1 3253 -> 3422
84176 363 1 -> 0 3254 -> 3423
84176 362 0 -> 1 3254 -> 3423
84199 361 1 -> 0 3255 -> 3424
84199 360 0 -> 1 3255 -> 3424
84224 359 1 -> 0 3256 -> 3425
84224 358 0 -> 1 3256 -> 3425
84247 357 1 -> 0 3257 -> 3426
84247 356 0 -> 1 3257 -> 3426
84272 355 1 -> 0 3258 -> 3427
84272 354 0 -> 1 3258 -> 3427
84295 353 1 -> 0 3259 -> 3428
84295 352 0 -> 1 3259 -> 3428
84320 351 1 -> 0 3260 -> 3429
84320 350 0 -> 1 3260 -> 3429
84343 349 1 -> 0 3261 -> 3430
84343 348 0 -> 1 3261 -> 3430
84368 347 1 -> 0 3262 -> 3431
84368 346 0 -> 1 3262 -> 3431
84392 345 1 -> 0 3263 -> 3432
84392 344 0 -> 1 3263 -> 3432
84415 343 1 -> 0 3264 -> 3433
84415 342 0 -> 1 3264 -> 3433
84440 341 1 -> 0 3265 -> 3434
84440 340 0 -> 1 3265 -> 3434
84463 339 1 -> 0 3266 -> 3435
84463 338 0 -> 1 3266 -> 3435
84488 337 1 -> 0 3267 -> 3436
84488 336 0 -> 1 3267 -> 3436
84511 335 1 -> 0 3268 -> 3437
84511 334 0 -> 1 3268 -> 3437
84536 333 1 -> 0 3269 -> 3438
84536 332 0 -> 1 3269 -> 3438
84559 331 1 -> 0 3270 -> 3439
84559 330 0 -> 1 3270 -> 3439
84584 329 1 -> 0 3271 -> 3440
84584 328 0 -> 1 3271 -> 3440
84607 327 1 -> 0 3272 -> 3441
84607 326 0 -> 1 3272 -> 3441
84632 325 1 -> 0 3273 -> 3442
84632 324 0 -> 1 3273 -> 3442
84655 323 1 -> 0 3274 -> 3443
84655 322 0 -> 1 3274 -> 3443
84680 321 1 -> 0 3275 -> 3444
84680 320 0 -> 1 3275 -> 3444
84703 319 1 -> 0 3276 -> 3445
84703 318 0 -> 1 3276 -> 3445
84728 317 1 -> 0 3277 -> 3446
84728 316 0 -> 1 3277 -> 3446
84751 315 1 -> 0 3278 -> 3447
84751 314 0 -> 1 3278 -> 3447
84776 313 1 -> 0 3279 -> 3448
84776 312 0 -> 1 3279 -> 3448
84800 311 1 -> 0 3280 -> 3449
84800 310 0 -> 1 3280 -> 3449
84823 309 1 -> 0 3281 -> 3450
84823 308 0 -> 1 3281 -> 3450
84848 307 1 -> 0 3282 -> 3451
84848 306 0 -> 1 3282 -> 3451
84871 305 1 -> 0 3283 -> 3452
84871 304 0 -> 1 3283 -> 3452
84896 303 1 -> 0 3284 -> 3453
84896 302 0 -> 1 3284 -> 3453
84919 301 1 -> 0 3285 -> 3454
84919 300 0 -> 1 3285 -> 3454
84944 299 1 -> 0 3286 -> 3455
84944 298 0 -> 1 3286 -> 3455
84967 297 1 -> 0 3287 -> 3456
84967 296 0 -> 1 3287 -> 3456
84992 295 1 -> 0 3288 -> 3457
84992 294 0 -> 1 3288 -> 3457
85015 293 1 -> 0 3289 -> 3458
85015 292 0 -> 1 3289 -> 3458
85040 291 1 -> 0 3290 -> 3459
85040 290 0 -> 1 3290 -> 3459
85063 289 1 -> 0 3291 -> 3460
85063 288 0 -> 1 3291 -> 3460
85088 287 1 -> 0 3292 -> 3461
85088 286 0 -> 1 3292 -> 3461
85111 285 1 -> 0 3293 -> 3462
85111 284 0 -> 1 3293 -> 3462
85136 283 1 -> 0 3294 -> 3463
85136 282 0 -> 1 3294 -> 3463
85159 281 1 -> 0 3295 -> 3464
85159 280 0 -> 1 3295 -> 3464
85184 279 1 -> 0 3296 -> 3465
85184 278 0 -> 1 3296 -> 3465
85207 277 1 -> 0 3297 -> 3466
85207 276 0 -> 1 3297 -> 3466
85231 275 1 -> 0 3298 -> 3467
85231 274 0 -> 1 3298 -> 3467
85256 273 1 -> 0 3299 -> 3468
85256 272 0 -> 1 3299 -> 3468
85279 271 1 -> 0 3300 -> 3469
85279 270 0 -> 1 3300 -> 3469
85304 269 1 -> 0 3301 -> 3470
85304 268 0 -> 1 3301 -> 3470
85327 267 1 -> 0 3302 -> 3471
85327 266 0 -> 1 3302 -> 3471
85352 265 1 -> 0 3303 -> 3472
85352 264 0 -> 1 3303 -> 3472
85375 263 1 -> 0 3304 -> 3473
85375 262 0 -> 1 3304 -> 3473
85400 261 1 -> 0 3305 -> 3474
85400 260 0 -> 1 3305 -> 3474
85423 259 1 -> 0 3306 -> 3475
85423 258 0 -> 1 3306 -> 3475
85448 257 1 -> 0 3307 -> 3476
85448 256 0 -> 1 3307 -> 3476
85471 255 1 -> 0 3308 -> 3477
85471 254 0 -> 1 3308 -> 3477
85496 253 1 -> 0 3309 -> 3478
85496 252 0 -> 1 3309 -> 3478
85519 251 1 -> 0 3310 -> 3479
85519 250 0 -> 1 3310 -> 3479
85544 249 1 -> 0 3311 -> 3480
85544 248 0 -> 1 3311 -> 3480
85567 247 1 -> 0 3312 -> 3481
85567 246 0 -> 1 3312 -> 3481
85592 245 1 -> 0 3313 -> 3482
85592 244 0 -> 1 3313 -> 3482
85615 243 1 -> 0 3314 -> 3483
85615 242 0 -> 1 3314 -> 3483
85639 241 1 -> 0 3315 -> 3484
85639 240 0 -> 1 3315 -> 3484
85664 239 1 -> 0 3316 -> 3485
85664 238 0 -> 1 3316 -> 3485
85687 237 1 -> 0 3317 -> 3486
85687 236 0 -> 1 3317 -> 3486
85712 235 1 -> 0 3318 -> 3487
85712 234 0 -> 1 3318 -> 3487
85735 233 1 -> 0 3319 -> 3488
85735 232 0 -> 1 3319 -> 3488
85760 231 1 -> 0 3320 -> 3489
85760 230 0 -> 1 3320 -> 3489
85783 229 1 -> 0 3321 -> 3490
85783 228 0 -> 1 3321 -> 3490
85808 227 1 -> 0 3322 -> 3491
85808 226 0 -> 1 3322 -> 3491
85831 225 1 -> 0 3323 -> 3492
85831 224 0 -> 1 3323 -> 3492
85856 223 1 -> 0 3324 -> 3493
85856 222 0 -> 1 3324 -> 3493
85879 221 1 -> 0 3325 -> 3494
85879 220 0 -> 1 3325 -> 3494
85904 219 1 -> 0 3326 -> 3495
85904 218 0 -> 1 3326 -> 3495
85927 217 1 -> 0 3327 -> 3496
85927 216 0 -> 1 3327 -> 3496
85952 215 1 -> 0 3328 -> 3497
85952 214 0 -> 1 3328 -> 3497
85975 213 1 -> 0 3329 -> 3498
85975 212 0 -> 1 3329 -> 3498
86000 211 1 -> 0 3330 -> 3499
86000 210 0 -> 1 3330 -> 3499
86023 209 1 -> 0 3331 -> 3500
86023 208 0 -> 1 3331 -> 3500
86048 207 1 -> 0 3332 -> 3501
86048 206 0 -> 1 3332 -> 3501
86072 205 1 -> 0 3333 -> 3502
86072 204 0 -> 1 3333 -> 3502
86095 203 1 -> 0 3334 -> 3503
86095 202 0 -> 1 3334 -> 3503
86120 201 1 -> 0 3335 -> 3504
86120 200 0 -> 1 3335 -> 3504
86143 199 1 -> 0 3336 -> 3505
86143 198 0 -> 1 3336 -> 3505
86168 197 1 -> 0 3337 -> 3506
86168 196 0 -> 1 3337 -> 3506
86191 195 1 -> 0 3338 -> 3507
86191 194 0 -> 1 3338 -> 3507
86216 193 1 -> 0 3339 -> 3508
86216 192 0 -> 1 3339 -> 3508
86239 191 1 -> 0 3340 -> 3509
86239 190 0 -> 1 3340 -> 3509
86264 189 1 -> 0 3341 -> 3510
86264 188 0 -> 1 3341 -> 3510
86287 187 1 -> 0 3342 -> 3511
86287 186 0 -> 1 3342 -> 3511
86312 185 1 -> 0 3343 -> 3512
86312 184 0 -> 1 3343 -> 3512
86335 183 1 -> 0 3344 -> 3513
86335 182 0 -> 1 3344 -> 3513
86360 181 1 -> 0 3345 -> 3514
86360 180 0 -> 1 3345 -> 3514
86383 179 1 -> 0 3346 -> 3515
86383 178 0 -> 1 3346 -> 3515
86408 177 1 -> 0 3347 -> 3516
86408 176 0 -> 1 3347 -> 3516
86431 175 1 -> 0 3348 -> 3517
86431 174 0 -> 1 3348 -> 3517
86456 173 1 -> 0 3349 -> 3518
86456 172 0 -> 1 3349 -> 3518
86480 171 1 -> 0 3350 -> 3519
86480 170 0 -> 1 3350 -> 3519
86503 169 1 -> 0 3351 -> 3520
86503 168 0 -> 1 3351 -> 3520
86528 167 1 -> 0 3352 -> 3521
86528 166 0 -> 1 3352 -> 3521
86551 165 1 -> 0 3353 -> 3522
86551 164 0 -> 1 3353 -> 3522
86576 163 1 -> 0 3354 -> 3523
86576 162 0 -> 1 3354 -> 3523
86599 161 1 -> 0 3355 -> 3524
86599 160 0 -> 1 3355 -> 3524
86624 159 1 -> 0 3356 -> 3525
86624 158 0 -> 1 3356 -> 3525
86647 157 1 -> 0 3357 -> 3526
86647 156 0 -> 1 3357 -> 3526
86672 155 1 -> 0 3358 -> 3527
86672 154 0 -> 1 3358 -> 3527
86695 153 1 -> 0 3359 -> 3528
86695 152 0 -> 1 3359 -> 3528
86720 151 1 -> 0 3360 -> 3529
86720 150 0 -> 1 3360 -> 3529
86743 149 1 -> 0 3361 -> 3530
86743 148 0 -> 1 3361 -> 3530
86768 147 1 -> 0 3362 -> 3531
86768 146 0 -> 1 3362 -> 3531
86791 145 1 -> 0 3363 -> 3532
86791 144 0 -> 1 3363 -> 3532
86816 143 1 -> 0 3364 -> 3533
86816 142 0 -> 1 3364 -> 3533
86839 141 1 -> 0 3365 -> 3534
86839 140 0 -> 1 3365 -> 3534
86864 139 1 -> 0 3366 -> 3535
86864 138 0 -> 1 3366 -> 3535
86887 137 1 -> 0 3367 -> 3536
86887 136 0 -> 1 3367 -> 3536
86911 135 1 -> 0 3368 -> 3537
86911 134 0 -> 1 3368 -> 3537
86936 133 1 -> 0 3369 -> 3538
86936 132 0 -> 1 3369 -> 3538
86959 131 1 -> 0 3370 -> 3539
86959 130 0 -> 1 3370 -> 3539
86984 129 1 -> 0 3371 -> 3540
86984 128 0 -> 1 3371 -> 3540
87007 127 1 -> 0 3372 -> 3541
87007 126 0 -> 1 3372 -> 3541
87032 125 1 -> 0 3373 -> 3542
87032 124 0 -> 1 3373 -> 3542
87055 123 1 -> 0 3374 -> 3543
87055 122 0 -> 1 3374 -> 3543
87080 121 1 -> 0 3375 -> 3544
87080 120 0 -> 1 3375 -> 3544
87103 119 1 -> 0 3376 -> 3545
87103 118 0 -> 1 3376 -> 3545
87128 117 1 -> 0 3377 -> 3546
87128 116 0 -> 1 3377 -> 3546
87151 115 1 -> 0 3378 -> 3547
87151 114 0 -> 1 3378 -> 3547
87176 113 1 -> 0 3379 -> 3548
87176 112 0 -> 1 3379 -> 3548
87199 448 1 -> 0 3380 -> 3549
87199 449 0 -> 1 3380 -> 3549
87224 446 1 -> 0 3381 -> 3550
87224 447 0 -> 1 3381 -> 3550
87247 444 1 -> 0 3382 -> 3551
87247 445 0 -> 1 3382 -> 3551
87272 442 1 -> 0 3383 -> 3552
87272 443 0 -> 1 3383 -> 3552
87295 440 1 -> 0 3384 -> 3553
87295 441 0 -> 1 3384 -> 3553
87320 438 1 -> 0 3385 -> 3554
87320 439 0 -> 1 3385 -> 3554
87344 436 1 -> 0 3386 -> 3555
87344 437 0 -> 1 3386 -> 3555
87367 434 1 -> 0 3387 -> 3556
87367 435 0 -> 1 3387 -> 3556
87392 432 1 -> 0 3388 -> 3557
87392 433 0 -> 1 3388 -> 3557
87415 430 1 -> 0 3389 -> 3558
87415 431 0 -> 1 3389 -> 3558
87440 428 1 -> 0 3390 -> 3559
87440 429 0 -> 1 3390 -> 3559
87463 426 1 -> 0 3391 -> 3560
87463 427 0 -> 1 3391 -> 3560
87488 424 1 -> 0 3392 -> 3561
87488 425 0 -> 1 3392 -> 3561
87511 422 1 -> 0 3393 -> 3562
87511 423 0 -> 1 3393 -> 3562
87536 420 1 -> 0 3394 -> 3563
87536 421 0 -> 1 3394 -> 3563
87559 418 1 -> 0 3395 -> 3564
87559 419 0 -> 1 3395 -> 3564
87584 416 1 -> 0 3396 -> 3565
87584 417 0 -> 1 3396 -> 3565
87607 414 1 -> 0 3397 -> 3566
87607 415 0 -> 1 3397 -> 3566
87632 412 1 -> 0 3398 -> 3567
87632 413 0 -> 1 3398 -> 3567
87655 410 1 -> 0 3399 -> 3568
87655 411 0 -> 1 3399 -> 3568
87680 408 1 -> 0 3400 -> 3569
87680 409 0 -> 1 3400 -> 3569
87703 406 1 -> 0 3401 -> 3570
87703 407 0 -> 1 3401 -> 3570
87728 404 1 -> 0 3402 -> 3571
87728 405 0 -> 1 3402 -> 3571
87752 402 1 -> 0 3403 -> 3572
87752 403 0 -> 1 3403 -> 3572
87775 400 1 -> 0 3404 -> 3573
87775 401 0 -> 1 3404 -> 3573
87800 398 1 -> 0 3405 -> 3574
87800 399 0 -> 1 3405 -> 3574
87823 396 1 -> 0 3406 -> 3575
87823 397 0 -> 1 3406 -> 3575
87848 394 1 -> 0 3407 -> 3576
87848 395 0 -> 1 3407 -> 3576
87871 392 1 -> 0 3408 -> 3577
87871 393 0 -> 1 3408 -> 3577
87896 390 1 -> 0 3409 -> 3578
87896 391 0 -> 1 3409 -> 3578
87919 388 1 -> 0 3410 -> 3579
87919 389 0 -> 1 3410 -> 3579
87944 386 1 -> 0 3411 -> 3580
87944 387 0 -> 1 3411 -> 3580
87967 384 1 -> 0 3412 -> 3581
87967 385 0 -> 1 3412 -> 3581
87992 382 1 -> 0 3413 -> 3582
87992 383 0 -> 1 3413 -> 3582
88015 380 1 -> 0 3414 -> 3583
88015 381 0 -> 1 3414 -> 3583
88040 378 1 -> 0 3415 -> 3584
88040 379 0 -> 1 3415 -> 3584
88063 376 1 -> 0 3416 -> 3585
88063 377 0 -> 1 3416 -> 3585
88088 374 1 -> 0 3417 -> 3586
88088 375 0 -> 1 3417 -> 3586
88111 372 1 -> 0 3418 -> 3587
88111 373 0 -> 1 3418 -> 3587
88136 370 1 -> 0 3419 -> 3588
88136 371 0 -> 1 3419 -> 3588
88159 368 1 -> 0 3420 -> 3589
88159 369 0 -> 1 3420 -> 3589
88183 366 1 -> 0 3421 -> 3590
88183 367 0 -> 1 3421 -> 3590
88208 364 1 -> 0 3422 -> 3591
88208 365 0 -> 1 3422 -> 3591
88231 362 1 -> 0 3423 -> 3592
88231 363 0 -> 1 3423 -> 3592
88256 360 1 -> 0 3424 -> 3593
88256 361 0 -> 1 3424 -> 3593
88279 358 1 -> 0 3425 -> 3594
88279 359 0 -> 1 3425 -> 3594
88304 356 1 -> 0 3426 -> 3595
88304 357 0 -> 1 3426 -> 3595
88327 354 1 -> 0 3427 -> 3596
88327 355 0 -> 1 3427 -> 3596
88352 352 1 -> 0 3428 -> 3597
88352 353 0 -> 1 3428 -> 3597
88375 350 1 -> 0 3429 -> 3598
88375 351 0 -> 1 3429 -> 3598
88400 348 1 -> 0 3430 -> 3599
88400 349 0 -> 1 3430 -> 3599
88423 346 1 -> 0 3431 -> 3600
88423 347 0 -> 1 3431 -> 3600
88448 344 1 -> 0 3432 -> 3601
88448 345 0 -> 1 3432 -> 3601
88471 342 1 -> 0 3433 -> 3602
88471 343 0 -> 1 3433 -> 3602
88496 340 1 -> 0 3434 -> 3603
88496 341 0 -> 1 3434 -> 3603
88519 338 1 -> 0 3435 -> 3604
88519 339 0 -> 1 3435 -> 3604
88544 336 1 -> 0 3436 -> 3605
88544 337 0 -> 1 3436 -> 3605
88567 334 1 -> 0 3437 -> 3606
88567 335 0 -> 1 3437 -> 3606
88591 332 1 -> 0 3438 -> 3607
88591 333 0 -> 1 3438 -> 3607
88616 330 1 -> 0 3439 -> 3608
88616 331 0 -> 1 3439 -> 3608
88639 328 1 -> 0 3440 -> 3609
88639 329 0 -> 1 3440 -> 3609
88664 326 1 -> 0 3441 -> 3610
88664 327 0 -> 1 3441 -> 3610
88687 324 1 -> 0 3442 -> 3611
88687 325 0 -> 1 3442 -> 3611
88712 322 1 -> 0 3443 -> 3612
88712 323 0 -> 1 3443 -> 3612
88735 320 1 -> 0 3444 -> 3613
88735 321 0 -> 1 3444 -> 3613
88760 318 1 -> 0 3445 -> 3614
88760 319 0 -> 1 3445 -> 3614
88783 316 1 -> 0 3446 -> 3615
88783 317 0 -> 1 3446 -> 3615
88808 314 1 -> 0 3447 -> 3616
88808 315 0 -> 1 3447 -> 3616
88831 312 1 -> 0 3448 -> 3617
88831 313 0 -> 1 3448 -> 3617
88856 310 1 -> 0 3449 -> 3618
88856 311 0 -> 1 3449 -> 3618
88879 308 1 -> 0 3450 -> 3619
88879 309 0 -> 1 3450 -> 3619
88904 306 1 -> 0 3451 -> 3620
88904 307 0 -> 1 3451 -> 3620
88927 304 1 -> 0 3452 -> 3621
88927 305 0 -> 1 3452 -> 3621
88952 302 1 -> 0 3453 -> 3622
88952 303 0 -> 1 3453 -> 3622
88975 300 1 -> 0 3454 -> 3623
88975 301 0 -> 1 3454 -> 3623
89000 298 1 -> 0 3455 -> 3624
89000 299 0 -> 1 3455 -> 3624
89024 296 1 -> 0 3456 -> 3625
89024 297 0 -> 1 3456 -> 3625
89047 294 1 -> 0 3457 -> 3626
89047 295 0 -> 1 3457 -> 3626
89072 292 1 -> 0 3458 -> 3627
89072 293 0 -> 1 3458 -> 3627
89095 290 1 -> 0 3459 -> 3628
89095 291 0 -> 1 3459 -> 3628
89120 288 1 -> 0 3460 -> 3629
89120 289 0 -> 1 3460 -> 3629
89143 286 1 -> 0 3461 -> 3630
89143 287 0 -> 1 3461 -> 3630
89168 284 1 -> 0 3462 -> 3631
89168 285 0 -> 1 3462 -> 3631
89191 282 1 -> 0 3463 -> 3632
89191 283 0 -> 1 3463 -> 3632
89216 280 1 -> 0 3464 -> 3633
89216 281 0 -> 1 3464 -> 3633
89239 278 1 -> 0 3465 -> 3634
89239 279 0 -> 1 3465 -> 3634
89264 276 1 -> 0 3466 -> 3635
89264 277 0 -> 1 3466 -> 3635
89287 274 1 -> 0 3467 -> 3636
89287 275 0 -> 1 3467 -> 3636
89312 272 1 -> 0 3468 -> 3637
89312 273 0 -> 1 3468 -> 3637
89335 270 1 -> 0 3469 -> 3638
89335 271 0 -> 1 3469 -> 3638
89360 268 1 -> 0 3470 -> 3639
89360 269 0 -> 1 3470 -> 3639
89383 266 1 -> 0 3471 -> 3640
89383 267 0 -> 1 3471 -> 3640
89408 264 1 -> 0 3472 -> 3641
89408 265 0 -> 1 3472 -> 3641
89431 262 1 -> 0 3473 -> 3642
89431 263 0 -> 1 3473 -> 3642
89455 260 1 -> 0 3474 -> 3643
89455 261 0 -> 1 3474 -> 3643
89480 258 1 -> 0 3475 -> 3644
89480 259 0 -> 1 3475 -> 3644
89503 256 1 -> 0 3476 -> 3645
89503 257 0 -> 1 3476 -> 3645
89528 254 1 -> 0 3477 -> 3646
89528 255 0 -> 1 3477 -> 3646
89551 252 1 -> 0 3478 -> 3647
89551 253 0 -> 1 3478 -> 3647
89576 250 1 -> 0 3479 -> 3648
89576 251 0 -> 1 3479 -> 3648
89599 248 1 -> 0 3480 -> 3649
89599 249 0 -> 1 3480 -> 3649
89624 246 1 -> 0 3481 -> 3650
89624 247 0 -> 1 3481 -> 3650
89647 244 1 -> 0 3482 -> 3651
89647 245 0 -> 1 3482 -> 3651
89672 242 1 -> 0 3483 -> 3652
89672 243 0 -> 1 3483 -> 3652
89695 240 1 -> 0 3484 -> 3653
89695 241 0 -> 1 3484 -> 3653
89720 238 1 -> 0 3485 -> 3654
89720 239 0 -> 1 3485 -> 3654
89743 236 1 -> 0 3486 -> 3655
89743 237 0 -> 1 3486 -> 3655
89768 234 1 -> 0 3487 -> 3656
89768 235 0 -> 1 3487 -> 3656
89791 232 1 -> 0 3488 -> 3657
89791 233 0 -> 1 3488 -> 3657
89816 230 1 -> 0 3489 -> 3658
89816 231 0 -> 1 3489 -> 3658
89839 228 1 -> 0 3490 -> 3659
89839 229 0 -> 1 3490 -> 3659
89863 226 1 -> 0 3491 -> 3660
89863 227 0 -> 1 3491 -> 3660
89888 224 1 -> 0 3492 -> 3661
89888 225 0 -> 1 3492 -> 3661
89911 222 1 -> 0 3493 -> 3662
89911 223 0 -> 1 3493 -> 3662
89936 220 1 -> 0 3494 -> 3663
89936 221 0 -> 1 3494 -> 3663
89959 218 1 -> 0 3495 -> 3664
89959 219 0 -> 1 3495 -> 3664
89984 216 1 -> 0 3496 -> 3665
89984 217 0 -> 1 3496 -> 3665
90007 214 1 -> 0 3497 -> 3666
90007 215 0 -> 1 3497 -> 3666
90032 212 1 -> 0 3498 -> 3667
90032 213 0 -> 1 3498 -> 3667
90055 210 1 -> 0 3499 -> 3668
90055 211 0 -> 1 3499 -> 3668
90080 208 1 -> 0 3500 -> 3669
90080 209 0 -> 1 3500 -> 3669
90103 206 1 -> 0 3501 -> 3670
90103 207 0 -> 1 3501 -> 3670
90128 204 1 -> 0 3502 -> 3671
90128 205 0 -> 1 3502 -> 3671
90151 202 1 -> 0 3503 -> 3672
90151 203 0 -> 1 3503 -> 3672
90176 200 1 -> 0 3504 -> 3673
90176 201 0 -> 1 3504 -> 3673
90199 198 1 -> 0 3505 -> 3674
90199 199 0 -> 1 3505 -> 3674
90224 196 1 -> 0 3506 -> 3675
90224 197 0 -> 1 3506 -> 3675
90247 194 1 -> 0 3507 -> 3676
90247 195 0 -> 1 3507 -> 3676
90272 192 1 -> 0 3508 -> 3677
90272 193 0 -> 1 3508 -> 3677
90296 190 1 -> 0 3509 -> 3678
90296 191 0 -> 1 3509 -> 3678
90319 188 1 -> 0 3510 -> 3679
90319 189 0 -> 1 3510 -> 3679
90344 186 1 -> 0 3511 -> 3680
90344 187 0 -> 1 3511 -> 3680
90367 184 1 -> 0 3512 -> 3681
90367 185 0 -> 1 3512 -> 3681
90392 182 1 -> 0 3513 -> 3682
90392 183 0 -> 1 3513 -> 3682
90415 180 1 -> 0 3514 -> 3683
90415 181 0 -> 1 3514 -> 3683
90440 178 1 -> 0 3515 -> 3684
90440 179 0 -> 1 3515 -> 3684
90463 176 1 -> 0 3516 -> 3685
90463 177 0 -> 1 3516 -> 3685
90488 174 1 -> 0 3517 -> 3686
90488 175 0 -> 1 3517 -> 3686
90511 172 1 -> 0 3518 -> 3687
90511 173 0 -> 1 3518 -> 3687
90536 170 1 -> 0 3519 -> 3688
90536 171 0 -> 1 3519 -> 3688
90559 168 1 -> 0 3520 -> 3689
90559 169 0 -> 1 3520 -> 3689
90584 166 1 -> 0 3521 -> 3690
90584 167 0 -> 1 3521 -> 3690
90607 164 1 -> 0 3522 -> 3691
90607 165 0 -> 1 3522 -> 3691
90632 162 1 -> 0 3523 -> 3692
90632 163 0 -> 1 3523 -> 3692
90655 160 1 -> 0 3524 -> 3693
90655 161 0 -> 1 3524 -> 3693
90680 158 1 -> 0 3525 -> 3694
90680 159 0 -> 1 3525 -> 3694
90704 156 1 -> 0 3526 -> 3695
90704 157 0 -> 1 3526 -> 3695
90727 154 1 -> 0 3527 -> 3696
90727 155 0 -> 1 3527 -> 3696
90752 152 1 -> 0 3528 -> 3697
90752 153 0 -> 1 3528 -> 3697
90775 150 1 -> 0 3529 -> 3698
90775 151 0 -> 1 3529 -> 3698
90800 148 1 -> 0 3530 -> 3699
90800 149 0 -> 1 3530 -> 3699
90823 146 1 -> 0 3531 -> 3700
90823 147 0 -> 1 3531 -> 3700
90848 144 1 -> 0 3532 -> 3701
90848 145 0 -> 1 3532 -> 3701
90871 142 1 -> 0 3533 -> 3702
90871 143 0 -> 1 3533 -> 3702
90896 140 1 -> 0 3534 -> 3703
90896 141 0 -> 1 3534 -> 3703
90919 138 1 -> 0 3535 -> 3704
90919 139 0 -> 1 3535 -> 3704
90944 136 1 -> 0 3536 -> 3705
90944 137 0 -> 1 3536 -> 3705
90967 134 1 -> 0 3537 -> 3706
90967 135 0 -> 1 3537 -> 3706
90992 132 1 -> 0 3538 -> 3707
90992 133 0 -> 1 3538 -> 3707
91015 130 1 -> 0 3539 -> 3708
91015 131 0 -> 1 3539 -> 3708
91040 128 1 -> 0 3540 -> 3709
91040 129 0 -> 1 3540 -> 3709
91063 126 1 -> 0 3541 -> 3710
91063 127 0 -> 1 3541 -> 3710
91088 124 1 -> 0 3542 -> 3711
91088 125 0 -> 1 3542 -> 3711
91111 122 1 -> 0 3543 -> 3712
91111 123 0 -> 1 3543 -> 3712
91135 120 1 -> 0 3544 -> 3713
91135 121 0 -> 1 3544 -> 3713
91160 118 1 -> 0 3545 -> 3714
91160 119 0 -> 1 3545 -> 3714
91183 116 1 -> 0 3546 -> 3715
91183 117 0 -> 1 3546 -> 3715
91208 114 1 -> 0 3547 -> 3716
91208 115 0 -> 1 3547 -> 3716
91231 112 1 -> 0 3548 -> 3717
91231 113 0 -> 1 3548 -> 3717
91256 449 1 -> 0 3549 -> 3718
91256 448 0 -> 1 3549 -> 3718
91279 447 1 -> 0 3550 -> 3719
91279 446 0 -> 1 3550 -> 3719
91304 445 1 -> 0 3551 -> 3720
91304 444 0 -> 1 3551 -> 3720
91327 443 1 -> 0 3552 -> 3721
91327 442 0 -> 1 3552 -> 3721
91352 441 1 -> 0 3553 -> 3722
91352 440 0 -> 1 3553 -> 3722
91375 439 1 -> 0 3554 -> 3723
91375 438 0 -> 1 3554 -> 3723
91400 437 1 -> 0 3555 -> 3724
91400 436 0 -> 1 3555 -> 3724
91423 435 1 -> 0 3556 -> 3725
91423 434 0 -> 1 3556 -> 3725
91448 433 1 -> 0 3557 -> 3726
91448 432 0 -> 1 3557 -> 3726
91471 431 1 -> 0 3558 -> 3727
91471 430 0 -> 1 3558 -> 3727
91496 429 1 -> 0 3559 -> 3728
91496 428 0 -> 1 3559 -> 3728
91519 427 1 -> 0 3560 -> 3729
91519 426 0 -> 1 3560 -> 3729
91543 425 1 -> 0 3561 -> 3730
91543 424 0 -> 1 3561 -> 3730
91568 423 1 -> 0 3562 -> 3731
91568 422 0 -> 1 3562 -> 3731
91591 421 1 -> 0 3563 -> 3732
91591 420 0 -> 1 3563 -> 3732
91616 419 1 -> 0 3564 -> 3733
91616 418 0 -> 1 3564 -> 3733
91639 417 1 -> 0 3565 -> 3734
91639 416 0 -> 1 3565 -> 3734
91664 415 1 -> 0 3566 -> 3735
91664 414 0 -> 1 3566 -> 3735
91687 413 1 -> 0 3567 -> 3736
91687 412 0 -> 1 3567 -> 3736
91712 411 1 -> 0 3568 -> 3737
91712 410 0 -> 1 3568 -> 3737
91735 409 1 -> 0 3569 -> 3738
91735 408 0 -> 1 3569 -> 3738
91760 407 1 -> 0 3570 -> 3739
91760 406 0 -> 1 3570 -> 3739
91783 405 1 -> 0 3571 -> 3740
91783 404 0 -> 1 3571 -> 3740
91808 403 1 -> 0 3572 -> 3741
91808 402 0 -> 1 3572 -> 3741
91831 401 1 -> 0 3573 -> 3742
91831 400 0 -> 1 3573 -> 3742
91856 399 1 -> 0 3574 -> 3743
91856 398 0 -> 1 3574 -> 3743
91879 397 1 -> 0 3575 -> 3744
91879 396 0 -> 1 3575 -> 3744
91904 395 1 -> 0 3576 -> 3745
91904 394 0 -> 1 3576 -> 3745
91927 393 1 -> 0 3577 -> 3746
91927 392 0 -> 1 3577 -> 3746
91952 391 1 -> 0 3578 -> 3747
91952 390 0 -> 1 3578 -> 3747
91976 389 1 -> 0 3579 -> 3748
91976 388 0 -> 1 3579 -> 3748
91999 387 1 -> 0 3580 -> 3749
91999 386 0 -> 1 3580 -> 3749
92024 385 1 -> 0 3581 -> 3750
92024 384 0 -> 1 3581 -> 3750
92047 383 1 -> 0 3582 -> 3751
92047 382 0 -> 1 3582 -> 3751
92072 381 1 -> 0 3583 -> 3752
92072 380 0 -> 1 3583 -> 3752
92095 379 1 -> 0 3584 -> 3753
92095 378 0 -> 1 3584 -> 3753
92120 377 1 -> 0 3585 -> 3754
92120 376 0 -> 1 3585 -> 3754
92143 375 1 -> 0 3586 -> 3755
92143 374 0 -> 1 3586 -> 3755
92168 373 1 -> 0 3587 -> 3756
92168 372 0 -> 1 3587 -> 3756
92191 371 1 -> 0 3588 -> 3757
92191 370 0 -> 1 3588 -> 3757
92216 369 1 -> 0 3589 -> 3758
92216 368 0 -> 1 3589 -> 3758
92239 367 1 -> 0 3590 -> 3759
92239 366 0 -> 1 3590 -> 3759
92264 365 1 -> 0 3591 -> 3760
92264 364 0 -> 1 3591 -> 3760
92287 363 1 -> 0 3592 -> 3761
92287 362 0 -> 1 3592 -> 3761
92312 361 1 -> 0 3593 -> 3762
92312 360 0 -> 1 3593 -> 3762
92335 359 1 -> 0 3594 -> 3763
92335 358 0 -> 1 3594 -> 3763
92360 357 1 -> 0 3595 -> 3764
92360 356 0 -> 1 3595 -> 3764
92383 355 1 -> 0 3596 -> 3765
92383 354 0 -> 1 3596 -> 3765
92407 353 1 -> 0 3597 -> 3766
92407 352 0 -> 1 3597 -> 3766
92432 351 1 -> 0 3598 -> 3767
92432 350 0 -> 1 3598 -> 3767
92455 349 1 -> 0 3599 -> 3768
92455 348 0 -> 1 3599 -> 3768
92480 347 1 -> 0 3600 -> 3769
92480 346 0 -> 1 3600 -> 3769
92503 345 1 -> 0 3601 -> 3770
92503 344 0 -> 1 3601 -> 3770
92528 343 1 -> 0 3602 -> 3771
92528 342 0 -> 1 3602 -> 3771
92551 341 1 -> 0 3603 -> 3772
92551 340 0 -> 1 3603 -> 3772
92576 339 1 -> 0 3604 -> 3773
92576 338 0 -> 1 3604 -> 3773
92599 337 1 -> 0 3605 -> 3774
92599 336 0 -> 1 3605 -> 3774
92624 335 1 -> 0 3606 -> 3775
92624 334 0 -> 1 3606 -> 3775
92647 333 1 -> 0 3607 -> 3776
92647 332 0 -> 1 3607 -> 3776
92672 331 1 -> 0 3608 -> 3777
92672 330 0 -> 1 3608 -> 3777
92695 329 1 -> 0 3609 -> 3778
92695 328 0 -> 1 3609 -> 3778
92720 327 1 -> 0 3610 -> 3779
92720 326 0 -> 1 3610 -> 3779
92743 325 1 -> 0 3611 -> 3780
92743 324 0 -> 1 3611 -> 3780
92768 323 1 -> 0 3612 -> 3781
92768 322 0 -> 1 3612 -> 3781
92791 321 1 -> 0 3613 -> 3782
92791 320 0 -> 1 3613 -> 3782
92815 319 1 -> 0 3614 -> 3783
92815 318 0 -> 1 3614 -> 3783
92840 317 1 -> 0 3615 -> 3784
92840 316 0 -> 1 3615 -> 3784
92863 315 1 -> 0 3616 -> 3785
92863 314 0 -> 1 3616 -> 3785
92888 313 1 -> 0 3617 -> 3786
92888 312 0 -> 1 3617 -> 3786
92911 311 1 -> 0 3618 -> 3787
92911 310 0 -> 1 3618 -> 3787
92936 309 1 -> 0 3619 -> 3788
92936 308 0 -> 1 3619 -> 3788
92959 307 1 -> 0 3620 -> 3789
92959 306 0 -> 1 3620 -> 3789
92984 305 1 -> 0 3621 -> 3790
92984 304 0 -> 1 3621 -> 3790
93007 303 1 -> 0 3622 -> 3791
93007 302 0 -> 1 3622 -> 3791
93032 301 1 -> 0 3623 -> 3792
93032 300 0 -> 1 3623 -> 3792
93055 299 1 -> 0 3624 -> 3793
93055 298 0 -> 1 3624 -> 3793
93080 297 1 -> 0 3625 -> 3794
93080 296 0 -> 1 3625 -> 3794
93103 295 1 -> 0 3626 -> 3795
93103 294 0 -> 1 3626 -> 3795
93128 293 1 -> 0 3627 -> 3796
93128 292 0 -> 1 3627 -> 3796
93151 291 1 -> 0 3628 -> 3797
93151 290 0 -> 1 3628 -> 3797
93176 289 1 -> 0 3629 -> 3798
93176 288 0 -> 1 3629 -> 3798
93199 287 1 -> 0 3630 -> 3799
93199 286 0 -> 1 3630 -> 3799
93224 285 1 -> 0 3631 -> 3800
93224 284 0 -> 1 3631 -> 3800
93248 283 1 -> 0 3632 -> 3801
93248 282 0 -> 1 3632 -> 3801
93271 281 1 -> 0 3633 -> 3802
93271 280 0 -> 1 3633 -> 3802
93296 279 1 -> 0 3634 -> 3803
93296 278 0 -> 1 3634 -> 3803
93319 277 1 -> 0 3635 -> 3804
93319 276 0 -> 1 3635 -> 3804
93344 275 1 -> 0 3636 -> 3805
93344 274 0 -> 1 3636 -> 3805
93367 273 1 -> 0 3637 -> 3806
93367 272 0 -> 1 3637 -> 3806
93392 271 1 -> 0 3638 -> 3807
93392 270 0 -> 1 3638 -> 3807
93415 269 1 -> 0 3639 -> 3808
93415 268 0 -> 1 3639 -> 3808
93440 267 1 -> 0 3640 -> 3809
93440 266 0 -> 1 3640 -> 3809
93463 265 1 -> 0 3641 -> 3810
93463 264 0 -> 1 3641 -> 3810
93488 263 1 -> 0 3642 -> 3811
93488 262 0 -> 1 3642 -> 3811
93511 261 1 -> 0 3643 -> 3812
93511 260 0 -> 1 3643 -> 3812
93536 259 1 -> 0 3644 -> 3813
93536 258 0 -> 1 3644 -> 3813
93559 257 1 -> 0 3645 -> 3814
93559 256 0 -> 1 3645 -> 3814
93584 255 1 -> 0 3646 -> 3815
93584 254 0 -> 1 3646 -> 3815
93607 253 1 -> 0 3647 -> 3816
93607 252 0 -> 1 3647 -> 3816
93632 251 1 -> 0 3648 -> 3817
93632 250 0 -> 1 3648 -> 3817
93656 249 1 -> 0 3649 -> 3818
93656 248 0 -> 1 3649 -> 3818
93679 247 1 -> 0 3650 -> 3819
93679 246 0 -> 1 3650 -> 3819
93704 245 1 -> 0 3651 -> 3820
93704 244 0 -> 1 3651 -> 3820
93727 243 1 -> 0 3652 -> 3821
93727 242 0 -> 1 3652 -> 3821
93752 241 1 -> 0 3653 -> 3822
93752 240 0 -> 1 3653 -> 3822
93775 239 1 -> 0 3654 -> 3823
93775 238 0 -> 1 3654 -> 3823
93800 237 1 -> 0 3655 -> 3824
93800 236 0 -> 1 3655 -> 3824
93823 235 1 -> 0 3656 -> 3825
93823 234 0 -> 1 3656 -> 3825
93848 233 1 -> 0 3657 -> 3826
93848 232 0 -> 1 3657 -> 3826
93871 231 1 -> 0 3658 -> 3827
93871 230 0 -> 1 3658 -> 3827
93896 229 1 -> 0 3659 -> 3828
93896 228 0 -> 1 3659 -> 3828
93919 227 1 -> 0 3660 -> 3829
93919 226 0 -> 1 3660 -> 3829
93944 225 1 -> 0 3661 -> 3830
93944 224 0 -> 1 3661 -> 3830
93967 223 1 -> 0 3662 -> 3831
93967 222 0 -> 1 3662 -> 3831
93992 221 1 -> 0 3663 -> 3832
93992 220 0 -> 1 3663 -> 3832
94015 219 1 -> 0 3664 -> 3833
94015 218 0 -> 1 3664 -> 3833
94040 217 1 -> 0 3665 -> 3834
94040 216 0 -> 1 3665 -> 3834
94063 215 1 -> 0 3666 -> 3835
94063 214 0 -> 1 3666 -> 3835
94087 213 1 -> 0 3667 -> 3836
94087 212 0 -> 1 3667 -> 3836
94112 211 1 -> 0 3668 -> 3837
94112 210 0 -> 1 3668 -> 3837
94135 209 1 -> 0 3669 -> 3838
94135 208 0 -> 1 3669 -> 3838
94160 207 1 -> 0 3670 -> 3839
94160 206 0 -> 1 3670 -> 3839
94183 205 1 -> 0 3671 -> 3840
94183 204 0 -> 1 3671 -> 3840
94208 203 1 -> 0 3672 -> 3841
94208 202 0 -> 1 3672 -> 3841
94231 201 1 -> 0 3673 -> 3842
94231 200 0 -> 1 3673 -> 3842
94256 199 1 -> 0 3674 -> 3843
94256 198 0 -> 1 3674 -> 3843
94279 197 1 -> 0 3675 -> 3844
94279 196 0 -> 1 3675 -> 3844
94304 195 1 -> 0 3676 -> 3845
94304 194 0 -> 1 3676 -> 3845
94327 193 1 -> 0 3677 -> 3846
94327 192 0 -> 1 3677 -> 3846
94352 191 1 -> 0 3678 -> 3847
94352 190 0 -> 1 3678 -> 3847
94375 189 1 -> 0 3679 -> 3848
94375 188 0 -> 1 3679 -> 3848
94400 187 1 -> 0 3680 -> 3849
94400 186 0 -> 1 3680 -> 3849
94423 185 1 -> 0 3681 -> 3850
94423 184 0 -> 1 3681 -> 3850
94448 183 1 -> 0 3682 -> 3851
94448 182 0 -> 1 3682 -> 3851
94471 181 1 -> 0 3683 -> 3852
94471 180 0 -> 1 3683 -> 3852
94495 179 1 -> 0 3684 -> 3853
94495 178 0 -> 1 3684 -> 3853
94520 177 1 -> 0 3685 -> 3854
94520 176 0 -> 1 3685 -> 3854
94543 175 1 -> 0 3686 -> 3855
94543 174 0 -> 1 3686 -> 3855
94568 173 1 -> 0 3687 -> 3856
94568 172 0 -> 1 3687 -> 3856
94591 171 1 -> 0 3688 -> 3857
94591 170 0 -> 1 3688 -> 3857
94616 169 1 -> 0 3689 -> 3858
94616 168 0 -> 1 3689 -> 3858
94639 167 1 -> 0 3690 -> 3859
94639 166 0 -> 1 3690 -> 3859
94664 165 1 -> 0 3691 -> 3860
94664 164 0 -> 1 3691 -> 3860
94687 163 1 -> 0 3692 -> 3861
94687 162 0 -> 1 3692 -> 3861
94712 161 1 -> 0 3693 -> 3862
94712 160 0 -> 1 3693 -> 3862
94735 159 1 -> 0 3694 -> 3863
94735 158 0 -> 1 3694 -> 3863
94760 157 1 -> 0 3695 -> 3864
94760 156 0 -> 1 3695 -> 3864
94783 155 1 -> 0 3696 -> 3865
94783 154 0 -> 1 3696 -> 3865
94808 153 1 -> 0 3697 -> 3866
94808 152 0 -> 1 3697 -> 3866
94831 151 1 -> 0 3698 -> 3867
94831 150 0 -> 1 3698 -> 3867
94856 149 1 -> 0 3699 -> 3868
94856 148 0 -> 1 3699 -> 3868
94879 147 1 -> 0 3700 -> 3869
94879 146 0 -> 1 3700 -> 3869
94904 145 1 -> 0 3701 -> 3870
94904 144 0 -> 1 3701 -> 3870
94928 143 1 -> 0 3702 -> 3871
94928 142 0 -> 1 3702 -> 3871
94951 141 1 -> 0 3703 -> 3872
94951 140 0 -> 1 3703 -> 3872
94976 139 1 -> 0 3704 -> 3873
94976 138 0 -> 1 3704 -> 3873
94999 137 1 -> 0 3705 -> 3874
94999 136 0 -> 1 3705 -> 3874
95024 135 1 -> 0 3706 -> 3875
95024 134 0 -> 1 3706 -> 3875
95047 133 1 -> 0 3707 -> 3876
95047 132 0 -> 1 3707 -> 3876
95072 131 1 -> 0 3708 -> 3877
95072 130 0 -> 1 3708 -> 3877
95095 129 1 -> 0 3709 -> 3878
95095 128 0 -> 1 3709 -> 3878
95120 127 1 -> 0 3710 -> 3879
95120 126 0 -> 1 3710 -> 3879
95143 125 1 -> 0 3711 -> 3880
95143 124 0 -> 1 3711 -> 3880
95168 123 1 -> 0 3712 -> 3881
95168 122 0 -> 1 3712 -> 3881
95191 121 1 -> 0 3713 -> 3882
95191 120 0 -> 1 3713 -> 3882
95216 119 1 -> 0 3714 -> 3883
95216 118 0 -> 1 3714 -> 3883
95239 117 1 -> 0 3715 -> 3884
95239 116 0 -> 1 3715 -> 3884
95264 115 1 -> 0 3716 -> 3885
95264 114 0 -> 1 3716 -> 3885
95287 113 1 -> 0 3717 -> 3886
95287 112 0 -> 1 3717 -> 3886
95312 448 1 -> 0 3718 -> 3887
95312 449 0 -> 1 3718 -> 3887
95335 446 1 -> 0 3719 -> 3888
95335 447 0 -> 1 3719 -> 3888
95359 444 1 -> 0 3720 -> 3889
95359 445 0 -> 1 3720 -> 3889
95384 442 1 -> 0 3721 -> 3890
95384 443 0 -> 1 3721 -> 3890
95407 440 1 -> 0 3722 -> 3891
95407 441 0 -> 1 3722 -> 3891
95432 438 1 -> 0 3723 -> 3892
95432 439 0 -> 1 3723 -> 3892
95455 436 1 -> 0 3724 -> 3893
95455 437 0 -> 1 3724 -> 3893
95480 434 1 -> 0 3725 -> 3894
95480 435 0 -> 1 3725 -> 3894
95503 432 1 -> 0 3726 -> 3895
95503 433 0 -> 1 3726 -> 3895
95528 430 1 -> 0 3727 -> 3896
95528 431 0 -> 1 3727 -> 3896
95551 428 1 -> 0 3728 -> 3897
95551 429 0 -> 1 3728 -> 3897
95576 426 1 -> 0 3729 -> 3898
95576 427 0 -> 1 3729 -> 3898
95599 424 1 -> 0 3730 -> 3899
95599 425 0 -> 1 3730 -> 3899
95624 422 1 -> 0 3731 -> 3900
95624 423 0 -> 1 3731 -> 3900
95647 420 1 -> 0 3732 -> 3901
95647 421 0 -> 1 3732 -> 3901
95672 418 1 -> 0 3733 -> 3902
95672 419 0 -> 1 3733 -> 3902
95695 416 1 -> 0 3734 -> 3903
95695 417 0 -> 1 3734 -> 3903
95720 414 1 -> 0 3735 -> 3904
95720 415 0 -> 1 3735 -> 3904
95743 412 1 -> 0 3736 -> 3905
95743 413 0 -> 1 3736 -> 3905
95767 410 1 -> 0 3737 -> 3906
95767 411 0 -> 1 3737 -> 3906
95792 408 1 -> 0 3738 -> 3907
95792 409 0 -> 1 3738 -> 3907
95815 406 1 -> 0 3739 -> 3908
95815 407 0 -> 1 3739 -> 3908
95840 404 1 -> 0 3740 -> 3909
95840 405 0 -> 1 3740 -> 3909
95863 402 1 -> 0 3741 -> 3910
95863 403 0 -> 1 3741 -> 3910
95888 400 1 -> 0 3742 -> 3911
95888 401 0 -> 1 3742 -> 3911
95911 398 1 -> 0 3743 -> 3912
95911 399 0 -> 1 3743 -> 3912
95936 396 1 -> 0 3744 -> 3913
95936 397 0 -> 1 3744 -> 3913
95959 394 1 -> 0 3745 -> 3914
95959 395 0 -> 1 3745 -> 3914
95984 392 1 -> 0 3746 -> 3915
95984 393 0 -> 1 3746 -> 3915
96007 390 1 -> 0 3747 -> 3916
96007 391 0 -> 1 3747 -> 3916
96032 388 1 -> 0 3748 -> 3917
96032 389 0 -> 1 3748 -> 3917
96055 386 1 -> 0 3749 -> 3918
96055 387 0 -> 1 3749 -> 3918
96080 384 1 -> 0 3750 -> 3919
96080 385 0 -> 1 3750 -> 3919
96103 382 1 -> 0 3751 -> 3920
96103 383 0 -> 1 3751 -> 3920
96128 380 1 -> 0 3752 -> 3921
96128 381 0 -> 1 3752 -> 3921
96151 378 1 -> 0 3753 -> 3922
96151 379 0 -> 1 3753 -> 3922
96176 376 1 -> 0 3754 -> 3923
96176 377 0 -> 1 3754 -> 3923
96200 374 1 -> 0 3755 -> 3924
96200 375 0 -> 1 3755 -> 3924
96223 372 1 -> 0 3756 -> 3925
96223 373 0 -> 1 3756 -> 3925
96248 370 1 -> 0 3757 -> 3926
96248 371 0 -> 1 3757 -> 3926
96271 368 1 -> 0 3758 -> 3927
96271 369 0 -> 1 3758 -> 3927
96296 366 1 -> 0 3759 -> 3928
96296 367 0 -> 1 3759 -> 3928
96319 364 1 -> 0 3760 -> 3929
96319 365 0 -> 1 3760 -> 3929
96344 362 1 -> 0 3761 -> 3930
96344 363 0 -> 1 3761 -> 3930
96367 360 1 -> 0 3762 -> 3931
96367 361 0 -> 1 3762 -> 3931
96392 358 1 -> 0 3763 -> 3932
96392 359 0 -> 1 3763 -> 3932
96415 356 1 -> 0 3764 -> 3933
96415 357 0 -> 1 3764 -> 3933
96440 354 1 -> 0 3765 -> 3934
96440 355 0 -> 1 3765 -> 3934
96463 352 1 -> 0 3766 -> 3935
96463 353 0 -> 1 3766 -> 3935
96488 350 1 -> 0 3767 -> 3936
96488 351 0 -> 1 3767 -> 3936
96511 348 1 -> 0 3768 -> 3937
96511 349 0 -> 1 3768 -> 3937
96536 346 1 -> 0 3769 -> 3938
96536 347 0 -> 1 3769 -> 3938
96559 344 1 -> 0 3770 -> 3939
96559 345 0 -> 1 3770 -> 3939
96584 342 1 -> 0 3771 -> 3940
96584 343 0 -> 1 3771 -> 3940
96608 340 1 -> 0 3772 -> 3941
96608 341 0 -> 1 3772 -> 3941
96631 338 1 -> 0 3773 -> 3942
96631 339 0 -> 1 3773 -> 3942
96656 336 1 -> 0 3774 -> 3943
96656 337 0 -> 1 3774 -> 3943
96679 334 1 -> 0 3775 -> 3944
96679 335 0 -> 1 3775 -> 3944
96704 332 1 -> 0 3776 -> 3945
96704 333 0 -> 1 3776 -> 3945
96727 330 1 -> 0 3777 -> 3946
96727 331 0 -> 1 3777 -> 3946
96752 328 1 -> 0 3778 -> 3947
96752 329 0 -> 1 3778 -> 3947
96775 326 1 -> 0 3779 -> 3948
96775 327 0 -> 1 3779 -> 3948
96800 324 1 -> 0 3780 -> 3949
96800 325 0 -> 1 3780 -> 3949
96823 322 1 -> 0 3781 -> 3950
96823 323 0 -> 1 3781 -> 3950
96848 320 1 -> 0 3782 -> 3951
96848 321 0 -> 1 3782 -> 3951
96871 318 1 -> 0 3783 -> 3952
96871 319 0 -> 1 3783 -> 3952
96896 316 1 -> 0 3784 -> 3953
96896 317 0 -> 1 3784 -> 3953
96919 314 1 -> 0 3785 -> 3954
96919 315 0 -> 1 3785 -> 3954
96944 312 1 -> 0 3786 -> 3955
96944 313 0 -> 1 3786 -> 3955
96967 310 1 -> 0 3787 -> 3956
96967 311 0 -> 1 3787 -> 3956
96992 308 1 -> 0 3788 -> 3957
96992 309 0 -> 1 3788 -> 3957
97015 306 1 -> 0 3789 -> 3958
97015 307 0 -> 1 3789 -> 3958
97039 304 1 -> 0 3790 -> 3959
97039 305 0 -> 1 3790 -> 3959
97064 302 1 -> 0 3791 -> 3960
97064 303 0 -> 1 3791 -> 3960
97087 300 1 -> 0 3792 -> 3961
97087 301 0 -> 1 3792 -> 3961
97112 298 1 -> 0 3793 -> 3962
97112 299 0 -> 1 3793 -> 3962
97135 296 1 -> 0 3794 -> 3963
97135 297 0 -> 1 3794 -> 3963
97160 294 1 -> 0 3795 -> 3964
97160 295 0 -> 1 3795 -> 3964
97183 292 1 -> 0 3796 -> 3965
97183 293 0 -> 1 3796 -> 3965
97208 290 1 -> 0 3797 -> 3966
97208 291 0 -> 1 3797 -> 3966
97231 288 1 -> 0 3798 -> 3967
97231 289 0 -> 1 3798 -> 3967
97256 286 1 -> 0 3799 -> 3968
97256 287 0 -> 1 3799 -> 3968
97279 284 1 -> 0 3800 -> 3969
97279 285 0 -> 1 3800 -> 3969
97304 282 1 -> 0 3801 -> 3970
97304 283 0 -> 1 3801 -> 3970
97327 280 1 -> 0 3802 -> 3971
97327 281 0 -> 1 3802 -> 3971
97352 278 1 -> 0 3803 -> 3972
97352 279 0 -> 1 3803 -> 3972
97375 276 1 -> 0 3804 -> 3973
97375 277 0 -> 1 3804 -> 3973
97400 274 1 -> 0 3805 -> 3974
97400 275 0 -> 1 3805 -> 3974
97423 272 1 -> 0 3806 -> 3975
97423 273 0 -> 1 3806 -> 3975
97447 270 1 -> 0 3807 -> 3976
97447 271 0 -> 1 3807 -> 3976
97472 268 1 -> 0 3808 -> 3977
97472 269 0 -> 1 3808 -> 3977
97495 266 1 -> 0 3809 -> 3978
97495 267 0 -> 1 3809 -> 3978
97520 264 1 -> 0 3810 -> 3979
97520 265 0 -> 1 3810 -> 3979
97543 262 1 -> 0 3811 -> 3980
97543 263 0 -> 1 3811 -> 3980
97568 260 1 -> 0 3812 -> 3981
97568 261 0 -> 1 3812 -> 3981
97591 258 1 -> 0 3813 -> 3982
97591 259 0 -> 1 3813 -> 3982
97616 256 1 -> 0 3814 -> 3983
97616 257 0 -> 1 3814 -> 3983
97639 254 1 -> 0 3815 -> 3984
97639 255 0 -> 1 3815 -> 3984
97664 252 1 -> 0 3816 -> 3985
97664 253 0 -> 1 3816 -> 3985
97687 250 1 -> 0 3817 -> 3986
97687 251 0 -> 1 3817 -> 3986
97712 248 1 -> 0 3818 -> 3987
97712 249 0 -> 1 3818 -> 3987
97735 246 1 -> 0 3819 -> 3988
97735 247 0 -> 1 3819 -> 3988
97760 244 1 -> 0 3820 -> 3989
97760 245 0 -> 1 3820 -> 3989
97783 242 1 -> 0 3821 -> 3990
97783 243 0 -> 1 3821 -> 3990
97808 240 1 -> 0 3822 -> 3991
97808 241 0 -> 1 3822 -> 3991
97831 238 1 -> 0 3823 -> 3992
97831 239 0 -> 1 3823 -> 3992
97856 236 1 -> 0 3824 -> 3993
97856 237 0 -> 1 3824 -> 3993
97880 234 1 -> 0 3825 -> 3994
97880 235 0 -> 1 3825 -> 3994
97903 232 1 -> 0 3826 -> 3995
97903 233 0 -> 1 3826 -> 3995
97928 230 1 -> 0 3827 -> 3996
97928 231 0 -> 1 3827 -> 3996
97951 228 1 -> 0 3828 -> 3997
97951 229 0 -> 1 3828 -> 3997
97976 226 1 -> 0 3829 -> 3998
97976 227 0 -> 1 3829 -> 3998
97999 224 1 -> 0 3830 -> 3999
97999 225 0 -> 1 3830 -> 3999
98024 222 1 -> 0 3831 -> 4000
98024 223 0 -> 1 3831 -> 4000
98047 220 1 -> 0 3832 -> 4001
98047 221 0 -> 1 3832 -> 4001
98072 218 1 -> 0 3833 -> 4002
98072 219 0 -> 1 3833 -> 4002
98095 216 1 -> 0 3834 -> 4003
98095 217 0 -> 1 3834 -> 4003
98120 214 1 -> 0 3835 -> 4004
98120 215 0 -> 1 3835 -> 4004
98143 212 1 -> 0 3836 -> 4005
98143 213 0 -> 1 3836 -> 4005
98168 210 1 -> 0 3837 -> 4006
98168 211 0 -> 1 3837 -> 4006
98191 208 1 -> 0 3838 -> 4007
98191 209 0 -> 1 3838 -> 4007
98216 206 1 -> 0 3839 -> 4008
98216 207 0 -> 1 3839 -> 4008
98239 204 1 -> 0 3840 -> 4009
98239 205 0 -> 1 3840 -> 4009
98264 202 1 -> 0 3841 -> 4010
98264 203 0 -> 1 3841 -> 4010
98287 200 1 -> 0 3842 -> 4011
98287 201 0 -> 1 3842 -> 4011
98311 198 1 -> 0 3843 -> 4012
98311 199 0 -> 1 3843 -> 4012
98336 196 1 -> 0 3844 -> 4013
98336 197 0 -> 1 3844 -> 4013
98359 194 1 -> 0 3845 -> 4014
98359 195 0 -> 1 3845 -> 4014
98384 192 1 -> 0 3846 -> 4015
98384 193 0 -> 1 3846 -> 4015
98407 190 1 -> 0 3847 -> 4016
98407 191 0 -> 1 3847 -> 4016
98432 188 1 -> 0 3848 -> 4017
98432 189 0 -> 1 3848 -> 4017
98455 186 1 -> 0 3849 -> 4018
98455 187 0 -> 1 3849 -> 4018
98480 184 1 -> 0 3850 -> 4019
98480 185 0 -> 1 3850 -> 4019
98503 182 1 -> 0 3851 -> 4020
98503 183 0 -> 1 3851 -> 4020
98528 180 1 -> 0 3852 -> 4021
98528 181 0 -> 1 3852 -> 4021
98551 178 1 -> 0 3853 -> 4022
98551 179 0 -> 1 3853 -> 4022
98576 176 1 -> 0 3854 -> 4023
98576 177 0 -> 1 3854 -> 4023
98599 174 1 -> 0 3855 -> 4024
98599 175 0 -> 1 3855 -> 4024
98624 172 1 -> 0 3856 -> 4025
98624 173 0 -> 1 3856 -> 4025
98647 170 1 -> 0 3857 -> 4026
98647 171 0 -> 1 3857 -> 4026
98672 168 1 -> 0 3858 -> 4027
98672 169 0 -> 1 3858 -> 4027
98695 166 1 -> 0 3859 -> 4028
98695 167 0 -> 1 3859 -> 4028
98719 164 1 -> 0 3860 -> 4029
98719 165 0 -> 1 3860 -> 4029
98744 162 1 -> 0 3861 -> 4030
98744 163 0 -> 1 3861 -> 4030
98767 160 1 -> 0 3862 -> 4031
98767 161 0 -> 1 3862 -> 4031
98792 158 1 -> 0 3863 -> 4032
98792 159 0 -> 1 3863 -> 4032
98815 156 1 -> 0 3864 -> 4033
98815 157 0 -> 1 3864 -> 4033
98840 154 1 -> 0 3865 -> 4034
98840 155 0 -> 1 3865 -> 4034
98863 152 1 -> 0 3866 -> 4035
98863 153 0 -> 1 3866 -> 4035
98888 150 1 -> 0 3867 -> 4036
98888 151 0 -> 1 3867 -> 4036
98911 148 1 -> 0 3868 -> 4037
98911 149 0 -> 1 3868 -> 4037
98936 146 1 -> 0 3869 -> 4038
98936 147 0 -> 1 3869 -> 4038
98959 144 1 -> 0 3870 -> 4039
98959 145 0 -> 1 3870 -> 4039
98984 142 1 -> 0 3871 -> 4040
98984 143 0 -> 1 3871 -> 4040
99007 140 1 -> 0 3872 -> 4041
99007 141 0 -> 1 3872 -> 4041
99032 138 1 -> 0 3873 -> 4042
99032 139 0 -> 1 3873 -> 4042
99055 136 1 -> 0 3874 -> 4043
99055 137 0 -> 1 3874 -> 4043
99080 134 1 -> 0 3875 -> 4044
99080 135 0 -> 1 3875 -> 4044
99103 132 1 -> 0 3876 -> 4045
99103 133 0 -> 1 3876 -> 4045
99128 130 1 -> 0 3877 -> 4046
99128 131 0 -> 1 3877 -> 4046
99152 128 1 -> 0 3878 -> 4047
99152 129 0 -> 1 3878 -> 4047
99175 126 1 -> 0 3879 -> 4048
99175 127 0 -> 1 3879 -> 4048
99200 124 1 -> 0 3880 -> 4049
99200 125 0 -> 1 3880 -> 4049
99223 122 1 -> 0 3881 -> 4050
99223 123 0 -> 1 3881 -> 4050
99248 120 1 -> 0 3882 -> 4051
99248 121 0 -> 1 3882 -> 4051
99271 118 1 -> 0 3883 -> 4052
99271 119 0 -> 1 3883 -> 4052
99296 116 1 -> 0 3884 -> 4053
99296 117 0 -> 1 3884 -> 4053
99319 114 1 -> 0 3885 -> 4054
99319 115 0 -> 1 3885 -> 4054
99344 112 1 -> 0 3886 -> 4055
99344 113 0 -> 1 3886 -> 4055
99367 449 1 -> 0 3887 -> 4056
99367 448 0 -> 1 3887 -> 4056
99392 447 1 -> 0 3888 -> 4057
99392 446 0 -> 1 3888 -> 4057
99415 445 1 -> 0 3889 -> 4058
99415 444 0 -> 1 3889 -> 4058
99440 443 1 -> 0 3890 -> 4059
99440 442 0 -> 1 3890 -> 4059
99463 441 1 -> 0 3891 -> 4060
99463 440 0 -> 1 3891 -> 4060
99488 439 1 -> 0 3892 -> 4061
99488 438 0 -> 1 3892 -> 4061
99511 437 1 -> 0 3893 -> 4062
99511 436 0 -> 1 3893 -> 4062
99536 435 1 -> 0 3894 -> 4063
99536 434 0 -> 1 3894 -> 4063
99560 433 1 -> 0 3895 -> 4064
99560 432 0 -> 1 3895 -> 4064
99583 431 1 -> 0 3896 -> 4065
99583 430 0 -> 1 3896 -> 4065
99608 429 1 -> 0 3897 -> 4066
99608 428 0 -> 1 3897 -> 4066
99631 427 1 -> 0 3898 -> 4067
99631 426 0 -> 1 3898 -> 4067
99656 425 1 -> 0 3899 -> 4068
99656 424 0 -> 1 3899 -> 4068
99679 423 1 -> 0 3900 -> 4069
99679 422 0 -> 1 3900 -> 4069
99704 421 1 -> 0 3901 -> 4070
99704 420 0 -> 1 3901 -> 4070
99727 419 1 -> 0 3902 -> 4071
99727 418 0 -> 1 3902 -> 4071
99752 417 1 -> 0 3903 -> 4072
99752 416 0 -> 1 3903 -> 4072
99775 415 1 -> 0 3904 -> 4073
99775 414 0 -> 1 3904 -> 4073
99800 413 1 -> 0 3905 -> 4074
99800 412 0 -> 1 3905 -> 4074
99823 411 1 -> 0 3906 -> 4075
99823 410 0 -> 1 3906 -> 4075
99848 409 1 -> 0 3907 -> 4076
99848 408 0 -> 1 3907 -> 4076
99871 407 1 -> 0 3908 -> 4077
99871 406 0 -> 1 3908 -> 4077
99896 405 1 -> 0 3909 -> 4078
99896 404 0 -> 1 3909 -> 4078
99919 403 1 -> 0 3910 -> 4079
99919 402 0 -> 1 3910 -> 4079
99944 401 1 -> 0 3911 -> 4080
99944 400 0 -> 1 3911 -> 4080
99967 399 1 -> 0 3912 -> 4081
99967 398 0 -> 1 3912 -> 4081
99991 397 1 -> 0 3913 -> 4082
99991 396 0 -> 1 3913 -> 4082
