0 0 0.002024
0 0 0.002024
0 0 0.002024
1 0 0.002024
1 0 0.002024
1 0 0.002024
1 0 0.002024
0 0 0.002048
0 1 0.002048
0 1 0.002048
0 1 0.002048
1 1 0.002048
1 1 0.002048
1 1 0.002048
1 1 0.002048
0 2 0.002072
0 2 0.002072
0 2 0.002072
1 2 0.002072
1 2 0.002072
1 2 0.002072
1 2 0.002072
0 1 0.002096
0 3 0.002096
0 3 0.002096
0 3 0.002096
1 3 0.002096
1 3 0.002096
1 3 0.002096
1 3 0.002096
0 4 0.00212
0 4 0.00212
0 4 0.00212
1 4 0.00212
1 4 0.00212
1 4 0.00212
1 4 0.00212
0 2 0.002144
0 5 0.002144
0 5 0.002144
0 5 0.002144
1 5 0.002144
1 5 0.002144
1 5 0.002144
1 5 0.002144
0 6 0.002168
0 6 0.002168
0 6 0.002168
1 6 0.002168
1 6 0.002168
1 6 0.002168
1 6 0.002168
0 3 0.002192
0 7 0.002192
0 7 0.002192
0 7 0.002192
1 7 0.002192
1 7 0.002192
1 7 0.002192
1 7 0.002192
0 8 0.002216
0 8 0.002216
0 8 0.002216
1 8 0.002216
1 8 0.002216
1 8 0.002216
1 8 0.002216
0 4 0.00224
0 9 0.00224
0 9 0.00224
0 9 0.00224
1 9 0.00224
1 9 0.00224
1 9 0.00224
1 9 0.00224
0 10 0.002264
0 10 0.002264
0 10 0.002264
1 10 0.002264
1 10 0.002264
1 10 0.002264
1 10 0.002264
0 5 0.002288
0 11 0.002288
0 11 0.002288
0 11 0.002288
1 11 0.002288
1 11 0.002288
1 11 0.002288
1 11 0.002288
0 12 0.002312
0 12 0.002312
0 12 0.002312
1 12 0.002312
1 12 0.002312
1 12 0.002312
1 12 0.002312
0 6 0.002336
0 13 0.002336
0 13 0.002336
0 13 0.002336
1 13 0.002336
1 13 0.002336
1 13 0.002336
1 13 0.002336
0 14 0.00236
0 14 0.00236
0 14 0.00236
1 14 0.00236
1 14 0.00236
1 14 0.00236
1 14 0.00236
0 7 0.002384
0 15 0.002384
0 15 0.002384
0 15 0.002384
1 15 0.002384
1 15 0.002384
1 15 0.002384
1 15 0.002384
0 16 0.002408
0 16 0.002408
0 16 0.002408
1 16 0.002408
1 16 0.002408
1 16 0.002408
1 16 0.002408
0 8 0.002432
0 17 0.002432
0 17 0.002432
0 17 0.002432
1 17 0.002432
1 17 0.002432
1 17 0.002432
1 17 0.002432
0 18 0.002456
0 18 0.002456
0 18 0.002456
1 18 0.002456
1 18 0.002456
1 18 0.002456
1 18 0.002456
0 9 0.00248
0 19 0.00248
0 19 0.00248
0 19 0.00248
1 19 0.00248
1 19 0.00248
1 19 0.00248
1 19 0.00248
0 20 0.002504
0 20 0.002504
0 20 0.002504
1 20 0.002504
1 20 0.002504
1 20 0.002504
1 20 0.002504
0 10 0.002528
0 21 0.002528
0 21 0.002528
0 21 0.002528
1 21 0.002528
1 21 0.002528
1 21 0.002528
1 21 0.002528
0 22 0.002552
0 22 0.002552
0 22 0.002552
1 22 0.002552
1 22 0.002552
1 22 0.002552
1 22 0.002552
0 11 0.002576
0 23 0.002576
0 23 0.002576
0 23 0.002576
1 23 0.002576
1 23 0.002576
1 23 0.002576
1 23 0.002576
0 24 0.0026
0 24 0.0026
0 24 0.0026
1 24 0.0026
1 24 0.0026
1 24 0.0026
1 24 0.0026
0 12 0.002624
0 25 0.002624
0 25 0.002624
0 25 0.002624
1 25 0.002624
1 25 0.002624
1 25 0.002624
1 25 0.002624
0 26 0.002648
0 26 0.002648
0 26 0.002648
1 26 0.002648
1 26 0.002648
1 26 0.002648
1 26 0.002648
0 13 0.002672
0 27 0.002672
0 27 0.002672
0 27 0.002672
1 27 0.002672
1 27 0.002672
1 27 0.002672
1 27 0.002672
0 28 0.002696
0 28 0.002696
0 28 0.002696
1 28 0.002696
1 28 0.002696
1 28 0.002696
1 28 0.002696
0 14 0.00272
0 29 0.00272
0 29 0.00272
0 29 0.00272
1 29 0.00272
1 29 0.00272
1 29 0.00272
1 29 0.00272
0 30 0.002744
0 30 0.002744
0 30 0.002744
1 30 0.002744
1 30 0.002744
1 30 0.002744
1 30 0.002744
0 15 0.002768
0 31 0.002768
0 31 0.002768
0 31 0.002768
1 31 0.002768
1 31 0.002768
1 31 0.002768
1 31 0.002768
0 32 0.002792
0 32 0.002792
0 32 0.002792
1 32 0.002792
1 32 0.002792
1 32 0.002792
1 32 0.002792
0 16 0.002816
0 33 0.002816
0 33 0.002816
0 33 0.002816
1 33 0.002816
1 33 0.002816
1 33 0.002816
1 33 0.002816
0 34 0.00284
0 34 0.00284
0 34 0.00284
1 34 0.00284
1 34 0.00284
1 34 0.00284
1 34 0.00284
0 17 0.002864
0 35 0.002864
0 35 0.002864
0 35 0.002864
1 35 0.002864
1 35 0.002864
1 35 0.002864
1 35 0.002864
0 36 0.002888
0 36 0.002888
0 36 0.002888
1 36 0.002888
1 36 0.002888
1 36 0.002888
1 36 0.002888
0 18 0.002912
0 37 0.002912
0 37 0.002912
0 37 0.002912
1 37 0.002912
1 37 0.002912
1 37 0.002912
1 37 0.002912
0 38 0.002936
0 38 0.002936
0 38 0.002936
1 38 0.002936
1 38 0.002936
1 38 0.002936
1 38 0.002936
0 19 0.00296
0 39 0.00296
0 39 0.00296
0 39 0.00296
1 39 0.00296
1 39 0.00296
1 39 0.00296
1 39 0.00296
0 40 0.002984
0 40 0.002984
0 40 0.002984
1 40 0.002984
1 40 0.002984
1 40 0.002984
1 40 0.002984
0 20 0.003008
0 41 0.003008
0 41 0.003008
0 41 0.003008
1 41 0.003008
1 41 0.003008
1 41 0.003008
1 41 0.003008
0 42 0.003032
0 42 0.003032
0 42 0.003032
1 42 0.003032
1 42 0.003032
1 42 0.003032
1 42 0.003032
0 21 0.003056
0 43 0.003056
0 43 0.003056
0 43 0.003056
1 43 0.003056
1 43 0.003056
1 43 0.003056
1 43 0.003056
0 44 0.00308
0 44 0.00308
0 44 0.00308
1 44 0.00308
1 44 0.00308
1 44 0.00308
1 44 0.00308
0 22 0.003104
0 45 0.003104
0 45 0.003104
0 45 0.003104
1 45 0.003104
1 45 0.003104
1 45 0.003104
1 45 0.003104
0 46 0.003128
0 46 0.003128
0 46 0.003128
1 46 0.003128
1 46 0.003128
1 46 0.003128
1 46 0.003128
0 23 0.003152
0 47 0.003152
0 47 0.003152
0 47 0.003152
1 47 0.003152
1 47 0.003152
1 47 0.003152
1 47 0.003152
0 48 0.003176
0 48 0.003176
0 48 0.003176
1 48 0.003176
1 48 0.003176
1 48 0.003176
1 48 0.003176
0 24 0.0032
0 49 0.0032
0 49 0.0032
0 49 0.0032
1 49 0.0032
1 49 0.0032
1 49 0.0032
1 49 0.0032
0 50 0.003224
0 50 0.003224
0 50 0.003224
1 50 0.003224
1 50 0.003224
1 50 0.003224
1 50 0.003224
0 25 0.003248
0 51 0.003248
0 51 0.003248
0 51 0.003248
1 51 0.003248
1 51 0.003248
1 51 0.003248
1 51 0.003248
0 52 0.003272
0 52 0.003272
0 52 0.003272
1 52 0.003272
1 52 0.003272
1 52 0.003272
1 52 0.003272
0 26 0.003296
0 53 0.003296
0 53 0.003296
0 53 0.003296
1 53 0.003296
1 53 0.003296
1 53 0.003296
1 53 0.003296
0 54 0.00332
0 54 0.00332
0 54 0.00332
1 54 0.00332
1 54 0.00332
1 54 0.00332
1 54 0.00332
0 27 0.003344
0 55 0.003344
0 55 0.003344
0 55 0.003344
1 55 0.003344
1 55 0.003344
1 55 0.003344
1 55 0.003344
0 56 0.003368
0 56 0.003368
0 56 0.003368
1 56 0.003368
1 56 0.003368
1 56 0.003368
1 56 0.003368
0 28 0.003392
0 57 0.003392
0 57 0.003392
0 57 0.003392
1 57 0.003392
1 57 0.003392
1 57 0.003392
1 57 0.003392
0 58 0.003416
0 58 0.003416
0 58 0.003416
1 58 0.003416
1 58 0.003416
1 58 0.003416
1 58 0.003416
0 29 0.00344
0 59 0.00344
0 59 0.00344
0 59 0.00344
1 59 0.00344
1 59 0.00344
1 59 0.00344
1 59 0.00344
0 60 0.003464
0 60 0.003464
0 60 0.003464
1 60 0.003464
1 60 0.003464
1 60 0.003464
1 60 0.003464
0 30 0.003488
0 61 0.003488
0 61 0.003488
0 61 0.003488
1 61 0.003488
1 61 0.003488
1 61 0.003488
1 61 0.003488
0 62 0.003512
0 62 0.003512
0 62 0.003512
1 62 0.003512
1 62 0.003512
1 62 0.003512
1 62 0.003512
0 31 0.003536
0 63 0.003536
0 63 0.003536
0 63 0.003536
1 63 0.003536
1 63 0.003536
1 63 0.003536
1 63 0.003536
0 64 0.00356
0 64 0.00356
0 64 0.00356
1 64 0.00356
1 64 0.00356
1 64 0.00356
1 64 0.00356
0 32 0.003584
0 65 0.003584
0 65 0.003584
0 65 0.003584
1 65 0.003584
1 65 0.003584
1 65 0.003584
1 65 0.003584
0 66 0.003608
0 66 0.003608
0 66 0.003608
1 66 0.003608
1 66 0.003608
1 66 0.003608
1 66 0.003608
0 33 0.003632
0 67 0.003632
0 67 0.003632
0 67 0.003632
1 67 0.003632
1 67 0.003632
1 67 0.003632
1 67 0.003632
0 68 0.003656
0 68 0.003656
0 68 0.003656
1 68 0.003656
1 68 0.003656
1 68 0.003656
1 68 0.003656
0 34 0.00368
0 69 0.00368
0 69 0.00368
0 69 0.00368
1 69 0.00368
1 69 0.00368
1 69 0.00368
1 69 0.00368
0 70 0.003704
0 70 0.003704
0 70 0.003704
1 70 0.003704
1 70 0.003704
1 70 0.003704
1 70 0.003704
0 35 0.003728
0 71 0.003728
0 71 0.003728
0 71 0.003728
1 71 0.003728
1 71 0.003728
1 71 0.003728
1 71 0.003728
0 72 0.003752
0 72 0.003752
0 72 0.003752
1 72 0.003752
1 72 0.003752
1 72 0.003752
1 72 0.003752
0 36 0.003776
0 73 0.003776
0 73 0.003776
0 73 0.003776
1 73 0.003776
1 73 0.003776
1 73 0.003776
1 73 0.003776
0 74 0.0038
0 74 0.0038
0 74 0.0038
1 74 0.0038
1 74 0.0038
1 74 0.0038
1 74 0.0038
0 37 0.003824
0 75 0.003824
0 75 0.003824
0 75 0.003824
1 75 0.003824
1 75 0.003824
1 75 0.003824
1 75 0.003824
0 76 0.003848
0 76 0.003848
0 76 0.003848
1 76 0.003848
1 76 0.003848
1 76 0.003848
1 76 0.003848
0 38 0.003872
0 77 0.003872
0 77 0.003872
0 77 0.003872
1 77 0.003872
1 77 0.003872
1 77 0.003872
1 77 0.003872
0 78 0.003896
0 78 0.003896
0 78 0.003896
1 78 0.003896
1 78 0.003896
1 78 0.003896
1 78 0.003896
0 39 0.00392
0 79 0.00392
0 79 0.00392
0 79 0.00392
1 79 0.00392
1 79 0.00392
1 79 0.00392
1 79 0.00392
0 80 0.003944
0 80 0.003944
0 80 0.003944
1 80 0.003944
1 80 0.003944
1 80 0.003944
1 80 0.003944
0 40 0.003968
0 81 0.003968
0 81 0.003968
0 81 0.003968
1 81 0.003968
1 81 0.003968
1 81 0.003968
1 81 0.003968
0 82 0.003992
0 82 0.003992
0 82 0.003992
1 82 0.003992
1 82 0.003992
1 82 0.003992
1 82 0.003992
0 41 0.004016
0 83 0.004016
0 83 0.004016
0 83 0.004016
1 83 0.004016
1 83 0.004016
1 83 0.004016
1 83 0.004016
0 84 0.00404
0 84 0.00404
0 84 0.00404
1 84 0.00404
1 84 0.00404
1 84 0.00404
1 84 0.00404
0 42 0.004064
0 85 0.004064
0 85 0.004064
0 85 0.004064
1 85 0.004064
1 85 0.004064
1 85 0.004064
1 85 0.004064
0 86 0.004088
0 86 0.004088
0 86 0.004088
1 86 0.004088
1 86 0.004088
1 86 0.004088
1 86 0.004088
0 43 0.004112
0 87 0.004112
0 87 0.004112
0 87 0.004112
1 87 0.004112
1 87 0.004112
1 87 0.004112
1 87 0.004112
0 88 0.004136
0 88 0.004136
0 88 0.004136
1 88 0.004136
1 88 0.004136
1 88 0.004136
1 88 0.004136
0 44 0.00416
0 89 0.00416
0 89 0.00416
0 89 0.00416
1 89 0.00416
1 89 0.00416
1 89 0.00416
1 89 0.00416
0 90 0.004184
0 90 0.004184
0 90 0.004184
1 90 0.004184
1 90 0.004184
1 90 0.004184
1 90 0.004184
0 45 0.004208
0 91 0.004208
0 91 0.004208
0 91 0.004208
1 91 0.004208
1 91 0.004208
1 91 0.004208
1 91 0.004208
0 92 0.004232
0 92 0.004232
0 92 0.004232
1 92 0.004232
1 92 0.004232
1 92 0.004232
1 92 0.004232
0 46 0.004256
0 93 0.004256
0 93 0.004256
0 93 0.004256
1 93 0.004256
1 93 0.004256
1 93 0.004256
1 93 0.004256
0 94 0.00428
0 94 0.00428
0 94 0.00428
1 94 0.00428
1 94 0.00428
1 94 0.00428
1 94 0.00428
0 47 0.004304
0 95 0.004304
0 95 0.004304
0 95 0.004304
1 95 0.004304
1 95 0.004304
1 95 0.004304
1 95 0.004304
0 96 0.004328
0 96 0.004328
0 96 0.004328
1 96 0.004328
1 96 0.004328
1 96 0.004328
1 96 0.004328
0 48 0.004352
0 97 0.004352
0 97 0.004352
0 97 0.004352
1 97 0.004352
1 97 0.004352
1 97 0.004352
1 97 0.004352
0 98 0.004376
0 98 0.004376
0 98 0.004376
1 98 0.004376
1 98 0.004376
1 98 0.004376
1 98 0.004376
0 49 0.0044
0 99 0.0044
0 99 0.0044
0 99 0.0044
1 99 0.0044
1 99 0.0044
1 99 0.0044
1 99 0.0044
0 100 0.004424
0 100 0.004424
0 100 0.004424
1 100 0.004424
1 100 0.004424
1 100 0.004424
1 100 0.004424
0 50 0.004448
0 101 0.004448
0 101 0.004448
0 101 0.004448
1 101 0.004448
1 101 0.004448
1 101 0.004448
1 101 0.004448
0 102 0.004472
0 102 0.004472
0 102 0.004472
1 102 0.004472
1 102 0.004472
1 102 0.004472
1 102 0.004472
0 51 0.004496
0 103 0.004496
0 103 0.004496
0 103 0.004496
1 103 0.004496
1 103 0.004496
1 103 0.004496
1 103 0.004496
0 104 0.00452
0 104 0.00452
0 104 0.00452
1 104 0.00452
1 104 0.00452
1 104 0.00452
1 104 0.00452
0 52 0.004544
0 105 0.004544
0 105 0.004544
0 105 0.004544
1 105 0.004544
1 105 0.004544
1 105 0.004544
1 105 0.004544
0 106 0.004568
0 106 0.004568
0 106 0.004568
1 106 0.004568
1 106 0.004568
1 106 0.004568
1 106 0.004568
0 53 0.004592
0 107 0.004592
0 107 0.004592
0 107 0.004592
1 107 0.004592
1 107 0.004592
1 107 0.004592
1 107 0.004592
0 108 0.004616
0 108 0.004616
0 108 0.004616
1 108 0.004616
1 108 0.004616
1 108 0.004616
1 108 0.004616
0 54 0.00464
0 109 0.00464
0 109 0.00464
0 109 0.00464
1 109 0.00464
1 109 0.00464
1 109 0.00464
1 109 0.00464
0 110 0.004664
0 110 0.004664
0 110 0.004664
1 110 0.004664
1 110 0.004664
1 110 0.004664
1 110 0.004664
0 55 0.004688
0 111 0.004688
0 111 0.004688
0 111 0.004688
1 111 0.004688
1 111 0.004688
1 111 0.004688
1 111 0.004688
0 112 0.004712
0 112 0.004712
0 112 0.004712
1 112 0.004712
1 112 0.004712
1 112 0.004712
1 112 0.004712
0 56 0.004736
0 113 0.004736
0 113 0.004736
0 113 0.004736
1 113 0.004736
1 113 0.004736
1 113 0.004736
1 113 0.004736
0 114 0.00476
0 114 0.00476
0 114 0.00476
1 114 0.00476
1 114 0.00476
1 114 0.00476
1 114 0.00476
0 57 0.004784
0 115 0.004784
0 115 0.004784
0 115 0.004784
1 115 0.004784
1 115 0.004784
1 115 0.004784
1 115 0.004784
0 116 0.004808
0 116 0.004808
0 116 0.004808
1 116 0.004808
1 116 0.004808
1 116 0.004808
1 116 0.004808
0 58 0.004832
0 117 0.004832
0 117 0.004832
0 117 0.004832
1 117 0.004832
1 117 0.004832
1 117 0.004832
1 117 0.004832
0 118 0.004856
0 118 0.004856
0 118 0.004856
1 118 0.004856
1 118 0.004856
1 118 0.004856
1 118 0.004856
0 59 0.00488
0 119 0.00488
0 119 0.00488
0 119 0.00488
1 119 0.00488
1 119 0.00488
1 119 0.00488
1 119 0.00488
0 120 0.004904
0 120 0.004904
0 120 0.004904
1 120 0.004904
1 120 0.004904
1 120 0.004904
1 120 0.004904
0 60 0.004928
0 121 0.004928
0 121 0.004928
0 121 0.004928
1 121 0.004928
1 121 0.004928
1 121 0.004928
1 121 0.004928
0 122 0.004952
0 122 0.004952
0 122 0.004952
1 122 0.004952
1 122 0.004952
1 122 0.004952
1 122 0.004952
0 61 0.004976
0 123 0.004976
0 123 0.004976
0 123 0.004976
1 123 0.004976
1 123 0.004976
1 123 0.004976
1 123 0.004976
0 124 0.005
0 124 0.005
0 124 0.005
1 124 0.005
1 124 0.005
1 124 0.005
1 124 0.005
0 62 0.005024
0 125 0.005024
0 125 0.005024
0 125 0.005024
1 125 0.005024
1 125 0.005024
1 125 0.005024
1 125 0.005024
0 126 0.005048
0 126 0.005048
0 126 0.005048
1 126 0.005048
1 126 0.005048
1 126 0.005048
1 126 0.005048
0 63 0.005072
0 127 0.005072
0 127 0.005072
0 127 0.005072
1 127 0.005072
1 127 0.005072
1 127 0.005072
1 127 0.005072
0 128 0.005096
0 128 0.005096
0 128 0.005096
1 128 0.005096
1 128 0.005096
1 128 0.005096
1 128 0.005096
0 64 0.00512
0 129 0.00512
0 129 0.00512
0 129 0.00512
1 129 0.00512
1 129 0.00512
1 129 0.00512
1 129 0.00512
0 130 0.005144
0 130 0.005144
0 130 0.005144
1 130 0.005144
1 130 0.005144
1 130 0.005144
1 130 0.005144
0 65 0.005168
0 131 0.005168
0 131 0.005168
0 131 0.005168
1 131 0.005168
1 131 0.005168
1 131 0.005168
1 131 0.005168
0 132 0.005192
0 132 0.005192
0 132 0.005192
1 132 0.005192
1 132 0.005192
1 132 0.005192
1 132 0.005192
0 66 0.005216
0 133 0.005216
0 133 0.005216
0 133 0.005216
1 133 0.005216
1 133 0.005216
1 133 0.005216
1 133 0.005216
0 134 0.00524
0 134 0.00524
0 134 0.00524
1 134 0.00524
1 134 0.00524
1 134 0.00524
1 134 0.00524
0 67 0.005264
0 135 0.005264
0 135 0.005264
0 135 0.005264
1 135 0.005264
1 135 0.005264
1 135 0.005264
1 135 0.005264
0 136 0.005288
0 136 0.005288
0 136 0.005288
1 136 0.005288
1 136 0.005288
1 136 0.005288
1 136 0.005288
0 68 0.005312
0 137 0.005312
0 137 0.005312
0 137 0.005312
1 137 0.005312
1 137 0.005312
1 137 0.005312
1 137 0.005312
0 138 0.005336
0 138 0.005336
0 138 0.005336
1 138 0.005336
1 138 0.005336
1 138 0.005336
1 138 0.005336
0 69 0.00536
0 139 0.00536
0 139 0.00536
0 139 0.00536
1 139 0.00536
1 139 0.00536
1 139 0.00536
1 139 0.00536
0 140 0.005384
0 140 0.005384
0 140 0.005384
1 140 0.005384
1 140 0.005384
1 140 0.005384
1 140 0.005384
0 70 0.005408
0 141 0.005408
0 141 0.005408
0 141 0.005408
1 141 0.005408
1 141 0.005408
1 141 0.005408
1 141 0.005408
0 142 0.005432
0 142 0.005432
0 142 0.005432
1 142 0.005432
1 142 0.005432
1 142 0.005432
1 142 0.005432
0 71 0.005456
0 143 0.005456
0 143 0.005456
0 143 0.005456
1 143 0.005456
1 143 0.005456
1 143 0.005456
1 143 0.005456
0 144 0.00548
0 144 0.00548
0 144 0.00548
1 144 0.00548
1 144 0.00548
1 144 0.00548
1 144 0.00548
0 72 0.005504
0 145 0.005504
0 145 0.005504
0 145 0.005504
1 145 0.005504
1 145 0.005504
1 145 0.005504
1 145 0.005504
0 146 0.005528
0 146 0.005528
0 146 0.005528
1 146 0.005528
1 146 0.005528
1 146 0.005528
1 146 0.005528
0 73 0.005552
0 147 0.005552
0 147 0.005552
0 147 0.005552
1 147 0.005552
1 147 0.005552
1 147 0.005552
1 147 0.005552
0 148 0.005576
0 148 0.005576
0 148 0.005576
1 148 0.005576
1 148 0.005576
1 148 0.005576
1 148 0.005576
0 74 0.0056
0 149 0.0056
0 149 0.0056
0 149 0.0056
1 149 0.0056
1 149 0.0056
1 149 0.0056
1 149 0.0056
0 150 0.005624
0 150 0.005624
0 150 0.005624
1 150 0.005624
1 150 0.005624
1 150 0.005624
1 150 0.005624
0 75 0.005648
0 151 0.005648
0 151 0.005648
0 151 0.005648
1 151 0.005648
1 151 0.005648
1 151 0.005648
1 151 0.005648
0 152 0.005672
0 152 0.005672
0 152 0.005672
1 152 0.005672
1 152 0.005672
1 152 0.005672
1 152 0.005672
0 76 0.005696
0 153 0.005696
0 153 0.005696
0 153 0.005696
1 153 0.005696
1 153 0.005696
1 153 0.005696
1 153 0.005696
0 154 0.00572
0 154 0.00572
0 154 0.00572
1 154 0.00572
1 154 0.00572
1 154 0.00572
1 154 0.00572
0 77 0.005744
0 155 0.005744
0 155 0.005744
0 155 0.005744
1 155 0.005744
1 155 0.005744
1 155 0.005744
1 155 0.005744
0 156 0.005768
0 156 0.005768
0 156 0.005768
1 156 0.005768
1 156 0.005768
1 156 0.005768
1 156 0.005768
0 78 0.005792
0 157 0.005792
0 157 0.005792
0 157 0.005792
1 157 0.005792
1 157 0.005792
1 157 0.005792
1 157 0.005792
0 158 0.005816
0 158 0.005816
0 158 0.005816
1 158 0.005816
1 158 0.005816
1 158 0.005816
1 158 0.005816
0 79 0.00584
0 159 0.00584
0 159 0.00584
0 159 0.00584
1 159 0.00584
1 159 0.00584
1 159 0.00584
1 159 0.00584
0 160 0.005864
0 160 0.005864
0 160 0.005864
1 160 0.005864
1 160 0.005864
1 160 0.005864
1 160 0.005864
0 80 0.005888
0 161 0.005888
0 161 0.005888
0 161 0.005888
1 161 0.005888
1 161 0.005888
1 161 0.005888
1 161 0.005888
0 162 0.005912
0 162 0.005912
0 162 0.005912
1 162 0.005912
1 162 0.005912
1 162 0.005912
1 162 0.005912
0 81 0.005936
0 163 0.005936
0 163 0.005936
0 163 0.005936
1 163 0.005936
1 163 0.005936
1 163 0.005936
1 163 0.005936
0 164 0.00596
0 164 0.00596
0 164 0.00596
1 164 0.00596
1 164 0.00596
1 164 0.00596
1 164 0.00596
0 82 0.005984
0 165 0.005984
0 165 0.005984
0 165 0.005984
1 165 0.005984
1 165 0.005984
1 165 0.005984
1 165 0.005984
0 166 0.006008
0 166 0.006008
0 166 0.006008
1 166 0.006008
1 166 0.006008
1 166 0.006008
1 166 0.006008
0 83 0.006032
0 167 0.006032
0 167 0.006032
0 167 0.006032
1 167 0.006032
1 167 0.006032
1 167 0.006032
1 167 0.006032
0 168 0.006056
0 168 0.006056
0 168 0.006056
1 168 0.006056
1 168 0.006056
1 168 0.006056
1 168 0.006056
0 84 0.00608
0 169 0.00608
0 169 0.00608
0 169 0.00608
1 169 0.00608
1 169 0.00608
1 169 0.00608
1 169 0.00608
0 85 0.006128
0 86 0.006176
0 87 0.006224
0 88 0.006272
0 89 0.00632
0 90 0.006368
0 91 0.006416
0 92 0.006464
0 93 0.006512
0 94 0.00656
0 95 0.006608
0 96 0.006656
0 97 0.006704
0 98 0.006752
0 99 0.0068
0 100 0.006848
0 101 0.006896
0 102 0.006944
0 103 0.006992
0 104 0.00704
0 105 0.007088
0 106 0.007136
0 107 0.007184
0 108 0.007232
0 109 0.00728
0 110 0.007328
0 111 0.007376
0 112 0.007424
0 113 0.007472
0 114 0.00752
0 115 0.007568
0 116 0.007616
0 117 0.007664
0 118 0.007712
0 119 0.00776
0 120 0.007808
0 121 0.007856
0 122 0.007904
0 123 0.007952
0 124 0.008
0 125 0.008048
0 126 0.008096
0 127 0.008144
0 128 0.008192
0 129 0.00824
0 130 0.008288
0 131 0.008336
0 132 0.008384
0 133 0.008432
0 134 0.00848
0 135 0.008528
0 136 0.008576
0 137 0.008624
0 138 0.008672
0 139 0.00872
0 140 0.008768
0 141 0.008816
0 142 0.008864
0 143 0.008912
0 144 0.00896
0 145 0.009008
0 146 0.009056
0 147 0.009104
0 148 0.009152
0 149 0.0092
0 150 0.009248
0 151 0.009296
0 152 0.009344
0 153 0.009392
0 154 0.00944
0 155 0.009488
0 156 0.009536
0 157 0.009584
0 158 0.009632
0 159 0.00968
0 160 0.009728
0 161 0.009776
0 162 0.009824
0 163 0.009872
0 164 0.00992
0 165 0.009968
0 166 0.010016
0 167 0.010064
0 168 0.010112
1 170 0.01012
1 170 0.01012
1 170 0.01012
1 170 0.01012
0 170 0.010144
0 170 0.010144
0 170 0.010144
1 171 0.010144
1 171 0.010144
1 171 0.010144
1 171 0.010144
0 169 0.01016
1 172 0.010168
1 172 0.010168
1 172 0.010168
1 172 0.010168
0 171 0.010192
0 171 0.010192
0 171 0.010192
1 173 0.010192
1 173 0.010192
1 173 0.010192
1 173 0.010192
0 170 0.010208
1 174 0.010216
1 174 0.010216
1 174 0.010216
1 174 0.010216
0 172 0.01024
0 172 0.01024
0 172 0.01024
1 175 0.01024
1 175 0.01024
1 175 0.01024
1 175 0.01024
0 171 0.010256
1 176 0.010264
1 176 0.010264
1 176 0.010264
1 176 0.010264
0 173 0.010288
0 173 0.010288
0 173 0.010288
1 177 0.010288
1 177 0.010288
1 177 0.010288
1 177 0.010288
0 172 0.010304
1 178 0.010312
1 178 0.010312
1 178 0.010312
1 178 0.010312
0 174 0.010336
0 174 0.010336
0 174 0.010336
1 179 0.010336
1 179 0.010336
1 179 0.010336
1 179 0.010336
0 173 0.010352
1 180 0.01036
1 180 0.01036
1 180 0.01036
1 180 0.01036
0 175 0.010384
0 175 0.010384
0 175 0.010384
1 181 0.010384
1 181 0.010384
1 181 0.010384
1 181 0.010384
0 174 0.0104
1 182 0.010408
1 182 0.010408
1 182 0.010408
1 182 0.010408
0 176 0.010432
0 176 0.010432
0 176 0.010432
1 183 0.010432
1 183 0.010432
1 183 0.010432
1 183 0.010432
0 175 0.010448
1 184 0.010456
1 184 0.010456
1 184 0.010456
1 184 0.010456
0 177 0.01048
0 177 0.01048
0 177 0.01048
1 185 0.01048
1 185 0.01048
1 185 0.01048
1 185 0.01048
0 176 0.010496
1 186 0.010504
1 186 0.010504
1 186 0.010504
1 186 0.010504
0 178 0.010528
0 178 0.010528
0 178 0.010528
1 187 0.010528
1 187 0.010528
1 187 0.010528
1 187 0.010528
0 177 0.010544
1 188 0.010552
1 188 0.010552
1 188 0.010552
1 188 0.010552
0 179 0.010576
0 179 0.010576
0 179 0.010576
1 189 0.010576
1 189 0.010576
1 189 0.010576
1 189 0.010576
0 178 0.010592
1 190 0.0106
1 190 0.0106
1 190 0.0106
1 190 0.0106
0 180 0.010624
0 180 0.010624
0 180 0.010624
1 191 0.010624
1 191 0.010624
1 191 0.010624
1 191 0.010624
0 179 0.01064
1 192 0.010648
1 192 0.010648
1 192 0.010648
1 192 0.010648
0 181 0.010672
0 181 0.010672
0 181 0.010672
1 193 0.010672
1 193 0.010672
1 193 0.010672
1 193 0.010672
0 180 0.010688
1 194 0.010696
1 194 0.010696
1 194 0.010696
1 194 0.010696
0 182 0.01072
0 182 0.01072
0 182 0.01072
1 195 0.01072
1 195 0.01072
1 195 0.01072
1 195 0.01072
0 181 0.010736
1 196 0.010744
1 196 0.010744
1 196 0.010744
1 196 0.010744
0 183 0.010768
0 183 0.010768
0 183 0.010768
1 197 0.010768
1 197 0.010768
1 197 0.010768
1 197 0.010768
0 182 0.010784
1 198 0.010792
1 198 0.010792
1 198 0.010792
1 198 0.010792
0 184 0.010816
0 184 0.010816
0 184 0.010816
1 199 0.010816
1 199 0.010816
1 199 0.010816
1 199 0.010816
0 183 0.010832
1 200 0.01084
1 200 0.01084
1 200 0.01084
1 200 0.01084
0 185 0.010864
0 185 0.010864
0 185 0.010864
1 201 0.010864
1 201 0.010864
1 201 0.010864
1 201 0.010864
0 184 0.01088
1 202 0.010888
1 202 0.010888
1 202 0.010888
1 202 0.010888
0 186 0.010912
0 186 0.010912
0 186 0.010912
1 203 0.010912
1 203 0.010912
1 203 0.010912
1 203 0.010912
0 185 0.010928
1 204 0.010936
1 204 0.010936
1 204 0.010936
1 204 0.010936
0 187 0.01096
0 187 0.01096
0 187 0.01096
1 205 0.01096
1 205 0.01096
1 205 0.01096
1 205 0.01096
0 186 0.010976
1 206 0.010984
1 206 0.010984
1 206 0.010984
1 206 0.010984
0 188 0.011008
0 188 0.011008
0 188 0.011008
1 207 0.011008
1 207 0.011008
1 207 0.011008
1 207 0.011008
0 187 0.011024
1 208 0.011032
1 208 0.011032
1 208 0.011032
1 208 0.011032
0 189 0.011056
0 189 0.011056
0 189 0.011056
1 209 0.011056
1 209 0.011056
1 209 0.011056
1 209 0.011056
0 188 0.011072
1 210 0.01108
1 210 0.01108
1 210 0.01108
1 210 0.01108
0 190 0.011104
0 190 0.011104
0 190 0.011104
1 211 0.011104
1 211 0.011104
1 211 0.011104
1 211 0.011104
0 189 0.01112
1 212 0.011128
1 212 0.011128
1 212 0.011128
1 212 0.011128
0 191 0.011152
0 191 0.011152
0 191 0.011152
1 213 0.011152
1 213 0.011152
1 213 0.011152
1 213 0.011152
0 190 0.011168
1 214 0.011176
1 214 0.011176
1 214 0.011176
1 214 0.011176
0 192 0.0112
0 192 0.0112
0 192 0.0112
1 215 0.0112
1 215 0.0112
1 215 0.0112
1 215 0.0112
0 191 0.011216
1 216 0.011224
1 216 0.011224
1 216 0.011224
1 216 0.011224
0 193 0.011248
0 193 0.011248
0 193 0.011248
1 217 0.011248
1 217 0.011248
1 217 0.011248
1 217 0.011248
0 192 0.011264
1 218 0.011272
1 218 0.011272
1 218 0.011272
1 218 0.011272
0 194 0.011296
0 194 0.011296
0 194 0.011296
1 219 0.011296
1 219 0.011296
1 219 0.011296
1 219 0.011296
0 193 0.011312
1 220 0.01132
1 220 0.01132
1 220 0.01132
1 220 0.01132
0 195 0.011344
0 195 0.011344
0 195 0.011344
1 221 0.011344
1 221 0.011344
1 221 0.011344
1 221 0.011344
0 194 0.01136
1 222 0.011368
1 222 0.011368
1 222 0.011368
1 222 0.011368
0 196 0.011392
0 196 0.011392
0 196 0.011392
1 223 0.011392
1 223 0.011392
1 223 0.011392
1 223 0.011392
0 195 0.011408
1 224 0.011416
1 224 0.011416
1 224 0.011416
1 224 0.011416
0 197 0.01144
0 197 0.01144
0 197 0.01144
1 225 0.01144
1 225 0.01144
1 225 0.01144
1 225 0.01144
0 196 0.011456
1 226 0.011464
1 226 0.011464
1 226 0.011464
1 226 0.011464
0 198 0.011488
0 198 0.011488
0 198 0.011488
1 227 0.011488
1 227 0.011488
1 227 0.011488
1 227 0.011488
0 197 0.011504
1 228 0.011512
1 228 0.011512
1 228 0.011512
1 228 0.011512
0 199 0.011536
0 199 0.011536
0 199 0.011536
1 229 0.011536
1 229 0.011536
1 229 0.011536
1 229 0.011536
0 198 0.011552
1 230 0.01156
1 230 0.01156
1 230 0.01156
1 230 0.01156
0 200 0.011584
0 200 0.011584
0 200 0.011584
1 231 0.011584
1 231 0.011584
1 231 0.011584
1 231 0.011584
0 199 0.0116
1 232 0.011608
1 232 0.011608
1 232 0.011608
1 232 0.011608
0 201 0.011632
0 201 0.011632
0 201 0.011632
1 233 0.011632
1 233 0.011632
1 233 0.011632
1 233 0.011632
0 200 0.011648
1 234 0.011656
1 234 0.011656
1 234 0.011656
1 234 0.011656
0 202 0.01168
0 202 0.01168
0 202 0.01168
1 235 0.01168
1 235 0.01168
1 235 0.01168
1 235 0.01168
0 201 0.011696
1 236 0.011704
1 236 0.011704
1 236 0.011704
1 236 0.011704
0 203 0.011728
0 203 0.011728
0 203 0.011728
1 237 0.011728
1 237 0.011728
1 237 0.011728
1 237 0.011728
0 202 0.011744
1 238 0.011752
1 238 0.011752
1 238 0.011752
1 238 0.011752
0 204 0.011776
0 204 0.011776
0 204 0.011776
1 239 0.011776
1 239 0.011776
1 239 0.011776
1 239 0.011776
0 203 0.011792
1 240 0.0118
1 240 0.0118
1 240 0.0118
1 240 0.0118
0 205 0.011824
0 205 0.011824
0 205 0.011824
1 241 0.011824
1 241 0.011824
1 241 0.011824
1 241 0.011824
0 204 0.01184
1 242 0.011848
1 242 0.011848
1 242 0.011848
1 242 0.011848
0 206 0.011872
0 206 0.011872
0 206 0.011872
1 243 0.011872
1 243 0.011872
1 243 0.011872
1 243 0.011872
0 205 0.011888
1 244 0.011896
1 244 0.011896
1 244 0.011896
1 244 0.011896
0 207 0.01192
0 207 0.01192
0 207 0.01192
1 245 0.01192
1 245 0.01192
1 245 0.01192
1 245 0.01192
0 206 0.011936
1 246 0.011944
1 246 0.011944
1 246 0.011944
1 246 0.011944
0 208 0.011968
0 208 0.011968
0 208 0.011968
1 247 0.011968
1 247 0.011968
1 247 0.011968
1 247 0.011968
0 207 0.011984
1 248 0.011992
1 248 0.011992
1 248 0.011992
1 248 0.011992
0 209 0.012016
0 209 0.012016
0 209 0.012016
1 249 0.012016
1 249 0.012016
1 249 0.012016
1 249 0.012016
0 208 0.012032
1 250 0.01204
1 250 0.01204
1 250 0.01204
1 250 0.01204
0 210 0.012064
0 210 0.012064
0 210 0.012064
1 251 0.012064
1 251 0.012064
1 251 0.012064
1 251 0.012064
0 209 0.01208
1 252 0.012088
1 252 0.012088
1 252 0.012088
1 252 0.012088
0 211 0.012112
0 211 0.012112
0 211 0.012112
1 253 0.012112
1 253 0.012112
1 253 0.012112
1 253 0.012112
0 210 0.012128
1 254 0.012136
1 254 0.012136
1 254 0.012136
1 254 0.012136
0 212 0.01216
0 212 0.01216
0 212 0.01216
1 255 0.01216
1 255 0.01216
1 255 0.01216
1 255 0.01216
0 211 0.012176
1 256 0.012184
1 256 0.012184
1 256 0.012184
1 256 0.012184
0 213 0.012208
0 213 0.012208
0 213 0.012208
1 257 0.012208
1 257 0.012208
1 257 0.012208
1 257 0.012208
0 212 0.012224
1 258 0.012232
1 258 0.012232
1 258 0.012232
1 258 0.012232
0 214 0.012256
0 214 0.012256
0 214 0.012256
1 259 0.012256
1 259 0.012256
1 259 0.012256
1 259 0.012256
0 213 0.012272
1 260 0.01228
1 260 0.01228
1 260 0.01228
1 260 0.01228
0 215 0.012304
0 215 0.012304
0 215 0.012304
1 261 0.012304
1 261 0.012304
1 261 0.012304
1 261 0.012304
0 214 0.01232
1 262 0.012328
1 262 0.012328
1 262 0.012328
1 262 0.012328
0 216 0.012352
0 216 0.012352
0 216 0.012352
1 263 0.012352
1 263 0.012352
1 263 0.012352
1 263 0.012352
0 215 0.012368
1 264 0.012376
1 264 0.012376
1 264 0.012376
1 264 0.012376
0 217 0.0124
0 217 0.0124
0 217 0.0124
1 265 0.0124
1 265 0.0124
1 265 0.0124
1 265 0.0124
0 216 0.012416
1 266 0.012424
1 266 0.012424
1 266 0.012424
1 266 0.012424
0 218 0.012448
0 218 0.012448
0 218 0.012448
1 267 0.012448
1 267 0.012448
1 267 0.012448
1 267 0.012448
0 217 0.012464
1 268 0.012472
1 268 0.012472
1 268 0.012472
1 268 0.012472
0 219 0.012496
0 219 0.012496
0 219 0.012496
1 269 0.012496
1 269 0.012496
1 269 0.012496
1 269 0.012496
0 218 0.012512
1 270 0.01252
1 270 0.01252
1 270 0.01252
1 270 0.01252
0 220 0.012544
0 220 0.012544
0 220 0.012544
1 271 0.012544
1 271 0.012544
1 271 0.012544
1 271 0.012544
0 219 0.01256
1 272 0.012568
1 272 0.012568
1 272 0.012568
1 272 0.012568
0 221 0.012592
0 221 0.012592
0 221 0.012592
1 273 0.012592
1 273 0.012592
1 273 0.012592
1 273 0.012592
0 220 0.012608
1 274 0.012616
1 274 0.012616
1 274 0.012616
1 274 0.012616
0 222 0.01264
0 222 0.01264
0 222 0.01264
1 275 0.01264
1 275 0.01264
1 275 0.01264
1 275 0.01264
0 221 0.012656
1 276 0.012664
1 276 0.012664
1 276 0.012664
1 276 0.012664
0 223 0.012688
0 223 0.012688
0 223 0.012688
1 277 0.012688
1 277 0.012688
1 277 0.012688
1 277 0.012688
0 222 0.012704
1 278 0.012712
1 278 0.012712
1 278 0.012712
1 278 0.012712
0 224 0.012736
0 224 0.012736
0 224 0.012736
1 279 0.012736
1 279 0.012736
1 279 0.012736
1 279 0.012736
0 223 0.012752
1 280 0.01276
1 280 0.01276
1 280 0.01276
1 280 0.01276
0 225 0.012784
0 225 0.012784
0 225 0.012784
1 281 0.012784
1 281 0.012784
1 281 0.012784
1 281 0.012784
0 224 0.0128
1 282 0.012808
1 282 0.012808
1 282 0.012808
1 282 0.012808
0 226 0.012832
0 226 0.012832
0 226 0.012832
1 283 0.012832
1 283 0.012832
1 283 0.012832
1 283 0.012832
0 225 0.012848
1 284 0.012856
1 284 0.012856
1 284 0.012856
1 284 0.012856
0 227 0.01288
0 227 0.01288
0 227 0.01288
1 285 0.01288
1 285 0.01288
1 285 0.01288
1 285 0.01288
0 226 0.012896
1 286 0.012904
1 286 0.012904
1 286 0.012904
1 286 0.012904
0 228 0.012928
0 228 0.012928
0 228 0.012928
1 287 0.012928
1 287 0.012928
1 287 0.012928
1 287 0.012928
0 227 0.012944
1 288 0.012952
1 288 0.012952
1 288 0.012952
1 288 0.012952
0 229 0.012976
0 229 0.012976
0 229 0.012976
1 289 0.012976
1 289 0.012976
1 289 0.012976
1 289 0.012976
0 228 0.012992
1 290 0.013
1 290 0.013
1 290 0.013
1 290 0.013
0 230 0.013024
0 230 0.013024
0 230 0.013024
1 291 0.013024
1 291 0.013024
1 291 0.013024
1 291 0.013024
0 229 0.01304
1 292 0.013048
1 292 0.013048
1 292 0.013048
1 292 0.013048
0 231 0.013072
0 231 0.013072
0 231 0.013072
1 293 0.013072
1 293 0.013072
1 293 0.013072
1 293 0.013072
0 230 0.013088
1 294 0.013096
1 294 0.013096
1 294 0.013096
1 294 0.013096
0 232 0.01312
0 232 0.01312
0 232 0.01312
1 295 0.01312
1 295 0.01312
1 295 0.01312
1 295 0.01312
0 231 0.013136
1 296 0.013144
1 296 0.013144
1 296 0.013144
1 296 0.013144
0 233 0.013168
0 233 0.013168
0 233 0.013168
1 297 0.013168
1 297 0.013168
1 297 0.013168
1 297 0.013168
0 232 0.013184
1 298 0.013192
1 298 0.013192
1 298 0.013192
1 298 0.013192
0 234 0.013216
0 234 0.013216
0 234 0.013216
1 299 0.013216
1 299 0.013216
1 299 0.013216
1 299 0.013216
0 233 0.013232
1 300 0.01324
1 300 0.01324
1 300 0.01324
1 300 0.01324
0 235 0.013264
0 235 0.013264
0 235 0.013264
1 301 0.013264
1 301 0.013264
1 301 0.013264
1 301 0.013264
0 234 0.01328
1 302 0.013288
1 302 0.013288
1 302 0.013288
1 302 0.013288
0 236 0.013312
0 236 0.013312
0 236 0.013312
1 303 0.013312
1 303 0.013312
1 303 0.013312
1 303 0.013312
0 235 0.013328
1 304 0.013336
1 304 0.013336
1 304 0.013336
1 304 0.013336
0 237 0.01336
0 237 0.01336
0 237 0.01336
1 305 0.01336
1 305 0.01336
1 305 0.01336
1 305 0.01336
0 236 0.013376
1 306 0.013384
1 306 0.013384
1 306 0.013384
1 306 0.013384
0 238 0.013408
0 238 0.013408
0 238 0.013408
1 307 0.013408
1 307 0.013408
1 307 0.013408
1 307 0.013408
0 237 0.013424
1 308 0.013432
1 308 0.013432
1 308 0.013432
1 308 0.013432
0 239 0.013456
0 239 0.013456
0 239 0.013456
1 309 0.013456
1 309 0.013456
1 309 0.013456
1 309 0.013456
0 238 0.013472
1 310 0.01348
1 310 0.01348
1 310 0.01348
1 310 0.01348
0 240 0.013504
0 240 0.013504
0 240 0.013504
1 311 0.013504
1 311 0.013504
1 311 0.013504
1 311 0.013504
0 239 0.01352
1 312 0.013528
1 312 0.013528
1 312 0.013528
1 312 0.013528
0 241 0.013552
0 241 0.013552
0 241 0.013552
1 313 0.013552
1 313 0.013552
1 313 0.013552
1 313 0.013552
0 240 0.013568
1 314 0.013576
1 314 0.013576
1 314 0.013576
1 314 0.013576
0 242 0.0136
0 242 0.0136
0 242 0.0136
1 315 0.0136
1 315 0.0136
1 315 0.0136
1 315 0.0136
0 241 0.013616
1 316 0.013624
1 316 0.013624
1 316 0.013624
1 316 0.013624
0 243 0.013648
0 243 0.013648
0 243 0.013648
1 317 0.013648
1 317 0.013648
1 317 0.013648
1 317 0.013648
0 242 0.013664
1 318 0.013672
1 318 0.013672
1 318 0.013672
1 318 0.013672
0 244 0.013696
0 244 0.013696
0 244 0.013696
1 319 0.013696
1 319 0.013696
1 319 0.013696
1 319 0.013696
0 243 0.013712
1 320 0.01372
1 320 0.01372
1 320 0.01372
1 320 0.01372
0 245 0.013744
0 245 0.013744
0 245 0.013744
1 321 0.013744
1 321 0.013744
1 321 0.013744
1 321 0.013744
0 244 0.01376
1 322 0.013768
1 322 0.013768
1 322 0.013768
1 322 0.013768
0 246 0.013792
0 246 0.013792
0 246 0.013792
1 323 0.013792
1 323 0.013792
1 323 0.013792
1 323 0.013792
0 245 0.013808
1 324 0.013816
1 324 0.013816
1 324 0.013816
1 324 0.013816
0 247 0.01384
0 247 0.01384
0 247 0.01384
1 325 0.01384
1 325 0.01384
1 325 0.01384
1 325 0.01384
0 246 0.013856
1 326 0.013864
1 326 0.013864
1 326 0.013864
1 326 0.013864
0 248 0.013888
0 248 0.013888
0 248 0.013888
1 327 0.013888
1 327 0.013888
1 327 0.013888
1 327 0.013888
0 247 0.013904
1 328 0.013912
1 328 0.013912
1 328 0.013912
1 328 0.013912
0 249 0.013936
0 249 0.013936
0 249 0.013936
1 329 0.013936
1 329 0.013936
1 329 0.013936
1 329 0.013936
0 248 0.013952
1 330 0.01396
1 330 0.01396
1 330 0.01396
1 330 0.01396
0 250 0.013984
0 250 0.013984
0 250 0.013984
1 331 0.013984
1 331 0.013984
1 331 0.013984
1 331 0.013984
0 249 0.014
1 332 0.014008
1 332 0.014008
1 332 0.014008
1 332 0.014008
0 251 0.014032
0 251 0.014032
0 251 0.014032
1 333 0.014032
1 333 0.014032
1 333 0.014032
1 333 0.014032
0 250 0.014048
1 334 0.014056
1 334 0.014056
1 334 0.014056
1 334 0.014056
0 252 0.01408
0 252 0.01408
0 252 0.01408
1 335 0.01408
1 335 0.01408
1 335 0.01408
1 335 0.01408
0 251 0.014096
1 336 0.014104
1 336 0.014104
1 336 0.014104
1 336 0.014104
0 253 0.014128
0 253 0.014128
0 253 0.014128
1 337 0.014128
1 337 0.014128
1 337 0.014128
1 337 0.014128
0 252 0.014144
1 338 0.014152
1 338 0.014152
1 338 0.014152
1 338 0.014152
0 254 0.014176
0 254 0.014176
0 254 0.014176
1 339 0.014176
1 339 0.014176
1 339 0.014176
1 339 0.014176
0 253 0.014192
0 255 0.014224
0 255 0.014224
0 255 0.014224
0 254 0.01424
0 256 0.014272
0 256 0.014272
0 256 0.014272
0 255 0.014288
0 257 0.01432
0 257 0.01432
0 257 0.01432
0 256 0.014336
0 258 0.014368
0 258 0.014368
0 258 0.014368
0 257 0.014384
0 259 0.014416
0 259 0.014416
0 259 0.014416
0 258 0.014432
0 260 0.014464
0 260 0.014464
0 260 0.014464
0 259 0.01448
0 261 0.014512
0 261 0.014512
0 261 0.014512
0 260 0.014528
0 262 0.01456
0 262 0.01456
0 262 0.01456
0 261 0.014576
0 263 0.014608
0 263 0.014608
0 263 0.014608
0 262 0.014624
0 264 0.014656
0 264 0.014656
0 264 0.014656
0 263 0.014672
0 265 0.014704
0 265 0.014704
0 265 0.014704
0 264 0.01472
0 266 0.014752
0 266 0.014752
0 266 0.014752
0 265 0.014768
0 267 0.0148
0 267 0.0148
0 267 0.0148
0 266 0.014816
0 268 0.014848
0 268 0.014848
0 268 0.014848
0 267 0.014864
0 269 0.014896
0 269 0.014896
0 269 0.014896
0 268 0.014912
0 270 0.014944
0 270 0.014944
0 270 0.014944
0 269 0.01496
0 271 0.014992
0 271 0.014992
0 271 0.014992
0 270 0.015008
0 272 0.01504
0 272 0.01504
0 272 0.01504
0 271 0.015056
0 273 0.015088
0 273 0.015088
0 273 0.015088
0 272 0.015104
0 274 0.015136
0 274 0.015136
0 274 0.015136
0 273 0.015152
0 275 0.015184
0 275 0.015184
0 275 0.015184
0 274 0.0152
0 276 0.015232
0 276 0.015232
0 276 0.015232
0 275 0.015248
0 277 0.01528
0 277 0.01528
0 277 0.01528
0 276 0.015296
0 278 0.015328
0 278 0.015328
0 278 0.015328
0 277 0.015344
0 279 0.015376
0 279 0.015376
0 279 0.015376
0 278 0.015392
0 280 0.015424
0 280 0.015424
0 280 0.015424
0 279 0.01544
0 281 0.015472
0 281 0.015472
0 281 0.015472
0 280 0.015488
0 282 0.01552
0 282 0.01552
0 282 0.01552
0 281 0.015536
0 283 0.015568
0 283 0.015568
0 283 0.015568
0 282 0.015584
0 284 0.015616
0 284 0.015616
0 284 0.015616
0 283 0.015632
0 285 0.015664
0 285 0.015664
0 285 0.015664
0 284 0.01568
0 286 0.015712
0 286 0.015712
0 286 0.015712
0 285 0.015728
0 287 0.01576
0 287 0.01576
0 287 0.01576
0 286 0.015776
0 288 0.015808
0 288 0.015808
0 288 0.015808
0 287 0.015824
0 289 0.015856
0 289 0.015856
0 289 0.015856
0 288 0.015872
0 290 0.015904
0 290 0.015904
0 290 0.015904
0 289 0.01592
0 291 0.015952
0 291 0.015952
0 291 0.015952
0 290 0.015968
0 292 0.016
0 292 0.016
0 292 0.016
0 291 0.016016
0 293 0.016048
0 293 0.016048
0 293 0.016048
0 292 0.016064
0 294 0.016096
0 294 0.016096
0 294 0.016096
0 293 0.016112
0 295 0.016144
0 295 0.016144
0 295 0.016144
0 294 0.01616
0 296 0.016192
0 296 0.016192
0 296 0.016192
0 295 0.016208
0 297 0.01624
0 297 0.01624
0 297 0.01624
0 296 0.016256
0 298 0.016288
0 298 0.016288
0 298 0.016288
0 297 0.016304
0 299 0.016336
0 299 0.016336
0 299 0.016336
0 298 0.016352
0 300 0.016384
0 300 0.016384
0 300 0.016384
0 299 0.0164
0 301 0.016432
0 301 0.016432
0 301 0.016432
0 300 0.016448
0 302 0.01648
0 302 0.01648
0 302 0.01648
0 301 0.016496
0 303 0.016528
0 303 0.016528
0 303 0.016528
0 302 0.016544
0 304 0.016576
0 304 0.016576
0 304 0.016576
0 303 0.016592
0 305 0.016624
0 305 0.016624
0 305 0.016624
0 304 0.01664
0 306 0.016672
0 306 0.016672
0 306 0.016672
0 305 0.016688
0 307 0.01672
0 307 0.01672
0 307 0.01672
0 306 0.016736
0 308 0.016768
0 308 0.016768
0 308 0.016768
0 307 0.016784
0 309 0.016816
0 309 0.016816
0 309 0.016816
0 308 0.016832
0 310 0.016864
0 310 0.016864
0 310 0.016864
0 309 0.01688
0 311 0.016912
0 311 0.016912
0 311 0.016912
0 310 0.016928
0 312 0.01696
0 312 0.01696
0 312 0.01696
0 311 0.016976
0 313 0.017008
0 313 0.017008
0 313 0.017008
0 312 0.017024
0 314 0.017056
0 314 0.017056
0 314 0.017056
0 313 0.017072
0 315 0.017104
0 315 0.017104
0 315 0.017104
0 314 0.01712
0 316 0.017152
0 316 0.017152
0 316 0.017152
0 315 0.017168
0 317 0.0172
0 317 0.0172
0 317 0.0172
0 316 0.017216
0 318 0.017248
0 318 0.017248
0 318 0.017248
0 317 0.017264
0 319 0.017296
0 319 0.017296
0 319 0.017296
0 318 0.017312
0 320 0.017344
0 320 0.017344
0 320 0.017344
0 319 0.01736
0 321 0.017392
0 321 0.017392
0 321 0.017392
0 320 0.017408
0 322 0.01744
0 322 0.01744
0 322 0.01744
0 321 0.017456
0 323 0.017488
0 323 0.017488
0 323 0.017488
0 322 0.017504
0 324 0.017536
0 324 0.017536
0 324 0.017536
0 323 0.017552
0 325 0.017584
0 325 0.017584
0 325 0.017584
0 324 0.0176
0 326 0.017632
0 326 0.017632
0 326 0.017632
0 325 0.017648
0 327 0.01768
0 327 0.01768
0 327 0.01768
0 326 0.017696
0 328 0.017728
0 328 0.017728
0 328 0.017728
0 327 0.017744
0 329 0.017776
0 329 0.017776
0 329 0.017776
0 328 0.017792
0 330 0.017824
0 330 0.017824
0 330 0.017824
0 329 0.01784
0 331 0.017872
0 331 0.017872
0 331 0.017872
0 330 0.017888
0 332 0.01792
0 332 0.01792
0 332 0.01792
0 331 0.017936
0 333 0.017968
0 333 0.017968
0 333 0.017968
0 332 0.017984
0 334 0.018016
0 334 0.018016
0 334 0.018016
0 333 0.018032
0 335 0.018064
0 335 0.018064
0 335 0.018064
0 334 0.01808
0 336 0.018112
0 336 0.018112
0 336 0.018112
0 335 0.018128
0 337 0.01816
0 337 0.01816
0 337 0.01816
0 336 0.018176
0 338 0.018208
0 338 0.018208
0 338 0.018208
1 340 0.018216
1 340 0.018216
1 340 0.018216
1 340 0.018216
0 337 0.018224
1 341 0.01824
1 341 0.01824
1 341 0.01824
1 341 0.01824
0 339 0.018256
0 339 0.018256
0 339 0.018256
1 342 0.018264
1 342 0.018264
1 342 0.018264
1 342 0.018264
0 338 0.018272
1 343 0.018288
1 343 0.018288
1 343 0.018288
1 343 0.018288
0 340 0.018304
0 340 0.018304
0 340 0.018304
1 344 0.018312
1 344 0.018312
1 344 0.018312
1 344 0.018312
0 339 0.01832
1 345 0.018336
1 345 0.018336
1 345 0.018336
1 345 0.018336
0 341 0.018352
0 341 0.018352
0 341 0.018352
1 346 0.01836
1 346 0.01836
1 346 0.01836
1 346 0.01836
0 340 0.018368
1 347 0.018384
1 347 0.018384
1 347 0.018384
1 347 0.018384
0 342 0.0184
0 342 0.0184
0 342 0.0184
1 348 0.018408
1 348 0.018408
1 348 0.018408
1 348 0.018408
0 341 0.018416
1 349 0.018432
1 349 0.018432
1 349 0.018432
1 349 0.018432
0 343 0.018448
0 343 0.018448
0 343 0.018448
1 350 0.018456
1 350 0.018456
1 350 0.018456
1 350 0.018456
0 342 0.018464
1 351 0.01848
1 351 0.01848
1 351 0.01848
1 351 0.01848
0 344 0.018496
0 344 0.018496
0 344 0.018496
1 352 0.018504
1 352 0.018504
1 352 0.018504
1 352 0.018504
0 343 0.018512
1 353 0.018528
1 353 0.018528
1 353 0.018528
1 353 0.018528
0 345 0.018544
0 345 0.018544
0 345 0.018544
1 354 0.018552
1 354 0.018552
1 354 0.018552
1 354 0.018552
0 344 0.01856
1 355 0.018576
1 355 0.018576
1 355 0.018576
1 355 0.018576
0 346 0.018592
0 346 0.018592
0 346 0.018592
1 356 0.0186
1 356 0.0186
1 356 0.0186
1 356 0.0186
0 345 0.018608
1 357 0.018624
1 357 0.018624
1 357 0.018624
1 357 0.018624
0 347 0.01864
0 347 0.01864
0 347 0.01864
1 358 0.018648
1 358 0.018648
1 358 0.018648
1 358 0.018648
0 346 0.018656
1 359 0.018672
1 359 0.018672
1 359 0.018672
1 359 0.018672
0 348 0.018688
0 348 0.018688
0 348 0.018688
1 360 0.018696
1 360 0.018696
1 360 0.018696
1 360 0.018696
0 347 0.018704
1 361 0.01872
1 361 0.01872
1 361 0.01872
1 361 0.01872
0 349 0.018736
0 349 0.018736
0 349 0.018736
1 362 0.018744
1 362 0.018744
1 362 0.018744
1 362 0.018744
0 348 0.018752
1 363 0.018768
1 363 0.018768
1 363 0.018768
1 363 0.018768
0 350 0.018784
0 350 0.018784
0 350 0.018784
1 364 0.018792
1 364 0.018792
1 364 0.018792
1 364 0.018792
0 349 0.0188
1 365 0.018816
1 365 0.018816
1 365 0.018816
1 365 0.018816
0 351 0.018832
0 351 0.018832
0 351 0.018832
1 366 0.01884
1 366 0.01884
1 366 0.01884
1 366 0.01884
0 350 0.018848
1 367 0.018864
1 367 0.018864
1 367 0.018864
1 367 0.018864
0 352 0.01888
0 352 0.01888
0 352 0.01888
1 368 0.018888
1 368 0.018888
1 368 0.018888
1 368 0.018888
0 351 0.018896
1 369 0.018912
1 369 0.018912
1 369 0.018912
1 369 0.018912
0 353 0.018928
0 353 0.018928
0 353 0.018928
1 370 0.018936
1 370 0.018936
1 370 0.018936
1 370 0.018936
0 352 0.018944
1 371 0.01896
1 371 0.01896
1 371 0.01896
1 371 0.01896
0 354 0.018976
0 354 0.018976
0 354 0.018976
1 372 0.018984
1 372 0.018984
1 372 0.018984
1 372 0.018984
0 353 0.018992
1 373 0.019008
1 373 0.019008
1 373 0.019008
1 373 0.019008
0 355 0.019024
0 355 0.019024
0 355 0.019024
1 374 0.019032
1 374 0.019032
1 374 0.019032
1 374 0.019032
0 354 0.01904
1 375 0.019056
1 375 0.019056
1 375 0.019056
1 375 0.019056
0 356 0.019072
0 356 0.019072
0 356 0.019072
1 376 0.01908
1 376 0.01908
1 376 0.01908
1 376 0.01908
0 355 0.019088
1 377 0.019104
1 377 0.019104
1 377 0.019104
1 377 0.019104
0 357 0.01912
0 357 0.01912
0 357 0.01912
1 378 0.019128
1 378 0.019128
1 378 0.019128
1 378 0.019128
0 356 0.019136
1 379 0.019152
1 379 0.019152
1 379 0.019152
1 379 0.019152
0 358 0.019168
0 358 0.019168
0 358 0.019168
1 380 0.019176
1 380 0.019176
1 380 0.019176
1 380 0.019176
0 357 0.019184
1 381 0.0192
1 381 0.0192
1 381 0.0192
1 381 0.0192
0 359 0.019216
0 359 0.019216
0 359 0.019216
1 382 0.019224
1 382 0.019224
1 382 0.019224
1 382 0.019224
0 358 0.019232
1 383 0.019248
1 383 0.019248
1 383 0.019248
1 383 0.019248
0 360 0.019264
0 360 0.019264
0 360 0.019264
1 384 0.019272
1 384 0.019272
1 384 0.019272
1 384 0.019272
0 359 0.01928
1 385 0.019296
1 385 0.019296
1 385 0.019296
1 385 0.019296
0 361 0.019312
0 361 0.019312
0 361 0.019312
1 386 0.01932
1 386 0.01932
1 386 0.01932
1 386 0.01932
0 360 0.019328
1 387 0.019344
1 387 0.019344
1 387 0.019344
1 387 0.019344
0 362 0.01936
0 362 0.01936
0 362 0.01936
1 388 0.019368
1 388 0.019368
1 388 0.019368
1 388 0.019368
0 361 0.019376
1 389 0.019392
1 389 0.019392
1 389 0.019392
1 389 0.019392
0 363 0.019408
0 363 0.019408
0 363 0.019408
1 390 0.019416
1 390 0.019416
1 390 0.019416
1 390 0.019416
0 362 0.019424
1 391 0.01944
1 391 0.01944
1 391 0.01944
1 391 0.01944
0 364 0.019456
0 364 0.019456
0 364 0.019456
1 392 0.019464
1 392 0.019464
1 392 0.019464
1 392 0.019464
0 363 0.019472
1 393 0.019488
1 393 0.019488
1 393 0.019488
1 393 0.019488
0 365 0.019504
0 365 0.019504
0 365 0.019504
1 394 0.019512
1 394 0.019512
1 394 0.019512
1 394 0.019512
0 364 0.01952
1 395 0.019536
1 395 0.019536
1 395 0.019536
1 395 0.019536
0 366 0.019552
0 366 0.019552
0 366 0.019552
1 396 0.01956
1 396 0.01956
1 396 0.01956
1 396 0.01956
0 365 0.019568
1 397 0.019584
1 397 0.019584
1 397 0.019584
1 397 0.019584
0 367 0.0196
0 367 0.0196
0 367 0.0196
1 398 0.019608
1 398 0.019608
1 398 0.019608
1 398 0.019608
0 366 0.019616
1 399 0.019632
1 399 0.019632
1 399 0.019632
1 399 0.019632
0 368 0.019648
0 368 0.019648
0 368 0.019648
1 400 0.019656
1 400 0.019656
1 400 0.019656
1 400 0.019656
0 367 0.019664
1 401 0.01968
1 401 0.01968
1 401 0.01968
1 401 0.01968
0 369 0.019696
0 369 0.019696
0 369 0.019696
1 402 0.019704
1 402 0.019704
1 402 0.019704
1 402 0.019704
0 368 0.019712
1 403 0.019728
1 403 0.019728
1 403 0.019728
1 403 0.019728
0 370 0.019744
0 370 0.019744
0 370 0.019744
1 404 0.019752
1 404 0.019752
1 404 0.019752
1 404 0.019752
0 369 0.01976
1 405 0.019776
1 405 0.019776
1 405 0.019776
1 405 0.019776
0 371 0.019792
0 371 0.019792
0 371 0.019792
1 406 0.0198
1 406 0.0198
1 406 0.0198
1 406 0.0198
0 370 0.019808
1 407 0.019824
1 407 0.019824
1 407 0.019824
1 407 0.019824
0 372 0.01984
0 372 0.01984
0 372 0.01984
1 408 0.019848
1 408 0.019848
1 408 0.019848
1 408 0.019848
0 371 0.019856
1 409 0.019872
1 409 0.019872
1 409 0.019872
1 409 0.019872
0 373 0.019888
0 373 0.019888
0 373 0.019888
1 410 0.019896
1 410 0.019896
1 410 0.019896
1 410 0.019896
0 372 0.019904
1 411 0.01992
1 411 0.01992
1 411 0.01992
1 411 0.01992
0 374 0.019936
0 374 0.019936
0 374 0.019936
1 412 0.019944
1 412 0.019944
1 412 0.019944
1 412 0.019944
0 373 0.019952
1 413 0.019968
1 413 0.019968
1 413 0.019968
1 413 0.019968
0 375 0.019984
0 375 0.019984
0 375 0.019984
1 414 0.019992
1 414 0.019992
1 414 0.019992
1 414 0.019992
0 374 0.02
1 415 0.020016
1 415 0.020016
1 415 0.020016
1 415 0.020016
0 376 0.020032
0 376 0.020032
0 376 0.020032
1 416 0.02004
1 416 0.02004
1 416 0.02004
1 416 0.02004
0 375 0.020048
1 417 0.020064
1 417 0.020064
1 417 0.020064
1 417 0.020064
0 377 0.02008
0 377 0.02008
0 377 0.02008
1 418 0.020088
1 418 0.020088
1 418 0.020088
1 418 0.020088
0 376 0.020096
1 419 0.020112
1 419 0.020112
1 419 0.020112
1 419 0.020112
0 378 0.020128
0 378 0.020128
0 378 0.020128
1 420 0.020136
1 420 0.020136
1 420 0.020136
1 420 0.020136
0 377 0.020144
1 421 0.02016
1 421 0.02016
1 421 0.02016
1 421 0.02016
0 379 0.020176
0 379 0.020176
0 379 0.020176
1 422 0.020184
1 422 0.020184
1 422 0.020184
1 422 0.020184
0 378 0.020192
1 423 0.020208
1 423 0.020208
1 423 0.020208
1 423 0.020208
0 380 0.020224
0 380 0.020224
0 380 0.020224
1 424 0.020232
1 424 0.020232
1 424 0.020232
1 424 0.020232
0 379 0.02024
1 425 0.020256
1 425 0.020256
1 425 0.020256
1 425 0.020256
0 381 0.020272
0 381 0.020272
0 381 0.020272
1 426 0.02028
1 426 0.02028
1 426 0.02028
1 426 0.02028
0 380 0.020288
1 427 0.020304
1 427 0.020304
1 427 0.020304
1 427 0.020304
0 382 0.02032
0 382 0.02032
0 382 0.02032
1 428 0.020328
1 428 0.020328
1 428 0.020328
1 428 0.020328
0 381 0.020336
1 429 0.020352
1 429 0.020352
1 429 0.020352
1 429 0.020352
0 383 0.020368
0 383 0.020368
0 383 0.020368
1 430 0.020376
1 430 0.020376
1 430 0.020376
1 430 0.020376
0 382 0.020384
1 431 0.0204
1 431 0.0204
1 431 0.0204
1 431 0.0204
0 384 0.020416
0 384 0.020416
0 384 0.020416
1 432 0.020424
1 432 0.020424
1 432 0.020424
1 432 0.020424
0 383 0.020432
1 433 0.020448
1 433 0.020448
1 433 0.020448
1 433 0.020448
0 385 0.020464
0 385 0.020464
0 385 0.020464
1 434 0.020472
1 434 0.020472
1 434 0.020472
1 434 0.020472
0 384 0.02048
1 435 0.020496
1 435 0.020496
1 435 0.020496
1 435 0.020496
0 386 0.020512
0 386 0.020512
0 386 0.020512
1 436 0.02052
1 436 0.02052
1 436 0.02052
1 436 0.02052
0 385 0.020528
1 437 0.020544
1 437 0.020544
1 437 0.020544
1 437 0.020544
0 387 0.02056
0 387 0.02056
0 387 0.02056
1 438 0.020568
1 438 0.020568
1 438 0.020568
1 438 0.020568
0 386 0.020576
1 439 0.020592
1 439 0.020592
1 439 0.020592
1 439 0.020592
0 388 0.020608
0 388 0.020608
0 388 0.020608
1 440 0.020616
1 440 0.020616
1 440 0.020616
1 440 0.020616
0 387 0.020624
1 441 0.02064
1 441 0.02064
1 441 0.02064
1 441 0.02064
0 389 0.020656
0 389 0.020656
0 389 0.020656
1 442 0.020664
1 442 0.020664
1 442 0.020664
1 442 0.020664
0 388 0.020672
1 443 0.020688
1 443 0.020688
1 443 0.020688
1 443 0.020688
0 390 0.020704
0 390 0.020704
0 390 0.020704
1 444 0.020712
1 444 0.020712
1 444 0.020712
1 444 0.020712
0 389 0.02072
1 445 0.020736
1 445 0.020736
1 445 0.020736
1 445 0.020736
0 391 0.020752
0 391 0.020752
0 391 0.020752
1 446 0.02076
1 446 0.02076
1 446 0.02076
1 446 0.02076
0 390 0.020768
1 447 0.020784
1 447 0.020784
1 447 0.020784
1 447 0.020784
0 392 0.0208
0 392 0.0208
0 392 0.0208
1 448 0.020808
1 448 0.020808
1 448 0.020808
1 448 0.020808
0 391 0.020816
1 449 0.020832
1 449 0.020832
1 449 0.020832
1 449 0.020832
0 393 0.020848
0 393 0.020848
0 393 0.020848
1 450 0.020856
1 450 0.020856
1 450 0.020856
1 450 0.020856
0 392 0.020864
1 451 0.02088
1 451 0.02088
1 451 0.02088
1 451 0.02088
0 394 0.020896
0 394 0.020896
0 394 0.020896
1 452 0.020904
1 452 0.020904
1 452 0.020904
1 452 0.020904
0 393 0.020912
1 453 0.020928
1 453 0.020928
1 453 0.020928
1 453 0.020928
0 395 0.020944
0 395 0.020944
0 395 0.020944
1 454 0.020952
1 454 0.020952
1 454 0.020952
1 454 0.020952
0 394 0.02096
1 455 0.020976
1 455 0.020976
1 455 0.020976
1 455 0.020976
0 396 0.020992
0 396 0.020992
0 396 0.020992
1 456 0.021
1 456 0.021
1 456 0.021
1 456 0.021
0 395 0.021008
1 457 0.021024
1 457 0.021024
1 457 0.021024
1 457 0.021024
0 397 0.02104
0 397 0.02104
0 397 0.02104
1 458 0.021048
1 458 0.021048
1 458 0.021048
1 458 0.021048
0 396 0.021056
1 459 0.021072
1 459 0.021072
1 459 0.021072
1 459 0.021072
0 398 0.021088
0 398 0.021088
0 398 0.021088
1 460 0.021096
1 460 0.021096
1 460 0.021096
1 460 0.021096
0 397 0.021104
1 461 0.02112
1 461 0.02112
1 461 0.02112
1 461 0.02112
0 399 0.021136
0 399 0.021136
0 399 0.021136
1 462 0.021144
1 462 0.021144
1 462 0.021144
1 462 0.021144
0 398 0.021152
1 463 0.021168
1 463 0.021168
1 463 0.021168
1 463 0.021168
0 400 0.021184
0 400 0.021184
0 400 0.021184
1 464 0.021192
1 464 0.021192
1 464 0.021192
1 464 0.021192
0 399 0.0212
1 465 0.021216
1 465 0.021216
1 465 0.021216
1 465 0.021216
0 401 0.021232
0 401 0.021232
0 401 0.021232
1 466 0.02124
1 466 0.02124
1 466 0.02124
1 466 0.02124
0 400 0.021248
1 467 0.021264
1 467 0.021264
1 467 0.021264
1 467 0.021264
0 402 0.02128
0 402 0.02128
0 402 0.02128
1 468 0.021288
1 468 0.021288
1 468 0.021288
1 468 0.021288
0 401 0.021296
1 469 0.021312
1 469 0.021312
1 469 0.021312
1 469 0.021312
0 403 0.021328
0 403 0.021328
0 403 0.021328
1 470 0.021336
1 470 0.021336
1 470 0.021336
1 470 0.021336
0 402 0.021344
1 471 0.02136
1 471 0.02136
1 471 0.02136
1 471 0.02136
0 404 0.021376
0 404 0.021376
0 404 0.021376
1 472 0.021384
1 472 0.021384
1 472 0.021384
1 472 0.021384
0 403 0.021392
1 473 0.021408
1 473 0.021408
1 473 0.021408
1 473 0.021408
0 405 0.021424
0 405 0.021424
0 405 0.021424
1 474 0.021432
1 474 0.021432
1 474 0.021432
1 474 0.021432
0 404 0.02144
1 475 0.021456
1 475 0.021456
1 475 0.021456
1 475 0.021456
0 406 0.021472
0 406 0.021472
0 406 0.021472
1 476 0.02148
1 476 0.02148
1 476 0.02148
1 476 0.02148
0 405 0.021488
1 477 0.021504
1 477 0.021504
1 477 0.021504
1 477 0.021504
0 407 0.02152
0 407 0.02152
0 407 0.02152
1 478 0.021528
1 478 0.021528
1 478 0.021528
1 478 0.021528
0 406 0.021536
1 479 0.021552
1 479 0.021552
1 479 0.021552
1 479 0.021552
0 408 0.021568
0 408 0.021568
0 408 0.021568
1 480 0.021576
1 480 0.021576
1 480 0.021576
1 480 0.021576
0 407 0.021584
1 481 0.0216
1 481 0.0216
1 481 0.0216
1 481 0.0216
0 409 0.021616
0 409 0.021616
0 409 0.021616
1 482 0.021624
1 482 0.021624
1 482 0.021624
1 482 0.021624
0 408 0.021632
1 483 0.021648
1 483 0.021648
1 483 0.021648
1 483 0.021648
0 410 0.021664
0 410 0.021664
0 410 0.021664
1 484 0.021672
1 484 0.021672
1 484 0.021672
1 484 0.021672
0 409 0.02168
1 485 0.021696
1 485 0.021696
1 485 0.021696
1 485 0.021696
0 411 0.021712
0 411 0.021712
0 411 0.021712
1 486 0.02172
1 486 0.02172
1 486 0.02172
1 486 0.02172
0 410 0.021728
1 487 0.021744
1 487 0.021744
1 487 0.021744
1 487 0.021744
0 412 0.02176
0 412 0.02176
0 412 0.02176
1 488 0.021768
1 488 0.021768
1 488 0.021768
1 488 0.021768
0 411 0.021776
1 489 0.021792
1 489 0.021792
1 489 0.021792
1 489 0.021792
0 413 0.021808
0 413 0.021808
0 413 0.021808
1 490 0.021816
1 490 0.021816
1 490 0.021816
1 490 0.021816
0 412 0.021824
1 491 0.02184
1 491 0.02184
1 491 0.02184
1 491 0.02184
0 414 0.021856
0 414 0.021856
0 414 0.021856
1 492 0.021864
1 492 0.021864
1 492 0.021864
1 492 0.021864
0 413 0.021872
1 493 0.021888
1 493 0.021888
1 493 0.021888
1 493 0.021888
0 415 0.021904
0 415 0.021904
0 415 0.021904
1 494 0.021912
1 494 0.021912
1 494 0.021912
1 494 0.021912
0 414 0.02192
1 495 0.021936
1 495 0.021936
1 495 0.021936
1 495 0.021936
0 416 0.021952
0 416 0.021952
0 416 0.021952
1 496 0.02196
1 496 0.02196
1 496 0.02196
1 496 0.02196
0 415 0.021968
1 497 0.021984
1 497 0.021984
1 497 0.021984
1 497 0.021984
0 417 0.022
0 417 0.022
0 417 0.022
1 498 0.022008
1 498 0.022008
1 498 0.022008
1 498 0.022008
0 416 0.022016
1 499 0.022032
1 499 0.022032
1 499 0.022032
1 499 0.022032
0 418 0.022048
0 418 0.022048
0 418 0.022048
1 500 0.022056
1 500 0.022056
1 500 0.022056
1 500 0.022056
0 417 0.022064
1 501 0.02208
1 501 0.02208
1 501 0.02208
1 501 0.02208
0 419 0.022096
0 419 0.022096
0 419 0.022096
1 502 0.022104
1 502 0.022104
1 502 0.022104
1 502 0.022104
0 418 0.022112
1 503 0.022128
1 503 0.022128
1 503 0.022128
1 503 0.022128
0 420 0.022144
0 420 0.022144
0 420 0.022144
1 504 0.022152
1 504 0.022152
1 504 0.022152
1 504 0.022152
0 419 0.02216
1 505 0.022176
1 505 0.022176
1 505 0.022176
1 505 0.022176
0 421 0.022192
0 421 0.022192
0 421 0.022192
1 506 0.0222
1 506 0.0222
1 506 0.0222
1 506 0.0222
0 420 0.022208
1 507 0.022224
1 507 0.022224
1 507 0.022224
1 507 0.022224
0 422 0.02224
0 422 0.02224
0 422 0.02224
1 508 0.022248
1 508 0.022248
1 508 0.022248
1 508 0.022248
0 421 0.022256
1 509 0.022272
1 509 0.022272
1 509 0.022272
1 509 0.022272
0 423 0.022288
0 423 0.022288
0 423 0.022288
0 422 0.022304
0 424 0.022336
0 424 0.022336
0 424 0.022336
0 423 0.022352
0 425 0.022384
0 425 0.022384
0 425 0.022384
0 424 0.0224
0 426 0.022432
0 426 0.022432
0 426 0.022432
0 425 0.022448
0 427 0.02248
0 427 0.02248
0 427 0.02248
0 426 0.022496
0 428 0.022528
0 428 0.022528
0 428 0.022528
0 427 0.022544
0 429 0.022576
0 429 0.022576
0 429 0.022576
0 428 0.022592
0 430 0.022624
0 430 0.022624
0 430 0.022624
0 429 0.02264
0 431 0.022672
0 431 0.022672
0 431 0.022672
0 430 0.022688
0 432 0.02272
0 432 0.02272
0 432 0.02272
0 431 0.022736
0 433 0.022768
0 433 0.022768
0 433 0.022768
0 432 0.022784
0 434 0.022816
0 434 0.022816
0 434 0.022816
0 433 0.022832
0 435 0.022864
0 435 0.022864
0 435 0.022864
0 434 0.02288
0 436 0.022912
0 436 0.022912
0 436 0.022912
0 435 0.022928
0 437 0.02296
0 437 0.02296
0 437 0.02296
0 436 0.022976
0 438 0.023008
0 438 0.023008
0 438 0.023008
0 437 0.023024
0 439 0.023056
0 439 0.023056
0 439 0.023056
0 438 0.023072
0 440 0.023104
0 440 0.023104
0 440 0.023104
0 439 0.02312
0 441 0.023152
0 441 0.023152
0 441 0.023152
0 440 0.023168
0 442 0.0232
0 442 0.0232
0 442 0.0232
0 441 0.023216
0 443 0.023248
0 443 0.023248
0 443 0.023248
0 442 0.023264
0 444 0.023296
0 444 0.023296
0 444 0.023296
0 443 0.023312
0 445 0.023344
0 445 0.023344
0 445 0.023344
0 444 0.02336
0 446 0.023392
0 446 0.023392
0 446 0.023392
0 445 0.023408
0 447 0.02344
0 447 0.02344
0 447 0.02344
0 446 0.023456
0 448 0.023488
0 448 0.023488
0 448 0.023488
0 447 0.023504
0 449 0.023536
0 449 0.023536
0 449 0.023536
0 448 0.023552
0 450 0.023584
0 450 0.023584
0 450 0.023584
0 449 0.0236
0 451 0.023632
0 451 0.023632
0 451 0.023632
0 450 0.023648
0 452 0.02368
0 452 0.02368
0 452 0.02368
0 451 0.023696
0 453 0.023728
0 453 0.023728
0 453 0.023728
0 452 0.023744
0 454 0.023776
0 454 0.023776
0 454 0.023776
0 453 0.023792
0 455 0.023824
0 455 0.023824
0 455 0.023824
0 454 0.02384
0 456 0.023872
0 456 0.023872
0 456 0.023872
0 455 0.023888
0 457 0.02392
0 457 0.02392
0 457 0.02392
0 456 0.023936
0 458 0.023968
0 458 0.023968
0 458 0.023968
0 457 0.023984
0 459 0.024016
0 459 0.024016
0 459 0.024016
0 458 0.024032
0 460 0.024064
0 460 0.024064
0 460 0.024064
0 459 0.02408
0 461 0.024112
0 461 0.024112
0 461 0.024112
0 460 0.024128
0 462 0.02416
0 462 0.02416
0 462 0.02416
0 461 0.024176
0 463 0.024208
0 463 0.024208
0 463 0.024208
0 462 0.024224
0 464 0.024256
0 464 0.024256
0 464 0.024256
0 463 0.024272
0 465 0.024304
0 465 0.024304
0 465 0.024304
0 464 0.02432
0 466 0.024352
0 466 0.024352
0 466 0.024352
0 465 0.024368
0 467 0.0244
0 467 0.0244
0 467 0.0244
0 466 0.024416
0 468 0.024448
0 468 0.024448
0 468 0.024448
0 467 0.024464
0 469 0.024496
0 469 0.024496
0 469 0.024496
0 468 0.024512
0 470 0.024544
0 470 0.024544
0 470 0.024544
0 469 0.02456
0 471 0.024592
0 471 0.024592
0 471 0.024592
0 470 0.024608
0 472 0.02464
0 472 0.02464
0 472 0.02464
0 471 0.024656
0 473 0.024688
0 473 0.024688
0 473 0.024688
0 472 0.024704
0 474 0.024736
0 474 0.024736
0 474 0.024736
0 473 0.024752
0 475 0.024784
0 475 0.024784
0 475 0.024784
0 474 0.0248
0 476 0.024832
0 476 0.024832
0 476 0.024832
0 475 0.024848
0 477 0.02488
0 477 0.02488
0 477 0.02488
0 476 0.024896
0 478 0.024928
0 478 0.024928
0 478 0.024928
0 477 0.024944
0 479 0.024976
0 479 0.024976
0 479 0.024976
0 478 0.024992
0 480 0.025024
0 480 0.025024
0 480 0.025024
0 479 0.02504
0 481 0.025072
0 481 0.025072
0 481 0.025072
0 480 0.025088
0 482 0.02512
0 482 0.02512
0 482 0.02512
0 481 0.025136
0 483 0.025168
0 483 0.025168
0 483 0.025168
0 482 0.025184
0 484 0.025216
0 484 0.025216
0 484 0.025216
0 483 0.025232
0 485 0.025264
0 485 0.025264
0 485 0.025264
0 484 0.02528
0 486 0.025312
0 486 0.025312
0 486 0.025312
0 485 0.025328
0 487 0.02536
0 487 0.02536
0 487 0.02536
0 486 0.025376
0 488 0.025408
0 488 0.025408
0 488 0.025408
0 487 0.025424
0 489 0.025456
0 489 0.025456
0 489 0.025456
0 488 0.025472
0 490 0.025504
0 490 0.025504
0 490 0.025504
0 489 0.02552
0 491 0.025552
0 491 0.025552
0 491 0.025552
0 490 0.025568
0 492 0.0256
0 492 0.0256
0 492 0.0256
0 491 0.025616
0 493 0.025648
0 493 0.025648
0 493 0.025648
0 492 0.025664
0 494 0.025696
0 494 0.025696
0 494 0.025696
0 493 0.025712
0 495 0.025744
0 495 0.025744
0 495 0.025744
0 494 0.02576
0 496 0.025792
0 496 0.025792
0 496 0.025792
0 495 0.025808
0 497 0.02584
0 497 0.02584
0 497 0.02584
0 496 0.025856
0 498 0.025888
0 498 0.025888
0 498 0.025888
0 497 0.025904
0 499 0.025936
0 499 0.025936
0 499 0.025936
0 498 0.025952
0 500 0.025984
0 500 0.025984
0 500 0.025984
0 499 0.026
0 501 0.026032
0 501 0.026032
0 501 0.026032
0 500 0.026048
0 502 0.02608
0 502 0.02608
0 502 0.02608
0 501 0.026096
0 503 0.026128
0 503 0.026128
0 503 0.026128
0 502 0.026144
0 504 0.026176
0 504 0.026176
0 504 0.026176
0 503 0.026192
0 505 0.026224
0 505 0.026224
0 505 0.026224
0 504 0.02624
0 506 0.026272
0 506 0.026272
0 506 0.026272
0 505 0.026288
1 510 0.026312
1 510 0.026312
1 510 0.026312
1 510 0.026312
0 507 0.02632
0 507 0.02632
0 507 0.02632
0 506 0.026336
1 511 0.026336
1 511 0.026336
1 511 0.026336
1 511 0.026336
1 512 0.02636
1 512 0.02636
1 512 0.02636
1 512 0.02636
0 508 0.026368
0 508 0.026368
0 508 0.026368
0 507 0.026384
1 513 0.026384
1 513 0.026384
1 513 0.026384
1 513 0.026384
1 514 0.026408
1 514 0.026408
1 514 0.026408
1 514 0.026408
0 509 0.026416
0 509 0.026416
0 509 0.026416
0 508 0.026432
1 515 0.026432
1 515 0.026432
1 515 0.026432
1 515 0.026432
1 516 0.026456
1 516 0.026456
1 516 0.026456
1 516 0.026456
0 510 0.026464
0 510 0.026464
0 510 0.026464
0 509 0.02648
1 517 0.02648
1 517 0.02648
1 517 0.02648
1 517 0.02648
1 518 0.026504
1 518 0.026504
1 518 0.026504
1 518 0.026504
0 511 0.026512
0 511 0.026512
0 511 0.026512
0 510 0.026528
1 519 0.026528
1 519 0.026528
1 519 0.026528
1 519 0.026528
1 520 0.026552
1 520 0.026552
1 520 0.026552
1 520 0.026552
0 512 0.02656
0 512 0.02656
0 512 0.02656
0 511 0.026576
1 521 0.026576
1 521 0.026576
1 521 0.026576
1 521 0.026576
1 522 0.0266
1 522 0.0266
1 522 0.0266
1 522 0.0266
0 513 0.026608
0 513 0.026608
0 513 0.026608
0 512 0.026624
1 523 0.026624
1 523 0.026624
1 523 0.026624
1 523 0.026624
1 524 0.026648
1 524 0.026648
1 524 0.026648
1 524 0.026648
0 514 0.026656
0 514 0.026656
0 514 0.026656
0 513 0.026672
1 525 0.026672
1 525 0.026672
1 525 0.026672
1 525 0.026672
1 526 0.026696
1 526 0.026696
1 526 0.026696
1 526 0.026696
0 515 0.026704
0 515 0.026704
0 515 0.026704
0 514 0.02672
1 527 0.02672
1 527 0.02672
1 527 0.02672
1 527 0.02672
1 528 0.026744
1 528 0.026744
1 528 0.026744
1 528 0.026744
0 516 0.026752
0 516 0.026752
0 516 0.026752
0 515 0.026768
1 529 0.026768
1 529 0.026768
1 529 0.026768
1 529 0.026768
1 530 0.026792
1 530 0.026792
1 530 0.026792
1 530 0.026792
0 517 0.0268
0 517 0.0268
0 517 0.0268
0 516 0.026816
1 531 0.026816
1 531 0.026816
1 531 0.026816
1 531 0.026816
1 532 0.02684
1 532 0.02684
1 532 0.02684
1 532 0.02684
0 518 0.026848
0 518 0.026848
0 518 0.026848
0 517 0.026864
1 533 0.026864
1 533 0.026864
1 533 0.026864
1 533 0.026864
1 534 0.026888
1 534 0.026888
1 534 0.026888
1 534 0.026888
0 519 0.026896
0 519 0.026896
0 519 0.026896
0 518 0.026912
1 535 0.026912
1 535 0.026912
1 535 0.026912
1 535 0.026912
1 536 0.026936
1 536 0.026936
1 536 0.026936
1 536 0.026936
0 520 0.026944
0 520 0.026944
0 520 0.026944
0 519 0.02696
1 537 0.02696
1 537 0.02696
1 537 0.02696
1 537 0.02696
1 538 0.026984
1 538 0.026984
1 538 0.026984
1 538 0.026984
0 521 0.026992
0 521 0.026992
0 521 0.026992
0 520 0.027008
1 539 0.027008
1 539 0.027008
1 539 0.027008
1 539 0.027008
1 540 0.027032
1 540 0.027032
1 540 0.027032
1 540 0.027032
0 522 0.02704
0 522 0.02704
0 522 0.02704
0 521 0.027056
1 541 0.027056
1 541 0.027056
1 541 0.027056
1 541 0.027056
1 542 0.02708
1 542 0.02708
1 542 0.02708
1 542 0.02708
0 523 0.027088
0 523 0.027088
0 523 0.027088
0 522 0.027104
1 543 0.027104
1 543 0.027104
1 543 0.027104
1 543 0.027104
1 544 0.027128
1 544 0.027128
1 544 0.027128
1 544 0.027128
0 524 0.027136
0 524 0.027136
0 524 0.027136
0 523 0.027152
1 545 0.027152
1 545 0.027152
1 545 0.027152
1 545 0.027152
1 546 0.027176
1 546 0.027176
1 546 0.027176
1 546 0.027176
0 525 0.027184
0 525 0.027184
0 525 0.027184
0 524 0.0272
1 547 0.0272
1 547 0.0272
1 547 0.0272
1 547 0.0272
1 548 0.027224
1 548 0.027224
1 548 0.027224
1 548 0.027224
0 526 0.027232
0 526 0.027232
0 526 0.027232
0 525 0.027248
1 549 0.027248
1 549 0.027248
1 549 0.027248
1 549 0.027248
1 550 0.027272
1 550 0.027272
1 550 0.027272
1 550 0.027272
0 527 0.02728
0 527 0.02728
0 527 0.02728
0 526 0.027296
1 551 0.027296
1 551 0.027296
1 551 0.027296
1 551 0.027296
1 552 0.02732
1 552 0.02732
1 552 0.02732
1 552 0.02732
0 528 0.027328
0 528 0.027328
0 528 0.027328
0 527 0.027344
1 553 0.027344
1 553 0.027344
1 553 0.027344
1 553 0.027344
1 554 0.027368
1 554 0.027368
1 554 0.027368
1 554 0.027368
0 529 0.027376
0 529 0.027376
0 529 0.027376
0 528 0.027392
1 555 0.027392
1 555 0.027392
1 555 0.027392
1 555 0.027392
1 556 0.027416
1 556 0.027416
1 556 0.027416
1 556 0.027416
0 530 0.027424
0 530 0.027424
0 530 0.027424
0 529 0.02744
1 557 0.02744
1 557 0.02744
1 557 0.02744
1 557 0.02744
1 558 0.027464
1 558 0.027464
1 558 0.027464
1 558 0.027464
0 531 0.027472
0 531 0.027472
0 531 0.027472
0 530 0.027488
1 559 0.027488
1 559 0.027488
1 559 0.027488
1 559 0.027488
1 560 0.027512
1 560 0.027512
1 560 0.027512
1 560 0.027512
0 532 0.02752
0 532 0.02752
0 532 0.02752
0 531 0.027536
1 561 0.027536
1 561 0.027536
1 561 0.027536
1 561 0.027536
1 562 0.02756
1 562 0.02756
1 562 0.02756
1 562 0.02756
0 533 0.027568
0 533 0.027568
0 533 0.027568
0 532 0.027584
1 563 0.027584
1 563 0.027584
1 563 0.027584
1 563 0.027584
1 564 0.027608
1 564 0.027608
1 564 0.027608
1 564 0.027608
0 534 0.027616
0 534 0.027616
0 534 0.027616
0 533 0.027632
1 565 0.027632
1 565 0.027632
1 565 0.027632
1 565 0.027632
1 566 0.027656
1 566 0.027656
1 566 0.027656
1 566 0.027656
0 535 0.027664
0 535 0.027664
0 535 0.027664
0 534 0.02768
1 567 0.02768
1 567 0.02768
1 567 0.02768
1 567 0.02768
1 568 0.027704
1 568 0.027704
1 568 0.027704
1 568 0.027704
0 536 0.027712
0 536 0.027712
0 536 0.027712
0 535 0.027728
1 569 0.027728
1 569 0.027728
1 569 0.027728
1 569 0.027728
1 570 0.027752
1 570 0.027752
1 570 0.027752
1 570 0.027752
0 537 0.02776
0 537 0.02776
0 537 0.02776
0 536 0.027776
1 571 0.027776
1 571 0.027776
1 571 0.027776
1 571 0.027776
1 572 0.0278
1 572 0.0278
1 572 0.0278
1 572 0.0278
0 538 0.027808
0 538 0.027808
0 538 0.027808
0 537 0.027824
1 573 0.027824
1 573 0.027824
1 573 0.027824
1 573 0.027824
1 574 0.027848
1 574 0.027848
1 574 0.027848
1 574 0.027848
0 539 0.027856
0 539 0.027856
0 539 0.027856
0 538 0.027872
1 575 0.027872
1 575 0.027872
1 575 0.027872
1 575 0.027872
1 576 0.027896
1 576 0.027896
1 576 0.027896
1 576 0.027896
0 540 0.027904
0 540 0.027904
0 540 0.027904
0 539 0.02792
1 577 0.02792
1 577 0.02792
1 577 0.02792
1 577 0.02792
1 578 0.027944
1 578 0.027944
1 578 0.027944
1 578 0.027944
0 541 0.027952
0 541 0.027952
0 541 0.027952
0 540 0.027968
1 579 0.027968
1 579 0.027968
1 579 0.027968
1 579 0.027968
1 580 0.027992
1 580 0.027992
1 580 0.027992
1 580 0.027992
0 542 0.028
0 542 0.028
0 542 0.028
0 541 0.028016
1 581 0.028016
1 581 0.028016
1 581 0.028016
1 581 0.028016
1 582 0.02804
1 582 0.02804
1 582 0.02804
1 582 0.02804
0 543 0.028048
0 543 0.028048
0 543 0.028048
0 542 0.028064
1 583 0.028064
1 583 0.028064
1 583 0.028064
1 583 0.028064
1 584 0.028088
1 584 0.028088
1 584 0.028088
1 584 0.028088
0 544 0.028096
0 544 0.028096
0 544 0.028096
0 543 0.028112
1 585 0.028112
1 585 0.028112
1 585 0.028112
1 585 0.028112
1 586 0.028136
1 586 0.028136
1 586 0.028136
1 586 0.028136
0 545 0.028144
0 545 0.028144
0 545 0.028144
0 544 0.02816
1 587 0.02816
1 587 0.02816
1 587 0.02816
1 587 0.02816
1 588 0.028184
1 588 0.028184
1 588 0.028184
1 588 0.028184
0 546 0.028192
0 546 0.028192
0 546 0.028192
0 545 0.028208
1 589 0.028208
1 589 0.028208
1 589 0.028208
1 589 0.028208
1 590 0.028232
1 590 0.028232
1 590 0.028232
1 590 0.028232
0 547 0.02824
0 547 0.02824
0 547 0.02824
0 546 0.028256
1 591 0.028256
1 591 0.028256
1 591 0.028256
1 591 0.028256
1 592 0.02828
1 592 0.02828
1 592 0.02828
1 592 0.02828
0 548 0.028288
0 548 0.028288
0 548 0.028288
0 547 0.028304
1 593 0.028304
1 593 0.028304
1 593 0.028304
1 593 0.028304
1 594 0.028328
1 594 0.028328
1 594 0.028328
1 594 0.028328
0 549 0.028336
0 549 0.028336
0 549 0.028336
0 548 0.028352
1 595 0.028352
1 595 0.028352
1 595 0.028352
1 595 0.028352
1 596 0.028376
1 596 0.028376
1 596 0.028376
1 596 0.028376
0 550 0.028384
0 550 0.028384
0 550 0.028384
0 549 0.0284
1 597 0.0284
1 597 0.0284
1 597 0.0284
1 597 0.0284
1 598 0.028424
1 598 0.028424
1 598 0.028424
1 598 0.028424
0 551 0.028432
0 551 0.028432
0 551 0.028432
0 550 0.028448
1 599 0.028448
1 599 0.028448
1 599 0.028448
1 599 0.028448
1 600 0.028472
1 600 0.028472
1 600 0.028472
1 600 0.028472
0 552 0.02848
0 552 0.02848
0 552 0.02848
0 551 0.028496
1 601 0.028496
1 601 0.028496
1 601 0.028496
1 601 0.028496
1 602 0.02852
1 602 0.02852
1 602 0.02852
1 602 0.02852
0 553 0.028528
0 553 0.028528
0 553 0.028528
0 552 0.028544
1 603 0.028544
1 603 0.028544
1 603 0.028544
1 603 0.028544
1 604 0.028568
1 604 0.028568
1 604 0.028568
1 604 0.028568
0 554 0.028576
0 554 0.028576
0 554 0.028576
0 553 0.028592
1 605 0.028592
1 605 0.028592
1 605 0.028592
1 605 0.028592
1 606 0.028616
1 606 0.028616
1 606 0.028616
1 606 0.028616
0 555 0.028624
0 555 0.028624
0 555 0.028624
0 554 0.02864
1 607 0.02864
1 607 0.02864
1 607 0.02864
1 607 0.02864
1 608 0.028664
1 608 0.028664
1 608 0.028664
1 608 0.028664
0 556 0.028672
0 556 0.028672
0 556 0.028672
0 555 0.028688
1 609 0.028688
1 609 0.028688
1 609 0.028688
1 609 0.028688
1 610 0.028712
1 610 0.028712
1 610 0.028712
1 610 0.028712
0 557 0.02872
0 557 0.02872
0 557 0.02872
0 556 0.028736
1 611 0.028736
1 611 0.028736
1 611 0.028736
1 611 0.028736
1 612 0.02876
1 612 0.02876
1 612 0.02876
1 612 0.02876
0 558 0.028768
0 558 0.028768
0 558 0.028768
0 557 0.028784
1 613 0.028784
1 613 0.028784
1 613 0.028784
1 613 0.028784
1 614 0.028808
1 614 0.028808
1 614 0.028808
1 614 0.028808
0 559 0.028816
0 559 0.028816
0 559 0.028816
0 558 0.028832
1 615 0.028832
1 615 0.028832
1 615 0.028832
1 615 0.028832
1 616 0.028856
1 616 0.028856
1 616 0.028856
1 616 0.028856
0 560 0.028864
0 560 0.028864
0 560 0.028864
0 559 0.02888
1 617 0.02888
1 617 0.02888
1 617 0.02888
1 617 0.02888
1 618 0.028904
1 618 0.028904
1 618 0.028904
1 618 0.028904
0 561 0.028912
0 561 0.028912
0 561 0.028912
0 560 0.028928
1 619 0.028928
1 619 0.028928
1 619 0.028928
1 619 0.028928
1 620 0.028952
1 620 0.028952
1 620 0.028952
1 620 0.028952
0 562 0.02896
0 562 0.02896
0 562 0.02896
0 561 0.028976
1 621 0.028976
1 621 0.028976
1 621 0.028976
1 621 0.028976
1 622 0.029
1 622 0.029
1 622 0.029
1 622 0.029
0 563 0.029008
0 563 0.029008
0 563 0.029008
0 562 0.029024
1 623 0.029024
1 623 0.029024
1 623 0.029024
1 623 0.029024
1 624 0.029048
1 624 0.029048
1 624 0.029048
1 624 0.029048
0 564 0.029056
0 564 0.029056
0 564 0.029056
0 563 0.029072
1 625 0.029072
1 625 0.029072
1 625 0.029072
1 625 0.029072
1 626 0.029096
1 626 0.029096
1 626 0.029096
1 626 0.029096
0 565 0.029104
0 565 0.029104
0 565 0.029104
0 564 0.02912
1 627 0.02912
1 627 0.02912
1 627 0.02912
1 627 0.02912
1 628 0.029144
1 628 0.029144
1 628 0.029144
1 628 0.029144
0 566 0.029152
0 566 0.029152
0 566 0.029152
0 565 0.029168
1 629 0.029168
1 629 0.029168
1 629 0.029168
1 629 0.029168
1 630 0.029192
1 630 0.029192
1 630 0.029192
1 630 0.029192
0 567 0.0292
0 567 0.0292
0 567 0.0292
0 566 0.029216
1 631 0.029216
1 631 0.029216
1 631 0.029216
1 631 0.029216
1 632 0.02924
1 632 0.02924
1 632 0.02924
1 632 0.02924
0 568 0.029248
0 568 0.029248
0 568 0.029248
0 567 0.029264
1 633 0.029264
1 633 0.029264
1 633 0.029264
1 633 0.029264
1 634 0.029288
1 634 0.029288
1 634 0.029288
1 634 0.029288
0 569 0.029296
0 569 0.029296
0 569 0.029296
0 568 0.029312
1 635 0.029312
1 635 0.029312
1 635 0.029312
1 635 0.029312
1 636 0.029336
1 636 0.029336
1 636 0.029336
1 636 0.029336
0 570 0.029344
0 570 0.029344
0 570 0.029344
0 569 0.02936
1 637 0.02936
1 637 0.02936
1 637 0.02936
1 637 0.02936
1 638 0.029384
1 638 0.029384
1 638 0.029384
1 638 0.029384
0 571 0.029392
0 571 0.029392
0 571 0.029392
0 570 0.029408
1 639 0.029408
1 639 0.029408
1 639 0.029408
1 639 0.029408
1 640 0.029432
1 640 0.029432
1 640 0.029432
1 640 0.029432
0 572 0.02944
0 572 0.02944
0 572 0.02944
0 571 0.029456
1 641 0.029456
1 641 0.029456
1 641 0.029456
1 641 0.029456
1 642 0.02948
1 642 0.02948
1 642 0.02948
1 642 0.02948
0 573 0.029488
0 573 0.029488
0 573 0.029488
0 572 0.029504
1 643 0.029504
1 643 0.029504
1 643 0.029504
1 643 0.029504
1 644 0.029528
1 644 0.029528
1 644 0.029528
1 644 0.029528
0 574 0.029536
0 574 0.029536
0 574 0.029536
0 573 0.029552
1 645 0.029552
1 645 0.029552
1 645 0.029552
1 645 0.029552
1 646 0.029576
1 646 0.029576
1 646 0.029576
1 646 0.029576
0 575 0.029584
0 575 0.029584
0 575 0.029584
0 574 0.0296
1 647 0.0296
1 647 0.0296
1 647 0.0296
1 647 0.0296
1 648 0.029624
1 648 0.029624
1 648 0.029624
1 648 0.029624
0 576 0.029632
0 576 0.029632
0 576 0.029632
0 575 0.029648
1 649 0.029648
1 649 0.029648
1 649 0.029648
1 649 0.029648
1 650 0.029672
1 650 0.029672
1 650 0.029672
1 650 0.029672
0 577 0.02968
0 577 0.02968
0 577 0.02968
0 576 0.029696
1 651 0.029696
1 651 0.029696
1 651 0.029696
1 651 0.029696
1 652 0.02972
1 652 0.02972
1 652 0.02972
1 652 0.02972
0 578 0.029728
0 578 0.029728
0 578 0.029728
0 577 0.029744
1 653 0.029744
1 653 0.029744
1 653 0.029744
1 653 0.029744
1 654 0.029768
1 654 0.029768
1 654 0.029768
1 654 0.029768
0 579 0.029776
0 579 0.029776
0 579 0.029776
0 578 0.029792
1 655 0.029792
1 655 0.029792
1 655 0.029792
1 655 0.029792
1 656 0.029816
1 656 0.029816
1 656 0.029816
1 656 0.029816
0 580 0.029824
0 580 0.029824
0 580 0.029824
0 579 0.02984
1 657 0.02984
1 657 0.02984
1 657 0.02984
1 657 0.02984
1 658 0.029864
1 658 0.029864
1 658 0.029864
1 658 0.029864
0 581 0.029872
0 581 0.029872
0 581 0.029872
0 580 0.029888
1 659 0.029888
1 659 0.029888
1 659 0.029888
1 659 0.029888
1 660 0.029912
1 660 0.029912
1 660 0.029912
1 660 0.029912
0 582 0.02992
0 582 0.02992
0 582 0.02992
0 581 0.029936
1 661 0.029936
1 661 0.029936
1 661 0.029936
1 661 0.029936
1 662 0.02996
1 662 0.02996
1 662 0.02996
1 662 0.02996
0 583 0.029968
0 583 0.029968
0 583 0.029968
0 582 0.029984
1 663 0.029984
1 663 0.029984
1 663 0.029984
1 663 0.029984
1 664 0.030008
1 664 0.030008
1 664 0.030008
1 664 0.030008
0 584 0.030016
0 584 0.030016
0 584 0.030016
0 583 0.030032
1 665 0.030032
1 665 0.030032
1 665 0.030032
1 665 0.030032
1 666 0.030056
1 666 0.030056
1 666 0.030056
1 666 0.030056
0 585 0.030064
0 585 0.030064
0 585 0.030064
0 584 0.03008
1 667 0.03008
1 667 0.03008
1 667 0.03008
1 667 0.03008
1 668 0.030104
1 668 0.030104
1 668 0.030104
1 668 0.030104
0 586 0.030112
0 586 0.030112
0 586 0.030112
0 585 0.030128
1 669 0.030128
1 669 0.030128
1 669 0.030128
1 669 0.030128
1 670 0.030152
1 670 0.030152
1 670 0.030152
1 670 0.030152
0 587 0.03016
0 587 0.03016
0 587 0.03016
0 586 0.030176
1 671 0.030176
1 671 0.030176
1 671 0.030176
1 671 0.030176
1 672 0.0302
1 672 0.0302
1 672 0.0302
1 672 0.0302
0 588 0.030208
0 588 0.030208
0 588 0.030208
0 587 0.030224
1 673 0.030224
1 673 0.030224
1 673 0.030224
1 673 0.030224
1 674 0.030248
1 674 0.030248
1 674 0.030248
1 674 0.030248
0 589 0.030256
0 589 0.030256
0 589 0.030256
0 588 0.030272
1 675 0.030272
1 675 0.030272
1 675 0.030272
1 675 0.030272
1 676 0.030296
1 676 0.030296
1 676 0.030296
1 676 0.030296
0 590 0.030304
0 590 0.030304
0 590 0.030304
0 589 0.03032
1 677 0.03032
1 677 0.03032
1 677 0.03032
1 677 0.03032
1 678 0.030344
1 678 0.030344
1 678 0.030344
1 678 0.030344
0 591 0.030352
0 591 0.030352
0 591 0.030352
0 590 0.030368
1 679 0.030368
1 679 0.030368
1 679 0.030368
1 679 0.030368
0 592 0.0304
0 592 0.0304
0 592 0.0304
0 591 0.030416
0 593 0.030448
0 593 0.030448
0 593 0.030448
0 592 0.030464
0 594 0.030496
0 594 0.030496
0 594 0.030496
0 593 0.030512
0 595 0.030544
0 595 0.030544
0 595 0.030544
0 594 0.03056
0 596 0.030592
0 596 0.030592
0 596 0.030592
0 595 0.030608
0 597 0.03064
0 597 0.03064
0 597 0.03064
0 596 0.030656
0 598 0.030688
0 598 0.030688
0 598 0.030688
0 597 0.030704
0 599 0.030736
0 599 0.030736
0 599 0.030736
0 598 0.030752
0 600 0.030784
0 600 0.030784
0 600 0.030784
0 599 0.0308
0 601 0.030832
0 601 0.030832
0 601 0.030832
0 600 0.030848
0 602 0.03088
0 602 0.03088
0 602 0.03088
0 601 0.030896
0 603 0.030928
0 603 0.030928
0 603 0.030928
0 602 0.030944
0 604 0.030976
0 604 0.030976
0 604 0.030976
0 603 0.030992
0 605 0.031024
0 605 0.031024
0 605 0.031024
0 604 0.03104
0 606 0.031072
0 606 0.031072
0 606 0.031072
0 605 0.031088
0 607 0.03112
0 607 0.03112
0 607 0.03112
0 606 0.031136
0 608 0.031168
0 608 0.031168
0 608 0.031168
0 607 0.031184
0 609 0.031216
0 609 0.031216
0 609 0.031216
0 608 0.031232
0 610 0.031264
0 610 0.031264
0 610 0.031264
0 609 0.03128
0 611 0.031312
0 611 0.031312
0 611 0.031312
0 610 0.031328
0 612 0.03136
0 612 0.03136
0 612 0.03136
0 611 0.031376
0 613 0.031408
0 613 0.031408
0 613 0.031408
0 612 0.031424
0 614 0.031456
0 614 0.031456
0 614 0.031456
0 613 0.031472
0 615 0.031504
0 615 0.031504
0 615 0.031504
0 614 0.03152
0 616 0.031552
0 616 0.031552
0 616 0.031552
0 615 0.031568
0 617 0.0316
0 617 0.0316
0 617 0.0316
0 616 0.031616
0 618 0.031648
0 618 0.031648
0 618 0.031648
0 617 0.031664
0 619 0.031696
0 619 0.031696
0 619 0.031696
0 618 0.031712
0 620 0.031744
0 620 0.031744
0 620 0.031744
0 619 0.03176
0 621 0.031792
0 621 0.031792
0 621 0.031792
0 620 0.031808
0 622 0.03184
0 622 0.03184
0 622 0.03184
0 621 0.031856
0 623 0.031888
0 623 0.031888
0 623 0.031888
0 622 0.031904
0 624 0.031936
0 624 0.031936
0 624 0.031936
0 623 0.031952
0 625 0.031984
0 625 0.031984
0 625 0.031984
0 624 0.032
0 626 0.032032
0 626 0.032032
0 626 0.032032
0 625 0.032048
0 627 0.03208
0 627 0.03208
0 627 0.03208
0 626 0.032096
0 628 0.032128
0 628 0.032128
0 628 0.032128
0 627 0.032144
0 629 0.032176
0 629 0.032176
0 629 0.032176
0 628 0.032192
0 630 0.032224
0 630 0.032224
0 630 0.032224
0 629 0.03224
0 631 0.032272
0 631 0.032272
0 631 0.032272
0 630 0.032288
0 632 0.03232
0 632 0.03232
0 632 0.03232
0 631 0.032336
0 633 0.032368
0 633 0.032368
0 633 0.032368
0 632 0.032384
0 634 0.032416
0 634 0.032416
0 634 0.032416
0 633 0.032432
0 635 0.032464
0 635 0.032464
0 635 0.032464
0 634 0.03248
0 636 0.032512
0 636 0.032512
0 636 0.032512
0 635 0.032528
0 637 0.03256
0 637 0.03256
0 637 0.03256
0 636 0.032576
0 638 0.032608
0 638 0.032608
0 638 0.032608
0 637 0.032624
0 639 0.032656
0 639 0.032656
0 639 0.032656
0 638 0.032672
0 640 0.032704
0 640 0.032704
0 640 0.032704
0 639 0.03272
0 641 0.032752
0 641 0.032752
0 641 0.032752
0 640 0.032768
0 642 0.0328
0 642 0.0328
0 642 0.0328
0 641 0.032816
0 643 0.032848
0 643 0.032848
0 643 0.032848
0 642 0.032864
0 644 0.032896
0 644 0.032896
0 644 0.032896
0 643 0.032912
0 645 0.032944
0 645 0.032944
0 645 0.032944
0 644 0.03296
0 646 0.032992
0 646 0.032992
0 646 0.032992
0 645 0.033008
0 647 0.03304
0 647 0.03304
0 647 0.03304
0 646 0.033056
0 648 0.033088
0 648 0.033088
0 648 0.033088
0 647 0.033104
0 649 0.033136
0 649 0.033136
0 649 0.033136
0 648 0.033152
0 650 0.033184
0 650 0.033184
0 650 0.033184
0 649 0.0332
0 651 0.033232
0 651 0.033232
0 651 0.033232
0 650 0.033248
0 652 0.03328
0 652 0.03328
0 652 0.03328
0 651 0.033296
0 653 0.033328
0 653 0.033328
0 653 0.033328
0 652 0.033344
0 654 0.033376
0 654 0.033376
0 654 0.033376
0 653 0.033392
0 655 0.033424
0 655 0.033424
0 655 0.033424
0 654 0.03344
0 656 0.033472
0 656 0.033472
0 656 0.033472
0 655 0.033488
0 657 0.03352
0 657 0.03352
0 657 0.03352
0 656 0.033536
0 658 0.033568
0 658 0.033568
0 658 0.033568
0 657 0.033584
0 659 0.033616
0 659 0.033616
0 659 0.033616
0 658 0.033632
0 660 0.033664
0 660 0.033664
0 660 0.033664
0 659 0.03368
0 661 0.033712
0 661 0.033712
0 661 0.033712
0 660 0.033728
0 662 0.03376
0 662 0.03376
0 662 0.03376
0 661 0.033776
0 663 0.033808
0 663 0.033808
0 663 0.033808
0 662 0.033824
0 664 0.033856
0 664 0.033856
0 664 0.033856
0 663 0.033872
0 665 0.033904
0 665 0.033904
0 665 0.033904
0 664 0.03392
0 666 0.033952
0 666 0.033952
0 666 0.033952
0 665 0.033968
0 667 0.034
0 667 0.034
0 667 0.034
0 666 0.034016
0 668 0.034048
0 668 0.034048
0 668 0.034048
0 667 0.034064
0 669 0.034096
0 669 0.034096
0 669 0.034096
0 668 0.034112
0 670 0.034144
0 670 0.034144
0 670 0.034144
0 669 0.03416
0 671 0.034192
0 671 0.034192
0 671 0.034192
0 670 0.034208
0 672 0.03424
0 672 0.03424
0 672 0.03424
0 671 0.034256
0 673 0.034288
0 673 0.034288
0 673 0.034288
0 672 0.034304
0 674 0.034336
0 674 0.034336
0 674 0.034336
0 673 0.034352
0 675 0.034384
0 675 0.034384
0 675 0.034384
0 674 0.0344
1 680 0.034408
1 680 0.034408
1 680 0.034408
1 680 0.034408
0 676 0.034432
0 676 0.034432
0 676 0.034432
1 681 0.034432
1 681 0.034432
1 681 0.034432
1 681 0.034432
0 675 0.034448
1 682 0.034456
1 682 0.034456
1 682 0.034456
1 682 0.034456
0 677 0.03448
0 677 0.03448
0 677 0.03448
1 683 0.03448
1 683 0.03448
1 683 0.03448
1 683 0.03448
0 676 0.034496
1 684 0.034504
1 684 0.034504
1 684 0.034504
1 684 0.034504
0 678 0.034528
0 678 0.034528
0 678 0.034528
1 685 0.034528
1 685 0.034528
1 685 0.034528
1 685 0.034528
0 677 0.034544
1 686 0.034552
1 686 0.034552
1 686 0.034552
1 686 0.034552
0 679 0.034576
0 679 0.034576
0 679 0.034576
1 687 0.034576
1 687 0.034576
1 687 0.034576
1 687 0.034576
0 678 0.034592
1 688 0.0346
1 688 0.0346
1 688 0.0346
1 688 0.0346
0 680 0.034624
0 680 0.034624
0 680 0.034624
1 689 0.034624
1 689 0.034624
1 689 0.034624
1 689 0.034624
0 679 0.03464
1 690 0.034648
1 690 0.034648
1 690 0.034648
1 690 0.034648
0 681 0.034672
0 681 0.034672
0 681 0.034672
1 691 0.034672
1 691 0.034672
1 691 0.034672
1 691 0.034672
0 680 0.034688
1 692 0.034696
1 692 0.034696
1 692 0.034696
1 692 0.034696
0 682 0.03472
0 682 0.03472
0 682 0.03472
1 693 0.03472
1 693 0.03472
1 693 0.03472
1 693 0.03472
0 681 0.034736
1 694 0.034744
1 694 0.034744
1 694 0.034744
1 694 0.034744
0 683 0.034768
0 683 0.034768
0 683 0.034768
1 695 0.034768
1 695 0.034768
1 695 0.034768
1 695 0.034768
0 682 0.034784
1 696 0.034792
1 696 0.034792
1 696 0.034792
1 696 0.034792
0 684 0.034816
0 684 0.034816
0 684 0.034816
1 697 0.034816
1 697 0.034816
1 697 0.034816
1 697 0.034816
0 683 0.034832
1 698 0.03484
1 698 0.03484
1 698 0.03484
1 698 0.03484
0 685 0.034864
0 685 0.034864
0 685 0.034864
1 699 0.034864
1 699 0.034864
1 699 0.034864
1 699 0.034864
0 684 0.03488
1 700 0.034888
1 700 0.034888
1 700 0.034888
1 700 0.034888
0 686 0.034912
0 686 0.034912
0 686 0.034912
1 701 0.034912
1 701 0.034912
1 701 0.034912
1 701 0.034912
0 685 0.034928
1 702 0.034936
1 702 0.034936
1 702 0.034936
1 702 0.034936
0 687 0.03496
0 687 0.03496
0 687 0.03496
1 703 0.03496
1 703 0.03496
1 703 0.03496
1 703 0.03496
0 686 0.034976
1 704 0.034984
1 704 0.034984
1 704 0.034984
1 704 0.034984
0 688 0.035008
0 688 0.035008
0 688 0.035008
1 705 0.035008
1 705 0.035008
1 705 0.035008
1 705 0.035008
0 687 0.035024
1 706 0.035032
1 706 0.035032
1 706 0.035032
1 706 0.035032
0 689 0.035056
0 689 0.035056
0 689 0.035056
1 707 0.035056
1 707 0.035056
1 707 0.035056
1 707 0.035056
0 688 0.035072
1 708 0.03508
1 708 0.03508
1 708 0.03508
1 708 0.03508
0 690 0.035104
0 690 0.035104
0 690 0.035104
1 709 0.035104
1 709 0.035104
1 709 0.035104
1 709 0.035104
0 689 0.03512
1 710 0.035128
1 710 0.035128
1 710 0.035128
1 710 0.035128
0 691 0.035152
0 691 0.035152
0 691 0.035152
1 711 0.035152
1 711 0.035152
1 711 0.035152
1 711 0.035152
0 690 0.035168
1 712 0.035176
1 712 0.035176
1 712 0.035176
1 712 0.035176
0 692 0.0352
0 692 0.0352
0 692 0.0352
1 713 0.0352
1 713 0.0352
1 713 0.0352
1 713 0.0352
0 691 0.035216
1 714 0.035224
1 714 0.035224
1 714 0.035224
1 714 0.035224
0 693 0.035248
0 693 0.035248
0 693 0.035248
1 715 0.035248
1 715 0.035248
1 715 0.035248
1 715 0.035248
0 692 0.035264
1 716 0.035272
1 716 0.035272
1 716 0.035272
1 716 0.035272
0 694 0.035296
0 694 0.035296
0 694 0.035296
1 717 0.035296
1 717 0.035296
1 717 0.035296
1 717 0.035296
0 693 0.035312
1 718 0.03532
1 718 0.03532
1 718 0.03532
1 718 0.03532
0 695 0.035344
0 695 0.035344
0 695 0.035344
1 719 0.035344
1 719 0.035344
1 719 0.035344
1 719 0.035344
0 694 0.03536
1 720 0.035368
1 720 0.035368
1 720 0.035368
1 720 0.035368
0 696 0.035392
0 696 0.035392
0 696 0.035392
1 721 0.035392
1 721 0.035392
1 721 0.035392
1 721 0.035392
0 695 0.035408
1 722 0.035416
1 722 0.035416
1 722 0.035416
1 722 0.035416
0 697 0.03544
0 697 0.03544
0 697 0.03544
1 723 0.03544
1 723 0.03544
1 723 0.03544
1 723 0.03544
0 696 0.035456
1 724 0.035464
1 724 0.035464
1 724 0.035464
1 724 0.035464
0 698 0.035488
0 698 0.035488
0 698 0.035488
1 725 0.035488
1 725 0.035488
1 725 0.035488
1 725 0.035488
0 697 0.035504
1 726 0.035512
1 726 0.035512
1 726 0.035512
1 726 0.035512
0 699 0.035536
0 699 0.035536
0 699 0.035536
1 727 0.035536
1 727 0.035536
1 727 0.035536
1 727 0.035536
0 698 0.035552
1 728 0.03556
1 728 0.03556
1 728 0.03556
1 728 0.03556
0 700 0.035584
0 700 0.035584
0 700 0.035584
1 729 0.035584
1 729 0.035584
1 729 0.035584
1 729 0.035584
0 699 0.0356
1 730 0.035608
1 730 0.035608
1 730 0.035608
1 730 0.035608
0 701 0.035632
0 701 0.035632
0 701 0.035632
1 731 0.035632
1 731 0.035632
1 731 0.035632
1 731 0.035632
0 700 0.035648
1 732 0.035656
1 732 0.035656
1 732 0.035656
1 732 0.035656
0 702 0.03568
0 702 0.03568
0 702 0.03568
1 733 0.03568
1 733 0.03568
1 733 0.03568
1 733 0.03568
0 701 0.035696
1 734 0.035704
1 734 0.035704
1 734 0.035704
1 734 0.035704
0 703 0.035728
0 703 0.035728
0 703 0.035728
1 735 0.035728
1 735 0.035728
1 735 0.035728
1 735 0.035728
0 702 0.035744
1 736 0.035752
1 736 0.035752
1 736 0.035752
1 736 0.035752
0 704 0.035776
0 704 0.035776
0 704 0.035776
1 737 0.035776
1 737 0.035776
1 737 0.035776
1 737 0.035776
0 703 0.035792
1 738 0.0358
1 738 0.0358
1 738 0.0358
1 738 0.0358
0 705 0.035824
0 705 0.035824
0 705 0.035824
1 739 0.035824
1 739 0.035824
1 739 0.035824
1 739 0.035824
0 704 0.03584
1 740 0.035848
1 740 0.035848
1 740 0.035848
1 740 0.035848
0 706 0.035872
0 706 0.035872
0 706 0.035872
1 741 0.035872
1 741 0.035872
1 741 0.035872
1 741 0.035872
0 705 0.035888
1 742 0.035896
1 742 0.035896
1 742 0.035896
1 742 0.035896
0 707 0.03592
0 707 0.03592
0 707 0.03592
1 743 0.03592
1 743 0.03592
1 743 0.03592
1 743 0.03592
0 706 0.035936
1 744 0.035944
1 744 0.035944
1 744 0.035944
1 744 0.035944
0 708 0.035968
0 708 0.035968
0 708 0.035968
1 745 0.035968
1 745 0.035968
1 745 0.035968
1 745 0.035968
0 707 0.035984
1 746 0.035992
1 746 0.035992
1 746 0.035992
1 746 0.035992
0 709 0.036016
0 709 0.036016
0 709 0.036016
1 747 0.036016
1 747 0.036016
1 747 0.036016
1 747 0.036016
0 708 0.036032
1 748 0.03604
1 748 0.03604
1 748 0.03604
1 748 0.03604
0 710 0.036064
0 710 0.036064
0 710 0.036064
1 749 0.036064
1 749 0.036064
1 749 0.036064
1 749 0.036064
0 709 0.03608
1 750 0.036088
1 750 0.036088
1 750 0.036088
1 750 0.036088
0 711 0.036112
0 711 0.036112
0 711 0.036112
1 751 0.036112
1 751 0.036112
1 751 0.036112
1 751 0.036112
0 710 0.036128
1 752 0.036136
1 752 0.036136
1 752 0.036136
1 752 0.036136
0 712 0.03616
0 712 0.03616
0 712 0.03616
1 753 0.03616
1 753 0.03616
1 753 0.03616
1 753 0.03616
0 711 0.036176
1 754 0.036184
1 754 0.036184
1 754 0.036184
1 754 0.036184
0 713 0.036208
0 713 0.036208
0 713 0.036208
1 755 0.036208
1 755 0.036208
1 755 0.036208
1 755 0.036208
0 712 0.036224
1 756 0.036232
1 756 0.036232
1 756 0.036232
1 756 0.036232
0 714 0.036256
0 714 0.036256
0 714 0.036256
1 757 0.036256
1 757 0.036256
1 757 0.036256
1 757 0.036256
0 713 0.036272
1 758 0.03628
1 758 0.03628
1 758 0.03628
1 758 0.03628
0 715 0.036304
0 715 0.036304
0 715 0.036304
1 759 0.036304
1 759 0.036304
1 759 0.036304
1 759 0.036304
0 714 0.03632
1 760 0.036328
1 760 0.036328
1 760 0.036328
1 760 0.036328
0 716 0.036352
0 716 0.036352
0 716 0.036352
1 761 0.036352
1 761 0.036352
1 761 0.036352
1 761 0.036352
0 715 0.036368
1 762 0.036376
1 762 0.036376
1 762 0.036376
1 762 0.036376
0 717 0.0364
0 717 0.0364
0 717 0.0364
1 763 0.0364
1 763 0.0364
1 763 0.0364
1 763 0.0364
0 716 0.036416
1 764 0.036424
1 764 0.036424
1 764 0.036424
1 764 0.036424
0 718 0.036448
0 718 0.036448
0 718 0.036448
1 765 0.036448
1 765 0.036448
1 765 0.036448
1 765 0.036448
0 717 0.036464
1 766 0.036472
1 766 0.036472
1 766 0.036472
1 766 0.036472
0 719 0.036496
0 719 0.036496
0 719 0.036496
1 767 0.036496
1 767 0.036496
1 767 0.036496
1 767 0.036496
0 718 0.036512
1 768 0.03652
1 768 0.03652
1 768 0.03652
1 768 0.03652
0 720 0.036544
0 720 0.036544
0 720 0.036544
1 769 0.036544
1 769 0.036544
1 769 0.036544
1 769 0.036544
0 719 0.03656
1 770 0.036568
1 770 0.036568
1 770 0.036568
1 770 0.036568
0 721 0.036592
0 721 0.036592
0 721 0.036592
1 771 0.036592
1 771 0.036592
1 771 0.036592
1 771 0.036592
0 720 0.036608
1 772 0.036616
1 772 0.036616
1 772 0.036616
1 772 0.036616
0 722 0.03664
0 722 0.03664
0 722 0.03664
1 773 0.03664
1 773 0.03664
1 773 0.03664
1 773 0.03664
0 721 0.036656
1 774 0.036664
1 774 0.036664
1 774 0.036664
1 774 0.036664
0 723 0.036688
0 723 0.036688
0 723 0.036688
1 775 0.036688
1 775 0.036688
1 775 0.036688
1 775 0.036688
0 722 0.036704
1 776 0.036712
1 776 0.036712
1 776 0.036712
1 776 0.036712
0 724 0.036736
0 724 0.036736
0 724 0.036736
1 777 0.036736
1 777 0.036736
1 777 0.036736
1 777 0.036736
0 723 0.036752
1 778 0.03676
1 778 0.03676
1 778 0.03676
1 778 0.03676
0 725 0.036784
0 725 0.036784
0 725 0.036784
1 779 0.036784
1 779 0.036784
1 779 0.036784
1 779 0.036784
0 724 0.0368
1 780 0.036808
1 780 0.036808
1 780 0.036808
1 780 0.036808
0 726 0.036832
0 726 0.036832
0 726 0.036832
1 781 0.036832
1 781 0.036832
1 781 0.036832
1 781 0.036832
0 725 0.036848
1 782 0.036856
1 782 0.036856
1 782 0.036856
1 782 0.036856
0 727 0.03688
0 727 0.03688
0 727 0.03688
1 783 0.03688
1 783 0.03688
1 783 0.03688
1 783 0.03688
0 726 0.036896
1 784 0.036904
1 784 0.036904
1 784 0.036904
1 784 0.036904
0 728 0.036928
0 728 0.036928
0 728 0.036928
1 785 0.036928
1 785 0.036928
1 785 0.036928
1 785 0.036928
0 727 0.036944
1 786 0.036952
1 786 0.036952
1 786 0.036952
1 786 0.036952
0 729 0.036976
0 729 0.036976
0 729 0.036976
1 787 0.036976
1 787 0.036976
1 787 0.036976
1 787 0.036976
0 728 0.036992
1 788 0.037
1 788 0.037
1 788 0.037
1 788 0.037
0 730 0.037024
0 730 0.037024
0 730 0.037024
1 789 0.037024
1 789 0.037024
1 789 0.037024
1 789 0.037024
0 729 0.03704
1 790 0.037048
1 790 0.037048
1 790 0.037048
1 790 0.037048
0 731 0.037072
0 731 0.037072
0 731 0.037072
1 791 0.037072
1 791 0.037072
1 791 0.037072
1 791 0.037072
0 730 0.037088
1 792 0.037096
1 792 0.037096
1 792 0.037096
1 792 0.037096
0 732 0.03712
0 732 0.03712
0 732 0.03712
1 793 0.03712
1 793 0.03712
1 793 0.03712
1 793 0.03712
0 731 0.037136
1 794 0.037144
1 794 0.037144
1 794 0.037144
1 794 0.037144
0 733 0.037168
0 733 0.037168
0 733 0.037168
1 795 0.037168
1 795 0.037168
1 795 0.037168
1 795 0.037168
0 732 0.037184
1 796 0.037192
1 796 0.037192
1 796 0.037192
1 796 0.037192
0 734 0.037216
0 734 0.037216
0 734 0.037216
1 797 0.037216
1 797 0.037216
1 797 0.037216
1 797 0.037216
0 733 0.037232
1 798 0.03724
1 798 0.03724
1 798 0.03724
1 798 0.03724
0 735 0.037264
0 735 0.037264
0 735 0.037264
1 799 0.037264
1 799 0.037264
1 799 0.037264
1 799 0.037264
0 734 0.03728
1 800 0.037288
1 800 0.037288
1 800 0.037288
1 800 0.037288
0 736 0.037312
0 736 0.037312
0 736 0.037312
1 801 0.037312
1 801 0.037312
1 801 0.037312
1 801 0.037312
0 735 0.037328
1 802 0.037336
1 802 0.037336
1 802 0.037336
1 802 0.037336
0 737 0.03736
0 737 0.03736
0 737 0.03736
1 803 0.03736
1 803 0.03736
1 803 0.03736
1 803 0.03736
0 736 0.037376
1 804 0.037384
1 804 0.037384
1 804 0.037384
1 804 0.037384
0 738 0.037408
0 738 0.037408
0 738 0.037408
1 805 0.037408
1 805 0.037408
1 805 0.037408
1 805 0.037408
0 737 0.037424
1 806 0.037432
1 806 0.037432
1 806 0.037432
1 806 0.037432
0 739 0.037456
0 739 0.037456
0 739 0.037456
1 807 0.037456
1 807 0.037456
1 807 0.037456
1 807 0.037456
0 738 0.037472
1 808 0.03748
1 808 0.03748
1 808 0.03748
1 808 0.03748
0 740 0.037504
0 740 0.037504
0 740 0.037504
1 809 0.037504
1 809 0.037504
1 809 0.037504
1 809 0.037504
0 739 0.03752
1 810 0.037528
1 810 0.037528
1 810 0.037528
1 810 0.037528
0 741 0.037552
0 741 0.037552
0 741 0.037552
1 811 0.037552
1 811 0.037552
1 811 0.037552
1 811 0.037552
0 740 0.037568
1 812 0.037576
1 812 0.037576
1 812 0.037576
1 812 0.037576
0 742 0.0376
0 742 0.0376
0 742 0.0376
1 813 0.0376
1 813 0.0376
1 813 0.0376
1 813 0.0376
0 741 0.037616
1 814 0.037624
1 814 0.037624
1 814 0.037624
1 814 0.037624
0 743 0.037648
0 743 0.037648
0 743 0.037648
1 815 0.037648
1 815 0.037648
1 815 0.037648
1 815 0.037648
0 742 0.037664
1 816 0.037672
1 816 0.037672
1 816 0.037672
1 816 0.037672
0 744 0.037696
0 744 0.037696
0 744 0.037696
1 817 0.037696
1 817 0.037696
1 817 0.037696
1 817 0.037696
0 743 0.037712
1 818 0.03772
1 818 0.03772
1 818 0.03772
1 818 0.03772
0 745 0.037744
0 745 0.037744
0 745 0.037744
1 819 0.037744
1 819 0.037744
1 819 0.037744
1 819 0.037744
0 744 0.03776
1 820 0.037768
1 820 0.037768
1 820 0.037768
1 820 0.037768
0 746 0.037792
0 746 0.037792
0 746 0.037792
1 821 0.037792
1 821 0.037792
1 821 0.037792
1 821 0.037792
0 745 0.037808
1 822 0.037816
1 822 0.037816
1 822 0.037816
1 822 0.037816
0 747 0.03784
0 747 0.03784
0 747 0.03784
1 823 0.03784
1 823 0.03784
1 823 0.03784
1 823 0.03784
0 746 0.037856
1 824 0.037864
1 824 0.037864
1 824 0.037864
1 824 0.037864
0 748 0.037888
0 748 0.037888
0 748 0.037888
1 825 0.037888
1 825 0.037888
1 825 0.037888
1 825 0.037888
0 747 0.037904
1 826 0.037912
1 826 0.037912
1 826 0.037912
1 826 0.037912
0 749 0.037936
0 749 0.037936
0 749 0.037936
1 827 0.037936
1 827 0.037936
1 827 0.037936
1 827 0.037936
0 748 0.037952
1 828 0.03796
1 828 0.03796
1 828 0.03796
1 828 0.03796
0 750 0.037984
0 750 0.037984
0 750 0.037984
1 829 0.037984
1 829 0.037984
1 829 0.037984
1 829 0.037984
0 749 0.038
1 830 0.038008
1 830 0.038008
1 830 0.038008
1 830 0.038008
0 751 0.038032
0 751 0.038032
0 751 0.038032
1 831 0.038032
1 831 0.038032
1 831 0.038032
1 831 0.038032
0 750 0.038048
1 832 0.038056
1 832 0.038056
1 832 0.038056
1 832 0.038056
0 752 0.03808
0 752 0.03808
0 752 0.03808
1 833 0.03808
1 833 0.03808
1 833 0.03808
1 833 0.03808
0 751 0.038096
1 834 0.038104
1 834 0.038104
1 834 0.038104
1 834 0.038104
0 753 0.038128
0 753 0.038128
0 753 0.038128
1 835 0.038128
1 835 0.038128
1 835 0.038128
1 835 0.038128
0 752 0.038144
1 836 0.038152
1 836 0.038152
1 836 0.038152
1 836 0.038152
0 754 0.038176
0 754 0.038176
0 754 0.038176
1 837 0.038176
1 837 0.038176
1 837 0.038176
1 837 0.038176
0 753 0.038192
1 838 0.0382
1 838 0.0382
1 838 0.0382
1 838 0.0382
0 755 0.038224
0 755 0.038224
0 755 0.038224
1 839 0.038224
1 839 0.038224
1 839 0.038224
1 839 0.038224
0 754 0.03824
1 840 0.038248
1 840 0.038248
1 840 0.038248
1 840 0.038248
0 756 0.038272
0 756 0.038272
0 756 0.038272
1 841 0.038272
1 841 0.038272
1 841 0.038272
1 841 0.038272
0 755 0.038288
1 842 0.038296
1 842 0.038296
1 842 0.038296
1 842 0.038296
0 757 0.03832
0 757 0.03832
0 757 0.03832
1 843 0.03832
1 843 0.03832
1 843 0.03832
1 843 0.03832
0 756 0.038336
1 844 0.038344
1 844 0.038344
1 844 0.038344
1 844 0.038344
0 758 0.038368
0 758 0.038368
0 758 0.038368
1 845 0.038368
1 845 0.038368
1 845 0.038368
1 845 0.038368
0 757 0.038384
1 846 0.038392
1 846 0.038392
1 846 0.038392
1 846 0.038392
0 759 0.038416
0 759 0.038416
0 759 0.038416
1 847 0.038416
1 847 0.038416
1 847 0.038416
1 847 0.038416
0 758 0.038432
1 848 0.03844
1 848 0.03844
1 848 0.03844
1 848 0.03844
0 760 0.038464
0 760 0.038464
0 760 0.038464
1 849 0.038464
1 849 0.038464
1 849 0.038464
1 849 0.038464
0 759 0.03848
0 761 0.038512
0 761 0.038512
0 761 0.038512
0 760 0.038528
0 762 0.03856
0 762 0.03856
0 762 0.03856
0 761 0.038576
0 763 0.038608
0 763 0.038608
0 763 0.038608
0 762 0.038624
0 764 0.038656
0 764 0.038656
0 764 0.038656
0 763 0.038672
0 765 0.038704
0 765 0.038704
0 765 0.038704
0 764 0.03872
0 766 0.038752
0 766 0.038752
0 766 0.038752
0 765 0.038768
0 767 0.0388
0 767 0.0388
0 767 0.0388
0 766 0.038816
0 768 0.038848
0 768 0.038848
0 768 0.038848
0 767 0.038864
0 769 0.038896
0 769 0.038896
0 769 0.038896
0 768 0.038912
0 770 0.038944
0 770 0.038944
0 770 0.038944
0 769 0.03896
0 771 0.038992
0 771 0.038992
0 771 0.038992
0 770 0.039008
0 772 0.03904
0 772 0.03904
0 772 0.03904
0 771 0.039056
0 773 0.039088
0 773 0.039088
0 773 0.039088
0 772 0.039104
0 774 0.039136
0 774 0.039136
0 774 0.039136
0 773 0.039152
0 775 0.039184
0 775 0.039184
0 775 0.039184
0 774 0.0392
0 776 0.039232
0 776 0.039232
0 776 0.039232
0 775 0.039248
0 777 0.03928
0 777 0.03928
0 777 0.03928
0 776 0.039296
0 778 0.039328
0 778 0.039328
0 778 0.039328
0 777 0.039344
0 779 0.039376
0 779 0.039376
0 779 0.039376
0 778 0.039392
0 780 0.039424
0 780 0.039424
0 780 0.039424
0 779 0.03944
0 781 0.039472
0 781 0.039472
0 781 0.039472
0 780 0.039488
0 782 0.03952
0 782 0.03952
0 782 0.03952
0 781 0.039536
0 783 0.039568
0 783 0.039568
0 783 0.039568
0 782 0.039584
0 784 0.039616
0 784 0.039616
0 784 0.039616
0 783 0.039632
0 785 0.039664
0 785 0.039664
0 785 0.039664
0 784 0.03968
0 786 0.039712
0 786 0.039712
0 786 0.039712
0 785 0.039728
0 787 0.03976
0 787 0.03976
0 787 0.03976
0 786 0.039776
0 788 0.039808
0 788 0.039808
0 788 0.039808
0 787 0.039824
0 789 0.039856
0 789 0.039856
0 789 0.039856
0 788 0.039872
0 790 0.039904
0 790 0.039904
0 790 0.039904
0 789 0.03992
0 791 0.039952
0 791 0.039952
0 791 0.039952
0 790 0.039968
0 792 0.04
0 792 0.04
0 792 0.04
0 791 0.040016
0 793 0.040048
0 793 0.040048
0 793 0.040048
0 792 0.040064
0 794 0.040096
0 794 0.040096
0 794 0.040096
0 793 0.040112
0 795 0.040144
0 795 0.040144
0 795 0.040144
0 794 0.04016
0 796 0.040192
0 796 0.040192
0 796 0.040192
0 795 0.040208
0 797 0.04024
0 797 0.04024
0 797 0.04024
0 796 0.040256
0 798 0.040288
0 798 0.040288
0 798 0.040288
0 797 0.040304
0 799 0.040336
0 799 0.040336
0 799 0.040336
0 798 0.040352
0 800 0.040384
0 800 0.040384
0 800 0.040384
0 799 0.0404
0 801 0.040432
0 801 0.040432
0 801 0.040432
0 800 0.040448
0 802 0.04048
0 802 0.04048
0 802 0.04048
0 801 0.040496
0 803 0.040528
0 803 0.040528
0 803 0.040528
0 802 0.040544
0 804 0.040576
0 804 0.040576
0 804 0.040576
0 803 0.040592
0 805 0.040624
0 805 0.040624
0 805 0.040624
0 804 0.04064
0 806 0.040672
0 806 0.040672
0 806 0.040672
0 805 0.040688
0 807 0.04072
0 807 0.04072
0 807 0.04072
0 806 0.040736
0 808 0.040768
0 808 0.040768
0 808 0.040768
0 807 0.040784
0 809 0.040816
0 809 0.040816
0 809 0.040816
0 808 0.040832
0 810 0.040864
0 810 0.040864
0 810 0.040864
0 809 0.04088
0 811 0.040912
0 811 0.040912
0 811 0.040912
0 810 0.040928
0 812 0.04096
0 812 0.04096
0 812 0.04096
0 811 0.040976
0 813 0.041008
0 813 0.041008
0 813 0.041008
0 812 0.041024
0 814 0.041056
0 814 0.041056
0 814 0.041056
0 813 0.041072
0 815 0.041104
0 815 0.041104
0 815 0.041104
0 814 0.04112
0 816 0.041152
0 816 0.041152
0 816 0.041152
0 815 0.041168
0 817 0.0412
0 817 0.0412
0 817 0.0412
0 816 0.041216
0 818 0.041248
0 818 0.041248
0 818 0.041248
0 817 0.041264
0 819 0.041296
0 819 0.041296
0 819 0.041296
0 818 0.041312
0 820 0.041344
0 820 0.041344
0 820 0.041344
0 819 0.04136
0 821 0.041392
0 821 0.041392
0 821 0.041392
0 820 0.041408
0 822 0.04144
0 822 0.04144
0 822 0.04144
0 821 0.041456
0 823 0.041488
0 823 0.041488
0 823 0.041488
0 822 0.041504
0 824 0.041536
0 824 0.041536
0 824 0.041536
0 823 0.041552
0 825 0.041584
0 825 0.041584
0 825 0.041584
0 824 0.0416
0 826 0.041632
0 826 0.041632
0 826 0.041632
0 825 0.041648
0 827 0.04168
0 827 0.04168
0 827 0.04168
0 826 0.041696
0 828 0.041728
0 828 0.041728
0 828 0.041728
0 827 0.041744
0 829 0.041776
0 829 0.041776
0 829 0.041776
0 828 0.041792
0 830 0.041824
0 830 0.041824
0 830 0.041824
0 829 0.04184
0 831 0.041872
0 831 0.041872
0 831 0.041872
0 830 0.041888
0 832 0.04192
0 832 0.04192
0 832 0.04192
0 831 0.041936
0 833 0.041968
0 833 0.041968
0 833 0.041968
0 832 0.041984
0 834 0.042016
0 834 0.042016
0 834 0.042016
0 833 0.042032
0 835 0.042064
0 835 0.042064
0 835 0.042064
0 834 0.04208
0 836 0.042112
0 836 0.042112
0 836 0.042112
0 835 0.042128
0 837 0.04216
0 837 0.04216
0 837 0.04216
0 836 0.042176
0 838 0.042208
0 838 0.042208
0 838 0.042208
0 837 0.042224
0 839 0.042256
0 839 0.042256
0 839 0.042256
0 838 0.042272
0 840 0.042304
0 840 0.042304
0 840 0.042304
0 839 0.04232
0 841 0.042352
0 841 0.042352
0 841 0.042352
0 840 0.042368
0 842 0.0424
0 842 0.0424
0 842 0.0424
0 841 0.042416
0 843 0.042448
0 843 0.042448
0 843 0.042448
0 842 0.042464
0 844 0.042496
0 844 0.042496
0 844 0.042496
1 850 0.042504
1 850 0.042504
1 850 0.042504
1 850 0.042504
0 843 0.042512
1 851 0.042528
1 851 0.042528
1 851 0.042528
1 851 0.042528
0 845 0.042544
0 845 0.042544
0 845 0.042544
1 852 0.042552
1 852 0.042552
1 852 0.042552
1 852 0.042552
0 844 0.04256
1 853 0.042576
1 853 0.042576
1 853 0.042576
1 853 0.042576
0 846 0.042592
0 846 0.042592
0 846 0.042592
1 854 0.0426
1 854 0.0426
1 854 0.0426
1 854 0.0426
0 845 0.042608
1 855 0.042624
1 855 0.042624
1 855 0.042624
1 855 0.042624
0 847 0.04264
0 847 0.04264
0 847 0.04264
1 856 0.042648
1 856 0.042648
1 856 0.042648
1 856 0.042648
0 846 0.042656
1 857 0.042672
1 857 0.042672
1 857 0.042672
1 857 0.042672
0 848 0.042688
0 848 0.042688
0 848 0.042688
1 858 0.042696
1 858 0.042696
1 858 0.042696
1 858 0.042696
0 847 0.042704
1 859 0.04272
1 859 0.04272
1 859 0.04272
1 859 0.04272
0 849 0.042736
0 849 0.042736
0 849 0.042736
1 860 0.042744
1 860 0.042744
1 860 0.042744
1 860 0.042744
0 848 0.042752
1 861 0.042768
1 861 0.042768
1 861 0.042768
1 861 0.042768
0 850 0.042784
0 850 0.042784
0 850 0.042784
1 862 0.042792
1 862 0.042792
1 862 0.042792
1 862 0.042792
0 849 0.0428
1 863 0.042816
1 863 0.042816
1 863 0.042816
1 863 0.042816
0 851 0.042832
0 851 0.042832
0 851 0.042832
1 864 0.04284
1 864 0.04284
1 864 0.04284
1 864 0.04284
0 850 0.042848
1 865 0.042864
1 865 0.042864
1 865 0.042864
1 865 0.042864
0 852 0.04288
0 852 0.04288
0 852 0.04288
1 866 0.042888
1 866 0.042888
1 866 0.042888
1 866 0.042888
0 851 0.042896
1 867 0.042912
1 867 0.042912
1 867 0.042912
1 867 0.042912
0 853 0.042928
0 853 0.042928
0 853 0.042928
1 868 0.042936
1 868 0.042936
1 868 0.042936
1 868 0.042936
0 852 0.042944
1 869 0.04296
1 869 0.04296
1 869 0.04296
1 869 0.04296
0 854 0.042976
0 854 0.042976
0 854 0.042976
1 870 0.042984
1 870 0.042984
1 870 0.042984
1 870 0.042984
0 853 0.042992
1 871 0.043008
1 871 0.043008
1 871 0.043008
1 871 0.043008
0 855 0.043024
0 855 0.043024
0 855 0.043024
1 872 0.043032
1 872 0.043032
1 872 0.043032
1 872 0.043032
0 854 0.04304
1 873 0.043056
1 873 0.043056
1 873 0.043056
1 873 0.043056
0 856 0.043072
0 856 0.043072
0 856 0.043072
1 874 0.04308
1 874 0.04308
1 874 0.04308
1 874 0.04308
0 855 0.043088
1 875 0.043104
1 875 0.043104
1 875 0.043104
1 875 0.043104
0 857 0.04312
0 857 0.04312
0 857 0.04312
1 876 0.043128
1 876 0.043128
1 876 0.043128
1 876 0.043128
0 856 0.043136
1 877 0.043152
1 877 0.043152
1 877 0.043152
1 877 0.043152
0 858 0.043168
0 858 0.043168
0 858 0.043168
1 878 0.043176
1 878 0.043176
1 878 0.043176
1 878 0.043176
0 857 0.043184
1 879 0.0432
1 879 0.0432
1 879 0.0432
1 879 0.0432
0 859 0.043216
0 859 0.043216
0 859 0.043216
1 880 0.043224
1 880 0.043224
1 880 0.043224
1 880 0.043224
0 858 0.043232
1 881 0.043248
1 881 0.043248
1 881 0.043248
1 881 0.043248
0 860 0.043264
0 860 0.043264
0 860 0.043264
1 882 0.043272
1 882 0.043272
1 882 0.043272
1 882 0.043272
0 859 0.04328
1 883 0.043296
1 883 0.043296
1 883 0.043296
1 883 0.043296
0 861 0.043312
0 861 0.043312
0 861 0.043312
1 884 0.04332
1 884 0.04332
1 884 0.04332
1 884 0.04332
0 860 0.043328
1 885 0.043344
1 885 0.043344
1 885 0.043344
1 885 0.043344
0 862 0.04336
0 862 0.04336
0 862 0.04336
1 886 0.043368
1 886 0.043368
1 886 0.043368
1 886 0.043368
0 861 0.043376
1 887 0.043392
1 887 0.043392
1 887 0.043392
1 887 0.043392
0 863 0.043408
0 863 0.043408
0 863 0.043408
1 888 0.043416
1 888 0.043416
1 888 0.043416
1 888 0.043416
0 862 0.043424
1 889 0.04344
1 889 0.04344
1 889 0.04344
1 889 0.04344
0 864 0.043456
0 864 0.043456
0 864 0.043456
1 890 0.043464
1 890 0.043464
1 890 0.043464
1 890 0.043464
0 863 0.043472
1 891 0.043488
1 891 0.043488
1 891 0.043488
1 891 0.043488
0 865 0.043504
0 865 0.043504
0 865 0.043504
1 892 0.043512
1 892 0.043512
1 892 0.043512
1 892 0.043512
0 864 0.04352
1 893 0.043536
1 893 0.043536
1 893 0.043536
1 893 0.043536
0 866 0.043552
0 866 0.043552
0 866 0.043552
1 894 0.04356
1 894 0.04356
1 894 0.04356
1 894 0.04356
0 865 0.043568
1 895 0.043584
1 895 0.043584
1 895 0.043584
1 895 0.043584
0 867 0.0436
0 867 0.0436
0 867 0.0436
1 896 0.043608
1 896 0.043608
1 896 0.043608
1 896 0.043608
0 866 0.043616
1 897 0.043632
1 897 0.043632
1 897 0.043632
1 897 0.043632
0 868 0.043648
0 868 0.043648
0 868 0.043648
1 898 0.043656
1 898 0.043656
1 898 0.043656
1 898 0.043656
0 867 0.043664
1 899 0.04368
1 899 0.04368
1 899 0.04368
1 899 0.04368
0 869 0.043696
0 869 0.043696
0 869 0.043696
1 900 0.043704
1 900 0.043704
1 900 0.043704
1 900 0.043704
0 868 0.043712
1 901 0.043728
1 901 0.043728
1 901 0.043728
1 901 0.043728
0 870 0.043744
0 870 0.043744
0 870 0.043744
1 902 0.043752
1 902 0.043752
1 902 0.043752
1 902 0.043752
0 869 0.04376
1 903 0.043776
1 903 0.043776
1 903 0.043776
1 903 0.043776
0 871 0.043792
0 871 0.043792
0 871 0.043792
1 904 0.0438
1 904 0.0438
1 904 0.0438
1 904 0.0438
0 870 0.043808
1 905 0.043824
1 905 0.043824
1 905 0.043824
1 905 0.043824
0 872 0.04384
0 872 0.04384
0 872 0.04384
1 906 0.043848
1 906 0.043848
1 906 0.043848
1 906 0.043848
0 871 0.043856
1 907 0.043872
1 907 0.043872
1 907 0.043872
1 907 0.043872
0 873 0.043888
0 873 0.043888
0 873 0.043888
1 908 0.043896
1 908 0.043896
1 908 0.043896
1 908 0.043896
0 872 0.043904
1 909 0.04392
1 909 0.04392
1 909 0.04392
1 909 0.04392
0 874 0.043936
0 874 0.043936
0 874 0.043936
1 910 0.043944
1 910 0.043944
1 910 0.043944
1 910 0.043944
0 873 0.043952
1 911 0.043968
1 911 0.043968
1 911 0.043968
1 911 0.043968
0 875 0.043984
0 875 0.043984
0 875 0.043984
1 912 0.043992
1 912 0.043992
1 912 0.043992
1 912 0.043992
0 874 0.044
1 913 0.044016
1 913 0.044016
1 913 0.044016
1 913 0.044016
0 876 0.044032
0 876 0.044032
0 876 0.044032
1 914 0.04404
1 914 0.04404
1 914 0.04404
1 914 0.04404
0 875 0.044048
1 915 0.044064
1 915 0.044064
1 915 0.044064
1 915 0.044064
0 877 0.04408
0 877 0.04408
0 877 0.04408
1 916 0.044088
1 916 0.044088
1 916 0.044088
1 916 0.044088
0 876 0.044096
1 917 0.044112
1 917 0.044112
1 917 0.044112
1 917 0.044112
0 878 0.044128
0 878 0.044128
0 878 0.044128
1 918 0.044136
1 918 0.044136
1 918 0.044136
1 918 0.044136
0 877 0.044144
1 919 0.04416
1 919 0.04416
1 919 0.04416
1 919 0.04416
0 879 0.044176
0 879 0.044176
0 879 0.044176
1 920 0.044184
1 920 0.044184
1 920 0.044184
1 920 0.044184
0 878 0.044192
1 921 0.044208
1 921 0.044208
1 921 0.044208
1 921 0.044208
0 880 0.044224
0 880 0.044224
0 880 0.044224
1 922 0.044232
1 922 0.044232
1 922 0.044232
1 922 0.044232
0 879 0.04424
1 923 0.044256
1 923 0.044256
1 923 0.044256
1 923 0.044256
0 881 0.044272
0 881 0.044272
0 881 0.044272
1 924 0.04428
1 924 0.04428
1 924 0.04428
1 924 0.04428
0 880 0.044288
1 925 0.044304
1 925 0.044304
1 925 0.044304
1 925 0.044304
0 882 0.04432
0 882 0.04432
0 882 0.04432
1 926 0.044328
1 926 0.044328
1 926 0.044328
1 926 0.044328
0 881 0.044336
1 927 0.044352
1 927 0.044352
1 927 0.044352
1 927 0.044352
0 883 0.044368
0 883 0.044368
0 883 0.044368
1 928 0.044376
1 928 0.044376
1 928 0.044376
1 928 0.044376
0 882 0.044384
1 929 0.0444
1 929 0.0444
1 929 0.0444
1 929 0.0444
0 884 0.044416
0 884 0.044416
0 884 0.044416
1 930 0.044424
1 930 0.044424
1 930 0.044424
1 930 0.044424
0 883 0.044432
1 931 0.044448
1 931 0.044448
1 931 0.044448
1 931 0.044448
0 885 0.044464
0 885 0.044464
0 885 0.044464
1 932 0.044472
1 932 0.044472
1 932 0.044472
1 932 0.044472
0 884 0.04448
1 933 0.044496
1 933 0.044496
1 933 0.044496
1 933 0.044496
0 886 0.044512
0 886 0.044512
0 886 0.044512
1 934 0.04452
1 934 0.04452
1 934 0.04452
1 934 0.04452
0 885 0.044528
1 935 0.044544
1 935 0.044544
1 935 0.044544
1 935 0.044544
0 887 0.04456
0 887 0.04456
0 887 0.04456
1 936 0.044568
1 936 0.044568
1 936 0.044568
1 936 0.044568
0 886 0.044576
1 937 0.044592
1 937 0.044592
1 937 0.044592
1 937 0.044592
0 888 0.044608
0 888 0.044608
0 888 0.044608
1 938 0.044616
1 938 0.044616
1 938 0.044616
1 938 0.044616
0 887 0.044624
1 939 0.04464
1 939 0.04464
1 939 0.04464
1 939 0.04464
0 889 0.044656
0 889 0.044656
0 889 0.044656
1 940 0.044664
1 940 0.044664
1 940 0.044664
1 940 0.044664
0 888 0.044672
1 941 0.044688
1 941 0.044688
1 941 0.044688
1 941 0.044688
0 890 0.044704
0 890 0.044704
0 890 0.044704
1 942 0.044712
1 942 0.044712
1 942 0.044712
1 942 0.044712
0 889 0.04472
1 943 0.044736
1 943 0.044736
1 943 0.044736
1 943 0.044736
0 891 0.044752
0 891 0.044752
0 891 0.044752
1 944 0.04476
1 944 0.04476
1 944 0.04476
1 944 0.04476
0 890 0.044768
1 945 0.044784
1 945 0.044784
1 945 0.044784
1 945 0.044784
0 892 0.0448
0 892 0.0448
0 892 0.0448
1 946 0.044808
1 946 0.044808
1 946 0.044808
1 946 0.044808
0 891 0.044816
1 947 0.044832
1 947 0.044832
1 947 0.044832
1 947 0.044832
0 893 0.044848
0 893 0.044848
0 893 0.044848
1 948 0.044856
1 948 0.044856
1 948 0.044856
1 948 0.044856
0 892 0.044864
1 949 0.04488
1 949 0.04488
1 949 0.04488
1 949 0.04488
0 894 0.044896
0 894 0.044896
0 894 0.044896
1 950 0.044904
1 950 0.044904
1 950 0.044904
1 950 0.044904
0 893 0.044912
1 951 0.044928
1 951 0.044928
1 951 0.044928
1 951 0.044928
0 895 0.044944
0 895 0.044944
0 895 0.044944
1 952 0.044952
1 952 0.044952
1 952 0.044952
1 952 0.044952
0 894 0.04496
1 953 0.044976
1 953 0.044976
1 953 0.044976
1 953 0.044976
0 896 0.044992
0 896 0.044992
0 896 0.044992
1 954 0.045
1 954 0.045
1 954 0.045
1 954 0.045
0 895 0.045008
1 955 0.045024
1 955 0.045024
1 955 0.045024
1 955 0.045024
0 897 0.04504
0 897 0.04504
0 897 0.04504
1 956 0.045048
1 956 0.045048
1 956 0.045048
1 956 0.045048
0 896 0.045056
1 957 0.045072
1 957 0.045072
1 957 0.045072
1 957 0.045072
0 898 0.045088
0 898 0.045088
0 898 0.045088
1 958 0.045096
1 958 0.045096
1 958 0.045096
1 958 0.045096
0 897 0.045104
1 959 0.04512
1 959 0.04512
1 959 0.04512
1 959 0.04512
0 899 0.045136
0 899 0.045136
0 899 0.045136
1 960 0.045144
1 960 0.045144
1 960 0.045144
1 960 0.045144
0 898 0.045152
1 961 0.045168
1 961 0.045168
1 961 0.045168
1 961 0.045168
0 900 0.045184
0 900 0.045184
0 900 0.045184
1 962 0.045192
1 962 0.045192
1 962 0.045192
1 962 0.045192
0 899 0.0452
1 963 0.045216
1 963 0.045216
1 963 0.045216
1 963 0.045216
0 901 0.045232
0 901 0.045232
0 901 0.045232
1 964 0.04524
1 964 0.04524
1 964 0.04524
1 964 0.04524
0 900 0.045248
1 965 0.045264
1 965 0.045264
1 965 0.045264
1 965 0.045264
0 902 0.04528
0 902 0.04528
0 902 0.04528
1 966 0.045288
1 966 0.045288
1 966 0.045288
1 966 0.045288
0 901 0.045296
1 967 0.045312
1 967 0.045312
1 967 0.045312
1 967 0.045312
0 903 0.045328
0 903 0.045328
0 903 0.045328
1 968 0.045336
1 968 0.045336
1 968 0.045336
1 968 0.045336
0 902 0.045344
1 969 0.04536
1 969 0.04536
1 969 0.04536
1 969 0.04536
0 904 0.045376
0 904 0.045376
0 904 0.045376
1 970 0.045384
1 970 0.045384
1 970 0.045384
1 970 0.045384
0 903 0.045392
1 971 0.045408
1 971 0.045408
1 971 0.045408
1 971 0.045408
0 905 0.045424
0 905 0.045424
0 905 0.045424
1 972 0.045432
1 972 0.045432
1 972 0.045432
1 972 0.045432
0 904 0.04544
1 973 0.045456
1 973 0.045456
1 973 0.045456
1 973 0.045456
0 906 0.045472
0 906 0.045472
0 906 0.045472
1 974 0.04548
1 974 0.04548
1 974 0.04548
1 974 0.04548
0 905 0.045488
1 975 0.045504
1 975 0.045504
1 975 0.045504
1 975 0.045504
0 907 0.04552
0 907 0.04552
0 907 0.04552
1 976 0.045528
1 976 0.045528
1 976 0.045528
1 976 0.045528
0 906 0.045536
1 977 0.045552
1 977 0.045552
1 977 0.045552
1 977 0.045552
0 908 0.045568
0 908 0.045568
0 908 0.045568
1 978 0.045576
1 978 0.045576
1 978 0.045576
1 978 0.045576
0 907 0.045584
1 979 0.0456
1 979 0.0456
1 979 0.0456
1 979 0.0456
0 909 0.045616
0 909 0.045616
0 909 0.045616
1 980 0.045624
1 980 0.045624
1 980 0.045624
1 980 0.045624
0 908 0.045632
1 981 0.045648
1 981 0.045648
1 981 0.045648
1 981 0.045648
0 910 0.045664
0 910 0.045664
0 910 0.045664
1 982 0.045672
1 982 0.045672
1 982 0.045672
1 982 0.045672
0 909 0.04568
1 983 0.045696
1 983 0.045696
1 983 0.045696
1 983 0.045696
0 911 0.045712
0 911 0.045712
0 911 0.045712
1 984 0.04572
1 984 0.04572
1 984 0.04572
1 984 0.04572
0 910 0.045728
1 985 0.045744
1 985 0.045744
1 985 0.045744
1 985 0.045744
0 912 0.04576
0 912 0.04576
0 912 0.04576
1 986 0.045768
1 986 0.045768
1 986 0.045768
1 986 0.045768
0 911 0.045776
1 987 0.045792
1 987 0.045792
1 987 0.045792
1 987 0.045792
0 913 0.045808
0 913 0.045808
0 913 0.045808
1 988 0.045816
1 988 0.045816
1 988 0.045816
1 988 0.045816
0 912 0.045824
1 989 0.04584
1 989 0.04584
1 989 0.04584
1 989 0.04584
0 914 0.045856
0 914 0.045856
0 914 0.045856
1 990 0.045864
1 990 0.045864
1 990 0.045864
1 990 0.045864
0 913 0.045872
1 991 0.045888
1 991 0.045888
1 991 0.045888
1 991 0.045888
0 915 0.045904
0 915 0.045904
0 915 0.045904
1 992 0.045912
1 992 0.045912
1 992 0.045912
1 992 0.045912
0 914 0.04592
1 993 0.045936
1 993 0.045936
1 993 0.045936
1 993 0.045936
0 916 0.045952
0 916 0.045952
0 916 0.045952
1 994 0.04596
1 994 0.04596
1 994 0.04596
1 994 0.04596
0 915 0.045968
1 995 0.045984
1 995 0.045984
1 995 0.045984
1 995 0.045984
0 917 0.046
0 917 0.046
0 917 0.046
1 996 0.046008
1 996 0.046008
1 996 0.046008
1 996 0.046008
0 916 0.046016
1 997 0.046032
1 997 0.046032
1 997 0.046032
1 997 0.046032
0 918 0.046048
0 918 0.046048
0 918 0.046048
1 998 0.046056
1 998 0.046056
1 998 0.046056
1 998 0.046056
0 917 0.046064
1 999 0.04608
1 999 0.04608
1 999 0.04608
1 999 0.04608
0 919 0.046096
0 919 0.046096
0 919 0.046096
1 1000 0.046104
1 1000 0.046104
1 1000 0.046104
1 1000 0.046104
0 918 0.046112
1 1001 0.046128
1 1001 0.046128
1 1001 0.046128
1 1001 0.046128
0 920 0.046144
0 920 0.046144
0 920 0.046144
1 1002 0.046152
1 1002 0.046152
1 1002 0.046152
1 1002 0.046152
0 919 0.04616
1 1003 0.046176
1 1003 0.046176
1 1003 0.046176
1 1003 0.046176
0 921 0.046192
0 921 0.046192
0 921 0.046192
1 1004 0.0462
1 1004 0.0462
1 1004 0.0462
1 1004 0.0462
0 920 0.046208
1 1005 0.046224
1 1005 0.046224
1 1005 0.046224
1 1005 0.046224
0 922 0.04624
0 922 0.04624
0 922 0.04624
1 1006 0.046248
1 1006 0.046248
1 1006 0.046248
1 1006 0.046248
0 921 0.046256
1 1007 0.046272
1 1007 0.046272
1 1007 0.046272
1 1007 0.046272
0 923 0.046288
0 923 0.046288
0 923 0.046288
1 1008 0.046296
1 1008 0.046296
1 1008 0.046296
1 1008 0.046296
0 922 0.046304
1 1009 0.04632
1 1009 0.04632
1 1009 0.04632
1 1009 0.04632
0 924 0.046336
0 924 0.046336
0 924 0.046336
1 1010 0.046344
1 1010 0.046344
1 1010 0.046344
1 1010 0.046344
0 923 0.046352
1 1011 0.046368
1 1011 0.046368
1 1011 0.046368
1 1011 0.046368
0 925 0.046384
0 925 0.046384
0 925 0.046384
1 1012 0.046392
1 1012 0.046392
1 1012 0.046392
1 1012 0.046392
0 924 0.0464
1 1013 0.046416
1 1013 0.046416
1 1013 0.046416
1 1013 0.046416
0 926 0.046432
0 926 0.046432
0 926 0.046432
1 1014 0.04644
1 1014 0.04644
1 1014 0.04644
1 1014 0.04644
0 925 0.046448
1 1015 0.046464
1 1015 0.046464
1 1015 0.046464
1 1015 0.046464
0 927 0.04648
0 927 0.04648
0 927 0.04648
1 1016 0.046488
1 1016 0.046488
1 1016 0.046488
1 1016 0.046488
0 926 0.046496
1 1017 0.046512
1 1017 0.046512
1 1017 0.046512
1 1017 0.046512
0 928 0.046528
0 928 0.046528
0 928 0.046528
1 1018 0.046536
1 1018 0.046536
1 1018 0.046536
1 1018 0.046536
0 927 0.046544
1 1019 0.04656
1 1019 0.04656
1 1019 0.04656
1 1019 0.04656
0 929 0.046576
0 929 0.046576
0 929 0.046576
0 928 0.046592
0 930 0.046624
0 930 0.046624
0 930 0.046624
0 929 0.04664
0 931 0.046672
0 931 0.046672
0 931 0.046672
0 930 0.046688
0 932 0.04672
0 932 0.04672
0 932 0.04672
0 931 0.046736
0 933 0.046768
0 933 0.046768
0 933 0.046768
0 932 0.046784
0 934 0.046816
0 934 0.046816
0 934 0.046816
0 933 0.046832
0 935 0.046864
0 935 0.046864
0 935 0.046864
0 934 0.04688
0 936 0.046912
0 936 0.046912
0 936 0.046912
0 935 0.046928
0 937 0.04696
0 937 0.04696
0 937 0.04696
0 936 0.046976
0 938 0.047008
0 938 0.047008
0 938 0.047008
0 937 0.047024
0 939 0.047056
0 939 0.047056
0 939 0.047056
0 938 0.047072
0 940 0.047104
0 940 0.047104
0 940 0.047104
0 939 0.04712
0 941 0.047152
0 941 0.047152
0 941 0.047152
0 940 0.047168
0 942 0.0472
0 942 0.0472
0 942 0.0472
0 941 0.047216
0 943 0.047248
0 943 0.047248
0 943 0.047248
0 942 0.047264
0 944 0.047296
0 944 0.047296
0 944 0.047296
0 943 0.047312
0 945 0.047344
0 945 0.047344
0 945 0.047344
0 944 0.04736
0 946 0.047392
0 946 0.047392
0 946 0.047392
0 945 0.047408
0 947 0.04744
0 947 0.04744
0 947 0.04744
0 946 0.047456
0 948 0.047488
0 948 0.047488
0 948 0.047488
0 947 0.047504
0 949 0.047536
0 949 0.047536
0 949 0.047536
0 948 0.047552
0 950 0.047584
0 950 0.047584
0 950 0.047584
0 949 0.0476
0 951 0.047632
0 951 0.047632
0 951 0.047632
0 950 0.047648
0 952 0.04768
0 952 0.04768
0 952 0.04768
0 951 0.047696
0 953 0.047728
0 953 0.047728
0 953 0.047728
0 952 0.047744
0 954 0.047776
0 954 0.047776
0 954 0.047776
0 953 0.047792
0 955 0.047824
0 955 0.047824
0 955 0.047824
0 954 0.04784
0 956 0.047872
0 956 0.047872
0 956 0.047872
0 955 0.047888
0 957 0.04792
0 957 0.04792
0 957 0.04792
0 956 0.047936
0 958 0.047968
0 958 0.047968
0 958 0.047968
0 957 0.047984
0 959 0.048016
0 959 0.048016
0 959 0.048016
0 958 0.048032
0 960 0.048064
0 960 0.048064
0 960 0.048064
0 959 0.04808
0 961 0.048112
0 961 0.048112
0 961 0.048112
0 960 0.048128
0 962 0.04816
0 962 0.04816
0 962 0.04816
0 961 0.048176
0 963 0.048208
0 963 0.048208
0 963 0.048208
0 962 0.048224
0 964 0.048256
0 964 0.048256
0 964 0.048256
0 963 0.048272
0 965 0.048304
0 965 0.048304
0 965 0.048304
0 964 0.04832
0 966 0.048352
0 966 0.048352
0 966 0.048352
0 965 0.048368
0 967 0.0484
0 967 0.0484
0 967 0.0484
0 966 0.048416
0 968 0.048448
0 968 0.048448
0 968 0.048448
0 967 0.048464
0 969 0.048496
0 969 0.048496
0 969 0.048496
0 968 0.048512
0 970 0.048544
0 970 0.048544
0 970 0.048544
0 969 0.04856
0 971 0.048592
0 971 0.048592
0 971 0.048592
0 970 0.048608
0 972 0.04864
0 972 0.04864
0 972 0.04864
0 971 0.048656
0 973 0.048688
0 973 0.048688
0 973 0.048688
0 972 0.048704
0 974 0.048736
0 974 0.048736
0 974 0.048736
0 973 0.048752
0 975 0.048784
0 975 0.048784
0 975 0.048784
0 974 0.0488
0 976 0.048832
0 976 0.048832
0 976 0.048832
0 975 0.048848
0 977 0.04888
0 977 0.04888
0 977 0.04888
0 976 0.048896
0 978 0.048928
0 978 0.048928
0 978 0.048928
0 977 0.048944
0 979 0.048976
0 979 0.048976
0 979 0.048976
0 978 0.048992
0 980 0.049024
0 980 0.049024
0 980 0.049024
0 979 0.04904
0 981 0.049072
0 981 0.049072
0 981 0.049072
0 980 0.049088
0 982 0.04912
0 982 0.04912
0 982 0.04912
0 981 0.049136
0 983 0.049168
0 983 0.049168
0 983 0.049168
0 982 0.049184
0 984 0.049216
0 984 0.049216
0 984 0.049216
0 983 0.049232
0 985 0.049264
0 985 0.049264
0 985 0.049264
0 984 0.04928
0 986 0.049312
0 986 0.049312
0 986 0.049312
0 985 0.049328
0 987 0.04936
0 987 0.04936
0 987 0.04936
0 986 0.049376
0 988 0.049408
0 988 0.049408
0 988 0.049408
0 987 0.049424
0 989 0.049456
0 989 0.049456
0 989 0.049456
0 988 0.049472
0 990 0.049504
0 990 0.049504
0 990 0.049504
0 989 0.04952
0 991 0.049552
0 991 0.049552
0 991 0.049552
0 990 0.049568
0 992 0.0496
0 992 0.0496
0 992 0.0496
0 991 0.049616
0 993 0.049648
0 993 0.049648
0 993 0.049648
0 992 0.049664
0 994 0.049696
0 994 0.049696
0 994 0.049696
0 993 0.049712
0 995 0.049744
0 995 0.049744
0 995 0.049744
0 994 0.04976
0 996 0.049792
0 996 0.049792
0 996 0.049792
0 995 0.049808
0 997 0.04984
0 997 0.04984
0 997 0.04984
0 996 0.049856
0 998 0.049888
0 998 0.049888
0 998 0.049888
0 997 0.049904
0 999 0.049936
0 999 0.049936
0 999 0.049936
0 998 0.049952
0 1000 0.049984
0 1000 0.049984
0 1000 0.049984
0 999 0.05
0 1001 0.050032
0 1001 0.050032
0 1001 0.050032
0 1000 0.050048
0 1002 0.05008
0 1002 0.05008
0 1002 0.05008
0 1001 0.050096
0 1003 0.050128
0 1003 0.050128
0 1003 0.050128
0 1002 0.050144
0 1004 0.050176
0 1004 0.050176
0 1004 0.050176
0 1003 0.050192
0 1005 0.050224
0 1005 0.050224
0 1005 0.050224
0 1004 0.05024
0 1006 0.050272
0 1006 0.050272
0 1006 0.050272
0 1005 0.050288
0 1007 0.05032
0 1007 0.05032
0 1007 0.05032
0 1006 0.050336
0 1008 0.050368
0 1008 0.050368
0 1008 0.050368
0 1007 0.050384
0 1009 0.050416
0 1009 0.050416
0 1009 0.050416
0 1008 0.050432
0 1010 0.050464
0 1010 0.050464
0 1010 0.050464
0 1009 0.05048
0 1011 0.050512
0 1011 0.050512
0 1011 0.050512
0 1010 0.050528
0 1012 0.05056
0 1012 0.05056
0 1012 0.05056
0 1011 0.050576
1 1020 0.0506
1 1020 0.0506
1 1020 0.0506
1 1020 0.0506
0 1013 0.050608
0 1013 0.050608
0 1013 0.050608
0 1012 0.050624
1 1021 0.050624
1 1021 0.050624
1 1021 0.050624
1 1021 0.050624
1 1022 0.050648
1 1022 0.050648
1 1022 0.050648
1 1022 0.050648
0 1014 0.050656
0 1014 0.050656
0 1014 0.050656
0 1013 0.050672
1 1023 0.050672
1 1023 0.050672
1 1023 0.050672
1 1023 0.050672
1 1024 0.050696
1 1024 0.050696
1 1024 0.050696
1 1024 0.050696
0 1015 0.050704
0 1015 0.050704
0 1015 0.050704
0 1014 0.05072
1 1025 0.05072
1 1025 0.05072
1 1025 0.05072
1 1025 0.05072
1 1026 0.050744
1 1026 0.050744
1 1026 0.050744
1 1026 0.050744
0 1016 0.050752
0 1016 0.050752
0 1016 0.050752
0 1015 0.050768
1 1027 0.050768
1 1027 0.050768
1 1027 0.050768
1 1027 0.050768
1 1028 0.050792
1 1028 0.050792
1 1028 0.050792
1 1028 0.050792
0 1017 0.0508
0 1017 0.0508
0 1017 0.0508
0 1016 0.050816
1 1029 0.050816
1 1029 0.050816
1 1029 0.050816
1 1029 0.050816
1 1030 0.05084
1 1030 0.05084
1 1030 0.05084
1 1030 0.05084
0 1018 0.050848
0 1018 0.050848
0 1018 0.050848
0 1017 0.050864
1 1031 0.050864
1 1031 0.050864
1 1031 0.050864
1 1031 0.050864
1 1032 0.050888
1 1032 0.050888
1 1032 0.050888
1 1032 0.050888
0 1019 0.050896
0 1019 0.050896
0 1019 0.050896
0 1018 0.050912
1 1033 0.050912
1 1033 0.050912
1 1033 0.050912
1 1033 0.050912
1 1034 0.050936
1 1034 0.050936
1 1034 0.050936
1 1034 0.050936
0 1020 0.050944
0 1020 0.050944
0 1020 0.050944
0 1019 0.05096
1 1035 0.05096
1 1035 0.05096
1 1035 0.05096
1 1035 0.05096
1 1036 0.050984
1 1036 0.050984
1 1036 0.050984
1 1036 0.050984
0 1021 0.050992
0 1021 0.050992
0 1021 0.050992
0 1020 0.051008
1 1037 0.051008
1 1037 0.051008
1 1037 0.051008
1 1037 0.051008
1 1038 0.051032
1 1038 0.051032
1 1038 0.051032
1 1038 0.051032
0 1022 0.05104
0 1022 0.05104
0 1022 0.05104
0 1021 0.051056
1 1039 0.051056
1 1039 0.051056
1 1039 0.051056
1 1039 0.051056
1 1040 0.05108
1 1040 0.05108
1 1040 0.05108
1 1040 0.05108
0 1023 0.051088
0 1023 0.051088
0 1023 0.051088
0 1022 0.051104
1 1041 0.051104
1 1041 0.051104
1 1041 0.051104
1 1041 0.051104
1 1042 0.051128
1 1042 0.051128
1 1042 0.051128
1 1042 0.051128
0 1024 0.051136
0 1024 0.051136
0 1024 0.051136
0 1023 0.051152
1 1043 0.051152
1 1043 0.051152
1 1043 0.051152
1 1043 0.051152
1 1044 0.051176
1 1044 0.051176
1 1044 0.051176
1 1044 0.051176
0 1025 0.051184
0 1025 0.051184
0 1025 0.051184
0 1024 0.0512
1 1045 0.0512
1 1045 0.0512
1 1045 0.0512
1 1045 0.0512
1 1046 0.051224
1 1046 0.051224
1 1046 0.051224
1 1046 0.051224
0 1026 0.051232
0 1026 0.051232
0 1026 0.051232
0 1025 0.051248
1 1047 0.051248
1 1047 0.051248
1 1047 0.051248
1 1047 0.051248
1 1048 0.051272
1 1048 0.051272
1 1048 0.051272
1 1048 0.051272
0 1027 0.05128
0 1027 0.05128
0 1027 0.05128
0 1026 0.051296
1 1049 0.051296
1 1049 0.051296
1 1049 0.051296
1 1049 0.051296
1 1050 0.05132
1 1050 0.05132
1 1050 0.05132
1 1050 0.05132
0 1028 0.051328
0 1028 0.051328
0 1028 0.051328
0 1027 0.051344
1 1051 0.051344
1 1051 0.051344
1 1051 0.051344
1 1051 0.051344
1 1052 0.051368
1 1052 0.051368
1 1052 0.051368
1 1052 0.051368
0 1029 0.051376
0 1029 0.051376
0 1029 0.051376
0 1028 0.051392
1 1053 0.051392
1 1053 0.051392
1 1053 0.051392
1 1053 0.051392
1 1054 0.051416
1 1054 0.051416
1 1054 0.051416
1 1054 0.051416
0 1030 0.051424
0 1030 0.051424
0 1030 0.051424
0 1029 0.05144
1 1055 0.05144
1 1055 0.05144
1 1055 0.05144
1 1055 0.05144
1 1056 0.051464
1 1056 0.051464
1 1056 0.051464
1 1056 0.051464
0 1031 0.051472
0 1031 0.051472
0 1031 0.051472
0 1030 0.051488
1 1057 0.051488
1 1057 0.051488
1 1057 0.051488
1 1057 0.051488
1 1058 0.051512
1 1058 0.051512
1 1058 0.051512
1 1058 0.051512
0 1032 0.05152
0 1032 0.05152
0 1032 0.05152
0 1031 0.051536
1 1059 0.051536
1 1059 0.051536
1 1059 0.051536
1 1059 0.051536
1 1060 0.05156
1 1060 0.05156
1 1060 0.05156
1 1060 0.05156
0 1033 0.051568
0 1033 0.051568
0 1033 0.051568
0 1032 0.051584
1 1061 0.051584
1 1061 0.051584
1 1061 0.051584
1 1061 0.051584
1 1062 0.051608
1 1062 0.051608
1 1062 0.051608
1 1062 0.051608
0 1034 0.051616
0 1034 0.051616
0 1034 0.051616
0 1033 0.051632
1 1063 0.051632
1 1063 0.051632
1 1063 0.051632
1 1063 0.051632
1 1064 0.051656
1 1064 0.051656
1 1064 0.051656
1 1064 0.051656
0 1035 0.051664
0 1035 0.051664
0 1035 0.051664
0 1034 0.05168
1 1065 0.05168
1 1065 0.05168
1 1065 0.05168
1 1065 0.05168
1 1066 0.051704
1 1066 0.051704
1 1066 0.051704
1 1066 0.051704
0 1036 0.051712
0 1036 0.051712
0 1036 0.051712
0 1035 0.051728
1 1067 0.051728
1 1067 0.051728
1 1067 0.051728
1 1067 0.051728
1 1068 0.051752
1 1068 0.051752
1 1068 0.051752
1 1068 0.051752
0 1037 0.05176
0 1037 0.05176
0 1037 0.05176
0 1036 0.051776
1 1069 0.051776
1 1069 0.051776
1 1069 0.051776
1 1069 0.051776
1 1070 0.0518
1 1070 0.0518
1 1070 0.0518
1 1070 0.0518
0 1038 0.051808
0 1038 0.051808
0 1038 0.051808
0 1037 0.051824
1 1071 0.051824
1 1071 0.051824
1 1071 0.051824
1 1071 0.051824
1 1072 0.051848
1 1072 0.051848
1 1072 0.051848
1 1072 0.051848
0 1039 0.051856
0 1039 0.051856
0 1039 0.051856
0 1038 0.051872
1 1073 0.051872
1 1073 0.051872
1 1073 0.051872
1 1073 0.051872
1 1074 0.051896
1 1074 0.051896
1 1074 0.051896
1 1074 0.051896
0 1040 0.051904
0 1040 0.051904
0 1040 0.051904
0 1039 0.05192
1 1075 0.05192
1 1075 0.05192
1 1075 0.05192
1 1075 0.05192
1 1076 0.051944
1 1076 0.051944
1 1076 0.051944
1 1076 0.051944
0 1041 0.051952
0 1041 0.051952
0 1041 0.051952
0 1040 0.051968
1 1077 0.051968
1 1077 0.051968
1 1077 0.051968
1 1077 0.051968
1 1078 0.051992
1 1078 0.051992
1 1078 0.051992
1 1078 0.051992
0 1042 0.052
0 1042 0.052
0 1042 0.052
0 1041 0.052016
1 1079 0.052016
1 1079 0.052016
1 1079 0.052016
1 1079 0.052016
1 1080 0.05204
1 1080 0.05204
1 1080 0.05204
1 1080 0.05204
0 1043 0.052048
0 1043 0.052048
0 1043 0.052048
0 1042 0.052064
1 1081 0.052064
1 1081 0.052064
1 1081 0.052064
1 1081 0.052064
1 1082 0.052088
1 1082 0.052088
1 1082 0.052088
1 1082 0.052088
0 1044 0.052096
0 1044 0.052096
0 1044 0.052096
0 1043 0.052112
1 1083 0.052112
1 1083 0.052112
1 1083 0.052112
1 1083 0.052112
1 1084 0.052136
1 1084 0.052136
1 1084 0.052136
1 1084 0.052136
0 1045 0.052144
0 1045 0.052144
0 1045 0.052144
0 1044 0.05216
1 1085 0.05216
1 1085 0.05216
1 1085 0.05216
1 1085 0.05216
1 1086 0.052184
1 1086 0.052184
1 1086 0.052184
1 1086 0.052184
0 1046 0.052192
0 1046 0.052192
0 1046 0.052192
0 1045 0.052208
1 1087 0.052208
1 1087 0.052208
1 1087 0.052208
1 1087 0.052208
1 1088 0.052232
1 1088 0.052232
1 1088 0.052232
1 1088 0.052232
0 1047 0.05224
0 1047 0.05224
0 1047 0.05224
0 1046 0.052256
1 1089 0.052256
1 1089 0.052256
1 1089 0.052256
1 1089 0.052256
1 1090 0.05228
1 1090 0.05228
1 1090 0.05228
1 1090 0.05228
0 1048 0.052288
0 1048 0.052288
0 1048 0.052288
0 1047 0.052304
1 1091 0.052304
1 1091 0.052304
1 1091 0.052304
1 1091 0.052304
1 1092 0.052328
1 1092 0.052328
1 1092 0.052328
1 1092 0.052328
0 1049 0.052336
0 1049 0.052336
0 1049 0.052336
0 1048 0.052352
1 1093 0.052352
1 1093 0.052352
1 1093 0.052352
1 1093 0.052352
1 1094 0.052376
1 1094 0.052376
1 1094 0.052376
1 1094 0.052376
0 1050 0.052384
0 1050 0.052384
0 1050 0.052384
0 1049 0.0524
1 1095 0.0524
1 1095 0.0524
1 1095 0.0524
1 1095 0.0524
1 1096 0.052424
1 1096 0.052424
1 1096 0.052424
1 1096 0.052424
0 1051 0.052432
0 1051 0.052432
0 1051 0.052432
0 1050 0.052448
1 1097 0.052448
1 1097 0.052448
1 1097 0.052448
1 1097 0.052448
1 1098 0.052472
1 1098 0.052472
1 1098 0.052472
1 1098 0.052472
0 1052 0.05248
0 1052 0.05248
0 1052 0.05248
0 1051 0.052496
1 1099 0.052496
1 1099 0.052496
1 1099 0.052496
1 1099 0.052496
1 1100 0.05252
1 1100 0.05252
1 1100 0.05252
1 1100 0.05252
0 1053 0.052528
0 1053 0.052528
0 1053 0.052528
0 1052 0.052544
1 1101 0.052544
1 1101 0.052544
1 1101 0.052544
1 1101 0.052544
1 1102 0.052568
1 1102 0.052568
1 1102 0.052568
1 1102 0.052568
0 1054 0.052576
0 1054 0.052576
0 1054 0.052576
0 1053 0.052592
1 1103 0.052592
1 1103 0.052592
1 1103 0.052592
1 1103 0.052592
1 1104 0.052616
1 1104 0.052616
1 1104 0.052616
1 1104 0.052616
0 1055 0.052624
0 1055 0.052624
0 1055 0.052624
0 1054 0.05264
1 1105 0.05264
1 1105 0.05264
1 1105 0.05264
1 1105 0.05264
1 1106 0.052664
1 1106 0.052664
1 1106 0.052664
1 1106 0.052664
0 1056 0.052672
0 1056 0.052672
0 1056 0.052672
0 1055 0.052688
1 1107 0.052688
1 1107 0.052688
1 1107 0.052688
1 1107 0.052688
1 1108 0.052712
1 1108 0.052712
1 1108 0.052712
1 1108 0.052712
0 1057 0.05272
0 1057 0.05272
0 1057 0.05272
0 1056 0.052736
1 1109 0.052736
1 1109 0.052736
1 1109 0.052736
1 1109 0.052736
1 1110 0.05276
1 1110 0.05276
1 1110 0.05276
1 1110 0.05276
0 1058 0.052768
0 1058 0.052768
0 1058 0.052768
0 1057 0.052784
1 1111 0.052784
1 1111 0.052784
1 1111 0.052784
1 1111 0.052784
1 1112 0.052808
1 1112 0.052808
1 1112 0.052808
1 1112 0.052808
0 1059 0.052816
0 1059 0.052816
0 1059 0.052816
0 1058 0.052832
1 1113 0.052832
1 1113 0.052832
1 1113 0.052832
1 1113 0.052832
1 1114 0.052856
1 1114 0.052856
1 1114 0.052856
1 1114 0.052856
0 1060 0.052864
0 1060 0.052864
0 1060 0.052864
0 1059 0.05288
1 1115 0.05288
1 1115 0.05288
1 1115 0.05288
1 1115 0.05288
1 1116 0.052904
1 1116 0.052904
1 1116 0.052904
1 1116 0.052904
0 1061 0.052912
0 1061 0.052912
0 1061 0.052912
0 1060 0.052928
1 1117 0.052928
1 1117 0.052928
1 1117 0.052928
1 1117 0.052928
1 1118 0.052952
1 1118 0.052952
1 1118 0.052952
1 1118 0.052952
0 1062 0.05296
0 1062 0.05296
0 1062 0.05296
0 1061 0.052976
1 1119 0.052976
1 1119 0.052976
1 1119 0.052976
1 1119 0.052976
1 1120 0.053
1 1120 0.053
1 1120 0.053
1 1120 0.053
0 1063 0.053008
0 1063 0.053008
0 1063 0.053008
0 1062 0.053024
1 1121 0.053024
1 1121 0.053024
1 1121 0.053024
1 1121 0.053024
1 1122 0.053048
1 1122 0.053048
1 1122 0.053048
1 1122 0.053048
0 1064 0.053056
0 1064 0.053056
0 1064 0.053056
0 1063 0.053072
1 1123 0.053072
1 1123 0.053072
1 1123 0.053072
1 1123 0.053072
1 1124 0.053096
1 1124 0.053096
1 1124 0.053096
1 1124 0.053096
0 1065 0.053104
0 1065 0.053104
0 1065 0.053104
0 1064 0.05312
1 1125 0.05312
1 1125 0.05312
1 1125 0.05312
1 1125 0.05312
1 1126 0.053144
1 1126 0.053144
1 1126 0.053144
1 1126 0.053144
0 1066 0.053152
0 1066 0.053152
0 1066 0.053152
0 1065 0.053168
1 1127 0.053168
1 1127 0.053168
1 1127 0.053168
1 1127 0.053168
1 1128 0.053192
1 1128 0.053192
1 1128 0.053192
1 1128 0.053192
0 1067 0.0532
0 1067 0.0532
0 1067 0.0532
0 1066 0.053216
1 1129 0.053216
1 1129 0.053216
1 1129 0.053216
1 1129 0.053216
1 1130 0.05324
1 1130 0.05324
1 1130 0.05324
1 1130 0.05324
0 1068 0.053248
0 1068 0.053248
0 1068 0.053248
0 1067 0.053264
1 1131 0.053264
1 1131 0.053264
1 1131 0.053264
1 1131 0.053264
1 1132 0.053288
1 1132 0.053288
1 1132 0.053288
1 1132 0.053288
0 1069 0.053296
0 1069 0.053296
0 1069 0.053296
0 1068 0.053312
1 1133 0.053312
1 1133 0.053312
1 1133 0.053312
1 1133 0.053312
1 1134 0.053336
1 1134 0.053336
1 1134 0.053336
1 1134 0.053336
0 1070 0.053344
0 1070 0.053344
0 1070 0.053344
0 1069 0.05336
1 1135 0.05336
1 1135 0.05336
1 1135 0.05336
1 1135 0.05336
1 1136 0.053384
1 1136 0.053384
1 1136 0.053384
1 1136 0.053384
0 1071 0.053392
0 1071 0.053392
0 1071 0.053392
0 1070 0.053408
1 1137 0.053408
1 1137 0.053408
1 1137 0.053408
1 1137 0.053408
1 1138 0.053432
1 1138 0.053432
1 1138 0.053432
1 1138 0.053432
0 1072 0.05344
0 1072 0.05344
0 1072 0.05344
0 1071 0.053456
1 1139 0.053456
1 1139 0.053456
1 1139 0.053456
1 1139 0.053456
1 1140 0.05348
1 1140 0.05348
1 1140 0.05348
1 1140 0.05348
0 1073 0.053488
0 1073 0.053488
0 1073 0.053488
0 1072 0.053504
1 1141 0.053504
1 1141 0.053504
1 1141 0.053504
1 1141 0.053504
1 1142 0.053528
1 1142 0.053528
1 1142 0.053528
1 1142 0.053528
0 1074 0.053536
0 1074 0.053536
0 1074 0.053536
0 1073 0.053552
1 1143 0.053552
1 1143 0.053552
1 1143 0.053552
1 1143 0.053552
1 1144 0.053576
1 1144 0.053576
1 1144 0.053576
1 1144 0.053576
0 1075 0.053584
0 1075 0.053584
0 1075 0.053584
0 1074 0.0536
1 1145 0.0536
1 1145 0.0536
1 1145 0.0536
1 1145 0.0536
1 1146 0.053624
1 1146 0.053624
1 1146 0.053624
1 1146 0.053624
0 1076 0.053632
0 1076 0.053632
0 1076 0.053632
0 1075 0.053648
1 1147 0.053648
1 1147 0.053648
1 1147 0.053648
1 1147 0.053648
1 1148 0.053672
1 1148 0.053672
1 1148 0.053672
1 1148 0.053672
0 1077 0.05368
0 1077 0.05368
0 1077 0.05368
0 1076 0.053696
1 1149 0.053696
1 1149 0.053696
1 1149 0.053696
1 1149 0.053696
1 1150 0.05372
1 1150 0.05372
1 1150 0.05372
1 1150 0.05372
0 1078 0.053728
0 1078 0.053728
0 1078 0.053728
0 1077 0.053744
1 1151 0.053744
1 1151 0.053744
1 1151 0.053744
1 1151 0.053744
1 1152 0.053768
1 1152 0.053768
1 1152 0.053768
1 1152 0.053768
0 1079 0.053776
0 1079 0.053776
0 1079 0.053776
0 1078 0.053792
1 1153 0.053792
1 1153 0.053792
1 1153 0.053792
1 1153 0.053792
1 1154 0.053816
1 1154 0.053816
1 1154 0.053816
1 1154 0.053816
0 1080 0.053824
0 1080 0.053824
0 1080 0.053824
0 1079 0.05384
1 1155 0.05384
1 1155 0.05384
1 1155 0.05384
1 1155 0.05384
1 1156 0.053864
1 1156 0.053864
1 1156 0.053864
1 1156 0.053864
0 1081 0.053872
0 1081 0.053872
0 1081 0.053872
0 1080 0.053888
1 1157 0.053888
1 1157 0.053888
1 1157 0.053888
1 1157 0.053888
1 1158 0.053912
1 1158 0.053912
1 1158 0.053912
1 1158 0.053912
0 1082 0.05392
0 1082 0.05392
0 1082 0.05392
0 1081 0.053936
1 1159 0.053936
1 1159 0.053936
1 1159 0.053936
1 1159 0.053936
1 1160 0.05396
1 1160 0.05396
1 1160 0.05396
1 1160 0.05396
0 1083 0.053968
0 1083 0.053968
0 1083 0.053968
0 1082 0.053984
1 1161 0.053984
1 1161 0.053984
1 1161 0.053984
1 1161 0.053984
1 1162 0.054008
1 1162 0.054008
1 1162 0.054008
1 1162 0.054008
0 1084 0.054016
0 1084 0.054016
0 1084 0.054016
0 1083 0.054032
1 1163 0.054032
1 1163 0.054032
1 1163 0.054032
1 1163 0.054032
1 1164 0.054056
1 1164 0.054056
1 1164 0.054056
1 1164 0.054056
0 1085 0.054064
0 1085 0.054064
0 1085 0.054064
0 1084 0.05408
1 1165 0.05408
1 1165 0.05408
1 1165 0.05408
1 1165 0.05408
1 1166 0.054104
1 1166 0.054104
1 1166 0.054104
1 1166 0.054104
0 1086 0.054112
0 1086 0.054112
0 1086 0.054112
0 1085 0.054128
1 1167 0.054128
1 1167 0.054128
1 1167 0.054128
1 1167 0.054128
1 1168 0.054152
1 1168 0.054152
1 1168 0.054152
1 1168 0.054152
0 1087 0.05416
0 1087 0.05416
0 1087 0.05416
0 1086 0.054176
1 1169 0.054176
1 1169 0.054176
1 1169 0.054176
1 1169 0.054176
1 1170 0.0542
1 1170 0.0542
1 1170 0.0542
1 1170 0.0542
0 1088 0.054208
0 1088 0.054208
0 1088 0.054208
0 1087 0.054224
1 1171 0.054224
1 1171 0.054224
1 1171 0.054224
1 1171 0.054224
1 1172 0.054248
1 1172 0.054248
1 1172 0.054248
1 1172 0.054248
0 1089 0.054256
0 1089 0.054256
0 1089 0.054256
0 1088 0.054272
1 1173 0.054272
1 1173 0.054272
1 1173 0.054272
1 1173 0.054272
1 1174 0.054296
1 1174 0.054296
1 1174 0.054296
1 1174 0.054296
0 1090 0.054304
0 1090 0.054304
0 1090 0.054304
0 1089 0.05432
1 1175 0.05432
1 1175 0.05432
1 1175 0.05432
1 1175 0.05432
1 1176 0.054344
1 1176 0.054344
1 1176 0.054344
1 1176 0.054344
0 1091 0.054352
0 1091 0.054352
0 1091 0.054352
0 1090 0.054368
1 1177 0.054368
1 1177 0.054368
1 1177 0.054368
1 1177 0.054368
1 1178 0.054392
1 1178 0.054392
1 1178 0.054392
1 1178 0.054392
0 1092 0.0544
0 1092 0.0544
0 1092 0.0544
0 1091 0.054416
1 1179 0.054416
1 1179 0.054416
1 1179 0.054416
1 1179 0.054416
1 1180 0.05444
1 1180 0.05444
1 1180 0.05444
1 1180 0.05444
0 1093 0.054448
0 1093 0.054448
0 1093 0.054448
0 1092 0.054464
1 1181 0.054464
1 1181 0.054464
1 1181 0.054464
1 1181 0.054464
1 1182 0.054488
1 1182 0.054488
1 1182 0.054488
1 1182 0.054488
0 1094 0.054496
0 1094 0.054496
0 1094 0.054496
0 1093 0.054512
1 1183 0.054512
1 1183 0.054512
1 1183 0.054512
1 1183 0.054512
1 1184 0.054536
1 1184 0.054536
1 1184 0.054536
1 1184 0.054536
0 1095 0.054544
0 1095 0.054544
0 1095 0.054544
0 1094 0.05456
1 1185 0.05456
1 1185 0.05456
1 1185 0.05456
1 1185 0.05456
1 1186 0.054584
1 1186 0.054584
1 1186 0.054584
1 1186 0.054584
0 1096 0.054592
0 1096 0.054592
0 1096 0.054592
0 1095 0.054608
1 1187 0.054608
1 1187 0.054608
1 1187 0.054608
1 1187 0.054608
1 1188 0.054632
1 1188 0.054632
1 1188 0.054632
1 1188 0.054632
0 1097 0.05464
0 1097 0.05464
0 1097 0.05464
0 1096 0.054656
1 1189 0.054656
1 1189 0.054656
1 1189 0.054656
1 1189 0.054656
0 1098 0.054688
0 1098 0.054688
0 1098 0.054688
0 1097 0.054704
0 1099 0.054736
0 1099 0.054736
0 1099 0.054736
0 1098 0.054752
0 1100 0.054784
0 1100 0.054784
0 1100 0.054784
0 1099 0.0548
0 1101 0.054832
0 1101 0.054832
0 1101 0.054832
0 1100 0.054848
0 1102 0.05488
0 1102 0.05488
0 1102 0.05488
0 1101 0.054896
0 1103 0.054928
0 1103 0.054928
0 1103 0.054928
0 1102 0.054944
0 1104 0.054976
0 1104 0.054976
0 1104 0.054976
0 1103 0.054992
0 1105 0.055024
0 1105 0.055024
0 1105 0.055024
0 1104 0.05504
0 1106 0.055072
0 1106 0.055072
0 1106 0.055072
0 1105 0.055088
0 1107 0.05512
0 1107 0.05512
0 1107 0.05512
0 1106 0.055136
0 1108 0.055168
0 1108 0.055168
0 1108 0.055168
0 1107 0.055184
0 1109 0.055216
0 1109 0.055216
0 1109 0.055216
0 1108 0.055232
0 1110 0.055264
0 1110 0.055264
0 1110 0.055264
0 1109 0.05528
0 1111 0.055312
0 1111 0.055312
0 1111 0.055312
0 1110 0.055328
0 1112 0.05536
0 1112 0.05536
0 1112 0.05536
0 1111 0.055376
0 1113 0.055408
0 1113 0.055408
0 1113 0.055408
0 1112 0.055424
0 1114 0.055456
0 1114 0.055456
0 1114 0.055456
0 1113 0.055472
0 1115 0.055504
0 1115 0.055504
0 1115 0.055504
0 1114 0.05552
0 1116 0.055552
0 1116 0.055552
0 1116 0.055552
0 1115 0.055568
0 1117 0.0556
0 1117 0.0556
0 1117 0.0556
0 1116 0.055616
0 1118 0.055648
0 1118 0.055648
0 1118 0.055648
0 1117 0.055664
0 1119 0.055696
0 1119 0.055696
0 1119 0.055696
0 1118 0.055712
0 1120 0.055744
0 1120 0.055744
0 1120 0.055744
0 1119 0.05576
0 1121 0.055792
0 1121 0.055792
0 1121 0.055792
0 1120 0.055808
0 1122 0.05584
0 1122 0.05584
0 1122 0.05584
0 1121 0.055856
0 1123 0.055888
0 1123 0.055888
0 1123 0.055888
0 1122 0.055904
0 1124 0.055936
0 1124 0.055936
0 1124 0.055936
0 1123 0.055952
0 1125 0.055984
0 1125 0.055984
0 1125 0.055984
0 1124 0.056
0 1126 0.056032
0 1126 0.056032
0 1126 0.056032
0 1125 0.056048
0 1127 0.05608
0 1127 0.05608
0 1127 0.05608
0 1126 0.056096
0 1128 0.056128
0 1128 0.056128
0 1128 0.056128
0 1127 0.056144
0 1129 0.056176
0 1129 0.056176
0 1129 0.056176
0 1128 0.056192
0 1130 0.056224
0 1130 0.056224
0 1130 0.056224
0 1129 0.05624
0 1131 0.056272
0 1131 0.056272
0 1131 0.056272
0 1130 0.056288
0 1132 0.05632
0 1132 0.05632
0 1132 0.05632
0 1131 0.056336
0 1133 0.056368
0 1133 0.056368
0 1133 0.056368
0 1132 0.056384
0 1134 0.056416
0 1134 0.056416
0 1134 0.056416
0 1133 0.056432
0 1135 0.056464
0 1135 0.056464
0 1135 0.056464
0 1134 0.05648
0 1136 0.056512
0 1136 0.056512
0 1136 0.056512
0 1135 0.056528
0 1137 0.05656
0 1137 0.05656
0 1137 0.05656
0 1136 0.056576
0 1138 0.056608
0 1138 0.056608
0 1138 0.056608
0 1137 0.056624
0 1139 0.056656
0 1139 0.056656
0 1139 0.056656
0 1138 0.056672
0 1140 0.056704
0 1140 0.056704
0 1140 0.056704
0 1139 0.05672
0 1141 0.056752
0 1141 0.056752
0 1141 0.056752
0 1140 0.056768
0 1142 0.0568
0 1142 0.0568
0 1142 0.0568
0 1141 0.056816
0 1143 0.056848
0 1143 0.056848
0 1143 0.056848
0 1142 0.056864
0 1144 0.056896
0 1144 0.056896
0 1144 0.056896
0 1143 0.056912
0 1145 0.056944
0 1145 0.056944
0 1145 0.056944
0 1144 0.05696
0 1146 0.056992
0 1146 0.056992
0 1146 0.056992
0 1145 0.057008
0 1147 0.05704
0 1147 0.05704
0 1147 0.05704
0 1146 0.057056
0 1148 0.057088
0 1148 0.057088
0 1148 0.057088
0 1147 0.057104
0 1149 0.057136
0 1149 0.057136
0 1149 0.057136
0 1148 0.057152
0 1150 0.057184
0 1150 0.057184
0 1150 0.057184
0 1149 0.0572
0 1151 0.057232
0 1151 0.057232
0 1151 0.057232
0 1150 0.057248
0 1152 0.05728
0 1152 0.05728
0 1152 0.05728
0 1151 0.057296
0 1153 0.057328
0 1153 0.057328
0 1153 0.057328
0 1152 0.057344
0 1154 0.057376
0 1154 0.057376
0 1154 0.057376
0 1153 0.057392
0 1155 0.057424
0 1155 0.057424
0 1155 0.057424
0 1154 0.05744
0 1156 0.057472
0 1156 0.057472
0 1156 0.057472
0 1155 0.057488
0 1157 0.05752
0 1157 0.05752
0 1157 0.05752
0 1156 0.057536
0 1158 0.057568
0 1158 0.057568
0 1158 0.057568
0 1157 0.057584
0 1159 0.057616
0 1159 0.057616
0 1159 0.057616
0 1158 0.057632
0 1160 0.057664
0 1160 0.057664
0 1160 0.057664
0 1159 0.05768
0 1161 0.057712
0 1161 0.057712
0 1161 0.057712
0 1160 0.057728
0 1162 0.05776
0 1162 0.05776
0 1162 0.05776
0 1161 0.057776
0 1163 0.057808
0 1163 0.057808
0 1163 0.057808
0 1162 0.057824
0 1164 0.057856
0 1164 0.057856
0 1164 0.057856
0 1163 0.057872
0 1165 0.057904
0 1165 0.057904
0 1165 0.057904
0 1164 0.05792
0 1166 0.057952
0 1166 0.057952
0 1166 0.057952
0 1165 0.057968
0 1167 0.058
0 1167 0.058
0 1167 0.058
0 1166 0.058016
0 1168 0.058048
0 1168 0.058048
0 1168 0.058048
0 1167 0.058064
0 1169 0.058096
0 1169 0.058096
0 1169 0.058096
0 1168 0.058112
0 1170 0.058144
0 1170 0.058144
0 1170 0.058144
0 1169 0.05816
0 1171 0.058192
0 1171 0.058192
0 1171 0.058192
0 1170 0.058208
0 1172 0.05824
0 1172 0.05824
0 1172 0.05824
0 1171 0.058256
0 1173 0.058288
0 1173 0.058288
0 1173 0.058288
0 1172 0.058304
0 1174 0.058336
0 1174 0.058336
0 1174 0.058336
0 1173 0.058352
0 1175 0.058384
0 1175 0.058384
0 1175 0.058384
0 1174 0.0584
0 1176 0.058432
0 1176 0.058432
0 1176 0.058432
0 1175 0.058448
0 1177 0.05848
0 1177 0.05848
0 1177 0.05848
0 1176 0.058496
0 1178 0.058528
0 1178 0.058528
0 1178 0.058528
0 1177 0.058544
0 1179 0.058576
0 1179 0.058576
0 1179 0.058576
0 1178 0.058592
0 1180 0.058624
0 1180 0.058624
0 1180 0.058624
0 1179 0.05864
0 1181 0.058672
0 1181 0.058672
0 1181 0.058672
0 1180 0.058688
1 1190 0.058696
1 1190 0.058696
1 1190 0.058696
1 1190 0.058696
0 1182 0.05872
0 1182 0.05872
0 1182 0.05872
1 1191 0.05872
1 1191 0.05872
1 1191 0.05872
1 1191 0.05872
0 1181 0.058736
1 1192 0.058744
1 1192 0.058744
1 1192 0.058744
1 1192 0.058744
0 1183 0.058768
0 1183 0.058768
0 1183 0.058768
1 1193 0.058768
1 1193 0.058768
1 1193 0.058768
1 1193 0.058768
0 1182 0.058784
1 1194 0.058792
1 1194 0.058792
1 1194 0.058792
1 1194 0.058792
0 1184 0.058816
0 1184 0.058816
0 1184 0.058816
1 1195 0.058816
1 1195 0.058816
1 1195 0.058816
1 1195 0.058816
0 1183 0.058832
1 1196 0.05884
1 1196 0.05884
1 1196 0.05884
1 1196 0.05884
0 1185 0.058864
0 1185 0.058864
0 1185 0.058864
1 1197 0.058864
1 1197 0.058864
1 1197 0.058864
1 1197 0.058864
0 1184 0.05888
1 1198 0.058888
1 1198 0.058888
1 1198 0.058888
1 1198 0.058888
0 1186 0.058912
0 1186 0.058912
0 1186 0.058912
1 1199 0.058912
1 1199 0.058912
1 1199 0.058912
1 1199 0.058912
0 1185 0.058928
1 1200 0.058936
1 1200 0.058936
1 1200 0.058936
1 1200 0.058936
0 1187 0.05896
0 1187 0.05896
0 1187 0.05896
1 1201 0.05896
1 1201 0.05896
1 1201 0.05896
1 1201 0.05896
0 1186 0.058976
1 1202 0.058984
1 1202 0.058984
1 1202 0.058984
1 1202 0.058984
0 1188 0.059008
0 1188 0.059008
0 1188 0.059008
1 1203 0.059008
1 1203 0.059008
1 1203 0.059008
1 1203 0.059008
0 1187 0.059024
1 1204 0.059032
1 1204 0.059032
1 1204 0.059032
1 1204 0.059032
0 1189 0.059056
0 1189 0.059056
0 1189 0.059056
1 1205 0.059056
1 1205 0.059056
1 1205 0.059056
1 1205 0.059056
0 1188 0.059072
1 1206 0.05908
1 1206 0.05908
1 1206 0.05908
1 1206 0.05908
0 1190 0.059104
0 1190 0.059104
0 1190 0.059104
1 1207 0.059104
1 1207 0.059104
1 1207 0.059104
1 1207 0.059104
0 1189 0.05912
1 1208 0.059128
1 1208 0.059128
1 1208 0.059128
1 1208 0.059128
0 1191 0.059152
0 1191 0.059152
0 1191 0.059152
1 1209 0.059152
1 1209 0.059152
1 1209 0.059152
1 1209 0.059152
0 1190 0.059168
1 1210 0.059176
1 1210 0.059176
1 1210 0.059176
1 1210 0.059176
0 1192 0.0592
0 1192 0.0592
0 1192 0.0592
1 1211 0.0592
1 1211 0.0592
1 1211 0.0592
1 1211 0.0592
0 1191 0.059216
1 1212 0.059224
1 1212 0.059224
1 1212 0.059224
1 1212 0.059224
0 1193 0.059248
0 1193 0.059248
0 1193 0.059248
1 1213 0.059248
1 1213 0.059248
1 1213 0.059248
1 1213 0.059248
0 1192 0.059264
1 1214 0.059272
1 1214 0.059272
1 1214 0.059272
1 1214 0.059272
0 1194 0.059296
0 1194 0.059296
0 1194 0.059296
1 1215 0.059296
1 1215 0.059296
1 1215 0.059296
1 1215 0.059296
0 1193 0.059312
1 1216 0.05932
1 1216 0.05932
1 1216 0.05932
1 1216 0.05932
0 1195 0.059344
0 1195 0.059344
0 1195 0.059344
1 1217 0.059344
1 1217 0.059344
1 1217 0.059344
1 1217 0.059344
0 1194 0.05936
1 1218 0.059368
1 1218 0.059368
1 1218 0.059368
1 1218 0.059368
0 1196 0.059392
0 1196 0.059392
0 1196 0.059392
1 1219 0.059392
1 1219 0.059392
1 1219 0.059392
1 1219 0.059392
0 1195 0.059408
1 1220 0.059416
1 1220 0.059416
1 1220 0.059416
1 1220 0.059416
0 1197 0.05944
0 1197 0.05944
0 1197 0.05944
1 1221 0.05944
1 1221 0.05944
1 1221 0.05944
1 1221 0.05944
0 1196 0.059456
1 1222 0.059464
1 1222 0.059464
1 1222 0.059464
1 1222 0.059464
0 1198 0.059488
0 1198 0.059488
0 1198 0.059488
1 1223 0.059488
1 1223 0.059488
1 1223 0.059488
1 1223 0.059488
0 1197 0.059504
1 1224 0.059512
1 1224 0.059512
1 1224 0.059512
1 1224 0.059512
0 1199 0.059536
0 1199 0.059536
0 1199 0.059536
1 1225 0.059536
1 1225 0.059536
1 1225 0.059536
1 1225 0.059536
0 1198 0.059552
1 1226 0.05956
1 1226 0.05956
1 1226 0.05956
1 1226 0.05956
0 1200 0.059584
0 1200 0.059584
0 1200 0.059584
1 1227 0.059584
1 1227 0.059584
1 1227 0.059584
1 1227 0.059584
0 1199 0.0596
1 1228 0.059608
1 1228 0.059608
1 1228 0.059608
1 1228 0.059608
0 1201 0.059632
0 1201 0.059632
0 1201 0.059632
1 1229 0.059632
1 1229 0.059632
1 1229 0.059632
1 1229 0.059632
0 1200 0.059648
1 1230 0.059656
1 1230 0.059656
1 1230 0.059656
1 1230 0.059656
0 1202 0.05968
0 1202 0.05968
0 1202 0.05968
1 1231 0.05968
1 1231 0.05968
1 1231 0.05968
1 1231 0.05968
0 1201 0.059696
1 1232 0.059704
1 1232 0.059704
1 1232 0.059704
1 1232 0.059704
0 1203 0.059728
0 1203 0.059728
0 1203 0.059728
1 1233 0.059728
1 1233 0.059728
1 1233 0.059728
1 1233 0.059728
0 1202 0.059744
1 1234 0.059752
1 1234 0.059752
1 1234 0.059752
1 1234 0.059752
0 1204 0.059776
0 1204 0.059776
0 1204 0.059776
1 1235 0.059776
1 1235 0.059776
1 1235 0.059776
1 1235 0.059776
0 1203 0.059792
1 1236 0.0598
1 1236 0.0598
1 1236 0.0598
1 1236 0.0598
0 1205 0.059824
0 1205 0.059824
0 1205 0.059824
1 1237 0.059824
1 1237 0.059824
1 1237 0.059824
1 1237 0.059824
0 1204 0.05984
1 1238 0.059848
1 1238 0.059848
1 1238 0.059848
1 1238 0.059848
0 1206 0.059872
0 1206 0.059872
0 1206 0.059872
1 1239 0.059872
1 1239 0.059872
1 1239 0.059872
1 1239 0.059872
0 1205 0.059888
1 1240 0.059896
1 1240 0.059896
1 1240 0.059896
1 1240 0.059896
0 1207 0.05992
0 1207 0.05992
0 1207 0.05992
1 1241 0.05992
1 1241 0.05992
1 1241 0.05992
1 1241 0.05992
0 1206 0.059936
1 1242 0.059944
1 1242 0.059944
1 1242 0.059944
1 1242 0.059944
0 1208 0.059968
0 1208 0.059968
0 1208 0.059968
1 1243 0.059968
1 1243 0.059968
1 1243 0.059968
1 1243 0.059968
0 1207 0.059984
1 1244 0.059992
1 1244 0.059992
1 1244 0.059992
1 1244 0.059992
0 1209 0.060016
0 1209 0.060016
0 1209 0.060016
1 1245 0.060016
1 1245 0.060016
1 1245 0.060016
1 1245 0.060016
0 1208 0.060032
1 1246 0.06004
1 1246 0.06004
1 1246 0.06004
1 1246 0.06004
0 1210 0.060064
0 1210 0.060064
0 1210 0.060064
1 1247 0.060064
1 1247 0.060064
1 1247 0.060064
1 1247 0.060064
0 1209 0.06008
1 1248 0.060088
1 1248 0.060088
1 1248 0.060088
1 1248 0.060088
0 1211 0.060112
0 1211 0.060112
0 1211 0.060112
1 1249 0.060112
1 1249 0.060112
1 1249 0.060112
1 1249 0.060112
0 1210 0.060128
1 1250 0.060136
1 1250 0.060136
1 1250 0.060136
1 1250 0.060136
0 1212 0.06016
0 1212 0.06016
0 1212 0.06016
1 1251 0.06016
1 1251 0.06016
1 1251 0.06016
1 1251 0.06016
0 1211 0.060176
1 1252 0.060184
1 1252 0.060184
1 1252 0.060184
1 1252 0.060184
0 1213 0.060208
0 1213 0.060208
0 1213 0.060208
1 1253 0.060208
1 1253 0.060208
1 1253 0.060208
1 1253 0.060208
0 1212 0.060224
1 1254 0.060232
1 1254 0.060232
1 1254 0.060232
1 1254 0.060232
0 1214 0.060256
0 1214 0.060256
0 1214 0.060256
1 1255 0.060256
1 1255 0.060256
1 1255 0.060256
1 1255 0.060256
0 1213 0.060272
1 1256 0.06028
1 1256 0.06028
1 1256 0.06028
1 1256 0.06028
0 1215 0.060304
0 1215 0.060304
0 1215 0.060304
1 1257 0.060304
1 1257 0.060304
1 1257 0.060304
1 1257 0.060304
0 1214 0.06032
1 1258 0.060328
1 1258 0.060328
1 1258 0.060328
1 1258 0.060328
0 1216 0.060352
0 1216 0.060352
0 1216 0.060352
1 1259 0.060352
1 1259 0.060352
1 1259 0.060352
1 1259 0.060352
0 1215 0.060368
1 1260 0.060376
1 1260 0.060376
1 1260 0.060376
1 1260 0.060376
0 1217 0.0604
0 1217 0.0604
0 1217 0.0604
1 1261 0.0604
1 1261 0.0604
1 1261 0.0604
1 1261 0.0604
0 1216 0.060416
1 1262 0.060424
1 1262 0.060424
1 1262 0.060424
1 1262 0.060424
0 1218 0.060448
0 1218 0.060448
0 1218 0.060448
1 1263 0.060448
1 1263 0.060448
1 1263 0.060448
1 1263 0.060448
0 1217 0.060464
1 1264 0.060472
1 1264 0.060472
1 1264 0.060472
1 1264 0.060472
0 1219 0.060496
0 1219 0.060496
0 1219 0.060496
1 1265 0.060496
1 1265 0.060496
1 1265 0.060496
1 1265 0.060496
0 1218 0.060512
1 1266 0.06052
1 1266 0.06052
1 1266 0.06052
1 1266 0.06052
0 1220 0.060544
0 1220 0.060544
0 1220 0.060544
1 1267 0.060544
1 1267 0.060544
1 1267 0.060544
1 1267 0.060544
0 1219 0.06056
1 1268 0.060568
1 1268 0.060568
1 1268 0.060568
1 1268 0.060568
0 1221 0.060592
0 1221 0.060592
0 1221 0.060592
1 1269 0.060592
1 1269 0.060592
1 1269 0.060592
1 1269 0.060592
0 1220 0.060608
1 1270 0.060616
1 1270 0.060616
1 1270 0.060616
1 1270 0.060616
0 1222 0.06064
0 1222 0.06064
0 1222 0.06064
1 1271 0.06064
1 1271 0.06064
1 1271 0.06064
1 1271 0.06064
0 1221 0.060656
1 1272 0.060664
1 1272 0.060664
1 1272 0.060664
1 1272 0.060664
0 1223 0.060688
0 1223 0.060688
0 1223 0.060688
1 1273 0.060688
1 1273 0.060688
1 1273 0.060688
1 1273 0.060688
0 1222 0.060704
1 1274 0.060712
1 1274 0.060712
1 1274 0.060712
1 1274 0.060712
0 1224 0.060736
0 1224 0.060736
0 1224 0.060736
1 1275 0.060736
1 1275 0.060736
1 1275 0.060736
1 1275 0.060736
0 1223 0.060752
1 1276 0.06076
1 1276 0.06076
1 1276 0.06076
1 1276 0.06076
0 1225 0.060784
0 1225 0.060784
0 1225 0.060784
1 1277 0.060784
1 1277 0.060784
1 1277 0.060784
1 1277 0.060784
0 1224 0.0608
1 1278 0.060808
1 1278 0.060808
1 1278 0.060808
1 1278 0.060808
0 1226 0.060832
0 1226 0.060832
0 1226 0.060832
1 1279 0.060832
1 1279 0.060832
1 1279 0.060832
1 1279 0.060832
0 1225 0.060848
1 1280 0.060856
1 1280 0.060856
1 1280 0.060856
1 1280 0.060856
0 1227 0.06088
0 1227 0.06088
0 1227 0.06088
1 1281 0.06088
1 1281 0.06088
1 1281 0.06088
1 1281 0.06088
0 1226 0.060896
1 1282 0.060904
1 1282 0.060904
1 1282 0.060904
1 1282 0.060904
0 1228 0.060928
0 1228 0.060928
0 1228 0.060928
1 1283 0.060928
1 1283 0.060928
1 1283 0.060928
1 1283 0.060928
0 1227 0.060944
1 1284 0.060952
1 1284 0.060952
1 1284 0.060952
1 1284 0.060952
0 1229 0.060976
0 1229 0.060976
0 1229 0.060976
1 1285 0.060976
1 1285 0.060976
1 1285 0.060976
1 1285 0.060976
0 1228 0.060992
1 1286 0.061
1 1286 0.061
1 1286 0.061
1 1286 0.061
0 1230 0.061024
0 1230 0.061024
0 1230 0.061024
1 1287 0.061024
1 1287 0.061024
1 1287 0.061024
1 1287 0.061024
0 1229 0.06104
1 1288 0.061048
1 1288 0.061048
1 1288 0.061048
1 1288 0.061048
0 1231 0.061072
0 1231 0.061072
0 1231 0.061072
1 1289 0.061072
1 1289 0.061072
1 1289 0.061072
1 1289 0.061072
0 1230 0.061088
1 1290 0.061096
1 1290 0.061096
1 1290 0.061096
1 1290 0.061096
0 1232 0.06112
0 1232 0.06112
0 1232 0.06112
1 1291 0.06112
1 1291 0.06112
1 1291 0.06112
1 1291 0.06112
0 1231 0.061136
1 1292 0.061144
1 1292 0.061144
1 1292 0.061144
1 1292 0.061144
0 1233 0.061168
0 1233 0.061168
0 1233 0.061168
1 1293 0.061168
1 1293 0.061168
1 1293 0.061168
1 1293 0.061168
0 1232 0.061184
1 1294 0.061192
1 1294 0.061192
1 1294 0.061192
1 1294 0.061192
0 1234 0.061216
0 1234 0.061216
0 1234 0.061216
1 1295 0.061216
1 1295 0.061216
1 1295 0.061216
1 1295 0.061216
0 1233 0.061232
1 1296 0.06124
1 1296 0.06124
1 1296 0.06124
1 1296 0.06124
0 1235 0.061264
0 1235 0.061264
0 1235 0.061264
1 1297 0.061264
1 1297 0.061264
1 1297 0.061264
1 1297 0.061264
0 1234 0.06128
1 1298 0.061288
1 1298 0.061288
1 1298 0.061288
1 1298 0.061288
0 1236 0.061312
0 1236 0.061312
0 1236 0.061312
1 1299 0.061312
1 1299 0.061312
1 1299 0.061312
1 1299 0.061312
0 1235 0.061328
1 1300 0.061336
1 1300 0.061336
1 1300 0.061336
1 1300 0.061336
0 1237 0.06136
0 1237 0.06136
0 1237 0.06136
1 1301 0.06136
1 1301 0.06136
1 1301 0.06136
1 1301 0.06136
0 1236 0.061376
1 1302 0.061384
1 1302 0.061384
1 1302 0.061384
1 1302 0.061384
0 1238 0.061408
0 1238 0.061408
0 1238 0.061408
1 1303 0.061408
1 1303 0.061408
1 1303 0.061408
1 1303 0.061408
0 1237 0.061424
1 1304 0.061432
1 1304 0.061432
1 1304 0.061432
1 1304 0.061432
0 1239 0.061456
0 1239 0.061456
0 1239 0.061456
1 1305 0.061456
1 1305 0.061456
1 1305 0.061456
1 1305 0.061456
0 1238 0.061472
1 1306 0.06148
1 1306 0.06148
1 1306 0.06148
1 1306 0.06148
0 1240 0.061504
0 1240 0.061504
0 1240 0.061504
1 1307 0.061504
1 1307 0.061504
1 1307 0.061504
1 1307 0.061504
0 1239 0.06152
1 1308 0.061528
1 1308 0.061528
1 1308 0.061528
1 1308 0.061528
0 1241 0.061552
0 1241 0.061552
0 1241 0.061552
1 1309 0.061552
1 1309 0.061552
1 1309 0.061552
1 1309 0.061552
0 1240 0.061568
1 1310 0.061576
1 1310 0.061576
1 1310 0.061576
1 1310 0.061576
0 1242 0.0616
0 1242 0.0616
0 1242 0.0616
1 1311 0.0616
1 1311 0.0616
1 1311 0.0616
1 1311 0.0616
0 1241 0.061616
1 1312 0.061624
1 1312 0.061624
1 1312 0.061624
1 1312 0.061624
0 1243 0.061648
0 1243 0.061648
0 1243 0.061648
1 1313 0.061648
1 1313 0.061648
1 1313 0.061648
1 1313 0.061648
0 1242 0.061664
1 1314 0.061672
1 1314 0.061672
1 1314 0.061672
1 1314 0.061672
0 1244 0.061696
0 1244 0.061696
0 1244 0.061696
1 1315 0.061696
1 1315 0.061696
1 1315 0.061696
1 1315 0.061696
0 1243 0.061712
1 1316 0.06172
1 1316 0.06172
1 1316 0.06172
1 1316 0.06172
0 1245 0.061744
0 1245 0.061744
0 1245 0.061744
1 1317 0.061744
1 1317 0.061744
1 1317 0.061744
1 1317 0.061744
0 1244 0.06176
1 1318 0.061768
1 1318 0.061768
1 1318 0.061768
1 1318 0.061768
0 1246 0.061792
0 1246 0.061792
0 1246 0.061792
1 1319 0.061792
1 1319 0.061792
1 1319 0.061792
1 1319 0.061792
0 1245 0.061808
1 1320 0.061816
1 1320 0.061816
1 1320 0.061816
1 1320 0.061816
0 1247 0.06184
0 1247 0.06184
0 1247 0.06184
1 1321 0.06184
1 1321 0.06184
1 1321 0.06184
1 1321 0.06184
0 1246 0.061856
1 1322 0.061864
1 1322 0.061864
1 1322 0.061864
1 1322 0.061864
0 1248 0.061888
0 1248 0.061888
0 1248 0.061888
1 1323 0.061888
1 1323 0.061888
1 1323 0.061888
1 1323 0.061888
0 1247 0.061904
1 1324 0.061912
1 1324 0.061912
1 1324 0.061912
1 1324 0.061912
0 1249 0.061936
0 1249 0.061936
0 1249 0.061936
1 1325 0.061936
1 1325 0.061936
1 1325 0.061936
1 1325 0.061936
0 1248 0.061952
1 1326 0.06196
1 1326 0.06196
1 1326 0.06196
1 1326 0.06196
0 1250 0.061984
0 1250 0.061984
0 1250 0.061984
1 1327 0.061984
1 1327 0.061984
1 1327 0.061984
1 1327 0.061984
0 1249 0.062
1 1328 0.062008
1 1328 0.062008
1 1328 0.062008
1 1328 0.062008
0 1251 0.062032
0 1251 0.062032
0 1251 0.062032
1 1329 0.062032
1 1329 0.062032
1 1329 0.062032
1 1329 0.062032
0 1250 0.062048
1 1330 0.062056
1 1330 0.062056
1 1330 0.062056
1 1330 0.062056
0 1252 0.06208
0 1252 0.06208
0 1252 0.06208
1 1331 0.06208
1 1331 0.06208
1 1331 0.06208
1 1331 0.06208
0 1251 0.062096
1 1332 0.062104
1 1332 0.062104
1 1332 0.062104
1 1332 0.062104
0 1253 0.062128
0 1253 0.062128
0 1253 0.062128
1 1333 0.062128
1 1333 0.062128
1 1333 0.062128
1 1333 0.062128
0 1252 0.062144
1 1334 0.062152
1 1334 0.062152
1 1334 0.062152
1 1334 0.062152
0 1254 0.062176
0 1254 0.062176
0 1254 0.062176
1 1335 0.062176
1 1335 0.062176
1 1335 0.062176
1 1335 0.062176
0 1253 0.062192
1 1336 0.0622
1 1336 0.0622
1 1336 0.0622
1 1336 0.0622
0 1255 0.062224
0 1255 0.062224
0 1255 0.062224
1 1337 0.062224
1 1337 0.062224
1 1337 0.062224
1 1337 0.062224
0 1254 0.06224
1 1338 0.062248
1 1338 0.062248
1 1338 0.062248
1 1338 0.062248
0 1256 0.062272
0 1256 0.062272
0 1256 0.062272
1 1339 0.062272
1 1339 0.062272
1 1339 0.062272
1 1339 0.062272
0 1255 0.062288
1 1340 0.062296
1 1340 0.062296
1 1340 0.062296
1 1340 0.062296
0 1257 0.06232
0 1257 0.06232
0 1257 0.06232
1 1341 0.06232
1 1341 0.06232
1 1341 0.06232
1 1341 0.06232
0 1256 0.062336
1 1342 0.062344
1 1342 0.062344
1 1342 0.062344
1 1342 0.062344
0 1258 0.062368
0 1258 0.062368
0 1258 0.062368
1 1343 0.062368
1 1343 0.062368
1 1343 0.062368
1 1343 0.062368
0 1257 0.062384
1 1344 0.062392
1 1344 0.062392
1 1344 0.062392
1 1344 0.062392
0 1259 0.062416
0 1259 0.062416
0 1259 0.062416
1 1345 0.062416
1 1345 0.062416
1 1345 0.062416
1 1345 0.062416
0 1258 0.062432
1 1346 0.06244
1 1346 0.06244
1 1346 0.06244
1 1346 0.06244
0 1260 0.062464
0 1260 0.062464
0 1260 0.062464
1 1347 0.062464
1 1347 0.062464
1 1347 0.062464
1 1347 0.062464
0 1259 0.06248
1 1348 0.062488
1 1348 0.062488
1 1348 0.062488
1 1348 0.062488
0 1261 0.062512
0 1261 0.062512
0 1261 0.062512
1 1349 0.062512
1 1349 0.062512
1 1349 0.062512
1 1349 0.062512
0 1260 0.062528
1 1350 0.062536
1 1350 0.062536
1 1350 0.062536
1 1350 0.062536
0 1262 0.06256
0 1262 0.06256
0 1262 0.06256
1 1351 0.06256
1 1351 0.06256
1 1351 0.06256
1 1351 0.06256
0 1261 0.062576
1 1352 0.062584
1 1352 0.062584
1 1352 0.062584
1 1352 0.062584
0 1263 0.062608
0 1263 0.062608
0 1263 0.062608
1 1353 0.062608
1 1353 0.062608
1 1353 0.062608
1 1353 0.062608
0 1262 0.062624
1 1354 0.062632
1 1354 0.062632
1 1354 0.062632
1 1354 0.062632
0 1264 0.062656
0 1264 0.062656
0 1264 0.062656
1 1355 0.062656
1 1355 0.062656
1 1355 0.062656
1 1355 0.062656
0 1263 0.062672
1 1356 0.06268
1 1356 0.06268
1 1356 0.06268
1 1356 0.06268
0 1265 0.062704
0 1265 0.062704
0 1265 0.062704
1 1357 0.062704
1 1357 0.062704
1 1357 0.062704
1 1357 0.062704
0 1264 0.06272
1 1358 0.062728
1 1358 0.062728
1 1358 0.062728
1 1358 0.062728
0 1266 0.062752
0 1266 0.062752
0 1266 0.062752
1 1359 0.062752
1 1359 0.062752
1 1359 0.062752
1 1359 0.062752
0 1265 0.062768
0 1267 0.0628
0 1267 0.0628
0 1267 0.0628
0 1266 0.062816
0 1268 0.062848
0 1268 0.062848
0 1268 0.062848
0 1267 0.062864
0 1269 0.062896
0 1269 0.062896
0 1269 0.062896
0 1268 0.062912
0 1270 0.062944
0 1270 0.062944
0 1270 0.062944
0 1269 0.06296
0 1271 0.062992
0 1271 0.062992
0 1271 0.062992
0 1270 0.063008
0 1272 0.06304
0 1272 0.06304
0 1272 0.06304
0 1271 0.063056
0 1273 0.063088
0 1273 0.063088
0 1273 0.063088
0 1272 0.063104
0 1274 0.063136
0 1274 0.063136
0 1274 0.063136
0 1273 0.063152
0 1275 0.063184
0 1275 0.063184
0 1275 0.063184
0 1274 0.0632
0 1276 0.063232
0 1276 0.063232
0 1276 0.063232
0 1275 0.063248
0 1277 0.06328
0 1277 0.06328
0 1277 0.06328
0 1276 0.063296
0 1278 0.063328
0 1278 0.063328
0 1278 0.063328
0 1277 0.063344
0 1279 0.063376
0 1279 0.063376
0 1279 0.063376
0 1278 0.063392
0 1280 0.063424
0 1280 0.063424
0 1280 0.063424
0 1279 0.06344
0 1281 0.063472
0 1281 0.063472
0 1281 0.063472
0 1280 0.063488
0 1282 0.06352
0 1282 0.06352
0 1282 0.06352
0 1281 0.063536
0 1283 0.063568
0 1283 0.063568
0 1283 0.063568
0 1282 0.063584
0 1284 0.063616
0 1284 0.063616
0 1284 0.063616
0 1283 0.063632
0 1285 0.063664
0 1285 0.063664
0 1285 0.063664
0 1284 0.06368
0 1286 0.063712
0 1286 0.063712
0 1286 0.063712
0 1285 0.063728
0 1287 0.06376
0 1287 0.06376
0 1287 0.06376
0 1286 0.063776
0 1288 0.063808
0 1288 0.063808
0 1288 0.063808
0 1287 0.063824
0 1289 0.063856
0 1289 0.063856
0 1289 0.063856
0 1288 0.063872
0 1290 0.063904
0 1290 0.063904
0 1290 0.063904
0 1289 0.06392
0 1291 0.063952
0 1291 0.063952
0 1291 0.063952
0 1290 0.063968
0 1292 0.064
0 1292 0.064
0 1292 0.064
0 1291 0.064016
0 1293 0.064048
0 1293 0.064048
0 1293 0.064048
0 1292 0.064064
0 1294 0.064096
0 1294 0.064096
0 1294 0.064096
0 1293 0.064112
0 1295 0.064144
0 1295 0.064144
0 1295 0.064144
0 1294 0.06416
0 1296 0.064192
0 1296 0.064192
0 1296 0.064192
0 1295 0.064208
0 1297 0.06424
0 1297 0.06424
0 1297 0.06424
0 1296 0.064256
0 1298 0.064288
0 1298 0.064288
0 1298 0.064288
0 1297 0.064304
0 1299 0.064336
0 1299 0.064336
0 1299 0.064336
0 1298 0.064352
0 1300 0.064384
0 1300 0.064384
0 1300 0.064384
0 1299 0.0644
0 1301 0.064432
0 1301 0.064432
0 1301 0.064432
0 1300 0.064448
0 1302 0.06448
0 1302 0.06448
0 1302 0.06448
0 1301 0.064496
0 1303 0.064528
0 1303 0.064528
0 1303 0.064528
0 1302 0.064544
0 1304 0.064576
0 1304 0.064576
0 1304 0.064576
0 1303 0.064592
0 1305 0.064624
0 1305 0.064624
0 1305 0.064624
0 1304 0.06464
0 1306 0.064672
0 1306 0.064672
0 1306 0.064672
0 1305 0.064688
0 1307 0.06472
0 1307 0.06472
0 1307 0.06472
0 1306 0.064736
0 1308 0.064768
0 1308 0.064768
0 1308 0.064768
0 1307 0.064784
0 1309 0.064816
0 1309 0.064816
0 1309 0.064816
0 1308 0.064832
0 1310 0.064864
0 1310 0.064864
0 1310 0.064864
0 1309 0.06488
0 1311 0.064912
0 1311 0.064912
0 1311 0.064912
0 1310 0.064928
0 1312 0.06496
0 1312 0.06496
0 1312 0.06496
0 1311 0.064976
0 1313 0.065008
0 1313 0.065008
0 1313 0.065008
0 1312 0.065024
0 1314 0.065056
0 1314 0.065056
0 1314 0.065056
0 1313 0.065072
0 1315 0.065104
0 1315 0.065104
0 1315 0.065104
0 1314 0.06512
0 1316 0.065152
0 1316 0.065152
0 1316 0.065152
0 1315 0.065168
0 1317 0.0652
0 1317 0.0652
0 1317 0.0652
0 1316 0.065216
0 1318 0.065248
0 1318 0.065248
0 1318 0.065248
0 1317 0.065264
0 1319 0.065296
0 1319 0.065296
0 1319 0.065296
0 1318 0.065312
0 1320 0.065344
0 1320 0.065344
0 1320 0.065344
0 1319 0.06536
0 1321 0.065392
0 1321 0.065392
0 1321 0.065392
0 1320 0.065408
0 1322 0.06544
0 1322 0.06544
0 1322 0.06544
0 1321 0.065456
0 1323 0.065488
0 1323 0.065488
0 1323 0.065488
0 1322 0.065504
0 1324 0.065536
0 1324 0.065536
0 1324 0.065536
0 1323 0.065552
0 1325 0.065584
0 1325 0.065584
0 1325 0.065584
0 1324 0.0656
0 1326 0.065632
0 1326 0.065632
0 1326 0.065632
0 1325 0.065648
0 1327 0.06568
0 1327 0.06568
0 1327 0.06568
0 1326 0.065696
0 1328 0.065728
0 1328 0.065728
0 1328 0.065728
0 1327 0.065744
0 1329 0.065776
0 1329 0.065776
0 1329 0.065776
0 1328 0.065792
0 1330 0.065824
0 1330 0.065824
0 1330 0.065824
0 1329 0.06584
0 1331 0.065872
0 1331 0.065872
0 1331 0.065872
0 1330 0.065888
0 1332 0.06592
0 1332 0.06592
0 1332 0.06592
0 1331 0.065936
0 1333 0.065968
0 1333 0.065968
0 1333 0.065968
0 1332 0.065984
0 1334 0.066016
0 1334 0.066016
0 1334 0.066016
0 1333 0.066032
0 1335 0.066064
0 1335 0.066064
0 1335 0.066064
0 1334 0.06608
0 1336 0.066112
0 1336 0.066112
0 1336 0.066112
0 1335 0.066128
0 1337 0.06616
0 1337 0.06616
0 1337 0.06616
0 1336 0.066176
0 1338 0.066208
0 1338 0.066208
0 1338 0.066208
0 1337 0.066224
0 1339 0.066256
0 1339 0.066256
0 1339 0.066256
0 1338 0.066272
0 1340 0.066304
0 1340 0.066304
0 1340 0.066304
0 1339 0.06632
0 1341 0.066352
0 1341 0.066352
0 1341 0.066352
0 1340 0.066368
0 1342 0.0664
0 1342 0.0664
0 1342 0.0664
0 1341 0.066416
0 1343 0.066448
0 1343 0.066448
0 1343 0.066448
0 1342 0.066464
0 1344 0.066496
0 1344 0.066496
0 1344 0.066496
0 1343 0.066512
0 1345 0.066544
0 1345 0.066544
0 1345 0.066544
0 1344 0.06656
0 1346 0.066592
0 1346 0.066592
0 1346 0.066592
0 1345 0.066608
0 1347 0.06664
0 1347 0.06664
0 1347 0.06664
0 1346 0.066656
0 1348 0.066688
0 1348 0.066688
0 1348 0.066688
0 1347 0.066704
0 1349 0.066736
0 1349 0.066736
0 1349 0.066736
0 1348 0.066752
0 1350 0.066784
0 1350 0.066784
0 1350 0.066784
1 1360 0.066792
1 1360 0.066792
1 1360 0.066792
1 1360 0.066792
0 1349 0.0668
1 1361 0.066816
1 1361 0.066816
1 1361 0.066816
1 1361 0.066816
0 1351 0.066832
0 1351 0.066832
0 1351 0.066832
1 1362 0.06684
1 1362 0.06684
1 1362 0.06684
1 1362 0.06684
0 1350 0.066848
1 1363 0.066864
1 1363 0.066864
1 1363 0.066864
1 1363 0.066864
0 1352 0.06688
0 1352 0.06688
0 1352 0.06688
1 1364 0.066888
1 1364 0.066888
1 1364 0.066888
1 1364 0.066888
0 1351 0.066896
1 1365 0.066912
1 1365 0.066912
1 1365 0.066912
1 1365 0.066912
0 1353 0.066928
0 1353 0.066928
0 1353 0.066928
1 1366 0.066936
1 1366 0.066936
1 1366 0.066936
1 1366 0.066936
0 1352 0.066944
1 1367 0.06696
1 1367 0.06696
1 1367 0.06696
1 1367 0.06696
0 1354 0.066976
0 1354 0.066976
0 1354 0.066976
1 1368 0.066984
1 1368 0.066984
1 1368 0.066984
1 1368 0.066984
0 1353 0.066992
1 1369 0.067008
1 1369 0.067008
1 1369 0.067008
1 1369 0.067008
0 1355 0.067024
0 1355 0.067024
0 1355 0.067024
1 1370 0.067032
1 1370 0.067032
1 1370 0.067032
1 1370 0.067032
0 1354 0.06704
1 1371 0.067056
1 1371 0.067056
1 1371 0.067056
1 1371 0.067056
0 1356 0.067072
0 1356 0.067072
0 1356 0.067072
1 1372 0.06708
1 1372 0.06708
1 1372 0.06708
1 1372 0.06708
0 1355 0.067088
1 1373 0.067104
1 1373 0.067104
1 1373 0.067104
1 1373 0.067104
0 1357 0.06712
0 1357 0.06712
0 1357 0.06712
1 1374 0.067128
1 1374 0.067128
1 1374 0.067128
1 1374 0.067128
0 1356 0.067136
1 1375 0.067152
1 1375 0.067152
1 1375 0.067152
1 1375 0.067152
0 1358 0.067168
0 1358 0.067168
0 1358 0.067168
1 1376 0.067176
1 1376 0.067176
1 1376 0.067176
1 1376 0.067176
0 1357 0.067184
1 1377 0.0672
1 1377 0.0672
1 1377 0.0672
1 1377 0.0672
0 1359 0.067216
0 1359 0.067216
0 1359 0.067216
1 1378 0.067224
1 1378 0.067224
1 1378 0.067224
1 1378 0.067224
0 1358 0.067232
1 1379 0.067248
1 1379 0.067248
1 1379 0.067248
1 1379 0.067248
0 1360 0.067264
0 1360 0.067264
0 1360 0.067264
1 1380 0.067272
1 1380 0.067272
1 1380 0.067272
1 1380 0.067272
0 1359 0.06728
1 1381 0.067296
1 1381 0.067296
1 1381 0.067296
1 1381 0.067296
0 1361 0.067312
0 1361 0.067312
0 1361 0.067312
1 1382 0.06732
1 1382 0.06732
1 1382 0.06732
1 1382 0.06732
0 1360 0.067328
1 1383 0.067344
1 1383 0.067344
1 1383 0.067344
1 1383 0.067344
0 1362 0.06736
0 1362 0.06736
0 1362 0.06736
1 1384 0.067368
1 1384 0.067368
1 1384 0.067368
1 1384 0.067368
0 1361 0.067376
1 1385 0.067392
1 1385 0.067392
1 1385 0.067392
1 1385 0.067392
0 1363 0.067408
0 1363 0.067408
0 1363 0.067408
1 1386 0.067416
1 1386 0.067416
1 1386 0.067416
1 1386 0.067416
0 1362 0.067424
1 1387 0.06744
1 1387 0.06744
1 1387 0.06744
1 1387 0.06744
0 1364 0.067456
0 1364 0.067456
0 1364 0.067456
1 1388 0.067464
1 1388 0.067464
1 1388 0.067464
1 1388 0.067464
0 1363 0.067472
1 1389 0.067488
1 1389 0.067488
1 1389 0.067488
1 1389 0.067488
0 1365 0.067504
0 1365 0.067504
0 1365 0.067504
1 1390 0.067512
1 1390 0.067512
1 1390 0.067512
1 1390 0.067512
0 1364 0.06752
1 1391 0.067536
1 1391 0.067536
1 1391 0.067536
1 1391 0.067536
0 1366 0.067552
0 1366 0.067552
0 1366 0.067552
1 1392 0.06756
1 1392 0.06756
1 1392 0.06756
1 1392 0.06756
0 1365 0.067568
1 1393 0.067584
1 1393 0.067584
1 1393 0.067584
1 1393 0.067584
0 1367 0.0676
0 1367 0.0676
0 1367 0.0676
1 1394 0.067608
1 1394 0.067608
1 1394 0.067608
1 1394 0.067608
0 1366 0.067616
1 1395 0.067632
1 1395 0.067632
1 1395 0.067632
1 1395 0.067632
0 1368 0.067648
0 1368 0.067648
0 1368 0.067648
1 1396 0.067656
1 1396 0.067656
1 1396 0.067656
1 1396 0.067656
0 1367 0.067664
1 1397 0.06768
1 1397 0.06768
1 1397 0.06768
1 1397 0.06768
0 1369 0.067696
0 1369 0.067696
0 1369 0.067696
1 1398 0.067704
1 1398 0.067704
1 1398 0.067704
1 1398 0.067704
0 1368 0.067712
1 1399 0.067728
1 1399 0.067728
1 1399 0.067728
1 1399 0.067728
0 1370 0.067744
0 1370 0.067744
0 1370 0.067744
1 1400 0.067752
1 1400 0.067752
1 1400 0.067752
1 1400 0.067752
0 1369 0.06776
1 1401 0.067776
1 1401 0.067776
1 1401 0.067776
1 1401 0.067776
0 1371 0.067792
0 1371 0.067792
0 1371 0.067792
1 1402 0.0678
1 1402 0.0678
1 1402 0.0678
1 1402 0.0678
0 1370 0.067808
1 1403 0.067824
1 1403 0.067824
1 1403 0.067824
1 1403 0.067824
0 1372 0.06784
0 1372 0.06784
0 1372 0.06784
1 1404 0.067848
1 1404 0.067848
1 1404 0.067848
1 1404 0.067848
0 1371 0.067856
1 1405 0.067872
1 1405 0.067872
1 1405 0.067872
1 1405 0.067872
0 1373 0.067888
0 1373 0.067888
0 1373 0.067888
1 1406 0.067896
1 1406 0.067896
1 1406 0.067896
1 1406 0.067896
0 1372 0.067904
1 1407 0.06792
1 1407 0.06792
1 1407 0.06792
1 1407 0.06792
0 1374 0.067936
0 1374 0.067936
0 1374 0.067936
1 1408 0.067944
1 1408 0.067944
1 1408 0.067944
1 1408 0.067944
0 1373 0.067952
1 1409 0.067968
1 1409 0.067968
1 1409 0.067968
1 1409 0.067968
0 1375 0.067984
0 1375 0.067984
0 1375 0.067984
1 1410 0.067992
1 1410 0.067992
1 1410 0.067992
1 1410 0.067992
0 1374 0.068
1 1411 0.068016
1 1411 0.068016
1 1411 0.068016
1 1411 0.068016
0 1376 0.068032
0 1376 0.068032
0 1376 0.068032
1 1412 0.06804
1 1412 0.06804
1 1412 0.06804
1 1412 0.06804
0 1375 0.068048
1 1413 0.068064
1 1413 0.068064
1 1413 0.068064
1 1413 0.068064
0 1377 0.06808
0 1377 0.06808
0 1377 0.06808
1 1414 0.068088
1 1414 0.068088
1 1414 0.068088
1 1414 0.068088
0 1376 0.068096
1 1415 0.068112
1 1415 0.068112
1 1415 0.068112
1 1415 0.068112
0 1378 0.068128
0 1378 0.068128
0 1378 0.068128
1 1416 0.068136
1 1416 0.068136
1 1416 0.068136
1 1416 0.068136
0 1377 0.068144
1 1417 0.06816
1 1417 0.06816
1 1417 0.06816
1 1417 0.06816
0 1379 0.068176
0 1379 0.068176
0 1379 0.068176
1 1418 0.068184
1 1418 0.068184
1 1418 0.068184
1 1418 0.068184
0 1378 0.068192
1 1419 0.068208
1 1419 0.068208
1 1419 0.068208
1 1419 0.068208
0 1380 0.068224
0 1380 0.068224
0 1380 0.068224
1 1420 0.068232
1 1420 0.068232
1 1420 0.068232
1 1420 0.068232
0 1379 0.06824
1 1421 0.068256
1 1421 0.068256
1 1421 0.068256
1 1421 0.068256
0 1381 0.068272
0 1381 0.068272
0 1381 0.068272
1 1422 0.06828
1 1422 0.06828
1 1422 0.06828
1 1422 0.06828
0 1380 0.068288
1 1423 0.068304
1 1423 0.068304
1 1423 0.068304
1 1423 0.068304
0 1382 0.06832
0 1382 0.06832
0 1382 0.06832
1 1424 0.068328
1 1424 0.068328
1 1424 0.068328
1 1424 0.068328
0 1381 0.068336
1 1425 0.068352
1 1425 0.068352
1 1425 0.068352
1 1425 0.068352
0 1383 0.068368
0 1383 0.068368
0 1383 0.068368
1 1426 0.068376
1 1426 0.068376
1 1426 0.068376
1 1426 0.068376
0 1382 0.068384
1 1427 0.0684
1 1427 0.0684
1 1427 0.0684
1 1427 0.0684
0 1384 0.068416
0 1384 0.068416
0 1384 0.068416
1 1428 0.068424
1 1428 0.068424
1 1428 0.068424
1 1428 0.068424
0 1383 0.068432
1 1429 0.068448
1 1429 0.068448
1 1429 0.068448
1 1429 0.068448
0 1385 0.068464
0 1385 0.068464
0 1385 0.068464
1 1430 0.068472
1 1430 0.068472
1 1430 0.068472
1 1430 0.068472
0 1384 0.06848
1 1431 0.068496
1 1431 0.068496
1 1431 0.068496
1 1431 0.068496
0 1386 0.068512
0 1386 0.068512
0 1386 0.068512
1 1432 0.06852
1 1432 0.06852
1 1432 0.06852
1 1432 0.06852
0 1385 0.068528
1 1433 0.068544
1 1433 0.068544
1 1433 0.068544
1 1433 0.068544
0 1387 0.06856
0 1387 0.06856
0 1387 0.06856
1 1434 0.068568
1 1434 0.068568
1 1434 0.068568
1 1434 0.068568
0 1386 0.068576
1 1435 0.068592
1 1435 0.068592
1 1435 0.068592
1 1435 0.068592
0 1388 0.068608
0 1388 0.068608
0 1388 0.068608
1 1436 0.068616
1 1436 0.068616
1 1436 0.068616
1 1436 0.068616
0 1387 0.068624
1 1437 0.06864
1 1437 0.06864
1 1437 0.06864
1 1437 0.06864
0 1389 0.068656
0 1389 0.068656
0 1389 0.068656
1 1438 0.068664
1 1438 0.068664
1 1438 0.068664
1 1438 0.068664
0 1388 0.068672
1 1439 0.068688
1 1439 0.068688
1 1439 0.068688
1 1439 0.068688
0 1390 0.068704
0 1390 0.068704
0 1390 0.068704
1 1440 0.068712
1 1440 0.068712
1 1440 0.068712
1 1440 0.068712
0 1389 0.06872
1 1441 0.068736
1 1441 0.068736
1 1441 0.068736
1 1441 0.068736
0 1391 0.068752
0 1391 0.068752
0 1391 0.068752
1 1442 0.06876
1 1442 0.06876
1 1442 0.06876
1 1442 0.06876
0 1390 0.068768
1 1443 0.068784
1 1443 0.068784
1 1443 0.068784
1 1443 0.068784
0 1392 0.0688
0 1392 0.0688
0 1392 0.0688
1 1444 0.068808
1 1444 0.068808
1 1444 0.068808
1 1444 0.068808
0 1391 0.068816
1 1445 0.068832
1 1445 0.068832
1 1445 0.068832
1 1445 0.068832
0 1393 0.068848
0 1393 0.068848
0 1393 0.068848
1 1446 0.068856
1 1446 0.068856
1 1446 0.068856
1 1446 0.068856
0 1392 0.068864
1 1447 0.06888
1 1447 0.06888
1 1447 0.06888
1 1447 0.06888
0 1394 0.068896
0 1394 0.068896
0 1394 0.068896
1 1448 0.068904
1 1448 0.068904
1 1448 0.068904
1 1448 0.068904
0 1393 0.068912
1 1449 0.068928
1 1449 0.068928
1 1449 0.068928
1 1449 0.068928
0 1395 0.068944
0 1395 0.068944
0 1395 0.068944
1 1450 0.068952
1 1450 0.068952
1 1450 0.068952
1 1450 0.068952
0 1394 0.06896
1 1451 0.068976
1 1451 0.068976
1 1451 0.068976
1 1451 0.068976
0 1396 0.068992
0 1396 0.068992
0 1396 0.068992
1 1452 0.069
1 1452 0.069
1 1452 0.069
1 1452 0.069
0 1395 0.069008
1 1453 0.069024
1 1453 0.069024
1 1453 0.069024
1 1453 0.069024
0 1397 0.06904
0 1397 0.06904
0 1397 0.06904
1 1454 0.069048
1 1454 0.069048
1 1454 0.069048
1 1454 0.069048
0 1396 0.069056
1 1455 0.069072
1 1455 0.069072
1 1455 0.069072
1 1455 0.069072
0 1398 0.069088
0 1398 0.069088
0 1398 0.069088
1 1456 0.069096
1 1456 0.069096
1 1456 0.069096
1 1456 0.069096
0 1397 0.069104
1 1457 0.06912
1 1457 0.06912
1 1457 0.06912
1 1457 0.06912
0 1399 0.069136
0 1399 0.069136
0 1399 0.069136
1 1458 0.069144
1 1458 0.069144
1 1458 0.069144
1 1458 0.069144
0 1398 0.069152
1 1459 0.069168
1 1459 0.069168
1 1459 0.069168
1 1459 0.069168
0 1400 0.069184
0 1400 0.069184
0 1400 0.069184
1 1460 0.069192
1 1460 0.069192
1 1460 0.069192
1 1460 0.069192
0 1399 0.0692
1 1461 0.069216
1 1461 0.069216
1 1461 0.069216
1 1461 0.069216
0 1401 0.069232
0 1401 0.069232
0 1401 0.069232
1 1462 0.06924
1 1462 0.06924
1 1462 0.06924
1 1462 0.06924
0 1400 0.069248
1 1463 0.069264
1 1463 0.069264
1 1463 0.069264
1 1463 0.069264
0 1402 0.06928
0 1402 0.06928
0 1402 0.06928
1 1464 0.069288
1 1464 0.069288
1 1464 0.069288
1 1464 0.069288
0 1401 0.069296
1 1465 0.069312
1 1465 0.069312
1 1465 0.069312
1 1465 0.069312
0 1403 0.069328
0 1403 0.069328
0 1403 0.069328
1 1466 0.069336
1 1466 0.069336
1 1466 0.069336
1 1466 0.069336
0 1402 0.069344
1 1467 0.06936
1 1467 0.06936
1 1467 0.06936
1 1467 0.06936
0 1404 0.069376
0 1404 0.069376
0 1404 0.069376
1 1468 0.069384
1 1468 0.069384
1 1468 0.069384
1 1468 0.069384
0 1403 0.069392
1 1469 0.069408
1 1469 0.069408
1 1469 0.069408
1 1469 0.069408
0 1405 0.069424
0 1405 0.069424
0 1405 0.069424
1 1470 0.069432
1 1470 0.069432
1 1470 0.069432
1 1470 0.069432
0 1404 0.06944
1 1471 0.069456
1 1471 0.069456
1 1471 0.069456
1 1471 0.069456
0 1406 0.069472
0 1406 0.069472
0 1406 0.069472
1 1472 0.06948
1 1472 0.06948
1 1472 0.06948
1 1472 0.06948
0 1405 0.069488
1 1473 0.069504
1 1473 0.069504
1 1473 0.069504
1 1473 0.069504
0 1407 0.06952
0 1407 0.06952
0 1407 0.06952
1 1474 0.069528
1 1474 0.069528
1 1474 0.069528
1 1474 0.069528
0 1406 0.069536
1 1475 0.069552
1 1475 0.069552
1 1475 0.069552
1 1475 0.069552
0 1408 0.069568
0 1408 0.069568
0 1408 0.069568
1 1476 0.069576
1 1476 0.069576
1 1476 0.069576
1 1476 0.069576
0 1407 0.069584
1 1477 0.0696
1 1477 0.0696
1 1477 0.0696
1 1477 0.0696
0 1409 0.069616
0 1409 0.069616
0 1409 0.069616
1 1478 0.069624
1 1478 0.069624
1 1478 0.069624
1 1478 0.069624
0 1408 0.069632
1 1479 0.069648
1 1479 0.069648
1 1479 0.069648
1 1479 0.069648
0 1410 0.069664
0 1410 0.069664
0 1410 0.069664
1 1480 0.069672
1 1480 0.069672
1 1480 0.069672
1 1480 0.069672
0 1409 0.06968
1 1481 0.069696
1 1481 0.069696
1 1481 0.069696
1 1481 0.069696
0 1411 0.069712
0 1411 0.069712
0 1411 0.069712
1 1482 0.06972
1 1482 0.06972
1 1482 0.06972
1 1482 0.06972
0 1410 0.069728
1 1483 0.069744
1 1483 0.069744
1 1483 0.069744
1 1483 0.069744
0 1412 0.06976
0 1412 0.06976
0 1412 0.06976
1 1484 0.069768
1 1484 0.069768
1 1484 0.069768
1 1484 0.069768
0 1411 0.069776
1 1485 0.069792
1 1485 0.069792
1 1485 0.069792
1 1485 0.069792
0 1413 0.069808
0 1413 0.069808
0 1413 0.069808
1 1486 0.069816
1 1486 0.069816
1 1486 0.069816
1 1486 0.069816
0 1412 0.069824
1 1487 0.06984
1 1487 0.06984
1 1487 0.06984
1 1487 0.06984
0 1414 0.069856
0 1414 0.069856
0 1414 0.069856
1 1488 0.069864
1 1488 0.069864
1 1488 0.069864
1 1488 0.069864
0 1413 0.069872
1 1489 0.069888
1 1489 0.069888
1 1489 0.069888
1 1489 0.069888
0 1415 0.069904
0 1415 0.069904
0 1415 0.069904
1 1490 0.069912
1 1490 0.069912
1 1490 0.069912
1 1490 0.069912
0 1414 0.06992
1 1491 0.069936
1 1491 0.069936
1 1491 0.069936
1 1491 0.069936
0 1416 0.069952
0 1416 0.069952
0 1416 0.069952
1 1492 0.06996
1 1492 0.06996
1 1492 0.06996
1 1492 0.06996
0 1415 0.069968
1 1493 0.069984
1 1493 0.069984
1 1493 0.069984
1 1493 0.069984
0 1417 0.07
0 1417 0.07
0 1417 0.07
1 1494 0.070008
1 1494 0.070008
1 1494 0.070008
1 1494 0.070008
0 1416 0.070016
1 1495 0.070032
1 1495 0.070032
1 1495 0.070032
1 1495 0.070032
0 1418 0.070048
0 1418 0.070048
0 1418 0.070048
1 1496 0.070056
1 1496 0.070056
1 1496 0.070056
1 1496 0.070056
0 1417 0.070064
1 1497 0.07008
1 1497 0.07008
1 1497 0.07008
1 1497 0.07008
0 1419 0.070096
0 1419 0.070096
0 1419 0.070096
1 1498 0.070104
1 1498 0.070104
1 1498 0.070104
1 1498 0.070104
0 1418 0.070112
1 1499 0.070128
1 1499 0.070128
1 1499 0.070128
1 1499 0.070128
0 1420 0.070144
0 1420 0.070144
0 1420 0.070144
1 1500 0.070152
1 1500 0.070152
1 1500 0.070152
1 1500 0.070152
0 1419 0.07016
1 1501 0.070176
1 1501 0.070176
1 1501 0.070176
1 1501 0.070176
0 1421 0.070192
0 1421 0.070192
0 1421 0.070192
1 1502 0.0702
1 1502 0.0702
1 1502 0.0702
1 1502 0.0702
0 1420 0.070208
1 1503 0.070224
1 1503 0.070224
1 1503 0.070224
1 1503 0.070224
0 1422 0.07024
0 1422 0.07024
0 1422 0.07024
1 1504 0.070248
1 1504 0.070248
1 1504 0.070248
1 1504 0.070248
0 1421 0.070256
1 1505 0.070272
1 1505 0.070272
1 1505 0.070272
1 1505 0.070272
0 1423 0.070288
0 1423 0.070288
0 1423 0.070288
1 1506 0.070296
1 1506 0.070296
1 1506 0.070296
1 1506 0.070296
0 1422 0.070304
1 1507 0.07032
1 1507 0.07032
1 1507 0.07032
1 1507 0.07032
0 1424 0.070336
0 1424 0.070336
0 1424 0.070336
1 1508 0.070344
1 1508 0.070344
1 1508 0.070344
1 1508 0.070344
0 1423 0.070352
1 1509 0.070368
1 1509 0.070368
1 1509 0.070368
1 1509 0.070368
0 1425 0.070384
0 1425 0.070384
0 1425 0.070384
1 1510 0.070392
1 1510 0.070392
1 1510 0.070392
1 1510 0.070392
0 1424 0.0704
1 1511 0.070416
1 1511 0.070416
1 1511 0.070416
1 1511 0.070416
0 1426 0.070432
0 1426 0.070432
0 1426 0.070432
1 1512 0.07044
1 1512 0.07044
1 1512 0.07044
1 1512 0.07044
0 1425 0.070448
1 1513 0.070464
1 1513 0.070464
1 1513 0.070464
1 1513 0.070464
0 1427 0.07048
0 1427 0.07048
0 1427 0.07048
1 1514 0.070488
1 1514 0.070488
1 1514 0.070488
1 1514 0.070488
0 1426 0.070496
1 1515 0.070512
1 1515 0.070512
1 1515 0.070512
1 1515 0.070512
0 1428 0.070528
0 1428 0.070528
0 1428 0.070528
1 1516 0.070536
1 1516 0.070536
1 1516 0.070536
1 1516 0.070536
0 1427 0.070544
1 1517 0.07056
1 1517 0.07056
1 1517 0.07056
1 1517 0.07056
0 1429 0.070576
0 1429 0.070576
0 1429 0.070576
1 1518 0.070584
1 1518 0.070584
1 1518 0.070584
1 1518 0.070584
0 1428 0.070592
1 1519 0.070608
1 1519 0.070608
1 1519 0.070608
1 1519 0.070608
0 1430 0.070624
0 1430 0.070624
0 1430 0.070624
1 1520 0.070632
1 1520 0.070632
1 1520 0.070632
1 1520 0.070632
0 1429 0.07064
1 1521 0.070656
1 1521 0.070656
1 1521 0.070656
1 1521 0.070656
0 1431 0.070672
0 1431 0.070672
0 1431 0.070672
1 1522 0.07068
1 1522 0.07068
1 1522 0.07068
1 1522 0.07068
0 1430 0.070688
1 1523 0.070704
1 1523 0.070704
1 1523 0.070704
1 1523 0.070704
0 1432 0.07072
0 1432 0.07072
0 1432 0.07072
1 1524 0.070728
1 1524 0.070728
1 1524 0.070728
1 1524 0.070728
0 1431 0.070736
1 1525 0.070752
1 1525 0.070752
1 1525 0.070752
1 1525 0.070752
0 1433 0.070768
0 1433 0.070768
0 1433 0.070768
1 1526 0.070776
1 1526 0.070776
1 1526 0.070776
1 1526 0.070776
0 1432 0.070784
1 1527 0.0708
1 1527 0.0708
1 1527 0.0708
1 1527 0.0708
0 1434 0.070816
0 1434 0.070816
0 1434 0.070816
1 1528 0.070824
1 1528 0.070824
1 1528 0.070824
1 1528 0.070824
0 1433 0.070832
1 1529 0.070848
1 1529 0.070848
1 1529 0.070848
1 1529 0.070848
0 1435 0.070864
0 1435 0.070864
0 1435 0.070864
0 1434 0.07088
0 1436 0.070912
0 1436 0.070912
0 1436 0.070912
0 1435 0.070928
0 1437 0.07096
0 1437 0.07096
0 1437 0.07096
0 1436 0.070976
0 1438 0.071008
0 1438 0.071008
0 1438 0.071008
0 1437 0.071024
0 1439 0.071056
0 1439 0.071056
0 1439 0.071056
0 1438 0.071072
0 1440 0.071104
0 1440 0.071104
0 1440 0.071104
0 1439 0.07112
0 1441 0.071152
0 1441 0.071152
0 1441 0.071152
0 1440 0.071168
0 1442 0.0712
0 1442 0.0712
0 1442 0.0712
0 1441 0.071216
0 1443 0.071248
0 1443 0.071248
0 1443 0.071248
0 1442 0.071264
0 1444 0.071296
0 1444 0.071296
0 1444 0.071296
0 1443 0.071312
0 1445 0.071344
0 1445 0.071344
0 1445 0.071344
0 1444 0.07136
0 1446 0.071392
0 1446 0.071392
0 1446 0.071392
0 1445 0.071408
0 1447 0.07144
0 1447 0.07144
0 1447 0.07144
0 1446 0.071456
0 1448 0.071488
0 1448 0.071488
0 1448 0.071488
0 1447 0.071504
0 1449 0.071536
0 1449 0.071536
0 1449 0.071536
0 1448 0.071552
0 1450 0.071584
0 1450 0.071584
0 1450 0.071584
0 1449 0.0716
0 1451 0.071632
0 1451 0.071632
0 1451 0.071632
0 1450 0.071648
0 1452 0.07168
0 1452 0.07168
0 1452 0.07168
0 1451 0.071696
0 1453 0.071728
0 1453 0.071728
0 1453 0.071728
0 1452 0.071744
0 1454 0.071776
0 1454 0.071776
0 1454 0.071776
0 1453 0.071792
0 1455 0.071824
0 1455 0.071824
0 1455 0.071824
0 1454 0.07184
0 1456 0.071872
0 1456 0.071872
0 1456 0.071872
0 1455 0.071888
0 1457 0.07192
0 1457 0.07192
0 1457 0.07192
0 1456 0.071936
0 1458 0.071968
0 1458 0.071968
0 1458 0.071968
0 1457 0.071984
0 1459 0.072016
0 1459 0.072016
0 1459 0.072016
0 1458 0.072032
0 1460 0.072064
0 1460 0.072064
0 1460 0.072064
0 1459 0.07208
0 1461 0.072112
0 1461 0.072112
0 1461 0.072112
0 1460 0.072128
0 1462 0.07216
0 1462 0.07216
0 1462 0.07216
0 1461 0.072176
0 1463 0.072208
0 1463 0.072208
0 1463 0.072208
0 1462 0.072224
0 1464 0.072256
0 1464 0.072256
0 1464 0.072256
0 1463 0.072272
0 1465 0.072304
0 1465 0.072304
0 1465 0.072304
0 1464 0.07232
0 1466 0.072352
0 1466 0.072352
0 1466 0.072352
0 1465 0.072368
0 1467 0.0724
0 1467 0.0724
0 1467 0.0724
0 1466 0.072416
0 1468 0.072448
0 1468 0.072448
0 1468 0.072448
0 1467 0.072464
0 1469 0.072496
0 1469 0.072496
0 1469 0.072496
0 1468 0.072512
0 1470 0.072544
0 1470 0.072544
0 1470 0.072544
0 1469 0.07256
0 1471 0.072592
0 1471 0.072592
0 1471 0.072592
0 1470 0.072608
0 1472 0.07264
0 1472 0.07264
0 1472 0.07264
0 1471 0.072656
0 1473 0.072688
0 1473 0.072688
0 1473 0.072688
0 1472 0.072704
0 1474 0.072736
0 1474 0.072736
0 1474 0.072736
0 1473 0.072752
0 1475 0.072784
0 1475 0.072784
0 1475 0.072784
0 1474 0.0728
0 1476 0.072832
0 1476 0.072832
0 1476 0.072832
0 1475 0.072848
0 1477 0.07288
0 1477 0.07288
0 1477 0.07288
0 1476 0.072896
0 1478 0.072928
0 1478 0.072928
0 1478 0.072928
0 1477 0.072944
0 1479 0.072976
0 1479 0.072976
0 1479 0.072976
0 1478 0.072992
0 1480 0.073024
0 1480 0.073024
0 1480 0.073024
0 1479 0.07304
0 1481 0.073072
0 1481 0.073072
0 1481 0.073072
0 1480 0.073088
0 1482 0.07312
0 1482 0.07312
0 1482 0.07312
0 1481 0.073136
0 1483 0.073168
0 1483 0.073168
0 1483 0.073168
0 1482 0.073184
0 1484 0.073216
0 1484 0.073216
0 1484 0.073216
0 1483 0.073232
0 1485 0.073264
0 1485 0.073264
0 1485 0.073264
0 1484 0.07328
0 1486 0.073312
0 1486 0.073312
0 1486 0.073312
0 1485 0.073328
0 1487 0.07336
0 1487 0.07336
0 1487 0.07336
0 1486 0.073376
0 1488 0.073408
0 1488 0.073408
0 1488 0.073408
0 1487 0.073424
0 1489 0.073456
0 1489 0.073456
0 1489 0.073456
0 1488 0.073472
0 1490 0.073504
0 1490 0.073504
0 1490 0.073504
0 1489 0.07352
0 1491 0.073552
0 1491 0.073552
0 1491 0.073552
0 1490 0.073568
0 1492 0.0736
0 1492 0.0736
0 1492 0.0736
0 1491 0.073616
0 1493 0.073648
0 1493 0.073648
0 1493 0.073648
0 1492 0.073664
0 1494 0.073696
0 1494 0.073696
0 1494 0.073696
0 1493 0.073712
0 1495 0.073744
0 1495 0.073744
0 1495 0.073744
0 1494 0.07376
0 1496 0.073792
0 1496 0.073792
0 1496 0.073792
0 1495 0.073808
0 1497 0.07384
0 1497 0.07384
0 1497 0.07384
0 1496 0.073856
0 1498 0.073888
0 1498 0.073888
0 1498 0.073888
0 1497 0.073904
0 1499 0.073936
0 1499 0.073936
0 1499 0.073936
0 1498 0.073952
0 1500 0.073984
0 1500 0.073984
0 1500 0.073984
0 1499 0.074
0 1501 0.074032
0 1501 0.074032
0 1501 0.074032
0 1500 0.074048
0 1502 0.07408
0 1502 0.07408
0 1502 0.07408
0 1501 0.074096
0 1503 0.074128
0 1503 0.074128
0 1503 0.074128
0 1502 0.074144
0 1504 0.074176
0 1504 0.074176
0 1504 0.074176
0 1503 0.074192
0 1505 0.074224
0 1505 0.074224
0 1505 0.074224
0 1504 0.07424
0 1506 0.074272
0 1506 0.074272
0 1506 0.074272
0 1505 0.074288
0 1507 0.07432
0 1507 0.07432
0 1507 0.07432
0 1506 0.074336
0 1508 0.074368
0 1508 0.074368
0 1508 0.074368
0 1507 0.074384
0 1509 0.074416
0 1509 0.074416
0 1509 0.074416
0 1508 0.074432
0 1510 0.074464
0 1510 0.074464
0 1510 0.074464
0 1509 0.07448
0 1511 0.074512
0 1511 0.074512
0 1511 0.074512
0 1510 0.074528
0 1512 0.07456
0 1512 0.07456
0 1512 0.07456
0 1511 0.074576
0 1513 0.074608
0 1513 0.074608
0 1513 0.074608
0 1512 0.074624
0 1514 0.074656
0 1514 0.074656
0 1514 0.074656
0 1513 0.074672
0 1515 0.074704
0 1515 0.074704
0 1515 0.074704
0 1514 0.07472
0 1516 0.074752
0 1516 0.074752
0 1516 0.074752
0 1515 0.074768
0 1517 0.0748
0 1517 0.0748
0 1517 0.0748
0 1516 0.074816
0 1518 0.074848
0 1518 0.074848
0 1518 0.074848
0 1517 0.074864
1 1530 0.074888
1 1530 0.074888
1 1530 0.074888
1 1530 0.074888
0 1519 0.074896
0 1519 0.074896
0 1519 0.074896
0 1518 0.074912
1 1531 0.074912
1 1531 0.074912
1 1531 0.074912
1 1531 0.074912
1 1532 0.074936
1 1532 0.074936
1 1532 0.074936
1 1532 0.074936
0 1520 0.074944
0 1520 0.074944
0 1520 0.074944
0 1519 0.07496
1 1533 0.07496
1 1533 0.07496
1 1533 0.07496
1 1533 0.07496
1 1534 0.074984
1 1534 0.074984
1 1534 0.074984
1 1534 0.074984
0 1521 0.074992
0 1521 0.074992
0 1521 0.074992
0 1520 0.075008
1 1535 0.075008
1 1535 0.075008
1 1535 0.075008
1 1535 0.075008
1 1536 0.075032
1 1536 0.075032
1 1536 0.075032
1 1536 0.075032
0 1522 0.07504
0 1522 0.07504
0 1522 0.07504
0 1521 0.075056
1 1537 0.075056
1 1537 0.075056
1 1537 0.075056
1 1537 0.075056
1 1538 0.07508
1 1538 0.07508
1 1538 0.07508
1 1538 0.07508
0 1523 0.075088
0 1523 0.075088
0 1523 0.075088
0 1522 0.075104
1 1539 0.075104
1 1539 0.075104
1 1539 0.075104
1 1539 0.075104
1 1540 0.075128
1 1540 0.075128
1 1540 0.075128
1 1540 0.075128
0 1524 0.075136
0 1524 0.075136
0 1524 0.075136
0 1523 0.075152
1 1541 0.075152
1 1541 0.075152
1 1541 0.075152
1 1541 0.075152
1 1542 0.075176
1 1542 0.075176
1 1542 0.075176
1 1542 0.075176
0 1525 0.075184
0 1525 0.075184
0 1525 0.075184
0 1524 0.0752
1 1543 0.0752
1 1543 0.0752
1 1543 0.0752
1 1543 0.0752
1 1544 0.075224
1 1544 0.075224
1 1544 0.075224
1 1544 0.075224
0 1526 0.075232
0 1526 0.075232
0 1526 0.075232
0 1525 0.075248
1 1545 0.075248
1 1545 0.075248
1 1545 0.075248
1 1545 0.075248
1 1546 0.075272
1 1546 0.075272
1 1546 0.075272
1 1546 0.075272
0 1527 0.07528
0 1527 0.07528
0 1527 0.07528
0 1526 0.075296
1 1547 0.075296
1 1547 0.075296
1 1547 0.075296
1 1547 0.075296
1 1548 0.07532
1 1548 0.07532
1 1548 0.07532
1 1548 0.07532
0 1528 0.075328
0 1528 0.075328
0 1528 0.075328
0 1527 0.075344
1 1549 0.075344
1 1549 0.075344
1 1549 0.075344
1 1549 0.075344
1 1550 0.075368
1 1550 0.075368
1 1550 0.075368
1 1550 0.075368
0 1529 0.075376
0 1529 0.075376
0 1529 0.075376
0 1528 0.075392
1 1551 0.075392
1 1551 0.075392
1 1551 0.075392
1 1551 0.075392
1 1552 0.075416
1 1552 0.075416
1 1552 0.075416
1 1552 0.075416
0 1530 0.075424
0 1530 0.075424
0 1530 0.075424
0 1529 0.07544
1 1553 0.07544
1 1553 0.07544
1 1553 0.07544
1 1553 0.07544
1 1554 0.075464
1 1554 0.075464
1 1554 0.075464
1 1554 0.075464
0 1531 0.075472
0 1531 0.075472
0 1531 0.075472
0 1530 0.075488
1 1555 0.075488
1 1555 0.075488
1 1555 0.075488
1 1555 0.075488
1 1556 0.075512
1 1556 0.075512
1 1556 0.075512
1 1556 0.075512
0 1532 0.07552
0 1532 0.07552
0 1532 0.07552
0 1531 0.075536
1 1557 0.075536
1 1557 0.075536
1 1557 0.075536
1 1557 0.075536
1 1558 0.07556
1 1558 0.07556
1 1558 0.07556
1 1558 0.07556
0 1533 0.075568
0 1533 0.075568
0 1533 0.075568
0 1532 0.075584
1 1559 0.075584
1 1559 0.075584
1 1559 0.075584
1 1559 0.075584
1 1560 0.075608
1 1560 0.075608
1 1560 0.075608
1 1560 0.075608
0 1534 0.075616
0 1534 0.075616
0 1534 0.075616
0 1533 0.075632
1 1561 0.075632
1 1561 0.075632
1 1561 0.075632
1 1561 0.075632
1 1562 0.075656
1 1562 0.075656
1 1562 0.075656
1 1562 0.075656
0 1535 0.075664
0 1535 0.075664
0 1535 0.075664
0 1534 0.07568
1 1563 0.07568
1 1563 0.07568
1 1563 0.07568
1 1563 0.07568
1 1564 0.075704
1 1564 0.075704
1 1564 0.075704
1 1564 0.075704
0 1536 0.075712
0 1536 0.075712
0 1536 0.075712
0 1535 0.075728
1 1565 0.075728
1 1565 0.075728
1 1565 0.075728
1 1565 0.075728
1 1566 0.075752
1 1566 0.075752
1 1566 0.075752
1 1566 0.075752
0 1537 0.07576
0 1537 0.07576
0 1537 0.07576
0 1536 0.075776
1 1567 0.075776
1 1567 0.075776
1 1567 0.075776
1 1567 0.075776
1 1568 0.0758
1 1568 0.0758
1 1568 0.0758
1 1568 0.0758
0 1538 0.075808
0 1538 0.075808
0 1538 0.075808
0 1537 0.075824
1 1569 0.075824
1 1569 0.075824
1 1569 0.075824
1 1569 0.075824
1 1570 0.075848
1 1570 0.075848
1 1570 0.075848
1 1570 0.075848
0 1539 0.075856
0 1539 0.075856
0 1539 0.075856
0 1538 0.075872
1 1571 0.075872
1 1571 0.075872
1 1571 0.075872
1 1571 0.075872
1 1572 0.075896
1 1572 0.075896
1 1572 0.075896
1 1572 0.075896
0 1540 0.075904
0 1540 0.075904
0 1540 0.075904
0 1539 0.07592
1 1573 0.07592
1 1573 0.07592
1 1573 0.07592
1 1573 0.07592
1 1574 0.075944
1 1574 0.075944
1 1574 0.075944
1 1574 0.075944
0 1541 0.075952
0 1541 0.075952
0 1541 0.075952
0 1540 0.075968
1 1575 0.075968
1 1575 0.075968
1 1575 0.075968
1 1575 0.075968
1 1576 0.075992
1 1576 0.075992
1 1576 0.075992
1 1576 0.075992
0 1542 0.076
0 1542 0.076
0 1542 0.076
0 1541 0.076016
1 1577 0.076016
1 1577 0.076016
1 1577 0.076016
1 1577 0.076016
1 1578 0.07604
1 1578 0.07604
1 1578 0.07604
1 1578 0.07604
0 1543 0.076048
0 1543 0.076048
0 1543 0.076048
0 1542 0.076064
1 1579 0.076064
1 1579 0.076064
1 1579 0.076064
1 1579 0.076064
1 1580 0.076088
1 1580 0.076088
1 1580 0.076088
1 1580 0.076088
0 1544 0.076096
0 1544 0.076096
0 1544 0.076096
0 1543 0.076112
1 1581 0.076112
1 1581 0.076112
1 1581 0.076112
1 1581 0.076112
1 1582 0.076136
1 1582 0.076136
1 1582 0.076136
1 1582 0.076136
0 1545 0.076144
0 1545 0.076144
0 1545 0.076144
0 1544 0.07616
1 1583 0.07616
1 1583 0.07616
1 1583 0.07616
1 1583 0.07616
1 1584 0.076184
1 1584 0.076184
1 1584 0.076184
1 1584 0.076184
0 1546 0.076192
0 1546 0.076192
0 1546 0.076192
0 1545 0.076208
1 1585 0.076208
1 1585 0.076208
1 1585 0.076208
1 1585 0.076208
1 1586 0.076232
1 1586 0.076232
1 1586 0.076232
1 1586 0.076232
0 1547 0.07624
0 1547 0.07624
0 1547 0.07624
0 1546 0.076256
1 1587 0.076256
1 1587 0.076256
1 1587 0.076256
1 1587 0.076256
1 1588 0.07628
1 1588 0.07628
1 1588 0.07628
1 1588 0.07628
0 1548 0.076288
0 1548 0.076288
0 1548 0.076288
0 1547 0.076304
1 1589 0.076304
1 1589 0.076304
1 1589 0.076304
1 1589 0.076304
1 1590 0.076328
1 1590 0.076328
1 1590 0.076328
1 1590 0.076328
0 1549 0.076336
0 1549 0.076336
0 1549 0.076336
0 1548 0.076352
1 1591 0.076352
1 1591 0.076352
1 1591 0.076352
1 1591 0.076352
1 1592 0.076376
1 1592 0.076376
1 1592 0.076376
1 1592 0.076376
0 1550 0.076384
0 1550 0.076384
0 1550 0.076384
0 1549 0.0764
1 1593 0.0764
1 1593 0.0764
1 1593 0.0764
1 1593 0.0764
1 1594 0.076424
1 1594 0.076424
1 1594 0.076424
1 1594 0.076424
0 1551 0.076432
0 1551 0.076432
0 1551 0.076432
0 1550 0.076448
1 1595 0.076448
1 1595 0.076448
1 1595 0.076448
1 1595 0.076448
1 1596 0.076472
1 1596 0.076472
1 1596 0.076472
1 1596 0.076472
0 1552 0.07648
0 1552 0.07648
0 1552 0.07648
0 1551 0.076496
1 1597 0.076496
1 1597 0.076496
1 1597 0.076496
1 1597 0.076496
1 1598 0.07652
1 1598 0.07652
1 1598 0.07652
1 1598 0.07652
0 1553 0.076528
0 1553 0.076528
0 1553 0.076528
0 1552 0.076544
1 1599 0.076544
1 1599 0.076544
1 1599 0.076544
1 1599 0.076544
1 1600 0.076568
1 1600 0.076568
1 1600 0.076568
1 1600 0.076568
0 1554 0.076576
0 1554 0.076576
0 1554 0.076576
0 1553 0.076592
1 1601 0.076592
1 1601 0.076592
1 1601 0.076592
1 1601 0.076592
1 1602 0.076616
1 1602 0.076616
1 1602 0.076616
1 1602 0.076616
0 1555 0.076624
0 1555 0.076624
0 1555 0.076624
0 1554 0.07664
1 1603 0.07664
1 1603 0.07664
1 1603 0.07664
1 1603 0.07664
1 1604 0.076664
1 1604 0.076664
1 1604 0.076664
1 1604 0.076664
0 1556 0.076672
0 1556 0.076672
0 1556 0.076672
0 1555 0.076688
1 1605 0.076688
1 1605 0.076688
1 1605 0.076688
1 1605 0.076688
1 1606 0.076712
1 1606 0.076712
1 1606 0.076712
1 1606 0.076712
0 1557 0.07672
0 1557 0.07672
0 1557 0.07672
0 1556 0.076736
1 1607 0.076736
1 1607 0.076736
1 1607 0.076736
1 1607 0.076736
1 1608 0.07676
1 1608 0.07676
1 1608 0.07676
1 1608 0.07676
0 1558 0.076768
0 1558 0.076768
0 1558 0.076768
0 1557 0.076784
1 1609 0.076784
1 1609 0.076784
1 1609 0.076784
1 1609 0.076784
1 1610 0.076808
1 1610 0.076808
1 1610 0.076808
1 1610 0.076808
0 1559 0.076816
0 1559 0.076816
0 1559 0.076816
0 1558 0.076832
1 1611 0.076832
1 1611 0.076832
1 1611 0.076832
1 1611 0.076832
1 1612 0.076856
1 1612 0.076856
1 1612 0.076856
1 1612 0.076856
0 1560 0.076864
0 1560 0.076864
0 1560 0.076864
0 1559 0.07688
1 1613 0.07688
1 1613 0.07688
1 1613 0.07688
1 1613 0.07688
1 1614 0.076904
1 1614 0.076904
1 1614 0.076904
1 1614 0.076904
0 1561 0.076912
0 1561 0.076912
0 1561 0.076912
0 1560 0.076928
1 1615 0.076928
1 1615 0.076928
1 1615 0.076928
1 1615 0.076928
1 1616 0.076952
1 1616 0.076952
1 1616 0.076952
1 1616 0.076952
0 1562 0.07696
0 1562 0.07696
0 1562 0.07696
0 1561 0.076976
1 1617 0.076976
1 1617 0.076976
1 1617 0.076976
1 1617 0.076976
1 1618 0.077
1 1618 0.077
1 1618 0.077
1 1618 0.077
0 1563 0.077008
0 1563 0.077008
0 1563 0.077008
0 1562 0.077024
1 1619 0.077024
1 1619 0.077024
1 1619 0.077024
1 1619 0.077024
1 1620 0.077048
1 1620 0.077048
1 1620 0.077048
1 1620 0.077048
0 1564 0.077056
0 1564 0.077056
0 1564 0.077056
0 1563 0.077072
1 1621 0.077072
1 1621 0.077072
1 1621 0.077072
1 1621 0.077072
1 1622 0.077096
1 1622 0.077096
1 1622 0.077096
1 1622 0.077096
0 1565 0.077104
0 1565 0.077104
0 1565 0.077104
0 1564 0.07712
1 1623 0.07712
1 1623 0.07712
1 1623 0.07712
1 1623 0.07712
1 1624 0.077144
1 1624 0.077144
1 1624 0.077144
1 1624 0.077144
0 1566 0.077152
0 1566 0.077152
0 1566 0.077152
0 1565 0.077168
1 1625 0.077168
1 1625 0.077168
1 1625 0.077168
1 1625 0.077168
1 1626 0.077192
1 1626 0.077192
1 1626 0.077192
1 1626 0.077192
0 1567 0.0772
0 1567 0.0772
0 1567 0.0772
0 1566 0.077216
1 1627 0.077216
1 1627 0.077216
1 1627 0.077216
1 1627 0.077216
1 1628 0.07724
1 1628 0.07724
1 1628 0.07724
1 1628 0.07724
0 1568 0.077248
0 1568 0.077248
0 1568 0.077248
0 1567 0.077264
1 1629 0.077264
1 1629 0.077264
1 1629 0.077264
1 1629 0.077264
1 1630 0.077288
1 1630 0.077288
1 1630 0.077288
1 1630 0.077288
0 1569 0.077296
0 1569 0.077296
0 1569 0.077296
0 1568 0.077312
1 1631 0.077312
1 1631 0.077312
1 1631 0.077312
1 1631 0.077312
1 1632 0.077336
1 1632 0.077336
1 1632 0.077336
1 1632 0.077336
0 1570 0.077344
0 1570 0.077344
0 1570 0.077344
0 1569 0.07736
1 1633 0.07736
1 1633 0.07736
1 1633 0.07736
1 1633 0.07736
1 1634 0.077384
1 1634 0.077384
1 1634 0.077384
1 1634 0.077384
0 1571 0.077392
0 1571 0.077392
0 1571 0.077392
0 1570 0.077408
1 1635 0.077408
1 1635 0.077408
1 1635 0.077408
1 1635 0.077408
1 1636 0.077432
1 1636 0.077432
1 1636 0.077432
1 1636 0.077432
0 1572 0.07744
0 1572 0.07744
0 1572 0.07744
0 1571 0.077456
1 1637 0.077456
1 1637 0.077456
1 1637 0.077456
1 1637 0.077456
1 1638 0.07748
1 1638 0.07748
1 1638 0.07748
1 1638 0.07748
0 1573 0.077488
0 1573 0.077488
0 1573 0.077488
0 1572 0.077504
1 1639 0.077504
1 1639 0.077504
1 1639 0.077504
1 1639 0.077504
1 1640 0.077528
1 1640 0.077528
1 1640 0.077528
1 1640 0.077528
0 1574 0.077536
0 1574 0.077536
0 1574 0.077536
0 1573 0.077552
1 1641 0.077552
1 1641 0.077552
1 1641 0.077552
1 1641 0.077552
1 1642 0.077576
1 1642 0.077576
1 1642 0.077576
1 1642 0.077576
0 1575 0.077584
0 1575 0.077584
0 1575 0.077584
0 1574 0.0776
1 1643 0.0776
1 1643 0.0776
1 1643 0.0776
1 1643 0.0776
1 1644 0.077624
1 1644 0.077624
1 1644 0.077624
1 1644 0.077624
0 1576 0.077632
0 1576 0.077632
0 1576 0.077632
0 1575 0.077648
1 1645 0.077648
1 1645 0.077648
1 1645 0.077648
1 1645 0.077648
1 1646 0.077672
1 1646 0.077672
1 1646 0.077672
1 1646 0.077672
0 1577 0.07768
0 1577 0.07768
0 1577 0.07768
0 1576 0.077696
1 1647 0.077696
1 1647 0.077696
1 1647 0.077696
1 1647 0.077696
1 1648 0.07772
1 1648 0.07772
1 1648 0.07772
1 1648 0.07772
0 1578 0.077728
0 1578 0.077728
0 1578 0.077728
0 1577 0.077744
1 1649 0.077744
1 1649 0.077744
1 1649 0.077744
1 1649 0.077744
1 1650 0.077768
1 1650 0.077768
1 1650 0.077768
1 1650 0.077768
0 1579 0.077776
0 1579 0.077776
0 1579 0.077776
0 1578 0.077792
1 1651 0.077792
1 1651 0.077792
1 1651 0.077792
1 1651 0.077792
1 1652 0.077816
1 1652 0.077816
1 1652 0.077816
1 1652 0.077816
0 1580 0.077824
0 1580 0.077824
0 1580 0.077824
0 1579 0.07784
1 1653 0.07784
1 1653 0.07784
1 1653 0.07784
1 1653 0.07784
1 1654 0.077864
1 1654 0.077864
1 1654 0.077864
1 1654 0.077864
0 1581 0.077872
0 1581 0.077872
0 1581 0.077872
0 1580 0.077888
1 1655 0.077888
1 1655 0.077888
1 1655 0.077888
1 1655 0.077888
1 1656 0.077912
1 1656 0.077912
1 1656 0.077912
1 1656 0.077912
0 1582 0.07792
0 1582 0.07792
0 1582 0.07792
0 1581 0.077936
1 1657 0.077936
1 1657 0.077936
1 1657 0.077936
1 1657 0.077936
1 1658 0.07796
1 1658 0.07796
1 1658 0.07796
1 1658 0.07796
0 1583 0.077968
0 1583 0.077968
0 1583 0.077968
0 1582 0.077984
1 1659 0.077984
1 1659 0.077984
1 1659 0.077984
1 1659 0.077984
1 1660 0.078008
1 1660 0.078008
1 1660 0.078008
1 1660 0.078008
0 1584 0.078016
0 1584 0.078016
0 1584 0.078016
0 1583 0.078032
1 1661 0.078032
1 1661 0.078032
1 1661 0.078032
1 1661 0.078032
1 1662 0.078056
1 1662 0.078056
1 1662 0.078056
1 1662 0.078056
0 1585 0.078064
0 1585 0.078064
0 1585 0.078064
0 1584 0.07808
1 1663 0.07808
1 1663 0.07808
1 1663 0.07808
1 1663 0.07808
1 1664 0.078104
1 1664 0.078104
1 1664 0.078104
1 1664 0.078104
0 1586 0.078112
0 1586 0.078112
0 1586 0.078112
0 1585 0.078128
1 1665 0.078128
1 1665 0.078128
1 1665 0.078128
1 1665 0.078128
1 1666 0.078152
1 1666 0.078152
1 1666 0.078152
1 1666 0.078152
0 1587 0.07816
0 1587 0.07816
0 1587 0.07816
0 1586 0.078176
1 1667 0.078176
1 1667 0.078176
1 1667 0.078176
1 1667 0.078176
1 1668 0.0782
1 1668 0.0782
1 1668 0.0782
1 1668 0.0782
0 1588 0.078208
0 1588 0.078208
0 1588 0.078208
0 1587 0.078224
1 1669 0.078224
1 1669 0.078224
1 1669 0.078224
1 1669 0.078224
1 1670 0.078248
1 1670 0.078248
1 1670 0.078248
1 1670 0.078248
0 1589 0.078256
0 1589 0.078256
0 1589 0.078256
0 1588 0.078272
1 1671 0.078272
1 1671 0.078272
1 1671 0.078272
1 1671 0.078272
1 1672 0.078296
1 1672 0.078296
1 1672 0.078296
1 1672 0.078296
0 1590 0.078304
0 1590 0.078304
0 1590 0.078304
0 1589 0.07832
1 1673 0.07832
1 1673 0.07832
1 1673 0.07832
1 1673 0.07832
1 1674 0.078344
1 1674 0.078344
1 1674 0.078344
1 1674 0.078344
0 1591 0.078352
0 1591 0.078352
0 1591 0.078352
0 1590 0.078368
1 1675 0.078368
1 1675 0.078368
1 1675 0.078368
1 1675 0.078368
1 1676 0.078392
1 1676 0.078392
1 1676 0.078392
1 1676 0.078392
0 1592 0.0784
0 1592 0.0784
0 1592 0.0784
0 1591 0.078416
1 1677 0.078416
1 1677 0.078416
1 1677 0.078416
1 1677 0.078416
1 1678 0.07844
1 1678 0.07844
1 1678 0.07844
1 1678 0.07844
0 1593 0.078448
0 1593 0.078448
0 1593 0.078448
0 1592 0.078464
1 1679 0.078464
1 1679 0.078464
1 1679 0.078464
1 1679 0.078464
1 1680 0.078488
1 1680 0.078488
1 1680 0.078488
1 1680 0.078488
0 1594 0.078496
0 1594 0.078496
0 1594 0.078496
0 1593 0.078512
1 1681 0.078512
1 1681 0.078512
1 1681 0.078512
1 1681 0.078512
1 1682 0.078536
1 1682 0.078536
1 1682 0.078536
1 1682 0.078536
0 1595 0.078544
0 1595 0.078544
0 1595 0.078544
0 1594 0.07856
1 1683 0.07856
1 1683 0.07856
1 1683 0.07856
1 1683 0.07856
1 1684 0.078584
1 1684 0.078584
1 1684 0.078584
1 1684 0.078584
0 1596 0.078592
0 1596 0.078592
0 1596 0.078592
0 1595 0.078608
1 1685 0.078608
1 1685 0.078608
1 1685 0.078608
1 1685 0.078608
1 1686 0.078632
1 1686 0.078632
1 1686 0.078632
1 1686 0.078632
0 1597 0.07864
0 1597 0.07864
0 1597 0.07864
0 1596 0.078656
1 1687 0.078656
1 1687 0.078656
1 1687 0.078656
1 1687 0.078656
1 1688 0.07868
1 1688 0.07868
1 1688 0.07868
1 1688 0.07868
0 1598 0.078688
0 1598 0.078688
0 1598 0.078688
0 1597 0.078704
1 1689 0.078704
1 1689 0.078704
1 1689 0.078704
1 1689 0.078704
1 1690 0.078728
1 1690 0.078728
1 1690 0.078728
1 1690 0.078728
0 1599 0.078736
0 1599 0.078736
0 1599 0.078736
0 1598 0.078752
1 1691 0.078752
1 1691 0.078752
1 1691 0.078752
1 1691 0.078752
1 1692 0.078776
1 1692 0.078776
1 1692 0.078776
1 1692 0.078776
0 1600 0.078784
0 1600 0.078784
0 1600 0.078784
0 1599 0.0788
1 1693 0.0788
1 1693 0.0788
1 1693 0.0788
1 1693 0.0788
1 1694 0.078824
1 1694 0.078824
1 1694 0.078824
1 1694 0.078824
0 1601 0.078832
0 1601 0.078832
0 1601 0.078832
0 1600 0.078848
1 1695 0.078848
1 1695 0.078848
1 1695 0.078848
1 1695 0.078848
1 1696 0.078872
1 1696 0.078872
1 1696 0.078872
1 1696 0.078872
0 1602 0.07888
0 1602 0.07888
0 1602 0.07888
0 1601 0.078896
1 1697 0.078896
1 1697 0.078896
1 1697 0.078896
1 1697 0.078896
1 1698 0.07892
1 1698 0.07892
1 1698 0.07892
1 1698 0.07892
0 1603 0.078928
0 1603 0.078928
0 1603 0.078928
0 1602 0.078944
1 1699 0.078944
1 1699 0.078944
1 1699 0.078944
1 1699 0.078944
0 1604 0.078976
0 1604 0.078976
0 1604 0.078976
0 1603 0.078992
0 1605 0.079024
0 1605 0.079024
0 1605 0.079024
0 1604 0.07904
0 1606 0.079072
0 1606 0.079072
0 1606 0.079072
0 1605 0.079088
0 1607 0.07912
0 1607 0.07912
0 1607 0.07912
0 1606 0.079136
0 1608 0.079168
0 1608 0.079168
0 1608 0.079168
0 1607 0.079184
0 1609 0.079216
0 1609 0.079216
0 1609 0.079216
0 1608 0.079232
0 1610 0.079264
0 1610 0.079264
0 1610 0.079264
0 1609 0.07928
0 1611 0.079312
0 1611 0.079312
0 1611 0.079312
0 1610 0.079328
0 1612 0.07936
0 1612 0.07936
0 1612 0.07936
0 1611 0.079376
0 1613 0.079408
0 1613 0.079408
0 1613 0.079408
0 1612 0.079424
0 1614 0.079456
0 1614 0.079456
0 1614 0.079456
0 1613 0.079472
0 1615 0.079504
0 1615 0.079504
0 1615 0.079504
0 1614 0.07952
0 1616 0.079552
0 1616 0.079552
0 1616 0.079552
0 1615 0.079568
0 1617 0.0796
0 1617 0.0796
0 1617 0.0796
0 1616 0.079616
0 1618 0.079648
0 1618 0.079648
0 1618 0.079648
0 1617 0.079664
0 1619 0.079696
0 1619 0.079696
0 1619 0.079696
0 1618 0.079712
0 1620 0.079744
0 1620 0.079744
0 1620 0.079744
0 1619 0.07976
0 1621 0.079792
0 1621 0.079792
0 1621 0.079792
0 1620 0.079808
0 1622 0.07984
0 1622 0.07984
0 1622 0.07984
0 1621 0.079856
0 1623 0.079888
0 1623 0.079888
0 1623 0.079888
0 1622 0.079904
0 1624 0.079936
0 1624 0.079936
0 1624 0.079936
0 1623 0.079952
0 1625 0.079984
0 1625 0.079984
0 1625 0.079984
0 1624 0.08
0 1626 0.080032
0 1626 0.080032
0 1626 0.080032
0 1625 0.080048
0 1627 0.08008
0 1627 0.08008
0 1627 0.08008
0 1626 0.080096
0 1628 0.080128
0 1628 0.080128
0 1628 0.080128
0 1627 0.080144
0 1629 0.080176
0 1629 0.080176
0 1629 0.080176
0 1628 0.080192
0 1630 0.080224
0 1630 0.080224
0 1630 0.080224
0 1629 0.08024
0 1631 0.080272
0 1631 0.080272
0 1631 0.080272
0 1630 0.080288
0 1632 0.08032
0 1632 0.08032
0 1632 0.08032
0 1631 0.080336
0 1633 0.080368
0 1633 0.080368
0 1633 0.080368
0 1632 0.080384
0 1634 0.080416
0 1634 0.080416
0 1634 0.080416
0 1633 0.080432
0 1635 0.080464
0 1635 0.080464
0 1635 0.080464
0 1634 0.08048
0 1636 0.080512
0 1636 0.080512
0 1636 0.080512
0 1635 0.080528
0 1637 0.08056
0 1637 0.08056
0 1637 0.08056
0 1636 0.080576
0 1638 0.080608
0 1638 0.080608
0 1638 0.080608
0 1637 0.080624
0 1639 0.080656
0 1639 0.080656
0 1639 0.080656
0 1638 0.080672
0 1640 0.080704
0 1640 0.080704
0 1640 0.080704
0 1639 0.08072
0 1641 0.080752
0 1641 0.080752
0 1641 0.080752
0 1640 0.080768
0 1642 0.0808
0 1642 0.0808
0 1642 0.0808
0 1641 0.080816
0 1643 0.080848
0 1643 0.080848
0 1643 0.080848
0 1642 0.080864
0 1644 0.080896
0 1644 0.080896
0 1644 0.080896
0 1643 0.080912
0 1645 0.080944
0 1645 0.080944
0 1645 0.080944
0 1644 0.08096
0 1646 0.080992
0 1646 0.080992
0 1646 0.080992
0 1645 0.081008
0 1647 0.08104
0 1647 0.08104
0 1647 0.08104
0 1646 0.081056
0 1648 0.081088
0 1648 0.081088
0 1648 0.081088
0 1647 0.081104
0 1649 0.081136
0 1649 0.081136
0 1649 0.081136
0 1648 0.081152
0 1650 0.081184
0 1650 0.081184
0 1650 0.081184
0 1649 0.0812
0 1651 0.081232
0 1651 0.081232
0 1651 0.081232
0 1650 0.081248
0 1652 0.08128
0 1652 0.08128
0 1652 0.08128
0 1651 0.081296
0 1653 0.081328
0 1653 0.081328
0 1653 0.081328
0 1652 0.081344
0 1654 0.081376
0 1654 0.081376
0 1654 0.081376
0 1653 0.081392
0 1655 0.081424
0 1655 0.081424
0 1655 0.081424
0 1654 0.08144
0 1656 0.081472
0 1656 0.081472
0 1656 0.081472
0 1655 0.081488
0 1657 0.08152
0 1657 0.08152
0 1657 0.08152
0 1656 0.081536
0 1658 0.081568
0 1658 0.081568
0 1658 0.081568
0 1657 0.081584
0 1659 0.081616
0 1659 0.081616
0 1659 0.081616
0 1658 0.081632
0 1660 0.081664
0 1660 0.081664
0 1660 0.081664
0 1659 0.08168
0 1661 0.081712
0 1661 0.081712
0 1661 0.081712
0 1660 0.081728
0 1662 0.08176
0 1662 0.08176
0 1662 0.08176
0 1661 0.081776
0 1663 0.081808
0 1663 0.081808
0 1663 0.081808
0 1662 0.081824
0 1664 0.081856
0 1664 0.081856
0 1664 0.081856
0 1663 0.081872
0 1665 0.081904
0 1665 0.081904
0 1665 0.081904
0 1664 0.08192
0 1666 0.081952
0 1666 0.081952
0 1666 0.081952
0 1665 0.081968
0 1667 0.082
0 1667 0.082
0 1667 0.082
0 1666 0.082016
0 1668 0.082048
0 1668 0.082048
0 1668 0.082048
0 1667 0.082064
0 1669 0.082096
0 1669 0.082096
0 1669 0.082096
0 1668 0.082112
0 1670 0.082144
0 1670 0.082144
0 1670 0.082144
0 1669 0.08216
0 1671 0.082192
0 1671 0.082192
0 1671 0.082192
0 1670 0.082208
0 1672 0.08224
0 1672 0.08224
0 1672 0.08224
0 1671 0.082256
0 1673 0.082288
0 1673 0.082288
0 1673 0.082288
0 1672 0.082304
0 1674 0.082336
0 1674 0.082336
0 1674 0.082336
0 1673 0.082352
0 1675 0.082384
0 1675 0.082384
0 1675 0.082384
0 1674 0.0824
0 1676 0.082432
0 1676 0.082432
0 1676 0.082432
0 1675 0.082448
0 1677 0.08248
0 1677 0.08248
0 1677 0.08248
0 1676 0.082496
0 1678 0.082528
0 1678 0.082528
0 1678 0.082528
0 1677 0.082544
0 1679 0.082576
0 1679 0.082576
0 1679 0.082576
0 1678 0.082592
0 1680 0.082624
0 1680 0.082624
0 1680 0.082624
0 1679 0.08264
0 1681 0.082672
0 1681 0.082672
0 1681 0.082672
0 1680 0.082688
0 1682 0.08272
0 1682 0.08272
0 1682 0.08272
0 1681 0.082736
0 1683 0.082768
0 1683 0.082768
0 1683 0.082768
0 1682 0.082784
0 1684 0.082816
0 1684 0.082816
0 1684 0.082816
0 1683 0.082832
0 1685 0.082864
0 1685 0.082864
0 1685 0.082864
0 1684 0.08288
0 1686 0.082912
0 1686 0.082912
0 1686 0.082912
0 1685 0.082928
0 1687 0.08296
0 1687 0.08296
0 1687 0.08296
0 1686 0.082976
1 1700 0.082984
1 1700 0.082984
1 1700 0.082984
1 1700 0.082984
0 1688 0.083008
0 1688 0.083008
0 1688 0.083008
1 1701 0.083008
1 1701 0.083008
1 1701 0.083008
1 1701 0.083008
0 1687 0.083024
1 1702 0.083032
1 1702 0.083032
1 1702 0.083032
1 1702 0.083032
0 1689 0.083056
0 1689 0.083056
0 1689 0.083056
1 1703 0.083056
1 1703 0.083056
1 1703 0.083056
1 1703 0.083056
0 1688 0.083072
1 1704 0.08308
1 1704 0.08308
1 1704 0.08308
1 1704 0.08308
0 1690 0.083104
0 1690 0.083104
0 1690 0.083104
1 1705 0.083104
1 1705 0.083104
1 1705 0.083104
1 1705 0.083104
0 1689 0.08312
1 1706 0.083128
1 1706 0.083128
1 1706 0.083128
1 1706 0.083128
0 1691 0.083152
0 1691 0.083152
0 1691 0.083152
1 1707 0.083152
1 1707 0.083152
1 1707 0.083152
1 1707 0.083152
0 1690 0.083168
1 1708 0.083176
1 1708 0.083176
1 1708 0.083176
1 1708 0.083176
0 1692 0.0832
0 1692 0.0832
0 1692 0.0832
1 1709 0.0832
1 1709 0.0832
1 1709 0.0832
1 1709 0.0832
0 1691 0.083216
1 1710 0.083224
1 1710 0.083224
1 1710 0.083224
1 1710 0.083224
0 1693 0.083248
0 1693 0.083248
0 1693 0.083248
1 1711 0.083248
1 1711 0.083248
1 1711 0.083248
1 1711 0.083248
0 1692 0.083264
1 1712 0.083272
1 1712 0.083272
1 1712 0.083272
1 1712 0.083272
0 1694 0.083296
0 1694 0.083296
0 1694 0.083296
1 1713 0.083296
1 1713 0.083296
1 1713 0.083296
1 1713 0.083296
0 1693 0.083312
1 1714 0.08332
1 1714 0.08332
1 1714 0.08332
1 1714 0.08332
0 1695 0.083344
0 1695 0.083344
0 1695 0.083344
1 1715 0.083344
1 1715 0.083344
1 1715 0.083344
1 1715 0.083344
0 1694 0.08336
1 1716 0.083368
1 1716 0.083368
1 1716 0.083368
1 1716 0.083368
0 1696 0.083392
0 1696 0.083392
0 1696 0.083392
1 1717 0.083392
1 1717 0.083392
1 1717 0.083392
1 1717 0.083392
0 1695 0.083408
1 1718 0.083416
1 1718 0.083416
1 1718 0.083416
1 1718 0.083416
0 1697 0.08344
0 1697 0.08344
0 1697 0.08344
1 1719 0.08344
1 1719 0.08344
1 1719 0.08344
1 1719 0.08344
0 1696 0.083456
1 1720 0.083464
1 1720 0.083464
1 1720 0.083464
1 1720 0.083464
0 1698 0.083488
0 1698 0.083488
0 1698 0.083488
1 1721 0.083488
1 1721 0.083488
1 1721 0.083488
1 1721 0.083488
0 1697 0.083504
1 1722 0.083512
1 1722 0.083512
1 1722 0.083512
1 1722 0.083512
0 1699 0.083536
0 1699 0.083536
0 1699 0.083536
1 1723 0.083536
1 1723 0.083536
1 1723 0.083536
1 1723 0.083536
0 1698 0.083552
1 1724 0.08356
1 1724 0.08356
1 1724 0.08356
1 1724 0.08356
0 1700 0.083584
0 1700 0.083584
0 1700 0.083584
1 1725 0.083584
1 1725 0.083584
1 1725 0.083584
1 1725 0.083584
0 1699 0.0836
1 1726 0.083608
1 1726 0.083608
1 1726 0.083608
1 1726 0.083608
0 1701 0.083632
0 1701 0.083632
0 1701 0.083632
1 1727 0.083632
1 1727 0.083632
1 1727 0.083632
1 1727 0.083632
0 1700 0.083648
1 1728 0.083656
1 1728 0.083656
1 1728 0.083656
1 1728 0.083656
0 1702 0.08368
0 1702 0.08368
0 1702 0.08368
1 1729 0.08368
1 1729 0.08368
1 1729 0.08368
1 1729 0.08368
0 1701 0.083696
1 1730 0.083704
1 1730 0.083704
1 1730 0.083704
1 1730 0.083704
0 1703 0.083728
0 1703 0.083728
0 1703 0.083728
1 1731 0.083728
1 1731 0.083728
1 1731 0.083728
1 1731 0.083728
0 1702 0.083744
1 1732 0.083752
1 1732 0.083752
1 1732 0.083752
1 1732 0.083752
0 1704 0.083776
0 1704 0.083776
0 1704 0.083776
1 1733 0.083776
1 1733 0.083776
1 1733 0.083776
1 1733 0.083776
0 1703 0.083792
1 1734 0.0838
1 1734 0.0838
1 1734 0.0838
1 1734 0.0838
0 1705 0.083824
0 1705 0.083824
0 1705 0.083824
1 1735 0.083824
1 1735 0.083824
1 1735 0.083824
1 1735 0.083824
0 1704 0.08384
1 1736 0.083848
1 1736 0.083848
1 1736 0.083848
1 1736 0.083848
0 1706 0.083872
0 1706 0.083872
0 1706 0.083872
1 1737 0.083872
1 1737 0.083872
1 1737 0.083872
1 1737 0.083872
0 1705 0.083888
1 1738 0.083896
1 1738 0.083896
1 1738 0.083896
1 1738 0.083896
0 1707 0.08392
0 1707 0.08392
0 1707 0.08392
1 1739 0.08392
1 1739 0.08392
1 1739 0.08392
1 1739 0.08392
0 1706 0.083936
1 1740 0.083944
1 1740 0.083944
1 1740 0.083944
1 1740 0.083944
0 1708 0.083968
0 1708 0.083968
0 1708 0.083968
1 1741 0.083968
1 1741 0.083968
1 1741 0.083968
1 1741 0.083968
0 1707 0.083984
1 1742 0.083992
1 1742 0.083992
1 1742 0.083992
1 1742 0.083992
0 1709 0.084016
0 1709 0.084016
0 1709 0.084016
1 1743 0.084016
1 1743 0.084016
1 1743 0.084016
1 1743 0.084016
0 1708 0.084032
1 1744 0.08404
1 1744 0.08404
1 1744 0.08404
1 1744 0.08404
0 1710 0.084064
0 1710 0.084064
0 1710 0.084064
1 1745 0.084064
1 1745 0.084064
1 1745 0.084064
1 1745 0.084064
0 1709 0.08408
1 1746 0.084088
1 1746 0.084088
1 1746 0.084088
1 1746 0.084088
0 1711 0.084112
0 1711 0.084112
0 1711 0.084112
1 1747 0.084112
1 1747 0.084112
1 1747 0.084112
1 1747 0.084112
0 1710 0.084128
1 1748 0.084136
1 1748 0.084136
1 1748 0.084136
1 1748 0.084136
0 1712 0.08416
0 1712 0.08416
0 1712 0.08416
1 1749 0.08416
1 1749 0.08416
1 1749 0.08416
1 1749 0.08416
0 1711 0.084176
1 1750 0.084184
1 1750 0.084184
1 1750 0.084184
1 1750 0.084184
0 1713 0.084208
0 1713 0.084208
0 1713 0.084208
1 1751 0.084208
1 1751 0.084208
1 1751 0.084208
1 1751 0.084208
0 1712 0.084224
1 1752 0.084232
1 1752 0.084232
1 1752 0.084232
1 1752 0.084232
0 1714 0.084256
0 1714 0.084256
0 1714 0.084256
1 1753 0.084256
1 1753 0.084256
1 1753 0.084256
1 1753 0.084256
0 1713 0.084272
1 1754 0.08428
1 1754 0.08428
1 1754 0.08428
1 1754 0.08428
0 1715 0.084304
0 1715 0.084304
0 1715 0.084304
1 1755 0.084304
1 1755 0.084304
1 1755 0.084304
1 1755 0.084304
0 1714 0.08432
1 1756 0.084328
1 1756 0.084328
1 1756 0.084328
1 1756 0.084328
0 1716 0.084352
0 1716 0.084352
0 1716 0.084352
1 1757 0.084352
1 1757 0.084352
1 1757 0.084352
1 1757 0.084352
0 1715 0.084368
1 1758 0.084376
1 1758 0.084376
1 1758 0.084376
1 1758 0.084376
0 1717 0.0844
0 1717 0.0844
0 1717 0.0844
1 1759 0.0844
1 1759 0.0844
1 1759 0.0844
1 1759 0.0844
0 1716 0.084416
1 1760 0.084424
1 1760 0.084424
1 1760 0.084424
1 1760 0.084424
0 1718 0.084448
0 1718 0.084448
0 1718 0.084448
1 1761 0.084448
1 1761 0.084448
1 1761 0.084448
1 1761 0.084448
0 1717 0.084464
1 1762 0.084472
1 1762 0.084472
1 1762 0.084472
1 1762 0.084472
0 1719 0.084496
0 1719 0.084496
0 1719 0.084496
1 1763 0.084496
1 1763 0.084496
1 1763 0.084496
1 1763 0.084496
0 1718 0.084512
1 1764 0.08452
1 1764 0.08452
1 1764 0.08452
1 1764 0.08452
0 1720 0.084544
0 1720 0.084544
0 1720 0.084544
1 1765 0.084544
1 1765 0.084544
1 1765 0.084544
1 1765 0.084544
0 1719 0.08456
1 1766 0.084568
1 1766 0.084568
1 1766 0.084568
1 1766 0.084568
0 1721 0.084592
0 1721 0.084592
0 1721 0.084592
1 1767 0.084592
1 1767 0.084592
1 1767 0.084592
1 1767 0.084592
0 1720 0.084608
1 1768 0.084616
1 1768 0.084616
1 1768 0.084616
1 1768 0.084616
0 1722 0.08464
0 1722 0.08464
0 1722 0.08464
1 1769 0.08464
1 1769 0.08464
1 1769 0.08464
1 1769 0.08464
0 1721 0.084656
1 1770 0.084664
1 1770 0.084664
1 1770 0.084664
1 1770 0.084664
0 1723 0.084688
0 1723 0.084688
0 1723 0.084688
1 1771 0.084688
1 1771 0.084688
1 1771 0.084688
1 1771 0.084688
0 1722 0.084704
1 1772 0.084712
1 1772 0.084712
1 1772 0.084712
1 1772 0.084712
0 1724 0.084736
0 1724 0.084736
0 1724 0.084736
1 1773 0.084736
1 1773 0.084736
1 1773 0.084736
1 1773 0.084736
0 1723 0.084752
1 1774 0.08476
1 1774 0.08476
1 1774 0.08476
1 1774 0.08476
0 1725 0.084784
0 1725 0.084784
0 1725 0.084784
1 1775 0.084784
1 1775 0.084784
1 1775 0.084784
1 1775 0.084784
0 1724 0.0848
1 1776 0.084808
1 1776 0.084808
1 1776 0.084808
1 1776 0.084808
0 1726 0.084832
0 1726 0.084832
0 1726 0.084832
1 1777 0.084832
1 1777 0.084832
1 1777 0.084832
1 1777 0.084832
0 1725 0.084848
1 1778 0.084856
1 1778 0.084856
1 1778 0.084856
1 1778 0.084856
0 1727 0.08488
0 1727 0.08488
0 1727 0.08488
1 1779 0.08488
1 1779 0.08488
1 1779 0.08488
1 1779 0.08488
0 1726 0.084896
1 1780 0.084904
1 1780 0.084904
1 1780 0.084904
1 1780 0.084904
0 1728 0.084928
0 1728 0.084928
0 1728 0.084928
1 1781 0.084928
1 1781 0.084928
1 1781 0.084928
1 1781 0.084928
0 1727 0.084944
1 1782 0.084952
1 1782 0.084952
1 1782 0.084952
1 1782 0.084952
0 1729 0.084976
0 1729 0.084976
0 1729 0.084976
1 1783 0.084976
1 1783 0.084976
1 1783 0.084976
1 1783 0.084976
0 1728 0.084992
1 1784 0.085
1 1784 0.085
1 1784 0.085
1 1784 0.085
0 1730 0.085024
0 1730 0.085024
0 1730 0.085024
1 1785 0.085024
1 1785 0.085024
1 1785 0.085024
1 1785 0.085024
0 1729 0.08504
1 1786 0.085048
1 1786 0.085048
1 1786 0.085048
1 1786 0.085048
0 1731 0.085072
0 1731 0.085072
0 1731 0.085072
1 1787 0.085072
1 1787 0.085072
1 1787 0.085072
1 1787 0.085072
0 1730 0.085088
1 1788 0.085096
1 1788 0.085096
1 1788 0.085096
1 1788 0.085096
0 1732 0.08512
0 1732 0.08512
0 1732 0.08512
1 1789 0.08512
1 1789 0.08512
1 1789 0.08512
1 1789 0.08512
0 1731 0.085136
1 1790 0.085144
1 1790 0.085144
1 1790 0.085144
1 1790 0.085144
0 1733 0.085168
0 1733 0.085168
0 1733 0.085168
1 1791 0.085168
1 1791 0.085168
1 1791 0.085168
1 1791 0.085168
0 1732 0.085184
1 1792 0.085192
1 1792 0.085192
1 1792 0.085192
1 1792 0.085192
0 1734 0.085216
0 1734 0.085216
0 1734 0.085216
1 1793 0.085216
1 1793 0.085216
1 1793 0.085216
1 1793 0.085216
0 1733 0.085232
1 1794 0.08524
1 1794 0.08524
1 1794 0.08524
1 1794 0.08524
0 1735 0.085264
0 1735 0.085264
0 1735 0.085264
1 1795 0.085264
1 1795 0.085264
1 1795 0.085264
1 1795 0.085264
0 1734 0.08528
1 1796 0.085288
1 1796 0.085288
1 1796 0.085288
1 1796 0.085288
0 1736 0.085312
0 1736 0.085312
0 1736 0.085312
1 1797 0.085312
1 1797 0.085312
1 1797 0.085312
1 1797 0.085312
0 1735 0.085328
1 1798 0.085336
1 1798 0.085336
1 1798 0.085336
1 1798 0.085336
0 1737 0.08536
0 1737 0.08536
0 1737 0.08536
1 1799 0.08536
1 1799 0.08536
1 1799 0.08536
1 1799 0.08536
0 1736 0.085376
1 1800 0.085384
1 1800 0.085384
1 1800 0.085384
1 1800 0.085384
0 1738 0.085408
0 1738 0.085408
0 1738 0.085408
1 1801 0.085408
1 1801 0.085408
1 1801 0.085408
1 1801 0.085408
0 1737 0.085424
1 1802 0.085432
1 1802 0.085432
1 1802 0.085432
1 1802 0.085432
0 1739 0.085456
0 1739 0.085456
0 1739 0.085456
1 1803 0.085456
1 1803 0.085456
1 1803 0.085456
1 1803 0.085456
0 1738 0.085472
1 1804 0.08548
1 1804 0.08548
1 1804 0.08548
1 1804 0.08548
0 1740 0.085504
0 1740 0.085504
0 1740 0.085504
1 1805 0.085504
1 1805 0.085504
1 1805 0.085504
1 1805 0.085504
0 1739 0.08552
1 1806 0.085528
1 1806 0.085528
1 1806 0.085528
1 1806 0.085528
0 1741 0.085552
0 1741 0.085552
0 1741 0.085552
1 1807 0.085552
1 1807 0.085552
1 1807 0.085552
1 1807 0.085552
0 1740 0.085568
1 1808 0.085576
1 1808 0.085576
1 1808 0.085576
1 1808 0.085576
0 1742 0.0856
0 1742 0.0856
0 1742 0.0856
1 1809 0.0856
1 1809 0.0856
1 1809 0.0856
1 1809 0.0856
0 1741 0.085616
1 1810 0.085624
1 1810 0.085624
1 1810 0.085624
1 1810 0.085624
0 1743 0.085648
0 1743 0.085648
0 1743 0.085648
1 1811 0.085648
1 1811 0.085648
1 1811 0.085648
1 1811 0.085648
0 1742 0.085664
1 1812 0.085672
1 1812 0.085672
1 1812 0.085672
1 1812 0.085672
0 1744 0.085696
0 1744 0.085696
0 1744 0.085696
1 1813 0.085696
1 1813 0.085696
1 1813 0.085696
1 1813 0.085696
0 1743 0.085712
1 1814 0.08572
1 1814 0.08572
1 1814 0.08572
1 1814 0.08572
0 1745 0.085744
0 1745 0.085744
0 1745 0.085744
1 1815 0.085744
1 1815 0.085744
1 1815 0.085744
1 1815 0.085744
0 1744 0.08576
1 1816 0.085768
1 1816 0.085768
1 1816 0.085768
1 1816 0.085768
0 1746 0.085792
0 1746 0.085792
0 1746 0.085792
1 1817 0.085792
1 1817 0.085792
1 1817 0.085792
1 1817 0.085792
0 1745 0.085808
1 1818 0.085816
1 1818 0.085816
1 1818 0.085816
1 1818 0.085816
0 1747 0.08584
0 1747 0.08584
0 1747 0.08584
1 1819 0.08584
1 1819 0.08584
1 1819 0.08584
1 1819 0.08584
0 1746 0.085856
1 1820 0.085864
1 1820 0.085864
1 1820 0.085864
1 1820 0.085864
0 1748 0.085888
0 1748 0.085888
0 1748 0.085888
1 1821 0.085888
1 1821 0.085888
1 1821 0.085888
1 1821 0.085888
0 1747 0.085904
1 1822 0.085912
1 1822 0.085912
1 1822 0.085912
1 1822 0.085912
0 1749 0.085936
0 1749 0.085936
0 1749 0.085936
1 1823 0.085936
1 1823 0.085936
1 1823 0.085936
1 1823 0.085936
0 1748 0.085952
1 1824 0.08596
1 1824 0.08596
1 1824 0.08596
1 1824 0.08596
0 1750 0.085984
0 1750 0.085984
0 1750 0.085984
1 1825 0.085984
1 1825 0.085984
1 1825 0.085984
1 1825 0.085984
0 1749 0.086
1 1826 0.086008
1 1826 0.086008
1 1826 0.086008
1 1826 0.086008
0 1751 0.086032
0 1751 0.086032
0 1751 0.086032
1 1827 0.086032
1 1827 0.086032
1 1827 0.086032
1 1827 0.086032
0 1750 0.086048
1 1828 0.086056
1 1828 0.086056
1 1828 0.086056
1 1828 0.086056
0 1752 0.08608
0 1752 0.08608
0 1752 0.08608
1 1829 0.08608
1 1829 0.08608
1 1829 0.08608
1 1829 0.08608
0 1751 0.086096
1 1830 0.086104
1 1830 0.086104
1 1830 0.086104
1 1830 0.086104
0 1753 0.086128
0 1753 0.086128
0 1753 0.086128
1 1831 0.086128
1 1831 0.086128
1 1831 0.086128
1 1831 0.086128
0 1752 0.086144
1 1832 0.086152
1 1832 0.086152
1 1832 0.086152
1 1832 0.086152
0 1754 0.086176
0 1754 0.086176
0 1754 0.086176
1 1833 0.086176
1 1833 0.086176
1 1833 0.086176
1 1833 0.086176
0 1753 0.086192
1 1834 0.0862
1 1834 0.0862
1 1834 0.0862
1 1834 0.0862
0 1755 0.086224
0 1755 0.086224
0 1755 0.086224
1 1835 0.086224
1 1835 0.086224
1 1835 0.086224
1 1835 0.086224
0 1754 0.08624
1 1836 0.086248
1 1836 0.086248
1 1836 0.086248
1 1836 0.086248
0 1756 0.086272
0 1756 0.086272
0 1756 0.086272
1 1837 0.086272
1 1837 0.086272
1 1837 0.086272
1 1837 0.086272
0 1755 0.086288
1 1838 0.086296
1 1838 0.086296
1 1838 0.086296
1 1838 0.086296
0 1757 0.08632
0 1757 0.08632
0 1757 0.08632
1 1839 0.08632
1 1839 0.08632
1 1839 0.08632
1 1839 0.08632
0 1756 0.086336
1 1840 0.086344
1 1840 0.086344
1 1840 0.086344
1 1840 0.086344
0 1758 0.086368
0 1758 0.086368
0 1758 0.086368
1 1841 0.086368
1 1841 0.086368
1 1841 0.086368
1 1841 0.086368
0 1757 0.086384
1 1842 0.086392
1 1842 0.086392
1 1842 0.086392
1 1842 0.086392
0 1759 0.086416
0 1759 0.086416
0 1759 0.086416
1 1843 0.086416
1 1843 0.086416
1 1843 0.086416
1 1843 0.086416
0 1758 0.086432
1 1844 0.08644
1 1844 0.08644
1 1844 0.08644
1 1844 0.08644
0 1760 0.086464
0 1760 0.086464
0 1760 0.086464
1 1845 0.086464
1 1845 0.086464
1 1845 0.086464
1 1845 0.086464
0 1759 0.08648
1 1846 0.086488
1 1846 0.086488
1 1846 0.086488
1 1846 0.086488
0 1761 0.086512
0 1761 0.086512
0 1761 0.086512
1 1847 0.086512
1 1847 0.086512
1 1847 0.086512
1 1847 0.086512
0 1760 0.086528
1 1848 0.086536
1 1848 0.086536
1 1848 0.086536
1 1848 0.086536
0 1762 0.08656
0 1762 0.08656
0 1762 0.08656
1 1849 0.08656
1 1849 0.08656
1 1849 0.08656
1 1849 0.08656
0 1761 0.086576
1 1850 0.086584
1 1850 0.086584
1 1850 0.086584
1 1850 0.086584
0 1763 0.086608
0 1763 0.086608
0 1763 0.086608
1 1851 0.086608
1 1851 0.086608
1 1851 0.086608
1 1851 0.086608
0 1762 0.086624
1 1852 0.086632
1 1852 0.086632
1 1852 0.086632
1 1852 0.086632
0 1764 0.086656
0 1764 0.086656
0 1764 0.086656
1 1853 0.086656
1 1853 0.086656
1 1853 0.086656
1 1853 0.086656
0 1763 0.086672
1 1854 0.08668
1 1854 0.08668
1 1854 0.08668
1 1854 0.08668
0 1765 0.086704
0 1765 0.086704
0 1765 0.086704
1 1855 0.086704
1 1855 0.086704
1 1855 0.086704
1 1855 0.086704
0 1764 0.08672
1 1856 0.086728
1 1856 0.086728
1 1856 0.086728
1 1856 0.086728
0 1766 0.086752
0 1766 0.086752
0 1766 0.086752
1 1857 0.086752
1 1857 0.086752
1 1857 0.086752
1 1857 0.086752
0 1765 0.086768
1 1858 0.086776
1 1858 0.086776
1 1858 0.086776
1 1858 0.086776
0 1767 0.0868
0 1767 0.0868
0 1767 0.0868
1 1859 0.0868
1 1859 0.0868
1 1859 0.0868
1 1859 0.0868
0 1766 0.086816
1 1860 0.086824
1 1860 0.086824
1 1860 0.086824
1 1860 0.086824
0 1768 0.086848
0 1768 0.086848
0 1768 0.086848
1 1861 0.086848
1 1861 0.086848
1 1861 0.086848
1 1861 0.086848
0 1767 0.086864
1 1862 0.086872
1 1862 0.086872
1 1862 0.086872
1 1862 0.086872
0 1769 0.086896
0 1769 0.086896
0 1769 0.086896
1 1863 0.086896
1 1863 0.086896
1 1863 0.086896
1 1863 0.086896
0 1768 0.086912
1 1864 0.08692
1 1864 0.08692
1 1864 0.08692
1 1864 0.08692
0 1770 0.086944
0 1770 0.086944
0 1770 0.086944
1 1865 0.086944
1 1865 0.086944
1 1865 0.086944
1 1865 0.086944
0 1769 0.08696
1 1866 0.086968
1 1866 0.086968
1 1866 0.086968
1 1866 0.086968
0 1771 0.086992
0 1771 0.086992
0 1771 0.086992
1 1867 0.086992
1 1867 0.086992
1 1867 0.086992
1 1867 0.086992
0 1770 0.087008
1 1868 0.087016
1 1868 0.087016
1 1868 0.087016
1 1868 0.087016
0 1772 0.08704
0 1772 0.08704
0 1772 0.08704
1 1869 0.08704
1 1869 0.08704
1 1869 0.08704
1 1869 0.08704
0 1771 0.087056
0 1773 0.087088
0 1773 0.087088
0 1773 0.087088
0 1772 0.087104
0 1774 0.087136
0 1774 0.087136
0 1774 0.087136
0 1773 0.087152
0 1775 0.087184
0 1775 0.087184
0 1775 0.087184
0 1774 0.0872
0 1776 0.087232
0 1776 0.087232
0 1776 0.087232
0 1775 0.087248
0 1777 0.08728
0 1777 0.08728
0 1777 0.08728
0 1776 0.087296
0 1778 0.087328
0 1778 0.087328
0 1778 0.087328
0 1777 0.087344
0 1779 0.087376
0 1779 0.087376
0 1779 0.087376
0 1778 0.087392
0 1780 0.087424
0 1780 0.087424
0 1780 0.087424
0 1779 0.08744
0 1781 0.087472
0 1781 0.087472
0 1781 0.087472
0 1780 0.087488
0 1782 0.08752
0 1782 0.08752
0 1782 0.08752
0 1781 0.087536
0 1783 0.087568
0 1783 0.087568
0 1783 0.087568
0 1782 0.087584
0 1784 0.087616
0 1784 0.087616
0 1784 0.087616
0 1783 0.087632
0 1785 0.087664
0 1785 0.087664
0 1785 0.087664
0 1784 0.08768
0 1786 0.087712
0 1786 0.087712
0 1786 0.087712
0 1785 0.087728
0 1787 0.08776
0 1787 0.08776
0 1787 0.08776
0 1786 0.087776
0 1788 0.087808
0 1788 0.087808
0 1788 0.087808
0 1787 0.087824
0 1789 0.087856
0 1789 0.087856
0 1789 0.087856
0 1788 0.087872
0 1790 0.087904
0 1790 0.087904
0 1790 0.087904
0 1789 0.08792
0 1791 0.087952
0 1791 0.087952
0 1791 0.087952
0 1790 0.087968
0 1792 0.088
0 1792 0.088
0 1792 0.088
0 1791 0.088016
0 1793 0.088048
0 1793 0.088048
0 1793 0.088048
0 1792 0.088064
0 1794 0.088096
0 1794 0.088096
0 1794 0.088096
0 1793 0.088112
0 1795 0.088144
0 1795 0.088144
0 1795 0.088144
0 1794 0.08816
0 1796 0.088192
0 1796 0.088192
0 1796 0.088192
0 1795 0.088208
0 1797 0.08824
0 1797 0.08824
0 1797 0.08824
0 1796 0.088256
0 1798 0.088288
0 1798 0.088288
0 1798 0.088288
0 1797 0.088304
0 1799 0.088336
0 1799 0.088336
0 1799 0.088336
0 1798 0.088352
0 1800 0.088384
0 1800 0.088384
0 1800 0.088384
0 1799 0.0884
0 1801 0.088432
0 1801 0.088432
0 1801 0.088432
0 1800 0.088448
0 1802 0.08848
0 1802 0.08848
0 1802 0.08848
0 1801 0.088496
0 1803 0.088528
0 1803 0.088528
0 1803 0.088528
0 1802 0.088544
0 1804 0.088576
0 1804 0.088576
0 1804 0.088576
0 1803 0.088592
0 1805 0.088624
0 1805 0.088624
0 1805 0.088624
0 1804 0.08864
0 1806 0.088672
0 1806 0.088672
0 1806 0.088672
0 1805 0.088688
0 1807 0.08872
0 1807 0.08872
0 1807 0.08872
0 1806 0.088736
0 1808 0.088768
0 1808 0.088768
0 1808 0.088768
0 1807 0.088784
0 1809 0.088816
0 1809 0.088816
0 1809 0.088816
0 1808 0.088832
0 1810 0.088864
0 1810 0.088864
0 1810 0.088864
0 1809 0.08888
0 1811 0.088912
0 1811 0.088912
0 1811 0.088912
0 1810 0.088928
0 1812 0.08896
0 1812 0.08896
0 1812 0.08896
0 1811 0.088976
0 1813 0.089008
0 1813 0.089008
0 1813 0.089008
0 1812 0.089024
0 1814 0.089056
0 1814 0.089056
0 1814 0.089056
0 1813 0.089072
0 1815 0.089104
0 1815 0.089104
0 1815 0.089104
0 1814 0.08912
0 1816 0.089152
0 1816 0.089152
0 1816 0.089152
0 1815 0.089168
0 1817 0.0892
0 1817 0.0892
0 1817 0.0892
0 1816 0.089216
0 1818 0.089248
0 1818 0.089248
0 1818 0.089248
0 1817 0.089264
0 1819 0.089296
0 1819 0.089296
0 1819 0.089296
0 1818 0.089312
0 1820 0.089344
0 1820 0.089344
0 1820 0.089344
0 1819 0.08936
0 1821 0.089392
0 1821 0.089392
0 1821 0.089392
0 1820 0.089408
0 1822 0.08944
0 1822 0.08944
0 1822 0.08944
0 1821 0.089456
0 1823 0.089488
0 1823 0.089488
0 1823 0.089488
0 1822 0.089504
0 1824 0.089536
0 1824 0.089536
0 1824 0.089536
0 1823 0.089552
0 1825 0.089584
0 1825 0.089584
0 1825 0.089584
0 1824 0.0896
0 1826 0.089632
0 1826 0.089632
0 1826 0.089632
0 1825 0.089648
0 1827 0.08968
0 1827 0.08968
0 1827 0.08968
0 1826 0.089696
0 1828 0.089728
0 1828 0.089728
0 1828 0.089728
0 1827 0.089744
0 1829 0.089776
0 1829 0.089776
0 1829 0.089776
0 1828 0.089792
0 1830 0.089824
0 1830 0.089824
0 1830 0.089824
0 1829 0.08984
0 1831 0.089872
0 1831 0.089872
0 1831 0.089872
0 1830 0.089888
0 1832 0.08992
0 1832 0.08992
0 1832 0.08992
0 1831 0.089936
0 1833 0.089968
0 1833 0.089968
0 1833 0.089968
0 1832 0.089984
0 1834 0.090016
0 1834 0.090016
0 1834 0.090016
0 1833 0.090032
0 1835 0.090064
0 1835 0.090064
0 1835 0.090064
0 1834 0.09008
0 1836 0.090112
0 1836 0.090112
0 1836 0.090112
0 1835 0.090128
0 1837 0.09016
0 1837 0.09016
0 1837 0.09016
0 1836 0.090176
0 1838 0.090208
0 1838 0.090208
0 1838 0.090208
0 1837 0.090224
0 1839 0.090256
0 1839 0.090256
0 1839 0.090256
0 1838 0.090272
0 1840 0.090304
0 1840 0.090304
0 1840 0.090304
0 1839 0.09032
0 1841 0.090352
0 1841 0.090352
0 1841 0.090352
0 1840 0.090368
0 1842 0.0904
0 1842 0.0904
0 1842 0.0904
0 1841 0.090416
0 1843 0.090448
0 1843 0.090448
0 1843 0.090448
0 1842 0.090464
0 1844 0.090496
0 1844 0.090496
0 1844 0.090496
0 1843 0.090512
0 1845 0.090544
0 1845 0.090544
0 1845 0.090544
0 1844 0.09056
0 1846 0.090592
0 1846 0.090592
0 1846 0.090592
0 1845 0.090608
0 1847 0.09064
0 1847 0.09064
0 1847 0.09064
0 1846 0.090656
0 1848 0.090688
0 1848 0.090688
0 1848 0.090688
0 1847 0.090704
0 1849 0.090736
0 1849 0.090736
0 1849 0.090736
0 1848 0.090752
0 1850 0.090784
0 1850 0.090784
0 1850 0.090784
0 1849 0.0908
0 1851 0.090832
0 1851 0.090832
0 1851 0.090832
0 1850 0.090848
0 1852 0.09088
0 1852 0.09088
0 1852 0.09088
0 1851 0.090896
0 1853 0.090928
0 1853 0.090928
0 1853 0.090928
0 1852 0.090944
0 1854 0.090976
0 1854 0.090976
0 1854 0.090976
0 1853 0.090992
0 1855 0.091024
0 1855 0.091024
0 1855 0.091024
0 1854 0.09104
0 1856 0.091072
0 1856 0.091072
0 1856 0.091072
1 1870 0.09108
1 1870 0.09108
1 1870 0.09108
1 1870 0.09108
0 1855 0.091088
1 1871 0.091104
1 1871 0.091104
1 1871 0.091104
1 1871 0.091104
0 1857 0.09112
0 1857 0.09112
0 1857 0.09112
1 1872 0.091128
1 1872 0.091128
1 1872 0.091128
1 1872 0.091128
0 1856 0.091136
1 1873 0.091152
1 1873 0.091152
1 1873 0.091152
1 1873 0.091152
0 1858 0.091168
0 1858 0.091168
0 1858 0.091168
1 1874 0.091176
1 1874 0.091176
1 1874 0.091176
1 1874 0.091176
0 1857 0.091184
1 1875 0.0912
1 1875 0.0912
1 1875 0.0912
1 1875 0.0912
0 1859 0.091216
0 1859 0.091216
0 1859 0.091216
1 1876 0.091224
1 1876 0.091224
1 1876 0.091224
1 1876 0.091224
0 1858 0.091232
1 1877 0.091248
1 1877 0.091248
1 1877 0.091248
1 1877 0.091248
0 1860 0.091264
0 1860 0.091264
0 1860 0.091264
1 1878 0.091272
1 1878 0.091272
1 1878 0.091272
1 1878 0.091272
0 1859 0.09128
1 1879 0.091296
1 1879 0.091296
1 1879 0.091296
1 1879 0.091296
0 1861 0.091312
0 1861 0.091312
0 1861 0.091312
1 1880 0.09132
1 1880 0.09132
1 1880 0.09132
1 1880 0.09132
0 1860 0.091328
1 1881 0.091344
1 1881 0.091344
1 1881 0.091344
1 1881 0.091344
0 1862 0.09136
0 1862 0.09136
0 1862 0.09136
1 1882 0.091368
1 1882 0.091368
1 1882 0.091368
1 1882 0.091368
0 1861 0.091376
1 1883 0.091392
1 1883 0.091392
1 1883 0.091392
1 1883 0.091392
0 1863 0.091408
0 1863 0.091408
0 1863 0.091408
1 1884 0.091416
1 1884 0.091416
1 1884 0.091416
1 1884 0.091416
0 1862 0.091424
1 1885 0.09144
1 1885 0.09144
1 1885 0.09144
1 1885 0.09144
0 1864 0.091456
0 1864 0.091456
0 1864 0.091456
1 1886 0.091464
1 1886 0.091464
1 1886 0.091464
1 1886 0.091464
0 1863 0.091472
1 1887 0.091488
1 1887 0.091488
1 1887 0.091488
1 1887 0.091488
0 1865 0.091504
0 1865 0.091504
0 1865 0.091504
1 1888 0.091512
1 1888 0.091512
1 1888 0.091512
1 1888 0.091512
0 1864 0.09152
1 1889 0.091536
1 1889 0.091536
1 1889 0.091536
1 1889 0.091536
0 1866 0.091552
0 1866 0.091552
0 1866 0.091552
1 1890 0.09156
1 1890 0.09156
1 1890 0.09156
1 1890 0.09156
0 1865 0.091568
1 1891 0.091584
1 1891 0.091584
1 1891 0.091584
1 1891 0.091584
0 1867 0.0916
0 1867 0.0916
0 1867 0.0916
1 1892 0.091608
1 1892 0.091608
1 1892 0.091608
1 1892 0.091608
0 1866 0.091616
1 1893 0.091632
1 1893 0.091632
1 1893 0.091632
1 1893 0.091632
0 1868 0.091648
0 1868 0.091648
0 1868 0.091648
1 1894 0.091656
1 1894 0.091656
1 1894 0.091656
1 1894 0.091656
0 1867 0.091664
1 1895 0.09168
1 1895 0.09168
1 1895 0.09168
1 1895 0.09168
0 1869 0.091696
0 1869 0.091696
0 1869 0.091696
1 1896 0.091704
1 1896 0.091704
1 1896 0.091704
1 1896 0.091704
0 1868 0.091712
1 1897 0.091728
1 1897 0.091728
1 1897 0.091728
1 1897 0.091728
0 1870 0.091744
0 1870 0.091744
0 1870 0.091744
1 1898 0.091752
1 1898 0.091752
1 1898 0.091752
1 1898 0.091752
0 1869 0.09176
1 1899 0.091776
1 1899 0.091776
1 1899 0.091776
1 1899 0.091776
0 1871 0.091792
0 1871 0.091792
0 1871 0.091792
1 1900 0.0918
1 1900 0.0918
1 1900 0.0918
1 1900 0.0918
0 1870 0.091808
1 1901 0.091824
1 1901 0.091824
1 1901 0.091824
1 1901 0.091824
0 1872 0.09184
0 1872 0.09184
0 1872 0.09184
1 1902 0.091848
1 1902 0.091848
1 1902 0.091848
1 1902 0.091848
0 1871 0.091856
1 1903 0.091872
1 1903 0.091872
1 1903 0.091872
1 1903 0.091872
0 1873 0.091888
0 1873 0.091888
0 1873 0.091888
1 1904 0.091896
1 1904 0.091896
1 1904 0.091896
1 1904 0.091896
0 1872 0.091904
1 1905 0.09192
1 1905 0.09192
1 1905 0.09192
1 1905 0.09192
0 1874 0.091936
0 1874 0.091936
0 1874 0.091936
1 1906 0.091944
1 1906 0.091944
1 1906 0.091944
1 1906 0.091944
0 1873 0.091952
1 1907 0.091968
1 1907 0.091968
1 1907 0.091968
1 1907 0.091968
0 1875 0.091984
0 1875 0.091984
0 1875 0.091984
1 1908 0.091992
1 1908 0.091992
1 1908 0.091992
1 1908 0.091992
0 1874 0.092
1 1909 0.092016
1 1909 0.092016
1 1909 0.092016
1 1909 0.092016
0 1876 0.092032
0 1876 0.092032
0 1876 0.092032
1 1910 0.09204
1 1910 0.09204
1 1910 0.09204
1 1910 0.09204
0 1875 0.092048
1 1911 0.092064
1 1911 0.092064
1 1911 0.092064
1 1911 0.092064
0 1877 0.09208
0 1877 0.09208
0 1877 0.09208
1 1912 0.092088
1 1912 0.092088
1 1912 0.092088
1 1912 0.092088
0 1876 0.092096
1 1913 0.092112
1 1913 0.092112
1 1913 0.092112
1 1913 0.092112
0 1878 0.092128
0 1878 0.092128
0 1878 0.092128
1 1914 0.092136
1 1914 0.092136
1 1914 0.092136
1 1914 0.092136
0 1877 0.092144
1 1915 0.09216
1 1915 0.09216
1 1915 0.09216
1 1915 0.09216
0 1879 0.092176
0 1879 0.092176
0 1879 0.092176
1 1916 0.092184
1 1916 0.092184
1 1916 0.092184
1 1916 0.092184
0 1878 0.092192
1 1917 0.092208
1 1917 0.092208
1 1917 0.092208
1 1917 0.092208
0 1880 0.092224
0 1880 0.092224
0 1880 0.092224
1 1918 0.092232
1 1918 0.092232
1 1918 0.092232
1 1918 0.092232
0 1879 0.09224
1 1919 0.092256
1 1919 0.092256
1 1919 0.092256
1 1919 0.092256
0 1881 0.092272
0 1881 0.092272
0 1881 0.092272
1 1920 0.09228
1 1920 0.09228
1 1920 0.09228
1 1920 0.09228
0 1880 0.092288
1 1921 0.092304
1 1921 0.092304
1 1921 0.092304
1 1921 0.092304
0 1882 0.09232
0 1882 0.09232
0 1882 0.09232
1 1922 0.092328
1 1922 0.092328
1 1922 0.092328
1 1922 0.092328
0 1881 0.092336
1 1923 0.092352
1 1923 0.092352
1 1923 0.092352
1 1923 0.092352
0 1883 0.092368
0 1883 0.092368
0 1883 0.092368
1 1924 0.092376
1 1924 0.092376
1 1924 0.092376
1 1924 0.092376
0 1882 0.092384
1 1925 0.0924
1 1925 0.0924
1 1925 0.0924
1 1925 0.0924
0 1884 0.092416
0 1884 0.092416
0 1884 0.092416
1 1926 0.092424
1 1926 0.092424
1 1926 0.092424
1 1926 0.092424
0 1883 0.092432
1 1927 0.092448
1 1927 0.092448
1 1927 0.092448
1 1927 0.092448
0 1885 0.092464
0 1885 0.092464
0 1885 0.092464
1 1928 0.092472
1 1928 0.092472
1 1928 0.092472
1 1928 0.092472
0 1884 0.09248
1 1929 0.092496
1 1929 0.092496
1 1929 0.092496
1 1929 0.092496
0 1886 0.092512
0 1886 0.092512
0 1886 0.092512
1 1930 0.09252
1 1930 0.09252
1 1930 0.09252
1 1930 0.09252
0 1885 0.092528
1 1931 0.092544
1 1931 0.092544
1 1931 0.092544
1 1931 0.092544
0 1887 0.09256
0 1887 0.09256
0 1887 0.09256
1 1932 0.092568
1 1932 0.092568
1 1932 0.092568
1 1932 0.092568
0 1886 0.092576
1 1933 0.092592
1 1933 0.092592
1 1933 0.092592
1 1933 0.092592
0 1888 0.092608
0 1888 0.092608
0 1888 0.092608
1 1934 0.092616
1 1934 0.092616
1 1934 0.092616
1 1934 0.092616
0 1887 0.092624
1 1935 0.09264
1 1935 0.09264
1 1935 0.09264
1 1935 0.09264
0 1889 0.092656
0 1889 0.092656
0 1889 0.092656
1 1936 0.092664
1 1936 0.092664
1 1936 0.092664
1 1936 0.092664
0 1888 0.092672
1 1937 0.092688
1 1937 0.092688
1 1937 0.092688
1 1937 0.092688
0 1890 0.092704
0 1890 0.092704
0 1890 0.092704
1 1938 0.092712
1 1938 0.092712
1 1938 0.092712
1 1938 0.092712
0 1889 0.09272
1 1939 0.092736
1 1939 0.092736
1 1939 0.092736
1 1939 0.092736
0 1891 0.092752
0 1891 0.092752
0 1891 0.092752
1 1940 0.09276
1 1940 0.09276
1 1940 0.09276
1 1940 0.09276
0 1890 0.092768
1 1941 0.092784
1 1941 0.092784
1 1941 0.092784
1 1941 0.092784
0 1892 0.0928
0 1892 0.0928
0 1892 0.0928
1 1942 0.092808
1 1942 0.092808
1 1942 0.092808
1 1942 0.092808
0 1891 0.092816
1 1943 0.092832
1 1943 0.092832
1 1943 0.092832
1 1943 0.092832
0 1893 0.092848
0 1893 0.092848
0 1893 0.092848
1 1944 0.092856
1 1944 0.092856
1 1944 0.092856
1 1944 0.092856
0 1892 0.092864
1 1945 0.09288
1 1945 0.09288
1 1945 0.09288
1 1945 0.09288
0 1894 0.092896
0 1894 0.092896
0 1894 0.092896
1 1946 0.092904
1 1946 0.092904
1 1946 0.092904
1 1946 0.092904
0 1893 0.092912
1 1947 0.092928
1 1947 0.092928
1 1947 0.092928
1 1947 0.092928
0 1895 0.092944
0 1895 0.092944
0 1895 0.092944
1 1948 0.092952
1 1948 0.092952
1 1948 0.092952
1 1948 0.092952
0 1894 0.09296
1 1949 0.092976
1 1949 0.092976
1 1949 0.092976
1 1949 0.092976
0 1896 0.092992
0 1896 0.092992
0 1896 0.092992
1 1950 0.093
1 1950 0.093
1 1950 0.093
1 1950 0.093
0 1895 0.093008
1 1951 0.093024
1 1951 0.093024
1 1951 0.093024
1 1951 0.093024
0 1897 0.09304
0 1897 0.09304
0 1897 0.09304
1 1952 0.093048
1 1952 0.093048
1 1952 0.093048
1 1952 0.093048
0 1896 0.093056
1 1953 0.093072
1 1953 0.093072
1 1953 0.093072
1 1953 0.093072
0 1898 0.093088
0 1898 0.093088
0 1898 0.093088
1 1954 0.093096
1 1954 0.093096
1 1954 0.093096
1 1954 0.093096
0 1897 0.093104
1 1955 0.09312
1 1955 0.09312
1 1955 0.09312
1 1955 0.09312
0 1899 0.093136
0 1899 0.093136
0 1899 0.093136
1 1956 0.093144
1 1956 0.093144
1 1956 0.093144
1 1956 0.093144
0 1898 0.093152
1 1957 0.093168
1 1957 0.093168
1 1957 0.093168
1 1957 0.093168
0 1900 0.093184
0 1900 0.093184
0 1900 0.093184
1 1958 0.093192
1 1958 0.093192
1 1958 0.093192
1 1958 0.093192
0 1899 0.0932
1 1959 0.093216
1 1959 0.093216
1 1959 0.093216
1 1959 0.093216
0 1901 0.093232
0 1901 0.093232
0 1901 0.093232
1 1960 0.09324
1 1960 0.09324
1 1960 0.09324
1 1960 0.09324
0 1900 0.093248
1 1961 0.093264
1 1961 0.093264
1 1961 0.093264
1 1961 0.093264
0 1902 0.09328
0 1902 0.09328
0 1902 0.09328
1 1962 0.093288
1 1962 0.093288
1 1962 0.093288
1 1962 0.093288
0 1901 0.093296
1 1963 0.093312
1 1963 0.093312
1 1963 0.093312
1 1963 0.093312
0 1903 0.093328
0 1903 0.093328
0 1903 0.093328
1 1964 0.093336
1 1964 0.093336
1 1964 0.093336
1 1964 0.093336
0 1902 0.093344
1 1965 0.09336
1 1965 0.09336
1 1965 0.09336
1 1965 0.09336
0 1904 0.093376
0 1904 0.093376
0 1904 0.093376
1 1966 0.093384
1 1966 0.093384
1 1966 0.093384
1 1966 0.093384
0 1903 0.093392
1 1967 0.093408
1 1967 0.093408
1 1967 0.093408
1 1967 0.093408
0 1905 0.093424
0 1905 0.093424
0 1905 0.093424
1 1968 0.093432
1 1968 0.093432
1 1968 0.093432
1 1968 0.093432
0 1904 0.09344
1 1969 0.093456
1 1969 0.093456
1 1969 0.093456
1 1969 0.093456
0 1906 0.093472
0 1906 0.093472
0 1906 0.093472
1 1970 0.09348
1 1970 0.09348
1 1970 0.09348
1 1970 0.09348
0 1905 0.093488
1 1971 0.093504
1 1971 0.093504
1 1971 0.093504
1 1971 0.093504
0 1907 0.09352
0 1907 0.09352
0 1907 0.09352
1 1972 0.093528
1 1972 0.093528
1 1972 0.093528
1 1972 0.093528
0 1906 0.093536
1 1973 0.093552
1 1973 0.093552
1 1973 0.093552
1 1973 0.093552
0 1908 0.093568
0 1908 0.093568
0 1908 0.093568
1 1974 0.093576
1 1974 0.093576
1 1974 0.093576
1 1974 0.093576
0 1907 0.093584
1 1975 0.0936
1 1975 0.0936
1 1975 0.0936
1 1975 0.0936
0 1909 0.093616
0 1909 0.093616
0 1909 0.093616
1 1976 0.093624
1 1976 0.093624
1 1976 0.093624
1 1976 0.093624
0 1908 0.093632
1 1977 0.093648
1 1977 0.093648
1 1977 0.093648
1 1977 0.093648
0 1910 0.093664
0 1910 0.093664
0 1910 0.093664
1 1978 0.093672
1 1978 0.093672
1 1978 0.093672
1 1978 0.093672
0 1909 0.09368
1 1979 0.093696
1 1979 0.093696
1 1979 0.093696
1 1979 0.093696
0 1911 0.093712
0 1911 0.093712
0 1911 0.093712
1 1980 0.09372
1 1980 0.09372
1 1980 0.09372
1 1980 0.09372
0 1910 0.093728
1 1981 0.093744
1 1981 0.093744
1 1981 0.093744
1 1981 0.093744
0 1912 0.09376
0 1912 0.09376
0 1912 0.09376
1 1982 0.093768
1 1982 0.093768
1 1982 0.093768
1 1982 0.093768
0 1911 0.093776
1 1983 0.093792
1 1983 0.093792
1 1983 0.093792
1 1983 0.093792
0 1913 0.093808
0 1913 0.093808
0 1913 0.093808
1 1984 0.093816
1 1984 0.093816
1 1984 0.093816
1 1984 0.093816
0 1912 0.093824
1 1985 0.09384
1 1985 0.09384
1 1985 0.09384
1 1985 0.09384
0 1914 0.093856
0 1914 0.093856
0 1914 0.093856
1 1986 0.093864
1 1986 0.093864
1 1986 0.093864
1 1986 0.093864
0 1913 0.093872
1 1987 0.093888
1 1987 0.093888
1 1987 0.093888
1 1987 0.093888
0 1915 0.093904
0 1915 0.093904
0 1915 0.093904
1 1988 0.093912
1 1988 0.093912
1 1988 0.093912
1 1988 0.093912
0 1914 0.09392
1 1989 0.093936
1 1989 0.093936
1 1989 0.093936
1 1989 0.093936
0 1916 0.093952
0 1916 0.093952
0 1916 0.093952
1 1990 0.09396
1 1990 0.09396
1 1990 0.09396
1 1990 0.09396
0 1915 0.093968
1 1991 0.093984
1 1991 0.093984
1 1991 0.093984
1 1991 0.093984
0 1917 0.094
0 1917 0.094
0 1917 0.094
1 1992 0.094008
1 1992 0.094008
1 1992 0.094008
1 1992 0.094008
0 1916 0.094016
1 1993 0.094032
1 1993 0.094032
1 1993 0.094032
1 1993 0.094032
0 1918 0.094048
0 1918 0.094048
0 1918 0.094048
1 1994 0.094056
1 1994 0.094056
1 1994 0.094056
1 1994 0.094056
0 1917 0.094064
1 1995 0.09408
1 1995 0.09408
1 1995 0.09408
1 1995 0.09408
0 1919 0.094096
0 1919 0.094096
0 1919 0.094096
1 1996 0.094104
1 1996 0.094104
1 1996 0.094104
1 1996 0.094104
0 1918 0.094112
1 1997 0.094128
1 1997 0.094128
1 1997 0.094128
1 1997 0.094128
0 1920 0.094144
0 1920 0.094144
0 1920 0.094144
1 1998 0.094152
1 1998 0.094152
1 1998 0.094152
1 1998 0.094152
0 1919 0.09416
1 1999 0.094176
1 1999 0.094176
1 1999 0.094176
1 1999 0.094176
0 1921 0.094192
0 1921 0.094192
0 1921 0.094192
1 2000 0.0942
1 2000 0.0942
1 2000 0.0942
1 2000 0.0942
0 1920 0.094208
1 2001 0.094224
1 2001 0.094224
1 2001 0.094224
1 2001 0.094224
0 1922 0.09424
0 1922 0.09424
0 1922 0.09424
1 2002 0.094248
1 2002 0.094248
1 2002 0.094248
1 2002 0.094248
0 1921 0.094256
1 2003 0.094272
1 2003 0.094272
1 2003 0.094272
1 2003 0.094272
0 1923 0.094288
0 1923 0.094288
0 1923 0.094288
1 2004 0.094296
1 2004 0.094296
1 2004 0.094296
1 2004 0.094296
0 1922 0.094304
1 2005 0.09432
1 2005 0.09432
1 2005 0.09432
1 2005 0.09432
0 1924 0.094336
0 1924 0.094336
0 1924 0.094336
1 2006 0.094344
1 2006 0.094344
1 2006 0.094344
1 2006 0.094344
0 1923 0.094352
1 2007 0.094368
1 2007 0.094368
1 2007 0.094368
1 2007 0.094368
0 1925 0.094384
0 1925 0.094384
0 1925 0.094384
1 2008 0.094392
1 2008 0.094392
1 2008 0.094392
1 2008 0.094392
0 1924 0.0944
1 2009 0.094416
1 2009 0.094416
1 2009 0.094416
1 2009 0.094416
0 1926 0.094432
0 1926 0.094432
0 1926 0.094432
1 2010 0.09444
1 2010 0.09444
1 2010 0.09444
1 2010 0.09444
0 1925 0.094448
1 2011 0.094464
1 2011 0.094464
1 2011 0.094464
1 2011 0.094464
0 1927 0.09448
0 1927 0.09448
0 1927 0.09448
1 2012 0.094488
1 2012 0.094488
1 2012 0.094488
1 2012 0.094488
0 1926 0.094496
1 2013 0.094512
1 2013 0.094512
1 2013 0.094512
1 2013 0.094512
0 1928 0.094528
0 1928 0.094528
0 1928 0.094528
1 2014 0.094536
1 2014 0.094536
1 2014 0.094536
1 2014 0.094536
0 1927 0.094544
1 2015 0.09456
1 2015 0.09456
1 2015 0.09456
1 2015 0.09456
0 1929 0.094576
0 1929 0.094576
0 1929 0.094576
1 2016 0.094584
1 2016 0.094584
1 2016 0.094584
1 2016 0.094584
0 1928 0.094592
1 2017 0.094608
1 2017 0.094608
1 2017 0.094608
1 2017 0.094608
0 1930 0.094624
0 1930 0.094624
0 1930 0.094624
1 2018 0.094632
1 2018 0.094632
1 2018 0.094632
1 2018 0.094632
0 1929 0.09464
1 2019 0.094656
1 2019 0.094656
1 2019 0.094656
1 2019 0.094656
0 1931 0.094672
0 1931 0.094672
0 1931 0.094672
1 2020 0.09468
1 2020 0.09468
1 2020 0.09468
1 2020 0.09468
0 1930 0.094688
1 2021 0.094704
1 2021 0.094704
1 2021 0.094704
1 2021 0.094704
0 1932 0.09472
0 1932 0.09472
0 1932 0.09472
1 2022 0.094728
1 2022 0.094728
1 2022 0.094728
1 2022 0.094728
0 1931 0.094736
1 2023 0.094752
1 2023 0.094752
1 2023 0.094752
1 2023 0.094752
0 1933 0.094768
0 1933 0.094768
0 1933 0.094768
1 2024 0.094776
1 2024 0.094776
1 2024 0.094776
1 2024 0.094776
0 1932 0.094784
1 2025 0.0948
1 2025 0.0948
1 2025 0.0948
1 2025 0.0948
0 1934 0.094816
0 1934 0.094816
0 1934 0.094816
1 2026 0.094824
1 2026 0.094824
1 2026 0.094824
1 2026 0.094824
0 1933 0.094832
1 2027 0.094848
1 2027 0.094848
1 2027 0.094848
1 2027 0.094848
0 1935 0.094864
0 1935 0.094864
0 1935 0.094864
1 2028 0.094872
1 2028 0.094872
1 2028 0.094872
1 2028 0.094872
0 1934 0.09488
1 2029 0.094896
1 2029 0.094896
1 2029 0.094896
1 2029 0.094896
0 1936 0.094912
0 1936 0.094912
0 1936 0.094912
1 2030 0.09492
1 2030 0.09492
1 2030 0.09492
1 2030 0.09492
0 1935 0.094928
1 2031 0.094944
1 2031 0.094944
1 2031 0.094944
1 2031 0.094944
0 1937 0.09496
0 1937 0.09496
0 1937 0.09496
1 2032 0.094968
1 2032 0.094968
1 2032 0.094968
1 2032 0.094968
0 1936 0.094976
1 2033 0.094992
1 2033 0.094992
1 2033 0.094992
1 2033 0.094992
0 1938 0.095008
0 1938 0.095008
0 1938 0.095008
1 2034 0.095016
1 2034 0.095016
1 2034 0.095016
1 2034 0.095016
0 1937 0.095024
1 2035 0.09504
1 2035 0.09504
1 2035 0.09504
1 2035 0.09504
0 1939 0.095056
0 1939 0.095056
0 1939 0.095056
1 2036 0.095064
1 2036 0.095064
1 2036 0.095064
1 2036 0.095064
0 1938 0.095072
1 2037 0.095088
1 2037 0.095088
1 2037 0.095088
1 2037 0.095088
0 1940 0.095104
0 1940 0.095104
0 1940 0.095104
1 2038 0.095112
1 2038 0.095112
1 2038 0.095112
1 2038 0.095112
0 1939 0.09512
1 2039 0.095136
1 2039 0.095136
1 2039 0.095136
1 2039 0.095136
0 1941 0.095152
0 1941 0.095152
0 1941 0.095152
0 1940 0.095168
0 1942 0.0952
0 1942 0.0952
0 1942 0.0952
0 1941 0.095216
0 1943 0.095248
0 1943 0.095248
0 1943 0.095248
0 1942 0.095264
0 1944 0.095296
0 1944 0.095296
0 1944 0.095296
0 1943 0.095312
0 1945 0.095344
0 1945 0.095344
0 1945 0.095344
0 1944 0.09536
0 1946 0.095392
0 1946 0.095392
0 1946 0.095392
0 1945 0.095408
0 1947 0.09544
0 1947 0.09544
0 1947 0.09544
0 1946 0.095456
0 1948 0.095488
0 1948 0.095488
0 1948 0.095488
0 1947 0.095504
0 1949 0.095536
0 1949 0.095536
0 1949 0.095536
0 1948 0.095552
0 1950 0.095584
0 1950 0.095584
0 1950 0.095584
0 1949 0.0956
0 1951 0.095632
0 1951 0.095632
0 1951 0.095632
0 1950 0.095648
0 1952 0.09568
0 1952 0.09568
0 1952 0.09568
0 1951 0.095696
0 1953 0.095728
0 1953 0.095728
0 1953 0.095728
0 1952 0.095744
0 1954 0.095776
0 1954 0.095776
0 1954 0.095776
0 1953 0.095792
0 1955 0.095824
0 1955 0.095824
0 1955 0.095824
0 1954 0.09584
0 1956 0.095872
0 1956 0.095872
0 1956 0.095872
0 1955 0.095888
0 1957 0.09592
0 1957 0.09592
0 1957 0.09592
0 1956 0.095936
0 1958 0.095968
0 1958 0.095968
0 1958 0.095968
0 1957 0.095984
0 1959 0.096016
0 1959 0.096016
0 1959 0.096016
0 1958 0.096032
0 1960 0.096064
0 1960 0.096064
0 1960 0.096064
0 1959 0.09608
0 1961 0.096112
0 1961 0.096112
0 1961 0.096112
0 1960 0.096128
0 1962 0.09616
0 1962 0.09616
0 1962 0.09616
0 1961 0.096176
0 1963 0.096208
0 1963 0.096208
0 1963 0.096208
0 1962 0.096224
0 1964 0.096256
0 1964 0.096256
0 1964 0.096256
0 1963 0.096272
0 1965 0.096304
0 1965 0.096304
0 1965 0.096304
0 1964 0.09632
0 1966 0.096352
0 1966 0.096352
0 1966 0.096352
0 1965 0.096368
0 1967 0.0964
0 1967 0.0964
0 1967 0.0964
0 1966 0.096416
0 1968 0.096448
0 1968 0.096448
0 1968 0.096448
0 1967 0.096464
0 1969 0.096496
0 1969 0.096496
0 1969 0.096496
0 1968 0.096512
0 1970 0.096544
0 1970 0.096544
0 1970 0.096544
0 1969 0.09656
0 1971 0.096592
0 1971 0.096592
0 1971 0.096592
0 1970 0.096608
0 1972 0.09664
0 1972 0.09664
0 1972 0.09664
0 1971 0.096656
0 1973 0.096688
0 1973 0.096688
0 1973 0.096688
0 1972 0.096704
0 1974 0.096736
0 1974 0.096736
0 1974 0.096736
0 1973 0.096752
0 1975 0.096784
0 1975 0.096784
0 1975 0.096784
0 1974 0.0968
0 1976 0.096832
0 1976 0.096832
0 1976 0.096832
0 1975 0.096848
0 1977 0.09688
0 1977 0.09688
0 1977 0.09688
0 1976 0.096896
0 1978 0.096928
0 1978 0.096928
0 1978 0.096928
0 1977 0.096944
0 1979 0.096976
0 1979 0.096976
0 1979 0.096976
0 1978 0.096992
0 1980 0.097024
0 1980 0.097024
0 1980 0.097024
0 1979 0.09704
0 1981 0.097072
0 1981 0.097072
0 1981 0.097072
0 1980 0.097088
0 1982 0.09712
0 1982 0.09712
0 1982 0.09712
0 1981 0.097136
0 1983 0.097168
0 1983 0.097168
0 1983 0.097168
0 1982 0.097184
0 1984 0.097216
0 1984 0.097216
0 1984 0.097216
0 1983 0.097232
0 1985 0.097264
0 1985 0.097264
0 1985 0.097264
0 1984 0.09728
0 1986 0.097312
0 1986 0.097312
0 1986 0.097312
0 1985 0.097328
0 1987 0.09736
0 1987 0.09736
0 1987 0.09736
0 1986 0.097376
0 1988 0.097408
0 1988 0.097408
0 1988 0.097408
0 1987 0.097424
0 1989 0.097456
0 1989 0.097456
0 1989 0.097456
0 1988 0.097472
0 1990 0.097504
0 1990 0.097504
0 1990 0.097504
0 1989 0.09752
0 1991 0.097552
0 1991 0.097552
0 1991 0.097552
0 1990 0.097568
0 1992 0.0976
0 1992 0.0976
0 1992 0.0976
0 1991 0.097616
0 1993 0.097648
0 1993 0.097648
0 1993 0.097648
0 1992 0.097664
0 1994 0.097696
0 1994 0.097696
0 1994 0.097696
0 1993 0.097712
0 1995 0.097744
0 1995 0.097744
0 1995 0.097744
0 1994 0.09776
0 1996 0.097792
0 1996 0.097792
0 1996 0.097792
0 1995 0.097808
0 1997 0.09784
0 1997 0.09784
0 1997 0.09784
0 1996 0.097856
0 1998 0.097888
0 1998 0.097888
0 1998 0.097888
0 1997 0.097904
0 1999 0.097936
0 1999 0.097936
0 1999 0.097936
0 1998 0.097952
0 2000 0.097984
0 2000 0.097984
0 2000 0.097984
0 1999 0.098
0 2001 0.098032
0 2001 0.098032
0 2001 0.098032
0 2000 0.098048
0 2002 0.09808
0 2002 0.09808
0 2002 0.09808
0 2001 0.098096
0 2003 0.098128
0 2003 0.098128
0 2003 0.098128
0 2002 0.098144
0 2004 0.098176
0 2004 0.098176
0 2004 0.098176
0 2003 0.098192
0 2005 0.098224
0 2005 0.098224
0 2005 0.098224
0 2004 0.09824
0 2006 0.098272
0 2006 0.098272
0 2006 0.098272
0 2005 0.098288
0 2007 0.09832
0 2007 0.09832
0 2007 0.09832
0 2006 0.098336
0 2008 0.098368
0 2008 0.098368
0 2008 0.098368
0 2007 0.098384
0 2009 0.098416
0 2009 0.098416
0 2009 0.098416
0 2008 0.098432
0 2010 0.098464
0 2010 0.098464
0 2010 0.098464
0 2009 0.09848
0 2011 0.098512
0 2011 0.098512
0 2011 0.098512
0 2010 0.098528
0 2012 0.09856
0 2012 0.09856
0 2012 0.09856
0 2011 0.098576
0 2013 0.098608
0 2013 0.098608
0 2013 0.098608
0 2012 0.098624
0 2014 0.098656
0 2014 0.098656
0 2014 0.098656
0 2013 0.098672
0 2015 0.098704
0 2015 0.098704
0 2015 0.098704
0 2014 0.09872
0 2016 0.098752
0 2016 0.098752
0 2016 0.098752
0 2015 0.098768
0 2017 0.0988
0 2017 0.0988
0 2017 0.0988
0 2016 0.098816
0 2018 0.098848
0 2018 0.098848
0 2018 0.098848
0 2017 0.098864
0 2019 0.098896
0 2019 0.098896
0 2019 0.098896
0 2018 0.098912
0 2020 0.098944
0 2020 0.098944
0 2020 0.098944
0 2019 0.09896
0 2021 0.098992
0 2021 0.098992
0 2021 0.098992
0 2020 0.099008
0 2022 0.09904
0 2022 0.09904
0 2022 0.09904
0 2021 0.099056
0 2023 0.099088
0 2023 0.099088
0 2023 0.099088
0 2022 0.099104
0 2024 0.099136
0 2024 0.099136
0 2024 0.099136
0 2023 0.099152
1 2040 0.099176
1 2040 0.099176
1 2040 0.099176
1 2040 0.099176
0 2025 0.099184
0 2025 0.099184
0 2025 0.099184
0 2024 0.0992
1 2041 0.0992
1 2041 0.0992
1 2041 0.0992
1 2041 0.0992
1 2042 0.099224
1 2042 0.099224
1 2042 0.099224
1 2042 0.099224
0 2026 0.099232
0 2026 0.099232
0 2026 0.099232
0 2025 0.099248
1 2043 0.099248
1 2043 0.099248
1 2043 0.099248
1 2043 0.099248
1 2044 0.099272
1 2044 0.099272
1 2044 0.099272
1 2044 0.099272
0 2027 0.09928
0 2027 0.09928
0 2027 0.09928
0 2026 0.099296
1 2045 0.099296
1 2045 0.099296
1 2045 0.099296
1 2045 0.099296
1 2046 0.09932
1 2046 0.09932
1 2046 0.09932
1 2046 0.09932
0 2028 0.099328
0 2028 0.099328
0 2028 0.099328
0 2027 0.099344
1 2047 0.099344
1 2047 0.099344
1 2047 0.099344
1 2047 0.099344
1 2048 0.099368
1 2048 0.099368
1 2048 0.099368
1 2048 0.099368
0 2029 0.099376
0 2029 0.099376
0 2029 0.099376
0 2028 0.099392
1 2049 0.099392
1 2049 0.099392
1 2049 0.099392
1 2049 0.099392
1 2050 0.099416
1 2050 0.099416
1 2050 0.099416
1 2050 0.099416
0 2030 0.099424
0 2030 0.099424
0 2030 0.099424
0 2029 0.09944
1 2051 0.09944
1 2051 0.09944
1 2051 0.09944
1 2051 0.09944
1 2052 0.099464
1 2052 0.099464
1 2052 0.099464
1 2052 0.099464
0 2031 0.099472
0 2031 0.099472
0 2031 0.099472
0 2030 0.099488
1 2053 0.099488
1 2053 0.099488
1 2053 0.099488
1 2053 0.099488
1 2054 0.099512
1 2054 0.099512
1 2054 0.099512
1 2054 0.099512
0 2032 0.09952
0 2032 0.09952
0 2032 0.09952
0 2031 0.099536
1 2055 0.099536
1 2055 0.099536
1 2055 0.099536
1 2055 0.099536
1 2056 0.09956
1 2056 0.09956
1 2056 0.09956
1 2056 0.09956
0 2033 0.099568
0 2033 0.099568
0 2033 0.099568
0 2032 0.099584
1 2057 0.099584
1 2057 0.099584
1 2057 0.099584
1 2057 0.099584
1 2058 0.099608
1 2058 0.099608
1 2058 0.099608
1 2058 0.099608
0 2034 0.099616
0 2034 0.099616
0 2034 0.099616
0 2033 0.099632
1 2059 0.099632
1 2059 0.099632
1 2059 0.099632
1 2059 0.099632
1 2060 0.099656
1 2060 0.099656
1 2060 0.099656
1 2060 0.099656
0 2035 0.099664
0 2035 0.099664
0 2035 0.099664
0 2034 0.09968
1 2061 0.09968
1 2061 0.09968
1 2061 0.09968
1 2061 0.09968
1 2062 0.099704
1 2062 0.099704
1 2062 0.099704
1 2062 0.099704
0 2036 0.099712
0 2036 0.099712
0 2036 0.099712
0 2035 0.099728
1 2063 0.099728
1 2063 0.099728
1 2063 0.099728
1 2063 0.099728
1 2064 0.099752
1 2064 0.099752
1 2064 0.099752
1 2064 0.099752
0 2037 0.09976
0 2037 0.09976
0 2037 0.09976
0 2036 0.099776
1 2065 0.099776
1 2065 0.099776
1 2065 0.099776
1 2065 0.099776
1 2066 0.0998
1 2066 0.0998
1 2066 0.0998
1 2066 0.0998
0 2038 0.099808
0 2038 0.099808
0 2038 0.099808
0 2037 0.099824
1 2067 0.099824
1 2067 0.099824
1 2067 0.099824
1 2067 0.099824
1 2068 0.099848
1 2068 0.099848
1 2068 0.099848
1 2068 0.099848
0 2039 0.099856
0 2039 0.099856
0 2039 0.099856
0 2038 0.099872
1 2069 0.099872
1 2069 0.099872
1 2069 0.099872
1 2069 0.099872
1 2070 0.099896
1 2070 0.099896
1 2070 0.099896
1 2070 0.099896
0 2040 0.099904
0 2040 0.099904
0 2040 0.099904
0 2039 0.09992
1 2071 0.09992
1 2071 0.09992
1 2071 0.09992
1 2071 0.09992
1 2072 0.099944
1 2072 0.099944
1 2072 0.099944
1 2072 0.099944
0 2041 0.099952
0 2041 0.099952
0 2041 0.099952
0 2040 0.099968
1 2073 0.099968
1 2073 0.099968
1 2073 0.099968
1 2073 0.099968
1 2074 0.099992
1 2074 0.099992
1 2074 0.099992
1 2074 0.099992
0 2042 0.1
0 2042 0.1
0 2042 0.1
0 2041 0.100016
1 2075 0.100016
1 2075 0.100016
1 2075 0.100016
1 2075 0.100016
1 2076 0.10004
1 2076 0.10004
1 2076 0.10004
1 2076 0.10004
0 2043 0.100048
0 2043 0.100048
0 2043 0.100048
0 2042 0.100064
1 2077 0.100064
1 2077 0.100064
1 2077 0.100064
1 2077 0.100064
1 2078 0.100088
1 2078 0.100088
1 2078 0.100088
1 2078 0.100088
0 2044 0.100096
0 2044 0.100096
0 2044 0.100096
0 2043 0.100112
1 2079 0.100112
1 2079 0.100112
1 2079 0.100112
1 2079 0.100112
1 2080 0.100136
1 2080 0.100136
1 2080 0.100136
1 2080 0.100136
0 2045 0.100144
0 2045 0.100144
0 2045 0.100144
0 2044 0.10016
1 2081 0.10016
1 2081 0.10016
1 2081 0.10016
1 2081 0.10016
1 2082 0.100184
1 2082 0.100184
1 2082 0.100184
1 2082 0.100184
0 2046 0.100192
0 2046 0.100192
0 2046 0.100192
0 2045 0.100208
1 2083 0.100208
1 2083 0.100208
1 2083 0.100208
1 2083 0.100208
1 2084 0.100232
1 2084 0.100232
1 2084 0.100232
1 2084 0.100232
0 2047 0.10024
0 2047 0.10024
0 2047 0.10024
0 2046 0.100256
1 2085 0.100256
1 2085 0.100256
1 2085 0.100256
1 2085 0.100256
1 2086 0.10028
1 2086 0.10028
1 2086 0.10028
1 2086 0.10028
0 2048 0.100288
0 2048 0.100288
0 2048 0.100288
0 2047 0.100304
1 2087 0.100304
1 2087 0.100304
1 2087 0.100304
1 2087 0.100304
1 2088 0.100328
1 2088 0.100328
1 2088 0.100328
1 2088 0.100328
0 2049 0.100336
0 2049 0.100336
0 2049 0.100336
0 2048 0.100352
1 2089 0.100352
1 2089 0.100352
1 2089 0.100352
1 2089 0.100352
1 2090 0.100376
1 2090 0.100376
1 2090 0.100376
1 2090 0.100376
0 2050 0.100384
0 2050 0.100384
0 2050 0.100384
0 2049 0.1004
1 2091 0.1004
1 2091 0.1004
1 2091 0.1004
1 2091 0.1004
1 2092 0.100424
1 2092 0.100424
1 2092 0.100424
1 2092 0.100424
0 2051 0.100432
0 2051 0.100432
0 2051 0.100432
0 2050 0.100448
1 2093 0.100448
1 2093 0.100448
1 2093 0.100448
1 2093 0.100448
1 2094 0.100472
1 2094 0.100472
1 2094 0.100472
1 2094 0.100472
0 2052 0.10048
0 2052 0.10048
0 2052 0.10048
0 2051 0.100496
1 2095 0.100496
1 2095 0.100496
1 2095 0.100496
1 2095 0.100496
1 2096 0.10052
1 2096 0.10052
1 2096 0.10052
1 2096 0.10052
0 2053 0.100528
0 2053 0.100528
0 2053 0.100528
0 2052 0.100544
1 2097 0.100544
1 2097 0.100544
1 2097 0.100544
1 2097 0.100544
1 2098 0.100568
1 2098 0.100568
1 2098 0.100568
1 2098 0.100568
0 2054 0.100576
0 2054 0.100576
0 2054 0.100576
0 2053 0.100592
1 2099 0.100592
1 2099 0.100592
1 2099 0.100592
1 2099 0.100592
1 2100 0.100616
1 2100 0.100616
1 2100 0.100616
1 2100 0.100616
0 2055 0.100624
0 2055 0.100624
0 2055 0.100624
0 2054 0.10064
1 2101 0.10064
1 2101 0.10064
1 2101 0.10064
1 2101 0.10064
1 2102 0.100664
1 2102 0.100664
1 2102 0.100664
1 2102 0.100664
0 2056 0.100672
0 2056 0.100672
0 2056 0.100672
0 2055 0.100688
1 2103 0.100688
1 2103 0.100688
1 2103 0.100688
1 2103 0.100688
1 2104 0.100712
1 2104 0.100712
1 2104 0.100712
1 2104 0.100712
0 2057 0.10072
0 2057 0.10072
0 2057 0.10072
0 2056 0.100736
1 2105 0.100736
1 2105 0.100736
1 2105 0.100736
1 2105 0.100736
1 2106 0.10076
1 2106 0.10076
1 2106 0.10076
1 2106 0.10076
0 2058 0.100768
0 2058 0.100768
0 2058 0.100768
0 2057 0.100784
1 2107 0.100784
1 2107 0.100784
1 2107 0.100784
1 2107 0.100784
1 2108 0.100808
1 2108 0.100808
1 2108 0.100808
1 2108 0.100808
0 2059 0.100816
0 2059 0.100816
0 2059 0.100816
0 2058 0.100832
1 2109 0.100832
1 2109 0.100832
1 2109 0.100832
1 2109 0.100832
1 2110 0.100856
1 2110 0.100856
1 2110 0.100856
1 2110 0.100856
0 2060 0.100864
0 2060 0.100864
0 2060 0.100864
0 2059 0.10088
1 2111 0.10088
1 2111 0.10088
1 2111 0.10088
1 2111 0.10088
1 2112 0.100904
1 2112 0.100904
1 2112 0.100904
1 2112 0.100904
0 2061 0.100912
0 2061 0.100912
0 2061 0.100912
0 2060 0.100928
1 2113 0.100928
1 2113 0.100928
1 2113 0.100928
1 2113 0.100928
1 2114 0.100952
1 2114 0.100952
1 2114 0.100952
1 2114 0.100952
0 2062 0.10096
0 2062 0.10096
0 2062 0.10096
0 2061 0.100976
1 2115 0.100976
1 2115 0.100976
1 2115 0.100976
1 2115 0.100976
1 2116 0.101
1 2116 0.101
1 2116 0.101
1 2116 0.101
0 2063 0.101008
0 2063 0.101008
0 2063 0.101008
0 2062 0.101024
1 2117 0.101024
1 2117 0.101024
1 2117 0.101024
1 2117 0.101024
1 2118 0.101048
1 2118 0.101048
1 2118 0.101048
1 2118 0.101048
0 2064 0.101056
0 2064 0.101056
0 2064 0.101056
0 2063 0.101072
1 2119 0.101072
1 2119 0.101072
1 2119 0.101072
1 2119 0.101072
1 2120 0.101096
1 2120 0.101096
1 2120 0.101096
1 2120 0.101096
0 2065 0.101104
0 2065 0.101104
0 2065 0.101104
0 2064 0.10112
1 2121 0.10112
1 2121 0.10112
1 2121 0.10112
1 2121 0.10112
1 2122 0.101144
1 2122 0.101144
1 2122 0.101144
1 2122 0.101144
0 2066 0.101152
0 2066 0.101152
0 2066 0.101152
0 2065 0.101168
1 2123 0.101168
1 2123 0.101168
1 2123 0.101168
1 2123 0.101168
1 2124 0.101192
1 2124 0.101192
1 2124 0.101192
1 2124 0.101192
0 2067 0.1012
0 2067 0.1012
0 2067 0.1012
0 2066 0.101216
1 2125 0.101216
1 2125 0.101216
1 2125 0.101216
1 2125 0.101216
1 2126 0.10124
1 2126 0.10124
1 2126 0.10124
1 2126 0.10124
0 2068 0.101248
0 2068 0.101248
0 2068 0.101248
0 2067 0.101264
1 2127 0.101264
1 2127 0.101264
1 2127 0.101264
1 2127 0.101264
1 2128 0.101288
1 2128 0.101288
1 2128 0.101288
1 2128 0.101288
0 2069 0.101296
0 2069 0.101296
0 2069 0.101296
0 2068 0.101312
1 2129 0.101312
1 2129 0.101312
1 2129 0.101312
1 2129 0.101312
1 2130 0.101336
1 2130 0.101336
1 2130 0.101336
1 2130 0.101336
0 2070 0.101344
0 2070 0.101344
0 2070 0.101344
0 2069 0.10136
1 2131 0.10136
1 2131 0.10136
1 2131 0.10136
1 2131 0.10136
1 2132 0.101384
1 2132 0.101384
1 2132 0.101384
1 2132 0.101384
0 2071 0.101392
0 2071 0.101392
0 2071 0.101392
0 2070 0.101408
1 2133 0.101408
1 2133 0.101408
1 2133 0.101408
1 2133 0.101408
1 2134 0.101432
1 2134 0.101432
1 2134 0.101432
1 2134 0.101432
0 2072 0.10144
0 2072 0.10144
0 2072 0.10144
0 2071 0.101456
1 2135 0.101456
1 2135 0.101456
1 2135 0.101456
1 2135 0.101456
1 2136 0.10148
1 2136 0.10148
1 2136 0.10148
1 2136 0.10148
0 2073 0.101488
0 2073 0.101488
0 2073 0.101488
0 2072 0.101504
1 2137 0.101504
1 2137 0.101504
1 2137 0.101504
1 2137 0.101504
1 2138 0.101528
1 2138 0.101528
1 2138 0.101528
1 2138 0.101528
0 2074 0.101536
0 2074 0.101536
0 2074 0.101536
0 2073 0.101552
1 2139 0.101552
1 2139 0.101552
1 2139 0.101552
1 2139 0.101552
1 2140 0.101576
1 2140 0.101576
1 2140 0.101576
1 2140 0.101576
0 2075 0.101584
0 2075 0.101584
0 2075 0.101584
0 2074 0.1016
1 2141 0.1016
1 2141 0.1016
1 2141 0.1016
1 2141 0.1016
1 2142 0.101624
1 2142 0.101624
1 2142 0.101624
1 2142 0.101624
0 2076 0.101632
0 2076 0.101632
0 2076 0.101632
0 2075 0.101648
1 2143 0.101648
1 2143 0.101648
1 2143 0.101648
1 2143 0.101648
1 2144 0.101672
1 2144 0.101672
1 2144 0.101672
1 2144 0.101672
0 2077 0.10168
0 2077 0.10168
0 2077 0.10168
0 2076 0.101696
1 2145 0.101696
1 2145 0.101696
1 2145 0.101696
1 2145 0.101696
1 2146 0.10172
1 2146 0.10172
1 2146 0.10172
1 2146 0.10172
0 2078 0.101728
0 2078 0.101728
0 2078 0.101728
0 2077 0.101744
1 2147 0.101744
1 2147 0.101744
1 2147 0.101744
1 2147 0.101744
1 2148 0.101768
1 2148 0.101768
1 2148 0.101768
1 2148 0.101768
0 2079 0.101776
0 2079 0.101776
0 2079 0.101776
0 2078 0.101792
1 2149 0.101792
1 2149 0.101792
1 2149 0.101792
1 2149 0.101792
1 2150 0.101816
1 2150 0.101816
1 2150 0.101816
1 2150 0.101816
0 2080 0.101824
0 2080 0.101824
0 2080 0.101824
0 2079 0.10184
1 2151 0.10184
1 2151 0.10184
1 2151 0.10184
1 2151 0.10184
1 2152 0.101864
1 2152 0.101864
1 2152 0.101864
1 2152 0.101864
0 2081 0.101872
0 2081 0.101872
0 2081 0.101872
0 2080 0.101888
1 2153 0.101888
1 2153 0.101888
1 2153 0.101888
1 2153 0.101888
1 2154 0.101912
1 2154 0.101912
1 2154 0.101912
1 2154 0.101912
0 2082 0.10192
0 2082 0.10192
0 2082 0.10192
0 2081 0.101936
1 2155 0.101936
1 2155 0.101936
1 2155 0.101936
1 2155 0.101936
1 2156 0.10196
1 2156 0.10196
1 2156 0.10196
1 2156 0.10196
0 2083 0.101968
0 2083 0.101968
0 2083 0.101968
0 2082 0.101984
1 2157 0.101984
1 2157 0.101984
1 2157 0.101984
1 2157 0.101984
1 2158 0.102008
1 2158 0.102008
1 2158 0.102008
1 2158 0.102008
0 2084 0.102016
0 2084 0.102016
0 2084 0.102016
0 2083 0.102032
1 2159 0.102032
1 2159 0.102032
1 2159 0.102032
1 2159 0.102032
1 2160 0.102056
1 2160 0.102056
1 2160 0.102056
1 2160 0.102056
0 2085 0.102064
0 2085 0.102064
0 2085 0.102064
0 2084 0.10208
1 2161 0.10208
1 2161 0.10208
1 2161 0.10208
1 2161 0.10208
1 2162 0.102104
1 2162 0.102104
1 2162 0.102104
1 2162 0.102104
0 2086 0.102112
0 2086 0.102112
0 2086 0.102112
0 2085 0.102128
1 2163 0.102128
1 2163 0.102128
1 2163 0.102128
1 2163 0.102128
1 2164 0.102152
1 2164 0.102152
1 2164 0.102152
1 2164 0.102152
0 2087 0.10216
0 2087 0.10216
0 2087 0.10216
0 2086 0.102176
1 2165 0.102176
1 2165 0.102176
1 2165 0.102176
1 2165 0.102176
1 2166 0.1022
1 2166 0.1022
1 2166 0.1022
1 2166 0.1022
0 2088 0.102208
0 2088 0.102208
0 2088 0.102208
0 2087 0.102224
1 2167 0.102224
1 2167 0.102224
1 2167 0.102224
1 2167 0.102224
1 2168 0.102248
1 2168 0.102248
1 2168 0.102248
1 2168 0.102248
0 2089 0.102256
0 2089 0.102256
0 2089 0.102256
0 2088 0.102272
1 2169 0.102272
1 2169 0.102272
1 2169 0.102272
1 2169 0.102272
1 2170 0.102296
1 2170 0.102296
1 2170 0.102296
1 2170 0.102296
0 2090 0.102304
0 2090 0.102304
0 2090 0.102304
0 2089 0.10232
1 2171 0.10232
1 2171 0.10232
1 2171 0.10232
1 2171 0.10232
1 2172 0.102344
1 2172 0.102344
1 2172 0.102344
1 2172 0.102344
0 2091 0.102352
0 2091 0.102352
0 2091 0.102352
0 2090 0.102368
1 2173 0.102368
1 2173 0.102368
1 2173 0.102368
1 2173 0.102368
1 2174 0.102392
1 2174 0.102392
1 2174 0.102392
1 2174 0.102392
0 2092 0.1024
0 2092 0.1024
0 2092 0.1024
0 2091 0.102416
1 2175 0.102416
1 2175 0.102416
1 2175 0.102416
1 2175 0.102416
1 2176 0.10244
1 2176 0.10244
1 2176 0.10244
1 2176 0.10244
0 2093 0.102448
0 2093 0.102448
0 2093 0.102448
0 2092 0.102464
1 2177 0.102464
1 2177 0.102464
1 2177 0.102464
1 2177 0.102464
1 2178 0.102488
1 2178 0.102488
1 2178 0.102488
1 2178 0.102488
0 2094 0.102496
0 2094 0.102496
0 2094 0.102496
0 2093 0.102512
1 2179 0.102512
1 2179 0.102512
1 2179 0.102512
1 2179 0.102512
1 2180 0.102536
1 2180 0.102536
1 2180 0.102536
1 2180 0.102536
0 2095 0.102544
0 2095 0.102544
0 2095 0.102544
0 2094 0.10256
1 2181 0.10256
1 2181 0.10256
1 2181 0.10256
1 2181 0.10256
1 2182 0.102584
1 2182 0.102584
1 2182 0.102584
1 2182 0.102584
0 2096 0.102592
0 2096 0.102592
0 2096 0.102592
0 2095 0.102608
1 2183 0.102608
1 2183 0.102608
1 2183 0.102608
1 2183 0.102608
1 2184 0.102632
1 2184 0.102632
1 2184 0.102632
1 2184 0.102632
0 2097 0.10264
0 2097 0.10264
0 2097 0.10264
0 2096 0.102656
1 2185 0.102656
1 2185 0.102656
1 2185 0.102656
1 2185 0.102656
1 2186 0.10268
1 2186 0.10268
1 2186 0.10268
1 2186 0.10268
0 2098 0.102688
0 2098 0.102688
0 2098 0.102688
0 2097 0.102704
1 2187 0.102704
1 2187 0.102704
1 2187 0.102704
1 2187 0.102704
1 2188 0.102728
1 2188 0.102728
1 2188 0.102728
1 2188 0.102728
0 2099 0.102736
0 2099 0.102736
0 2099 0.102736
0 2098 0.102752
1 2189 0.102752
1 2189 0.102752
1 2189 0.102752
1 2189 0.102752
1 2190 0.102776
1 2190 0.102776
1 2190 0.102776
1 2190 0.102776
0 2100 0.102784
0 2100 0.102784
0 2100 0.102784
0 2099 0.1028
1 2191 0.1028
1 2191 0.1028
1 2191 0.1028
1 2191 0.1028
1 2192 0.102824
1 2192 0.102824
1 2192 0.102824
1 2192 0.102824
0 2101 0.102832
0 2101 0.102832
0 2101 0.102832
0 2100 0.102848
1 2193 0.102848
1 2193 0.102848
1 2193 0.102848
1 2193 0.102848
1 2194 0.102872
1 2194 0.102872
1 2194 0.102872
1 2194 0.102872
0 2102 0.10288
0 2102 0.10288
0 2102 0.10288
0 2101 0.102896
1 2195 0.102896
1 2195 0.102896
1 2195 0.102896
1 2195 0.102896
1 2196 0.10292
1 2196 0.10292
1 2196 0.10292
1 2196 0.10292
0 2103 0.102928
0 2103 0.102928
0 2103 0.102928
0 2102 0.102944
1 2197 0.102944
1 2197 0.102944
1 2197 0.102944
1 2197 0.102944
1 2198 0.102968
1 2198 0.102968
1 2198 0.102968
1 2198 0.102968
0 2104 0.102976
0 2104 0.102976
0 2104 0.102976
0 2103 0.102992
1 2199 0.102992
1 2199 0.102992
1 2199 0.102992
1 2199 0.102992
1 2200 0.103016
1 2200 0.103016
1 2200 0.103016
1 2200 0.103016
0 2105 0.103024
0 2105 0.103024
0 2105 0.103024
0 2104 0.10304
1 2201 0.10304
1 2201 0.10304
1 2201 0.10304
1 2201 0.10304
1 2202 0.103064
1 2202 0.103064
1 2202 0.103064
1 2202 0.103064
0 2106 0.103072
0 2106 0.103072
0 2106 0.103072
0 2105 0.103088
1 2203 0.103088
1 2203 0.103088
1 2203 0.103088
1 2203 0.103088
1 2204 0.103112
1 2204 0.103112
1 2204 0.103112
1 2204 0.103112
0 2107 0.10312
0 2107 0.10312
0 2107 0.10312
0 2106 0.103136
1 2205 0.103136
1 2205 0.103136
1 2205 0.103136
1 2205 0.103136
1 2206 0.10316
1 2206 0.10316
1 2206 0.10316
1 2206 0.10316
0 2108 0.103168
0 2108 0.103168
0 2108 0.103168
0 2107 0.103184
1 2207 0.103184
1 2207 0.103184
1 2207 0.103184
1 2207 0.103184
1 2208 0.103208
1 2208 0.103208
1 2208 0.103208
1 2208 0.103208
0 2109 0.103216
0 2109 0.103216
0 2109 0.103216
0 2108 0.103232
1 2209 0.103232
1 2209 0.103232
1 2209 0.103232
1 2209 0.103232
0 2110 0.103264
0 2110 0.103264
0 2110 0.103264
0 2109 0.10328
0 2111 0.103312
0 2111 0.103312
0 2111 0.103312
0 2110 0.103328
0 2112 0.10336
0 2112 0.10336
0 2112 0.10336
0 2111 0.103376
0 2113 0.103408
0 2113 0.103408
0 2113 0.103408
0 2112 0.103424
0 2114 0.103456
0 2114 0.103456
0 2114 0.103456
0 2113 0.103472
0 2115 0.103504
0 2115 0.103504
0 2115 0.103504
0 2114 0.10352
0 2116 0.103552
0 2116 0.103552
0 2116 0.103552
0 2115 0.103568
0 2117 0.1036
0 2117 0.1036
0 2117 0.1036
0 2116 0.103616
0 2118 0.103648
0 2118 0.103648
0 2118 0.103648
0 2117 0.103664
0 2119 0.103696
0 2119 0.103696
0 2119 0.103696
0 2118 0.103712
0 2120 0.103744
0 2120 0.103744
0 2120 0.103744
0 2119 0.10376
0 2121 0.103792
0 2121 0.103792
0 2121 0.103792
0 2120 0.103808
0 2122 0.10384
0 2122 0.10384
0 2122 0.10384
0 2121 0.103856
0 2123 0.103888
0 2123 0.103888
0 2123 0.103888
0 2122 0.103904
0 2124 0.103936
0 2124 0.103936
0 2124 0.103936
0 2123 0.103952
0 2125 0.103984
0 2125 0.103984
0 2125 0.103984
0 2124 0.104
0 2126 0.104032
0 2126 0.104032
0 2126 0.104032
0 2125 0.104048
0 2127 0.10408
0 2127 0.10408
0 2127 0.10408
0 2126 0.104096
0 2128 0.104128
0 2128 0.104128
0 2128 0.104128
0 2127 0.104144
0 2129 0.104176
0 2129 0.104176
0 2129 0.104176
0 2128 0.104192
0 2130 0.104224
0 2130 0.104224
0 2130 0.104224
0 2129 0.10424
0 2131 0.104272
0 2131 0.104272
0 2131 0.104272
0 2130 0.104288
0 2132 0.10432
0 2132 0.10432
0 2132 0.10432
0 2131 0.104336
0 2133 0.104368
0 2133 0.104368
0 2133 0.104368
0 2132 0.104384
0 2134 0.104416
0 2134 0.104416
0 2134 0.104416
0 2133 0.104432
0 2135 0.104464
0 2135 0.104464
0 2135 0.104464
0 2134 0.10448
0 2136 0.104512
0 2136 0.104512
0 2136 0.104512
0 2135 0.104528
0 2137 0.10456
0 2137 0.10456
0 2137 0.10456
0 2136 0.104576
0 2138 0.104608
0 2138 0.104608
0 2138 0.104608
0 2137 0.104624
0 2139 0.104656
0 2139 0.104656
0 2139 0.104656
0 2138 0.104672
0 2140 0.104704
0 2140 0.104704
0 2140 0.104704
0 2139 0.10472
0 2141 0.104752
0 2141 0.104752
0 2141 0.104752
0 2140 0.104768
0 2142 0.1048
0 2142 0.1048
0 2142 0.1048
0 2141 0.104816
0 2143 0.104848
0 2143 0.104848
0 2143 0.104848
0 2142 0.104864
0 2144 0.104896
0 2144 0.104896
0 2144 0.104896
0 2143 0.104912
0 2145 0.104944
0 2145 0.104944
0 2145 0.104944
0 2144 0.10496
0 2146 0.104992
0 2146 0.104992
0 2146 0.104992
0 2145 0.105008
0 2147 0.10504
0 2147 0.10504
0 2147 0.10504
0 2146 0.105056
0 2148 0.105088
0 2148 0.105088
0 2148 0.105088
0 2147 0.105104
0 2149 0.105136
0 2149 0.105136
0 2149 0.105136
0 2148 0.105152
0 2150 0.105184
0 2150 0.105184
0 2150 0.105184
0 2149 0.1052
0 2151 0.105232
0 2151 0.105232
0 2151 0.105232
0 2150 0.105248
0 2152 0.10528
0 2152 0.10528
0 2152 0.10528
0 2151 0.105296
0 2153 0.105328
0 2153 0.105328
0 2153 0.105328
0 2152 0.105344
0 2154 0.105376
0 2154 0.105376
0 2154 0.105376
0 2153 0.105392
0 2155 0.105424
0 2155 0.105424
0 2155 0.105424
0 2154 0.10544
0 2156 0.105472
0 2156 0.105472
0 2156 0.105472
0 2155 0.105488
0 2157 0.10552
0 2157 0.10552
0 2157 0.10552
0 2156 0.105536
0 2158 0.105568
0 2158 0.105568
0 2158 0.105568
0 2157 0.105584
0 2159 0.105616
0 2159 0.105616
0 2159 0.105616
0 2158 0.105632
0 2160 0.105664
0 2160 0.105664
0 2160 0.105664
0 2159 0.10568
0 2161 0.105712
0 2161 0.105712
0 2161 0.105712
0 2160 0.105728
0 2162 0.10576
0 2162 0.10576
0 2162 0.10576
0 2161 0.105776
0 2163 0.105808
0 2163 0.105808
0 2163 0.105808
0 2162 0.105824
0 2164 0.105856
0 2164 0.105856
0 2164 0.105856
0 2163 0.105872
0 2165 0.105904
0 2165 0.105904
0 2165 0.105904
0 2164 0.10592
0 2166 0.105952
0 2166 0.105952
0 2166 0.105952
0 2165 0.105968
0 2167 0.106
0 2167 0.106
0 2167 0.106
0 2166 0.106016
0 2168 0.106048
0 2168 0.106048
0 2168 0.106048
0 2167 0.106064
0 2169 0.106096
0 2169 0.106096
0 2169 0.106096
0 2168 0.106112
0 2170 0.106144
0 2170 0.106144
0 2170 0.106144
0 2169 0.10616
0 2171 0.106192
0 2171 0.106192
0 2171 0.106192
0 2170 0.106208
0 2172 0.10624
0 2172 0.10624
0 2172 0.10624
0 2171 0.106256
0 2173 0.106288
0 2173 0.106288
0 2173 0.106288
0 2172 0.106304
0 2174 0.106336
0 2174 0.106336
0 2174 0.106336
0 2173 0.106352
0 2175 0.106384
0 2175 0.106384
0 2175 0.106384
0 2174 0.1064
0 2176 0.106432
0 2176 0.106432
0 2176 0.106432
0 2175 0.106448
0 2177 0.10648
0 2177 0.10648
0 2177 0.10648
0 2176 0.106496
0 2178 0.106528
0 2178 0.106528
0 2178 0.106528
0 2177 0.106544
0 2179 0.106576
0 2179 0.106576
0 2179 0.106576
0 2178 0.106592
0 2180 0.106624
0 2180 0.106624
0 2180 0.106624
0 2179 0.10664
0 2181 0.106672
0 2181 0.106672
0 2181 0.106672
0 2180 0.106688
0 2182 0.10672
0 2182 0.10672
0 2182 0.10672
0 2181 0.106736
0 2183 0.106768
0 2183 0.106768
0 2183 0.106768
0 2182 0.106784
0 2184 0.106816
0 2184 0.106816
0 2184 0.106816
0 2183 0.106832
0 2185 0.106864
0 2185 0.106864
0 2185 0.106864
0 2184 0.10688
0 2186 0.106912
0 2186 0.106912
0 2186 0.106912
0 2185 0.106928
0 2187 0.10696
0 2187 0.10696
0 2187 0.10696
0 2186 0.106976
0 2188 0.107008
0 2188 0.107008
0 2188 0.107008
0 2187 0.107024
0 2189 0.107056
0 2189 0.107056
0 2189 0.107056
0 2188 0.107072
0 2190 0.107104
0 2190 0.107104
0 2190 0.107104
0 2189 0.10712
0 2191 0.107152
0 2191 0.107152
0 2191 0.107152
0 2190 0.107168
0 2192 0.1072
0 2192 0.1072
0 2192 0.1072
0 2191 0.107216
0 2193 0.107248
0 2193 0.107248
0 2193 0.107248
0 2192 0.107264
1 2210 0.107272
1 2210 0.107272
1 2210 0.107272
1 2210 0.107272
0 2194 0.107296
0 2194 0.107296
0 2194 0.107296
1 2211 0.107296
1 2211 0.107296
1 2211 0.107296
1 2211 0.107296
0 2193 0.107312
1 2212 0.10732
1 2212 0.10732
1 2212 0.10732
1 2212 0.10732
0 2195 0.107344
0 2195 0.107344
0 2195 0.107344
1 2213 0.107344
1 2213 0.107344
1 2213 0.107344
1 2213 0.107344
0 2194 0.10736
1 2214 0.107368
1 2214 0.107368
1 2214 0.107368
1 2214 0.107368
0 2196 0.107392
0 2196 0.107392
0 2196 0.107392
1 2215 0.107392
1 2215 0.107392
1 2215 0.107392
1 2215 0.107392
0 2195 0.107408
1 2216 0.107416
1 2216 0.107416
1 2216 0.107416
1 2216 0.107416
0 2197 0.10744
0 2197 0.10744
0 2197 0.10744
1 2217 0.10744
1 2217 0.10744
1 2217 0.10744
1 2217 0.10744
0 2196 0.107456
1 2218 0.107464
1 2218 0.107464
1 2218 0.107464
1 2218 0.107464
0 2198 0.107488
0 2198 0.107488
0 2198 0.107488
1 2219 0.107488
1 2219 0.107488
1 2219 0.107488
1 2219 0.107488
0 2197 0.107504
1 2220 0.107512
1 2220 0.107512
1 2220 0.107512
1 2220 0.107512
0 2199 0.107536
0 2199 0.107536
0 2199 0.107536
1 2221 0.107536
1 2221 0.107536
1 2221 0.107536
1 2221 0.107536
0 2198 0.107552
1 2222 0.10756
1 2222 0.10756
1 2222 0.10756
1 2222 0.10756
0 2200 0.107584
0 2200 0.107584
0 2200 0.107584
1 2223 0.107584
1 2223 0.107584
1 2223 0.107584
1 2223 0.107584
0 2199 0.1076
1 2224 0.107608
1 2224 0.107608
1 2224 0.107608
1 2224 0.107608
0 2201 0.107632
0 2201 0.107632
0 2201 0.107632
1 2225 0.107632
1 2225 0.107632
1 2225 0.107632
1 2225 0.107632
0 2200 0.107648
1 2226 0.107656
1 2226 0.107656
1 2226 0.107656
1 2226 0.107656
0 2202 0.10768
0 2202 0.10768
0 2202 0.10768
1 2227 0.10768
1 2227 0.10768
1 2227 0.10768
1 2227 0.10768
0 2201 0.107696
1 2228 0.107704
1 2228 0.107704
1 2228 0.107704
1 2228 0.107704
0 2203 0.107728
0 2203 0.107728
0 2203 0.107728
1 2229 0.107728
1 2229 0.107728
1 2229 0.107728
1 2229 0.107728
0 2202 0.107744
1 2230 0.107752
1 2230 0.107752
1 2230 0.107752
1 2230 0.107752
0 2204 0.107776
0 2204 0.107776
0 2204 0.107776
1 2231 0.107776
1 2231 0.107776
1 2231 0.107776
1 2231 0.107776
0 2203 0.107792
1 2232 0.1078
1 2232 0.1078
1 2232 0.1078
1 2232 0.1078
0 2205 0.107824
0 2205 0.107824
0 2205 0.107824
1 2233 0.107824
1 2233 0.107824
1 2233 0.107824
1 2233 0.107824
0 2204 0.10784
1 2234 0.107848
1 2234 0.107848
1 2234 0.107848
1 2234 0.107848
0 2206 0.107872
0 2206 0.107872
0 2206 0.107872
1 2235 0.107872
1 2235 0.107872
1 2235 0.107872
1 2235 0.107872
0 2205 0.107888
1 2236 0.107896
1 2236 0.107896
1 2236 0.107896
1 2236 0.107896
0 2207 0.10792
0 2207 0.10792
0 2207 0.10792
1 2237 0.10792
1 2237 0.10792
1 2237 0.10792
1 2237 0.10792
0 2206 0.107936
1 2238 0.107944
1 2238 0.107944
1 2238 0.107944
1 2238 0.107944
0 2208 0.107968
0 2208 0.107968
0 2208 0.107968
1 2239 0.107968
1 2239 0.107968
1 2239 0.107968
1 2239 0.107968
0 2207 0.107984
1 2240 0.107992
1 2240 0.107992
1 2240 0.107992
1 2240 0.107992
0 2209 0.108016
0 2209 0.108016
0 2209 0.108016
1 2241 0.108016
1 2241 0.108016
1 2241 0.108016
1 2241 0.108016
0 2208 0.108032
1 2242 0.10804
1 2242 0.10804
1 2242 0.10804
1 2242 0.10804
0 2210 0.108064
0 2210 0.108064
0 2210 0.108064
1 2243 0.108064
1 2243 0.108064
1 2243 0.108064
1 2243 0.108064
0 2209 0.10808
1 2244 0.108088
1 2244 0.108088
1 2244 0.108088
1 2244 0.108088
0 2211 0.108112
0 2211 0.108112
0 2211 0.108112
1 2245 0.108112
1 2245 0.108112
1 2245 0.108112
1 2245 0.108112
0 2210 0.108128
1 2246 0.108136
1 2246 0.108136
1 2246 0.108136
1 2246 0.108136
0 2212 0.10816
0 2212 0.10816
0 2212 0.10816
1 2247 0.10816
1 2247 0.10816
1 2247 0.10816
1 2247 0.10816
0 2211 0.108176
1 2248 0.108184
1 2248 0.108184
1 2248 0.108184
1 2248 0.108184
0 2213 0.108208
0 2213 0.108208
0 2213 0.108208
1 2249 0.108208
1 2249 0.108208
1 2249 0.108208
1 2249 0.108208
0 2212 0.108224
1 2250 0.108232
1 2250 0.108232
1 2250 0.108232
1 2250 0.108232
0 2214 0.108256
0 2214 0.108256
0 2214 0.108256
1 2251 0.108256
1 2251 0.108256
1 2251 0.108256
1 2251 0.108256
0 2213 0.108272
1 2252 0.10828
1 2252 0.10828
1 2252 0.10828
1 2252 0.10828
0 2215 0.108304
0 2215 0.108304
0 2215 0.108304
1 2253 0.108304
1 2253 0.108304
1 2253 0.108304
1 2253 0.108304
0 2214 0.10832
1 2254 0.108328
1 2254 0.108328
1 2254 0.108328
1 2254 0.108328
0 2216 0.108352
0 2216 0.108352
0 2216 0.108352
1 2255 0.108352
1 2255 0.108352
1 2255 0.108352
1 2255 0.108352
0 2215 0.108368
1 2256 0.108376
1 2256 0.108376
1 2256 0.108376
1 2256 0.108376
0 2217 0.1084
0 2217 0.1084
0 2217 0.1084
1 2257 0.1084
1 2257 0.1084
1 2257 0.1084
1 2257 0.1084
0 2216 0.108416
1 2258 0.108424
1 2258 0.108424
1 2258 0.108424
1 2258 0.108424
0 2218 0.108448
0 2218 0.108448
0 2218 0.108448
1 2259 0.108448
1 2259 0.108448
1 2259 0.108448
1 2259 0.108448
0 2217 0.108464
1 2260 0.108472
1 2260 0.108472
1 2260 0.108472
1 2260 0.108472
0 2219 0.108496
0 2219 0.108496
0 2219 0.108496
1 2261 0.108496
1 2261 0.108496
1 2261 0.108496
1 2261 0.108496
0 2218 0.108512
1 2262 0.10852
1 2262 0.10852
1 2262 0.10852
1 2262 0.10852
0 2220 0.108544
0 2220 0.108544
0 2220 0.108544
1 2263 0.108544
1 2263 0.108544
1 2263 0.108544
1 2263 0.108544
0 2219 0.10856
1 2264 0.108568
1 2264 0.108568
1 2264 0.108568
1 2264 0.108568
0 2221 0.108592
0 2221 0.108592
0 2221 0.108592
1 2265 0.108592
1 2265 0.108592
1 2265 0.108592
1 2265 0.108592
0 2220 0.108608
1 2266 0.108616
1 2266 0.108616
1 2266 0.108616
1 2266 0.108616
0 2222 0.10864
0 2222 0.10864
0 2222 0.10864
1 2267 0.10864
1 2267 0.10864
1 2267 0.10864
1 2267 0.10864
0 2221 0.108656
1 2268 0.108664
1 2268 0.108664
1 2268 0.108664
1 2268 0.108664
0 2223 0.108688
0 2223 0.108688
0 2223 0.108688
1 2269 0.108688
1 2269 0.108688
1 2269 0.108688
1 2269 0.108688
0 2222 0.108704
1 2270 0.108712
1 2270 0.108712
1 2270 0.108712
1 2270 0.108712
0 2224 0.108736
0 2224 0.108736
0 2224 0.108736
1 2271 0.108736
1 2271 0.108736
1 2271 0.108736
1 2271 0.108736
0 2223 0.108752
1 2272 0.10876
1 2272 0.10876
1 2272 0.10876
1 2272 0.10876
0 2225 0.108784
0 2225 0.108784
0 2225 0.108784
1 2273 0.108784
1 2273 0.108784
1 2273 0.108784
1 2273 0.108784
0 2224 0.1088
1 2274 0.108808
1 2274 0.108808
1 2274 0.108808
1 2274 0.108808
0 2226 0.108832
0 2226 0.108832
0 2226 0.108832
1 2275 0.108832
1 2275 0.108832
1 2275 0.108832
1 2275 0.108832
0 2225 0.108848
1 2276 0.108856
1 2276 0.108856
1 2276 0.108856
1 2276 0.108856
0 2227 0.10888
0 2227 0.10888
0 2227 0.10888
1 2277 0.10888
1 2277 0.10888
1 2277 0.10888
1 2277 0.10888
0 2226 0.108896
1 2278 0.108904
1 2278 0.108904
1 2278 0.108904
1 2278 0.108904
0 2228 0.108928
0 2228 0.108928
0 2228 0.108928
1 2279 0.108928
1 2279 0.108928
1 2279 0.108928
1 2279 0.108928
0 2227 0.108944
1 2280 0.108952
1 2280 0.108952
1 2280 0.108952
1 2280 0.108952
0 2229 0.108976
0 2229 0.108976
0 2229 0.108976
1 2281 0.108976
1 2281 0.108976
1 2281 0.108976
1 2281 0.108976
0 2228 0.108992
1 2282 0.109
1 2282 0.109
1 2282 0.109
1 2282 0.109
0 2230 0.109024
0 2230 0.109024
0 2230 0.109024
1 2283 0.109024
1 2283 0.109024
1 2283 0.109024
1 2283 0.109024
0 2229 0.10904
1 2284 0.109048
1 2284 0.109048
1 2284 0.109048
1 2284 0.109048
0 2231 0.109072
0 2231 0.109072
0 2231 0.109072
1 2285 0.109072
1 2285 0.109072
1 2285 0.109072
1 2285 0.109072
0 2230 0.109088
1 2286 0.109096
1 2286 0.109096
1 2286 0.109096
1 2286 0.109096
0 2232 0.10912
0 2232 0.10912
0 2232 0.10912
1 2287 0.10912
1 2287 0.10912
1 2287 0.10912
1 2287 0.10912
0 2231 0.109136
1 2288 0.109144
1 2288 0.109144
1 2288 0.109144
1 2288 0.109144
0 2233 0.109168
0 2233 0.109168
0 2233 0.109168
1 2289 0.109168
1 2289 0.109168
1 2289 0.109168
1 2289 0.109168
0 2232 0.109184
1 2290 0.109192
1 2290 0.109192
1 2290 0.109192
1 2290 0.109192
0 2234 0.109216
0 2234 0.109216
0 2234 0.109216
1 2291 0.109216
1 2291 0.109216
1 2291 0.109216
1 2291 0.109216
0 2233 0.109232
1 2292 0.10924
1 2292 0.10924
1 2292 0.10924
1 2292 0.10924
0 2235 0.109264
0 2235 0.109264
0 2235 0.109264
1 2293 0.109264
1 2293 0.109264
1 2293 0.109264
1 2293 0.109264
0 2234 0.10928
1 2294 0.109288
1 2294 0.109288
1 2294 0.109288
1 2294 0.109288
0 2236 0.109312
0 2236 0.109312
0 2236 0.109312
1 2295 0.109312
1 2295 0.109312
1 2295 0.109312
1 2295 0.109312
0 2235 0.109328
1 2296 0.109336
1 2296 0.109336
1 2296 0.109336
1 2296 0.109336
0 2237 0.10936
0 2237 0.10936
0 2237 0.10936
1 2297 0.10936
1 2297 0.10936
1 2297 0.10936
1 2297 0.10936
0 2236 0.109376
1 2298 0.109384
1 2298 0.109384
1 2298 0.109384
1 2298 0.109384
0 2238 0.109408
0 2238 0.109408
0 2238 0.109408
1 2299 0.109408
1 2299 0.109408
1 2299 0.109408
1 2299 0.109408
0 2237 0.109424
1 2300 0.109432
1 2300 0.109432
1 2300 0.109432
1 2300 0.109432
0 2239 0.109456
0 2239 0.109456
0 2239 0.109456
1 2301 0.109456
1 2301 0.109456
1 2301 0.109456
1 2301 0.109456
0 2238 0.109472
1 2302 0.10948
1 2302 0.10948
1 2302 0.10948
1 2302 0.10948
0 2240 0.109504
0 2240 0.109504
0 2240 0.109504
1 2303 0.109504
1 2303 0.109504
1 2303 0.109504
1 2303 0.109504
0 2239 0.10952
1 2304 0.109528
1 2304 0.109528
1 2304 0.109528
1 2304 0.109528
0 2241 0.109552
0 2241 0.109552
0 2241 0.109552
1 2305 0.109552
1 2305 0.109552
1 2305 0.109552
1 2305 0.109552
0 2240 0.109568
1 2306 0.109576
1 2306 0.109576
1 2306 0.109576
1 2306 0.109576
0 2242 0.1096
0 2242 0.1096
0 2242 0.1096
1 2307 0.1096
1 2307 0.1096
1 2307 0.1096
1 2307 0.1096
0 2241 0.109616
1 2308 0.109624
1 2308 0.109624
1 2308 0.109624
1 2308 0.109624
0 2243 0.109648
0 2243 0.109648
0 2243 0.109648
1 2309 0.109648
1 2309 0.109648
1 2309 0.109648
1 2309 0.109648
0 2242 0.109664
1 2310 0.109672
1 2310 0.109672
1 2310 0.109672
1 2310 0.109672
0 2244 0.109696
0 2244 0.109696
0 2244 0.109696
1 2311 0.109696
1 2311 0.109696
1 2311 0.109696
1 2311 0.109696
0 2243 0.109712
1 2312 0.10972
1 2312 0.10972
1 2312 0.10972
1 2312 0.10972
0 2245 0.109744
0 2245 0.109744
0 2245 0.109744
1 2313 0.109744
1 2313 0.109744
1 2313 0.109744
1 2313 0.109744
0 2244 0.10976
1 2314 0.109768
1 2314 0.109768
1 2314 0.109768
1 2314 0.109768
0 2246 0.109792
0 2246 0.109792
0 2246 0.109792
1 2315 0.109792
1 2315 0.109792
1 2315 0.109792
1 2315 0.109792
0 2245 0.109808
1 2316 0.109816
1 2316 0.109816
1 2316 0.109816
1 2316 0.109816
0 2247 0.10984
0 2247 0.10984
0 2247 0.10984
1 2317 0.10984
1 2317 0.10984
1 2317 0.10984
1 2317 0.10984
0 2246 0.109856
1 2318 0.109864
1 2318 0.109864
1 2318 0.109864
1 2318 0.109864
0 2248 0.109888
0 2248 0.109888
0 2248 0.109888
1 2319 0.109888
1 2319 0.109888
1 2319 0.109888
1 2319 0.109888
0 2247 0.109904
1 2320 0.109912
1 2320 0.109912
1 2320 0.109912
1 2320 0.109912
0 2249 0.109936
0 2249 0.109936
0 2249 0.109936
1 2321 0.109936
1 2321 0.109936
1 2321 0.109936
1 2321 0.109936
0 2248 0.109952
1 2322 0.10996
1 2322 0.10996
1 2322 0.10996
1 2322 0.10996
0 2250 0.109984
0 2250 0.109984
0 2250 0.109984
1 2323 0.109984
1 2323 0.109984
1 2323 0.109984
1 2323 0.109984
0 2249 0.11
1 2324 0.110008
1 2324 0.110008
1 2324 0.110008
1 2324 0.110008
0 2251 0.110032
0 2251 0.110032
0 2251 0.110032
1 2325 0.110032
1 2325 0.110032
1 2325 0.110032
1 2325 0.110032
0 2250 0.110048
1 2326 0.110056
1 2326 0.110056
1 2326 0.110056
1 2326 0.110056
0 2252 0.11008
0 2252 0.11008
0 2252 0.11008
1 2327 0.11008
1 2327 0.11008
1 2327 0.11008
1 2327 0.11008
0 2251 0.110096
1 2328 0.110104
1 2328 0.110104
1 2328 0.110104
1 2328 0.110104
0 2253 0.110128
0 2253 0.110128
0 2253 0.110128
1 2329 0.110128
1 2329 0.110128
1 2329 0.110128
1 2329 0.110128
0 2252 0.110144
1 2330 0.110152
1 2330 0.110152
1 2330 0.110152
1 2330 0.110152
0 2254 0.110176
0 2254 0.110176
0 2254 0.110176
1 2331 0.110176
1 2331 0.110176
1 2331 0.110176
1 2331 0.110176
0 2253 0.110192
1 2332 0.1102
1 2332 0.1102
1 2332 0.1102
1 2332 0.1102
0 2255 0.110224
0 2255 0.110224
0 2255 0.110224
1 2333 0.110224
1 2333 0.110224
1 2333 0.110224
1 2333 0.110224
0 2254 0.11024
1 2334 0.110248
1 2334 0.110248
1 2334 0.110248
1 2334 0.110248
0 2256 0.110272
0 2256 0.110272
0 2256 0.110272
1 2335 0.110272
1 2335 0.110272
1 2335 0.110272
1 2335 0.110272
0 2255 0.110288
1 2336 0.110296
1 2336 0.110296
1 2336 0.110296
1 2336 0.110296
0 2257 0.11032
0 2257 0.11032
0 2257 0.11032
1 2337 0.11032
1 2337 0.11032
1 2337 0.11032
1 2337 0.11032
0 2256 0.110336
1 2338 0.110344
1 2338 0.110344
1 2338 0.110344
1 2338 0.110344
0 2258 0.110368
0 2258 0.110368
0 2258 0.110368
1 2339 0.110368
1 2339 0.110368
1 2339 0.110368
1 2339 0.110368
0 2257 0.110384
1 2340 0.110392
1 2340 0.110392
1 2340 0.110392
1 2340 0.110392
0 2259 0.110416
0 2259 0.110416
0 2259 0.110416
1 2341 0.110416
1 2341 0.110416
1 2341 0.110416
1 2341 0.110416
0 2258 0.110432
1 2342 0.11044
1 2342 0.11044
1 2342 0.11044
1 2342 0.11044
0 2260 0.110464
0 2260 0.110464
0 2260 0.110464
1 2343 0.110464
1 2343 0.110464
1 2343 0.110464
1 2343 0.110464
0 2259 0.11048
1 2344 0.110488
1 2344 0.110488
1 2344 0.110488
1 2344 0.110488
0 2261 0.110512
0 2261 0.110512
0 2261 0.110512
1 2345 0.110512
1 2345 0.110512
1 2345 0.110512
1 2345 0.110512
0 2260 0.110528
1 2346 0.110536
1 2346 0.110536
1 2346 0.110536
1 2346 0.110536
0 2262 0.11056
0 2262 0.11056
0 2262 0.11056
1 2347 0.11056
1 2347 0.11056
1 2347 0.11056
1 2347 0.11056
0 2261 0.110576
1 2348 0.110584
1 2348 0.110584
1 2348 0.110584
1 2348 0.110584
0 2263 0.110608
0 2263 0.110608
0 2263 0.110608
1 2349 0.110608
1 2349 0.110608
1 2349 0.110608
1 2349 0.110608
0 2262 0.110624
1 2350 0.110632
1 2350 0.110632
1 2350 0.110632
1 2350 0.110632
0 2264 0.110656
0 2264 0.110656
0 2264 0.110656
1 2351 0.110656
1 2351 0.110656
1 2351 0.110656
1 2351 0.110656
0 2263 0.110672
1 2352 0.11068
1 2352 0.11068
1 2352 0.11068
1 2352 0.11068
0 2265 0.110704
0 2265 0.110704
0 2265 0.110704
1 2353 0.110704
1 2353 0.110704
1 2353 0.110704
1 2353 0.110704
0 2264 0.11072
1 2354 0.110728
1 2354 0.110728
1 2354 0.110728
1 2354 0.110728
0 2266 0.110752
0 2266 0.110752
0 2266 0.110752
1 2355 0.110752
1 2355 0.110752
1 2355 0.110752
1 2355 0.110752
0 2265 0.110768
1 2356 0.110776
1 2356 0.110776
1 2356 0.110776
1 2356 0.110776
0 2267 0.1108
0 2267 0.1108
0 2267 0.1108
1 2357 0.1108
1 2357 0.1108
1 2357 0.1108
1 2357 0.1108
0 2266 0.110816
1 2358 0.110824
1 2358 0.110824
1 2358 0.110824
1 2358 0.110824
0 2268 0.110848
0 2268 0.110848
0 2268 0.110848
1 2359 0.110848
1 2359 0.110848
1 2359 0.110848
1 2359 0.110848
0 2267 0.110864
1 2360 0.110872
1 2360 0.110872
1 2360 0.110872
1 2360 0.110872
0 2269 0.110896
0 2269 0.110896
0 2269 0.110896
1 2361 0.110896
1 2361 0.110896
1 2361 0.110896
1 2361 0.110896
0 2268 0.110912
1 2362 0.11092
1 2362 0.11092
1 2362 0.11092
1 2362 0.11092
0 2270 0.110944
0 2270 0.110944
0 2270 0.110944
1 2363 0.110944
1 2363 0.110944
1 2363 0.110944
1 2363 0.110944
0 2269 0.11096
1 2364 0.110968
1 2364 0.110968
1 2364 0.110968
1 2364 0.110968
0 2271 0.110992
0 2271 0.110992
0 2271 0.110992
1 2365 0.110992
1 2365 0.110992
1 2365 0.110992
1 2365 0.110992
0 2270 0.111008
1 2366 0.111016
1 2366 0.111016
1 2366 0.111016
1 2366 0.111016
0 2272 0.11104
0 2272 0.11104
0 2272 0.11104
1 2367 0.11104
1 2367 0.11104
1 2367 0.11104
1 2367 0.11104
0 2271 0.111056
1 2368 0.111064
1 2368 0.111064
1 2368 0.111064
1 2368 0.111064
0 2273 0.111088
0 2273 0.111088
0 2273 0.111088
1 2369 0.111088
1 2369 0.111088
1 2369 0.111088
1 2369 0.111088
0 2272 0.111104
1 2370 0.111112
1 2370 0.111112
1 2370 0.111112
1 2370 0.111112
0 2274 0.111136
0 2274 0.111136
0 2274 0.111136
1 2371 0.111136
1 2371 0.111136
1 2371 0.111136
1 2371 0.111136
0 2273 0.111152
1 2372 0.11116
1 2372 0.11116
1 2372 0.11116
1 2372 0.11116
0 2275 0.111184
0 2275 0.111184
0 2275 0.111184
1 2373 0.111184
1 2373 0.111184
1 2373 0.111184
1 2373 0.111184
0 2274 0.1112
1 2374 0.111208
1 2374 0.111208
1 2374 0.111208
1 2374 0.111208
0 2276 0.111232
0 2276 0.111232
0 2276 0.111232
1 2375 0.111232
1 2375 0.111232
1 2375 0.111232
1 2375 0.111232
0 2275 0.111248
1 2376 0.111256
1 2376 0.111256
1 2376 0.111256
1 2376 0.111256
0 2277 0.11128
0 2277 0.11128
0 2277 0.11128
1 2377 0.11128
1 2377 0.11128
1 2377 0.11128
1 2377 0.11128
0 2276 0.111296
1 2378 0.111304
1 2378 0.111304
1 2378 0.111304
1 2378 0.111304
0 2278 0.111328
0 2278 0.111328
0 2278 0.111328
1 2379 0.111328
1 2379 0.111328
1 2379 0.111328
1 2379 0.111328
0 2277 0.111344
0 2279 0.111376
0 2279 0.111376
0 2279 0.111376
0 2278 0.111392
0 2280 0.111424
0 2280 0.111424
0 2280 0.111424
0 2279 0.11144
0 2281 0.111472
0 2281 0.111472
0 2281 0.111472
0 2280 0.111488
0 2282 0.11152
0 2282 0.11152
0 2282 0.11152
0 2281 0.111536
0 2283 0.111568
0 2283 0.111568
0 2283 0.111568
0 2282 0.111584
0 2284 0.111616
0 2284 0.111616
0 2284 0.111616
0 2283 0.111632
0 2285 0.111664
0 2285 0.111664
0 2285 0.111664
0 2284 0.11168
0 2286 0.111712
0 2286 0.111712
0 2286 0.111712
0 2285 0.111728
0 2287 0.11176
0 2287 0.11176
0 2287 0.11176
0 2286 0.111776
0 2288 0.111808
0 2288 0.111808
0 2288 0.111808
0 2287 0.111824
0 2289 0.111856
0 2289 0.111856
0 2289 0.111856
0 2288 0.111872
0 2290 0.111904
0 2290 0.111904
0 2290 0.111904
0 2289 0.11192
0 2291 0.111952
0 2291 0.111952
0 2291 0.111952
0 2290 0.111968
0 2292 0.112
0 2292 0.112
0 2292 0.112
0 2291 0.112016
0 2293 0.112048
0 2293 0.112048
0 2293 0.112048
0 2292 0.112064
0 2294 0.112096
0 2294 0.112096
0 2294 0.112096
0 2293 0.112112
0 2295 0.112144
0 2295 0.112144
0 2295 0.112144
0 2294 0.11216
0 2296 0.112192
0 2296 0.112192
0 2296 0.112192
0 2295 0.112208
0 2297 0.11224
0 2297 0.11224
0 2297 0.11224
0 2296 0.112256
0 2298 0.112288
0 2298 0.112288
0 2298 0.112288
0 2297 0.112304
0 2299 0.112336
0 2299 0.112336
0 2299 0.112336
0 2298 0.112352
0 2300 0.112384
0 2300 0.112384
0 2300 0.112384
0 2299 0.1124
0 2301 0.112432
0 2301 0.112432
0 2301 0.112432
0 2300 0.112448
0 2302 0.11248
0 2302 0.11248
0 2302 0.11248
0 2301 0.112496
0 2303 0.112528
0 2303 0.112528
0 2303 0.112528
0 2302 0.112544
0 2304 0.112576
0 2304 0.112576
0 2304 0.112576
0 2303 0.112592
0 2305 0.112624
0 2305 0.112624
0 2305 0.112624
0 2304 0.11264
0 2306 0.112672
0 2306 0.112672
0 2306 0.112672
0 2305 0.112688
0 2307 0.11272
0 2307 0.11272
0 2307 0.11272
0 2306 0.112736
0 2308 0.112768
0 2308 0.112768
0 2308 0.112768
0 2307 0.112784
0 2309 0.112816
0 2309 0.112816
0 2309 0.112816
0 2308 0.112832
0 2310 0.112864
0 2310 0.112864
0 2310 0.112864
0 2309 0.11288
0 2311 0.112912
0 2311 0.112912
0 2311 0.112912
0 2310 0.112928
0 2312 0.11296
0 2312 0.11296
0 2312 0.11296
0 2311 0.112976
0 2313 0.113008
0 2313 0.113008
0 2313 0.113008
0 2312 0.113024
0 2314 0.113056
0 2314 0.113056
0 2314 0.113056
0 2313 0.113072
0 2315 0.113104
0 2315 0.113104
0 2315 0.113104
0 2314 0.11312
0 2316 0.113152
0 2316 0.113152
0 2316 0.113152
0 2315 0.113168
0 2317 0.1132
0 2317 0.1132
0 2317 0.1132
0 2316 0.113216
0 2318 0.113248
0 2318 0.113248
0 2318 0.113248
0 2317 0.113264
0 2319 0.113296
0 2319 0.113296
0 2319 0.113296
0 2318 0.113312
0 2320 0.113344
0 2320 0.113344
0 2320 0.113344
0 2319 0.11336
0 2321 0.113392
0 2321 0.113392
0 2321 0.113392
0 2320 0.113408
0 2322 0.11344
0 2322 0.11344
0 2322 0.11344
0 2321 0.113456
0 2323 0.113488
0 2323 0.113488
0 2323 0.113488
0 2322 0.113504
0 2324 0.113536
0 2324 0.113536
0 2324 0.113536
0 2323 0.113552
0 2325 0.113584
0 2325 0.113584
0 2325 0.113584
0 2324 0.1136
0 2326 0.113632
0 2326 0.113632
0 2326 0.113632
0 2325 0.113648
0 2327 0.11368
0 2327 0.11368
0 2327 0.11368
0 2326 0.113696
0 2328 0.113728
0 2328 0.113728
0 2328 0.113728
0 2327 0.113744
0 2329 0.113776
0 2329 0.113776
0 2329 0.113776
0 2328 0.113792
0 2330 0.113824
0 2330 0.113824
0 2330 0.113824
0 2329 0.11384
0 2331 0.113872
0 2331 0.113872
0 2331 0.113872
0 2330 0.113888
0 2332 0.11392
0 2332 0.11392
0 2332 0.11392
0 2331 0.113936
0 2333 0.113968
0 2333 0.113968
0 2333 0.113968
0 2332 0.113984
0 2334 0.114016
0 2334 0.114016
0 2334 0.114016
0 2333 0.114032
0 2335 0.114064
0 2335 0.114064
0 2335 0.114064
0 2334 0.11408
0 2336 0.114112
0 2336 0.114112
0 2336 0.114112
0 2335 0.114128
0 2337 0.11416
0 2337 0.11416
0 2337 0.11416
0 2336 0.114176
0 2338 0.114208
0 2338 0.114208
0 2338 0.114208
0 2337 0.114224
0 2339 0.114256
0 2339 0.114256
0 2339 0.114256
0 2338 0.114272
0 2340 0.114304
0 2340 0.114304
0 2340 0.114304
0 2339 0.11432
0 2341 0.114352
0 2341 0.114352
0 2341 0.114352
0 2340 0.114368
0 2342 0.1144
0 2342 0.1144
0 2342 0.1144
0 2341 0.114416
0 2343 0.114448
0 2343 0.114448
0 2343 0.114448
0 2342 0.114464
0 2344 0.114496
0 2344 0.114496
0 2344 0.114496
0 2343 0.114512
0 2345 0.114544
0 2345 0.114544
0 2345 0.114544
0 2344 0.11456
0 2346 0.114592
0 2346 0.114592
0 2346 0.114592
0 2345 0.114608
0 2347 0.11464
0 2347 0.11464
0 2347 0.11464
0 2346 0.114656
0 2348 0.114688
0 2348 0.114688
0 2348 0.114688
0 2347 0.114704
0 2349 0.114736
0 2349 0.114736
0 2349 0.114736
0 2348 0.114752
0 2350 0.114784
0 2350 0.114784
0 2350 0.114784
0 2349 0.1148
0 2351 0.114832
0 2351 0.114832
0 2351 0.114832
0 2350 0.114848
0 2352 0.11488
0 2352 0.11488
0 2352 0.11488
0 2351 0.114896
0 2353 0.114928
0 2353 0.114928
0 2353 0.114928
0 2352 0.114944
0 2354 0.114976
0 2354 0.114976
0 2354 0.114976
0 2353 0.114992
0 2355 0.115024
0 2355 0.115024
0 2355 0.115024
0 2354 0.11504
0 2356 0.115072
0 2356 0.115072
0 2356 0.115072
0 2355 0.115088
0 2357 0.11512
0 2357 0.11512
0 2357 0.11512
0 2356 0.115136
0 2358 0.115168
0 2358 0.115168
0 2358 0.115168
0 2357 0.115184
0 2359 0.115216
0 2359 0.115216
0 2359 0.115216
0 2358 0.115232
0 2360 0.115264
0 2360 0.115264
0 2360 0.115264
0 2359 0.11528
0 2361 0.115312
0 2361 0.115312
0 2361 0.115312
0 2360 0.115328
0 2362 0.11536
0 2362 0.11536
0 2362 0.11536
1 2380 0.115368
1 2380 0.115368
1 2380 0.115368
1 2380 0.115368
0 2361 0.115376
1 2381 0.115392
1 2381 0.115392
1 2381 0.115392
1 2381 0.115392
0 2363 0.115408
0 2363 0.115408
0 2363 0.115408
1 2382 0.115416
1 2382 0.115416
1 2382 0.115416
1 2382 0.115416
0 2362 0.115424
1 2383 0.11544
1 2383 0.11544
1 2383 0.11544
1 2383 0.11544
0 2364 0.115456
0 2364 0.115456
0 2364 0.115456
1 2384 0.115464
1 2384 0.115464
1 2384 0.115464
1 2384 0.115464
0 2363 0.115472
1 2385 0.115488
1 2385 0.115488
1 2385 0.115488
1 2385 0.115488
0 2365 0.115504
0 2365 0.115504
0 2365 0.115504
1 2386 0.115512
1 2386 0.115512
1 2386 0.115512
1 2386 0.115512
0 2364 0.11552
1 2387 0.115536
1 2387 0.115536
1 2387 0.115536
1 2387 0.115536
0 2366 0.115552
0 2366 0.115552
0 2366 0.115552
1 2388 0.11556
1 2388 0.11556
1 2388 0.11556
1 2388 0.11556
0 2365 0.115568
1 2389 0.115584
1 2389 0.115584
1 2389 0.115584
1 2389 0.115584
0 2367 0.1156
0 2367 0.1156
0 2367 0.1156
1 2390 0.115608
1 2390 0.115608
1 2390 0.115608
1 2390 0.115608
0 2366 0.115616
1 2391 0.115632
1 2391 0.115632
1 2391 0.115632
1 2391 0.115632
0 2368 0.115648
0 2368 0.115648
0 2368 0.115648
1 2392 0.115656
1 2392 0.115656
1 2392 0.115656
1 2392 0.115656
0 2367 0.115664
1 2393 0.11568
1 2393 0.11568
1 2393 0.11568
1 2393 0.11568
0 2369 0.115696
0 2369 0.115696
0 2369 0.115696
1 2394 0.115704
1 2394 0.115704
1 2394 0.115704
1 2394 0.115704
0 2368 0.115712
1 2395 0.115728
1 2395 0.115728
1 2395 0.115728
1 2395 0.115728
0 2370 0.115744
0 2370 0.115744
0 2370 0.115744
1 2396 0.115752
1 2396 0.115752
1 2396 0.115752
1 2396 0.115752
0 2369 0.11576
1 2397 0.115776
1 2397 0.115776
1 2397 0.115776
1 2397 0.115776
0 2371 0.115792
0 2371 0.115792
0 2371 0.115792
1 2398 0.1158
1 2398 0.1158
1 2398 0.1158
1 2398 0.1158
0 2370 0.115808
1 2399 0.115824
1 2399 0.115824
1 2399 0.115824
1 2399 0.115824
0 2372 0.11584
0 2372 0.11584
0 2372 0.11584
1 2400 0.115848
1 2400 0.115848
1 2400 0.115848
1 2400 0.115848
0 2371 0.115856
1 2401 0.115872
1 2401 0.115872
1 2401 0.115872
1 2401 0.115872
0 2373 0.115888
0 2373 0.115888
0 2373 0.115888
1 2402 0.115896
1 2402 0.115896
1 2402 0.115896
1 2402 0.115896
0 2372 0.115904
1 2403 0.11592
1 2403 0.11592
1 2403 0.11592
1 2403 0.11592
0 2374 0.115936
0 2374 0.115936
0 2374 0.115936
1 2404 0.115944
1 2404 0.115944
1 2404 0.115944
1 2404 0.115944
0 2373 0.115952
1 2405 0.115968
1 2405 0.115968
1 2405 0.115968
1 2405 0.115968
0 2375 0.115984
0 2375 0.115984
0 2375 0.115984
1 2406 0.115992
1 2406 0.115992
1 2406 0.115992
1 2406 0.115992
0 2374 0.116
1 2407 0.116016
1 2407 0.116016
1 2407 0.116016
1 2407 0.116016
0 2376 0.116032
0 2376 0.116032
0 2376 0.116032
1 2408 0.11604
1 2408 0.11604
1 2408 0.11604
1 2408 0.11604
0 2375 0.116048
1 2409 0.116064
1 2409 0.116064
1 2409 0.116064
1 2409 0.116064
0 2377 0.11608
0 2377 0.11608
0 2377 0.11608
1 2410 0.116088
1 2410 0.116088
1 2410 0.116088
1 2410 0.116088
0 2376 0.116096
1 2411 0.116112
1 2411 0.116112
1 2411 0.116112
1 2411 0.116112
0 2378 0.116128
0 2378 0.116128
0 2378 0.116128
1 2412 0.116136
1 2412 0.116136
1 2412 0.116136
1 2412 0.116136
0 2377 0.116144
1 2413 0.11616
1 2413 0.11616
1 2413 0.11616
1 2413 0.11616
0 2379 0.116176
0 2379 0.116176
0 2379 0.116176
1 2414 0.116184
1 2414 0.116184
1 2414 0.116184
1 2414 0.116184
0 2378 0.116192
1 2415 0.116208
1 2415 0.116208
1 2415 0.116208
1 2415 0.116208
0 2380 0.116224
0 2380 0.116224
0 2380 0.116224
1 2416 0.116232
1 2416 0.116232
1 2416 0.116232
1 2416 0.116232
0 2379 0.11624
1 2417 0.116256
1 2417 0.116256
1 2417 0.116256
1 2417 0.116256
0 2381 0.116272
0 2381 0.116272
0 2381 0.116272
1 2418 0.11628
1 2418 0.11628
1 2418 0.11628
1 2418 0.11628
0 2380 0.116288
1 2419 0.116304
1 2419 0.116304
1 2419 0.116304
1 2419 0.116304
0 2382 0.11632
0 2382 0.11632
0 2382 0.11632
1 2420 0.116328
1 2420 0.116328
1 2420 0.116328
1 2420 0.116328
0 2381 0.116336
1 2421 0.116352
1 2421 0.116352
1 2421 0.116352
1 2421 0.116352
0 2383 0.116368
0 2383 0.116368
0 2383 0.116368
1 2422 0.116376
1 2422 0.116376
1 2422 0.116376
1 2422 0.116376
0 2382 0.116384
1 2423 0.1164
1 2423 0.1164
1 2423 0.1164
1 2423 0.1164
0 2384 0.116416
0 2384 0.116416
0 2384 0.116416
1 2424 0.116424
1 2424 0.116424
1 2424 0.116424
1 2424 0.116424
0 2383 0.116432
1 2425 0.116448
1 2425 0.116448
1 2425 0.116448
1 2425 0.116448
0 2385 0.116464
0 2385 0.116464
0 2385 0.116464
1 2426 0.116472
1 2426 0.116472
1 2426 0.116472
1 2426 0.116472
0 2384 0.11648
1 2427 0.116496
1 2427 0.116496
1 2427 0.116496
1 2427 0.116496
0 2386 0.116512
0 2386 0.116512
0 2386 0.116512
1 2428 0.11652
1 2428 0.11652
1 2428 0.11652
1 2428 0.11652
0 2385 0.116528
1 2429 0.116544
1 2429 0.116544
1 2429 0.116544
1 2429 0.116544
0 2387 0.11656
0 2387 0.11656
0 2387 0.11656
1 2430 0.116568
1 2430 0.116568
1 2430 0.116568
1 2430 0.116568
0 2386 0.116576
1 2431 0.116592
1 2431 0.116592
1 2431 0.116592
1 2431 0.116592
0 2388 0.116608
0 2388 0.116608
0 2388 0.116608
1 2432 0.116616
1 2432 0.116616
1 2432 0.116616
1 2432 0.116616
0 2387 0.116624
1 2433 0.11664
1 2433 0.11664
1 2433 0.11664
1 2433 0.11664
0 2389 0.116656
0 2389 0.116656
0 2389 0.116656
1 2434 0.116664
1 2434 0.116664
1 2434 0.116664
1 2434 0.116664
0 2388 0.116672
1 2435 0.116688
1 2435 0.116688
1 2435 0.116688
1 2435 0.116688
0 2390 0.116704
0 2390 0.116704
0 2390 0.116704
1 2436 0.116712
1 2436 0.116712
1 2436 0.116712
1 2436 0.116712
0 2389 0.11672
1 2437 0.116736
1 2437 0.116736
1 2437 0.116736
1 2437 0.116736
0 2391 0.116752
0 2391 0.116752
0 2391 0.116752
1 2438 0.11676
1 2438 0.11676
1 2438 0.11676
1 2438 0.11676
0 2390 0.116768
1 2439 0.116784
1 2439 0.116784
1 2439 0.116784
1 2439 0.116784
0 2392 0.1168
0 2392 0.1168
0 2392 0.1168
1 2440 0.116808
1 2440 0.116808
1 2440 0.116808
1 2440 0.116808
0 2391 0.116816
1 2441 0.116832
1 2441 0.116832
1 2441 0.116832
1 2441 0.116832
0 2393 0.116848
0 2393 0.116848
0 2393 0.116848
1 2442 0.116856
1 2442 0.116856
1 2442 0.116856
1 2442 0.116856
0 2392 0.116864
1 2443 0.11688
1 2443 0.11688
1 2443 0.11688
1 2443 0.11688
0 2394 0.116896
0 2394 0.116896
0 2394 0.116896
1 2444 0.116904
1 2444 0.116904
1 2444 0.116904
1 2444 0.116904
0 2393 0.116912
1 2445 0.116928
1 2445 0.116928
1 2445 0.116928
1 2445 0.116928
0 2395 0.116944
0 2395 0.116944
0 2395 0.116944
1 2446 0.116952
1 2446 0.116952
1 2446 0.116952
1 2446 0.116952
0 2394 0.11696
1 2447 0.116976
1 2447 0.116976
1 2447 0.116976
1 2447 0.116976
0 2396 0.116992
0 2396 0.116992
0 2396 0.116992
1 2448 0.117
1 2448 0.117
1 2448 0.117
1 2448 0.117
0 2395 0.117008
1 2449 0.117024
1 2449 0.117024
1 2449 0.117024
1 2449 0.117024
0 2397 0.11704
0 2397 0.11704
0 2397 0.11704
1 2450 0.117048
1 2450 0.117048
1 2450 0.117048
1 2450 0.117048
0 2396 0.117056
1 2451 0.117072
1 2451 0.117072
1 2451 0.117072
1 2451 0.117072
0 2398 0.117088
0 2398 0.117088
0 2398 0.117088
1 2452 0.117096
1 2452 0.117096
1 2452 0.117096
1 2452 0.117096
0 2397 0.117104
1 2453 0.11712
1 2453 0.11712
1 2453 0.11712
1 2453 0.11712
0 2399 0.117136
0 2399 0.117136
0 2399 0.117136
1 2454 0.117144
1 2454 0.117144
1 2454 0.117144
1 2454 0.117144
0 2398 0.117152
1 2455 0.117168
1 2455 0.117168
1 2455 0.117168
1 2455 0.117168
0 2400 0.117184
0 2400 0.117184
0 2400 0.117184
1 2456 0.117192
1 2456 0.117192
1 2456 0.117192
1 2456 0.117192
0 2399 0.1172
1 2457 0.117216
1 2457 0.117216
1 2457 0.117216
1 2457 0.117216
0 2401 0.117232
0 2401 0.117232
0 2401 0.117232
1 2458 0.11724
1 2458 0.11724
1 2458 0.11724
1 2458 0.11724
0 2400 0.117248
1 2459 0.117264
1 2459 0.117264
1 2459 0.117264
1 2459 0.117264
0 2402 0.11728
0 2402 0.11728
0 2402 0.11728
1 2460 0.117288
1 2460 0.117288
1 2460 0.117288
1 2460 0.117288
0 2401 0.117296
1 2461 0.117312
1 2461 0.117312
1 2461 0.117312
1 2461 0.117312
0 2403 0.117328
0 2403 0.117328
0 2403 0.117328
1 2462 0.117336
1 2462 0.117336
1 2462 0.117336
1 2462 0.117336
0 2402 0.117344
1 2463 0.11736
1 2463 0.11736
1 2463 0.11736
1 2463 0.11736
0 2404 0.117376
0 2404 0.117376
0 2404 0.117376
1 2464 0.117384
1 2464 0.117384
1 2464 0.117384
1 2464 0.117384
0 2403 0.117392
1 2465 0.117408
1 2465 0.117408
1 2465 0.117408
1 2465 0.117408
0 2405 0.117424
0 2405 0.117424
0 2405 0.117424
1 2466 0.117432
1 2466 0.117432
1 2466 0.117432
1 2466 0.117432
0 2404 0.11744
1 2467 0.117456
1 2467 0.117456
1 2467 0.117456
1 2467 0.117456
0 2406 0.117472
0 2406 0.117472
0 2406 0.117472
1 2468 0.11748
1 2468 0.11748
1 2468 0.11748
1 2468 0.11748
0 2405 0.117488
1 2469 0.117504
1 2469 0.117504
1 2469 0.117504
1 2469 0.117504
0 2407 0.11752
0 2407 0.11752
0 2407 0.11752
1 2470 0.117528
1 2470 0.117528
1 2470 0.117528
1 2470 0.117528
0 2406 0.117536
1 2471 0.117552
1 2471 0.117552
1 2471 0.117552
1 2471 0.117552
0 2408 0.117568
0 2408 0.117568
0 2408 0.117568
1 2472 0.117576
1 2472 0.117576
1 2472 0.117576
1 2472 0.117576
0 2407 0.117584
1 2473 0.1176
1 2473 0.1176
1 2473 0.1176
1 2473 0.1176
0 2409 0.117616
0 2409 0.117616
0 2409 0.117616
1 2474 0.117624
1 2474 0.117624
1 2474 0.117624
1 2474 0.117624
0 2408 0.117632
1 2475 0.117648
1 2475 0.117648
1 2475 0.117648
1 2475 0.117648
0 2410 0.117664
0 2410 0.117664
0 2410 0.117664
1 2476 0.117672
1 2476 0.117672
1 2476 0.117672
1 2476 0.117672
0 2409 0.11768
1 2477 0.117696
1 2477 0.117696
1 2477 0.117696
1 2477 0.117696
0 2411 0.117712
0 2411 0.117712
0 2411 0.117712
1 2478 0.11772
1 2478 0.11772
1 2478 0.11772
1 2478 0.11772
0 2410 0.117728
1 2479 0.117744
1 2479 0.117744
1 2479 0.117744
1 2479 0.117744
0 2412 0.11776
0 2412 0.11776
0 2412 0.11776
1 2480 0.117768
1 2480 0.117768
1 2480 0.117768
1 2480 0.117768
0 2411 0.117776
1 2481 0.117792
1 2481 0.117792
1 2481 0.117792
1 2481 0.117792
0 2413 0.117808
0 2413 0.117808
0 2413 0.117808
1 2482 0.117816
1 2482 0.117816
1 2482 0.117816
1 2482 0.117816
0 2412 0.117824
1 2483 0.11784
1 2483 0.11784
1 2483 0.11784
1 2483 0.11784
0 2414 0.117856
0 2414 0.117856
0 2414 0.117856
1 2484 0.117864
1 2484 0.117864
1 2484 0.117864
1 2484 0.117864
0 2413 0.117872
1 2485 0.117888
1 2485 0.117888
1 2485 0.117888
1 2485 0.117888
0 2415 0.117904
0 2415 0.117904
0 2415 0.117904
1 2486 0.117912
1 2486 0.117912
1 2486 0.117912
1 2486 0.117912
0 2414 0.11792
1 2487 0.117936
1 2487 0.117936
1 2487 0.117936
1 2487 0.117936
0 2416 0.117952
0 2416 0.117952
0 2416 0.117952
1 2488 0.11796
1 2488 0.11796
1 2488 0.11796
1 2488 0.11796
0 2415 0.117968
1 2489 0.117984
1 2489 0.117984
1 2489 0.117984
1 2489 0.117984
0 2417 0.118
0 2417 0.118
0 2417 0.118
1 2490 0.118008
1 2490 0.118008
1 2490 0.118008
1 2490 0.118008
0 2416 0.118016
1 2491 0.118032
1 2491 0.118032
1 2491 0.118032
1 2491 0.118032
0 2418 0.118048
0 2418 0.118048
0 2418 0.118048
1 2492 0.118056
1 2492 0.118056
1 2492 0.118056
1 2492 0.118056
0 2417 0.118064
1 2493 0.11808
1 2493 0.11808
1 2493 0.11808
1 2493 0.11808
0 2419 0.118096
0 2419 0.118096
0 2419 0.118096
1 2494 0.118104
1 2494 0.118104
1 2494 0.118104
1 2494 0.118104
0 2418 0.118112
1 2495 0.118128
1 2495 0.118128
1 2495 0.118128
1 2495 0.118128
0 2420 0.118144
0 2420 0.118144
0 2420 0.118144
1 2496 0.118152
1 2496 0.118152
1 2496 0.118152
1 2496 0.118152
0 2419 0.11816
1 2497 0.118176
1 2497 0.118176
1 2497 0.118176
1 2497 0.118176
0 2421 0.118192
0 2421 0.118192
0 2421 0.118192
1 2498 0.1182
1 2498 0.1182
1 2498 0.1182
1 2498 0.1182
0 2420 0.118208
1 2499 0.118224
1 2499 0.118224
1 2499 0.118224
1 2499 0.118224
0 2422 0.11824
0 2422 0.11824
0 2422 0.11824
1 2500 0.118248
1 2500 0.118248
1 2500 0.118248
1 2500 0.118248
0 2421 0.118256
1 2501 0.118272
1 2501 0.118272
1 2501 0.118272
1 2501 0.118272
0 2423 0.118288
0 2423 0.118288
0 2423 0.118288
1 2502 0.118296
1 2502 0.118296
1 2502 0.118296
1 2502 0.118296
0 2422 0.118304
1 2503 0.11832
1 2503 0.11832
1 2503 0.11832
1 2503 0.11832
0 2424 0.118336
0 2424 0.118336
0 2424 0.118336
1 2504 0.118344
1 2504 0.118344
1 2504 0.118344
1 2504 0.118344
0 2423 0.118352
1 2505 0.118368
1 2505 0.118368
1 2505 0.118368
1 2505 0.118368
0 2425 0.118384
0 2425 0.118384
0 2425 0.118384
1 2506 0.118392
1 2506 0.118392
1 2506 0.118392
1 2506 0.118392
0 2424 0.1184
1 2507 0.118416
1 2507 0.118416
1 2507 0.118416
1 2507 0.118416
0 2426 0.118432
0 2426 0.118432
0 2426 0.118432
1 2508 0.11844
1 2508 0.11844
1 2508 0.11844
1 2508 0.11844
0 2425 0.118448
1 2509 0.118464
1 2509 0.118464
1 2509 0.118464
1 2509 0.118464
0 2427 0.11848
0 2427 0.11848
0 2427 0.11848
1 2510 0.118488
1 2510 0.118488
1 2510 0.118488
1 2510 0.118488
0 2426 0.118496
1 2511 0.118512
1 2511 0.118512
1 2511 0.118512
1 2511 0.118512
0 2428 0.118528
0 2428 0.118528
0 2428 0.118528
1 2512 0.118536
1 2512 0.118536
1 2512 0.118536
1 2512 0.118536
0 2427 0.118544
1 2513 0.11856
1 2513 0.11856
1 2513 0.11856
1 2513 0.11856
0 2429 0.118576
0 2429 0.118576
0 2429 0.118576
1 2514 0.118584
1 2514 0.118584
1 2514 0.118584
1 2514 0.118584
0 2428 0.118592
1 2515 0.118608
1 2515 0.118608
1 2515 0.118608
1 2515 0.118608
0 2430 0.118624
0 2430 0.118624
0 2430 0.118624
1 2516 0.118632
1 2516 0.118632
1 2516 0.118632
1 2516 0.118632
0 2429 0.11864
1 2517 0.118656
1 2517 0.118656
1 2517 0.118656
1 2517 0.118656
0 2431 0.118672
0 2431 0.118672
0 2431 0.118672
1 2518 0.11868
1 2518 0.11868
1 2518 0.11868
1 2518 0.11868
0 2430 0.118688
1 2519 0.118704
1 2519 0.118704
1 2519 0.118704
1 2519 0.118704
0 2432 0.11872
0 2432 0.11872
0 2432 0.11872
1 2520 0.118728
1 2520 0.118728
1 2520 0.118728
1 2520 0.118728
0 2431 0.118736
1 2521 0.118752
1 2521 0.118752
1 2521 0.118752
1 2521 0.118752
0 2433 0.118768
0 2433 0.118768
0 2433 0.118768
1 2522 0.118776
1 2522 0.118776
1 2522 0.118776
1 2522 0.118776
0 2432 0.118784
1 2523 0.1188
1 2523 0.1188
1 2523 0.1188
1 2523 0.1188
0 2434 0.118816
0 2434 0.118816
0 2434 0.118816
1 2524 0.118824
1 2524 0.118824
1 2524 0.118824
1 2524 0.118824
0 2433 0.118832
1 2525 0.118848
1 2525 0.118848
1 2525 0.118848
1 2525 0.118848
0 2435 0.118864
0 2435 0.118864
0 2435 0.118864
1 2526 0.118872
1 2526 0.118872
1 2526 0.118872
1 2526 0.118872
0 2434 0.11888
1 2527 0.118896
1 2527 0.118896
1 2527 0.118896
1 2527 0.118896
0 2436 0.118912
0 2436 0.118912
0 2436 0.118912
1 2528 0.11892
1 2528 0.11892
1 2528 0.11892
1 2528 0.11892
0 2435 0.118928
1 2529 0.118944
1 2529 0.118944
1 2529 0.118944
1 2529 0.118944
0 2437 0.11896
0 2437 0.11896
0 2437 0.11896
1 2530 0.118968
1 2530 0.118968
1 2530 0.118968
1 2530 0.118968
0 2436 0.118976
1 2531 0.118992
1 2531 0.118992
1 2531 0.118992
1 2531 0.118992
0 2438 0.119008
0 2438 0.119008
0 2438 0.119008
1 2532 0.119016
1 2532 0.119016
1 2532 0.119016
1 2532 0.119016
0 2437 0.119024
1 2533 0.11904
1 2533 0.11904
1 2533 0.11904
1 2533 0.11904
0 2439 0.119056
0 2439 0.119056
0 2439 0.119056
1 2534 0.119064
1 2534 0.119064
1 2534 0.119064
1 2534 0.119064
0 2438 0.119072
1 2535 0.119088
1 2535 0.119088
1 2535 0.119088
1 2535 0.119088
0 2440 0.119104
0 2440 0.119104
0 2440 0.119104
1 2536 0.119112
1 2536 0.119112
1 2536 0.119112
1 2536 0.119112
0 2439 0.11912
1 2537 0.119136
1 2537 0.119136
1 2537 0.119136
1 2537 0.119136
0 2441 0.119152
0 2441 0.119152
0 2441 0.119152
1 2538 0.11916
1 2538 0.11916
1 2538 0.11916
1 2538 0.11916
0 2440 0.119168
1 2539 0.119184
1 2539 0.119184
1 2539 0.119184
1 2539 0.119184
0 2442 0.1192
0 2442 0.1192
0 2442 0.1192
1 2540 0.119208
1 2540 0.119208
1 2540 0.119208
1 2540 0.119208
0 2441 0.119216
1 2541 0.119232
1 2541 0.119232
1 2541 0.119232
1 2541 0.119232
0 2443 0.119248
0 2443 0.119248
0 2443 0.119248
1 2542 0.119256
1 2542 0.119256
1 2542 0.119256
1 2542 0.119256
0 2442 0.119264
1 2543 0.11928
1 2543 0.11928
1 2543 0.11928
1 2543 0.11928
0 2444 0.119296
0 2444 0.119296
0 2444 0.119296
1 2544 0.119304
1 2544 0.119304
1 2544 0.119304
1 2544 0.119304
0 2443 0.119312
1 2545 0.119328
1 2545 0.119328
1 2545 0.119328
1 2545 0.119328
0 2445 0.119344
0 2445 0.119344
0 2445 0.119344
1 2546 0.119352
1 2546 0.119352
1 2546 0.119352
1 2546 0.119352
0 2444 0.11936
1 2547 0.119376
1 2547 0.119376
1 2547 0.119376
1 2547 0.119376
0 2446 0.119392
0 2446 0.119392
0 2446 0.119392
1 2548 0.1194
1 2548 0.1194
1 2548 0.1194
1 2548 0.1194
0 2445 0.119408
1 2549 0.119424
1 2549 0.119424
1 2549 0.119424
1 2549 0.119424
0 2447 0.11944
0 2447 0.11944
0 2447 0.11944
0 2446 0.119456
0 2448 0.119488
0 2448 0.119488
0 2448 0.119488
0 2447 0.119504
0 2449 0.119536
0 2449 0.119536
0 2449 0.119536
0 2448 0.119552
0 2450 0.119584
0 2450 0.119584
0 2450 0.119584
0 2449 0.1196
0 2451 0.119632
0 2451 0.119632
0 2451 0.119632
0 2450 0.119648
0 2452 0.11968
0 2452 0.11968
0 2452 0.11968
0 2451 0.119696
0 2453 0.119728
0 2453 0.119728
0 2453 0.119728
0 2452 0.119744
0 2454 0.119776
0 2454 0.119776
0 2454 0.119776
0 2453 0.119792
0 2455 0.119824
0 2455 0.119824
0 2455 0.119824
0 2454 0.11984
0 2456 0.119872
0 2456 0.119872
0 2456 0.119872
0 2455 0.119888
0 2457 0.11992
0 2457 0.11992
0 2457 0.11992
0 2456 0.119936
0 2458 0.119968
0 2458 0.119968
0 2458 0.119968
0 2457 0.119984
0 2459 0.120016
0 2459 0.120016
0 2459 0.120016
0 2458 0.120032
0 2460 0.120064
0 2460 0.120064
0 2460 0.120064
0 2459 0.12008
0 2461 0.120112
0 2461 0.120112
0 2461 0.120112
0 2460 0.120128
0 2462 0.12016
0 2462 0.12016
0 2462 0.12016
0 2461 0.120176
0 2463 0.120208
0 2463 0.120208
0 2463 0.120208
0 2462 0.120224
0 2464 0.120256
0 2464 0.120256
0 2464 0.120256
0 2463 0.120272
0 2465 0.120304
0 2465 0.120304
0 2465 0.120304
0 2464 0.12032
0 2466 0.120352
0 2466 0.120352
0 2466 0.120352
0 2465 0.120368
0 2467 0.1204
0 2467 0.1204
0 2467 0.1204
0 2466 0.120416
0 2468 0.120448
0 2468 0.120448
0 2468 0.120448
0 2467 0.120464
0 2469 0.120496
0 2469 0.120496
0 2469 0.120496
0 2468 0.120512
0 2470 0.120544
0 2470 0.120544
0 2470 0.120544
0 2469 0.12056
0 2471 0.120592
0 2471 0.120592
0 2471 0.120592
0 2470 0.120608
0 2472 0.12064
0 2472 0.12064
0 2472 0.12064
0 2471 0.120656
0 2473 0.120688
0 2473 0.120688
0 2473 0.120688
0 2472 0.120704
0 2474 0.120736
0 2474 0.120736
0 2474 0.120736
0 2473 0.120752
0 2475 0.120784
0 2475 0.120784
0 2475 0.120784
0 2474 0.1208
0 2476 0.120832
0 2476 0.120832
0 2476 0.120832
0 2475 0.120848
0 2477 0.12088
0 2477 0.12088
0 2477 0.12088
0 2476 0.120896
0 2478 0.120928
0 2478 0.120928
0 2478 0.120928
0 2477 0.120944
0 2479 0.120976
0 2479 0.120976
0 2479 0.120976
0 2478 0.120992
0 2480 0.121024
0 2480 0.121024
0 2480 0.121024
0 2479 0.12104
0 2481 0.121072
0 2481 0.121072
0 2481 0.121072
0 2480 0.121088
0 2482 0.12112
0 2482 0.12112
0 2482 0.12112
0 2481 0.121136
0 2483 0.121168
0 2483 0.121168
0 2483 0.121168
0 2482 0.121184
0 2484 0.121216
0 2484 0.121216
0 2484 0.121216
0 2483 0.121232
0 2485 0.121264
0 2485 0.121264
0 2485 0.121264
0 2484 0.12128
0 2486 0.121312
0 2486 0.121312
0 2486 0.121312
0 2485 0.121328
0 2487 0.12136
0 2487 0.12136
0 2487 0.12136
0 2486 0.121376
0 2488 0.121408
0 2488 0.121408
0 2488 0.121408
0 2487 0.121424
0 2489 0.121456
0 2489 0.121456
0 2489 0.121456
0 2488 0.121472
0 2490 0.121504
0 2490 0.121504
0 2490 0.121504
0 2489 0.12152
0 2491 0.121552
0 2491 0.121552
0 2491 0.121552
0 2490 0.121568
0 2492 0.1216
0 2492 0.1216
0 2492 0.1216
0 2491 0.121616
0 2493 0.121648
0 2493 0.121648
0 2493 0.121648
0 2492 0.121664
0 2494 0.121696
0 2494 0.121696
0 2494 0.121696
0 2493 0.121712
0 2495 0.121744
0 2495 0.121744
0 2495 0.121744
0 2494 0.12176
0 2496 0.121792
0 2496 0.121792
0 2496 0.121792
0 2495 0.121808
0 2497 0.12184
0 2497 0.12184
0 2497 0.12184
0 2496 0.121856
0 2498 0.121888
0 2498 0.121888
0 2498 0.121888
0 2497 0.121904
0 2499 0.121936
0 2499 0.121936
0 2499 0.121936
0 2498 0.121952
0 2500 0.121984
0 2500 0.121984
0 2500 0.121984
0 2499 0.122
0 2501 0.122032
0 2501 0.122032
0 2501 0.122032
0 2500 0.122048
0 2502 0.12208
0 2502 0.12208
0 2502 0.12208
0 2501 0.122096
0 2503 0.122128
0 2503 0.122128
0 2503 0.122128
0 2502 0.122144
0 2504 0.122176
0 2504 0.122176
0 2504 0.122176
0 2503 0.122192
0 2505 0.122224
0 2505 0.122224
0 2505 0.122224
0 2504 0.12224
0 2506 0.122272
0 2506 0.122272
0 2506 0.122272
0 2505 0.122288
0 2507 0.12232
0 2507 0.12232
0 2507 0.12232
0 2506 0.122336
0 2508 0.122368
0 2508 0.122368
0 2508 0.122368
0 2507 0.122384
0 2509 0.122416
0 2509 0.122416
0 2509 0.122416
0 2508 0.122432
0 2510 0.122464
0 2510 0.122464
0 2510 0.122464
0 2509 0.12248
0 2511 0.122512
0 2511 0.122512
0 2511 0.122512
0 2510 0.122528
0 2512 0.12256
0 2512 0.12256
0 2512 0.12256
0 2511 0.122576
0 2513 0.122608
0 2513 0.122608
0 2513 0.122608
0 2512 0.122624
0 2514 0.122656
0 2514 0.122656
0 2514 0.122656
0 2513 0.122672
0 2515 0.122704
0 2515 0.122704
0 2515 0.122704
0 2514 0.12272
0 2516 0.122752
0 2516 0.122752
0 2516 0.122752
0 2515 0.122768
0 2517 0.1228
0 2517 0.1228
0 2517 0.1228
0 2516 0.122816
0 2518 0.122848
0 2518 0.122848
0 2518 0.122848
0 2517 0.122864
0 2519 0.122896
0 2519 0.122896
0 2519 0.122896
0 2518 0.122912
0 2520 0.122944
0 2520 0.122944
0 2520 0.122944
0 2519 0.12296
0 2521 0.122992
0 2521 0.122992
0 2521 0.122992
0 2520 0.123008
0 2522 0.12304
0 2522 0.12304
0 2522 0.12304
0 2521 0.123056
0 2523 0.123088
0 2523 0.123088
0 2523 0.123088
0 2522 0.123104
0 2524 0.123136
0 2524 0.123136
0 2524 0.123136
0 2523 0.123152
0 2525 0.123184
0 2525 0.123184
0 2525 0.123184
0 2524 0.1232
0 2526 0.123232
0 2526 0.123232
0 2526 0.123232
0 2525 0.123248
0 2527 0.12328
0 2527 0.12328
0 2527 0.12328
0 2526 0.123296
0 2528 0.123328
0 2528 0.123328
0 2528 0.123328
0 2527 0.123344
0 2529 0.123376
0 2529 0.123376
0 2529 0.123376
0 2528 0.123392
0 2530 0.123424
0 2530 0.123424
0 2530 0.123424
0 2529 0.12344
1 2550 0.123464
1 2550 0.123464
1 2550 0.123464
1 2550 0.123464
0 2531 0.123472
0 2531 0.123472
0 2531 0.123472
0 2530 0.123488
1 2551 0.123488
1 2551 0.123488
1 2551 0.123488
1 2551 0.123488
1 2552 0.123512
1 2552 0.123512
1 2552 0.123512
1 2552 0.123512
0 2532 0.12352
0 2532 0.12352
0 2532 0.12352
0 2531 0.123536
1 2553 0.123536
1 2553 0.123536
1 2553 0.123536
1 2553 0.123536
1 2554 0.12356
1 2554 0.12356
1 2554 0.12356
1 2554 0.12356
0 2533 0.123568
0 2533 0.123568
0 2533 0.123568
0 2532 0.123584
1 2555 0.123584
1 2555 0.123584
1 2555 0.123584
1 2555 0.123584
1 2556 0.123608
1 2556 0.123608
1 2556 0.123608
1 2556 0.123608
0 2534 0.123616
0 2534 0.123616
0 2534 0.123616
0 2533 0.123632
1 2557 0.123632
1 2557 0.123632
1 2557 0.123632
1 2557 0.123632
1 2558 0.123656
1 2558 0.123656
1 2558 0.123656
1 2558 0.123656
0 2535 0.123664
0 2535 0.123664
0 2535 0.123664
0 2534 0.12368
1 2559 0.12368
1 2559 0.12368
1 2559 0.12368
1 2559 0.12368
1 2560 0.123704
1 2560 0.123704
1 2560 0.123704
1 2560 0.123704
0 2536 0.123712
0 2536 0.123712
0 2536 0.123712
0 2535 0.123728
1 2561 0.123728
1 2561 0.123728
1 2561 0.123728
1 2561 0.123728
1 2562 0.123752
1 2562 0.123752
1 2562 0.123752
1 2562 0.123752
0 2537 0.12376
0 2537 0.12376
0 2537 0.12376
0 2536 0.123776
1 2563 0.123776
1 2563 0.123776
1 2563 0.123776
1 2563 0.123776
1 2564 0.1238
1 2564 0.1238
1 2564 0.1238
1 2564 0.1238
0 2538 0.123808
0 2538 0.123808
0 2538 0.123808
0 2537 0.123824
1 2565 0.123824
1 2565 0.123824
1 2565 0.123824
1 2565 0.123824
1 2566 0.123848
1 2566 0.123848
1 2566 0.123848
1 2566 0.123848
0 2539 0.123856
0 2539 0.123856
0 2539 0.123856
0 2538 0.123872
1 2567 0.123872
1 2567 0.123872
1 2567 0.123872
1 2567 0.123872
1 2568 0.123896
1 2568 0.123896
1 2568 0.123896
1 2568 0.123896
0 2540 0.123904
0 2540 0.123904
0 2540 0.123904
0 2539 0.12392
1 2569 0.12392
1 2569 0.12392
1 2569 0.12392
1 2569 0.12392
1 2570 0.123944
1 2570 0.123944
1 2570 0.123944
1 2570 0.123944
0 2541 0.123952
0 2541 0.123952
0 2541 0.123952
0 2540 0.123968
1 2571 0.123968
1 2571 0.123968
1 2571 0.123968
1 2571 0.123968
1 2572 0.123992
1 2572 0.123992
1 2572 0.123992
1 2572 0.123992
0 2542 0.124
0 2542 0.124
0 2542 0.124
0 2541 0.124016
1 2573 0.124016
1 2573 0.124016
1 2573 0.124016
1 2573 0.124016
1 2574 0.12404
1 2574 0.12404
1 2574 0.12404
1 2574 0.12404
0 2543 0.124048
0 2543 0.124048
0 2543 0.124048
0 2542 0.124064
1 2575 0.124064
1 2575 0.124064
1 2575 0.124064
1 2575 0.124064
1 2576 0.124088
1 2576 0.124088
1 2576 0.124088
1 2576 0.124088
0 2544 0.124096
0 2544 0.124096
0 2544 0.124096
0 2543 0.124112
1 2577 0.124112
1 2577 0.124112
1 2577 0.124112
1 2577 0.124112
1 2578 0.124136
1 2578 0.124136
1 2578 0.124136
1 2578 0.124136
0 2545 0.124144
0 2545 0.124144
0 2545 0.124144
0 2544 0.12416
1 2579 0.12416
1 2579 0.12416
1 2579 0.12416
1 2579 0.12416
1 2580 0.124184
1 2580 0.124184
1 2580 0.124184
1 2580 0.124184
0 2546 0.124192
0 2546 0.124192
0 2546 0.124192
0 2545 0.124208
1 2581 0.124208
1 2581 0.124208
1 2581 0.124208
1 2581 0.124208
1 2582 0.124232
1 2582 0.124232
1 2582 0.124232
1 2582 0.124232
0 2547 0.12424
0 2547 0.12424
0 2547 0.12424
0 2546 0.124256
1 2583 0.124256
1 2583 0.124256
1 2583 0.124256
1 2583 0.124256
1 2584 0.12428
1 2584 0.12428
1 2584 0.12428
1 2584 0.12428
0 2548 0.124288
0 2548 0.124288
0 2548 0.124288
0 2547 0.124304
1 2585 0.124304
1 2585 0.124304
1 2585 0.124304
1 2585 0.124304
1 2586 0.124328
1 2586 0.124328
1 2586 0.124328
1 2586 0.124328
0 2549 0.124336
0 2549 0.124336
0 2549 0.124336
0 2548 0.124352
1 2587 0.124352
1 2587 0.124352
1 2587 0.124352
1 2587 0.124352
1 2588 0.124376
1 2588 0.124376
1 2588 0.124376
1 2588 0.124376
0 2550 0.124384
0 2550 0.124384
0 2550 0.124384
0 2549 0.1244
1 2589 0.1244
1 2589 0.1244
1 2589 0.1244
1 2589 0.1244
1 2590 0.124424
1 2590 0.124424
1 2590 0.124424
1 2590 0.124424
0 2551 0.124432
0 2551 0.124432
0 2551 0.124432
0 2550 0.124448
1 2591 0.124448
1 2591 0.124448
1 2591 0.124448
1 2591 0.124448
1 2592 0.124472
1 2592 0.124472
1 2592 0.124472
1 2592 0.124472
0 2552 0.12448
0 2552 0.12448
0 2552 0.12448
0 2551 0.124496
1 2593 0.124496
1 2593 0.124496
1 2593 0.124496
1 2593 0.124496
1 2594 0.12452
1 2594 0.12452
1 2594 0.12452
1 2594 0.12452
0 2553 0.124528
0 2553 0.124528
0 2553 0.124528
0 2552 0.124544
1 2595 0.124544
1 2595 0.124544
1 2595 0.124544
1 2595 0.124544
1 2596 0.124568
1 2596 0.124568
1 2596 0.124568
1 2596 0.124568
0 2554 0.124576
0 2554 0.124576
0 2554 0.124576
0 2553 0.124592
1 2597 0.124592
1 2597 0.124592
1 2597 0.124592
1 2597 0.124592
1 2598 0.124616
1 2598 0.124616
1 2598 0.124616
1 2598 0.124616
0 2555 0.124624
0 2555 0.124624
0 2555 0.124624
0 2554 0.12464
1 2599 0.12464
1 2599 0.12464
1 2599 0.12464
1 2599 0.12464
1 2600 0.124664
1 2600 0.124664
1 2600 0.124664
1 2600 0.124664
0 2556 0.124672
0 2556 0.124672
0 2556 0.124672
0 2555 0.124688
1 2601 0.124688
1 2601 0.124688
1 2601 0.124688
1 2601 0.124688
1 2602 0.124712
1 2602 0.124712
1 2602 0.124712
1 2602 0.124712
0 2557 0.12472
0 2557 0.12472
0 2557 0.12472
0 2556 0.124736
1 2603 0.124736
1 2603 0.124736
1 2603 0.124736
1 2603 0.124736
1 2604 0.12476
1 2604 0.12476
1 2604 0.12476
1 2604 0.12476
0 2558 0.124768
0 2558 0.124768
0 2558 0.124768
0 2557 0.124784
1 2605 0.124784
1 2605 0.124784
1 2605 0.124784
1 2605 0.124784
1 2606 0.124808
1 2606 0.124808
1 2606 0.124808
1 2606 0.124808
0 2559 0.124816
0 2559 0.124816
0 2559 0.124816
0 2558 0.124832
1 2607 0.124832
1 2607 0.124832
1 2607 0.124832
1 2607 0.124832
1 2608 0.124856
1 2608 0.124856
1 2608 0.124856
1 2608 0.124856
0 2560 0.124864
0 2560 0.124864
0 2560 0.124864
0 2559 0.12488
1 2609 0.12488
1 2609 0.12488
1 2609 0.12488
1 2609 0.12488
1 2610 0.124904
1 2610 0.124904
1 2610 0.124904
1 2610 0.124904
0 2561 0.124912
0 2561 0.124912
0 2561 0.124912
0 2560 0.124928
1 2611 0.124928
1 2611 0.124928
1 2611 0.124928
1 2611 0.124928
1 2612 0.124952
1 2612 0.124952
1 2612 0.124952
1 2612 0.124952
0 2562 0.12496
0 2562 0.12496
0 2562 0.12496
0 2561 0.124976
1 2613 0.124976
1 2613 0.124976
1 2613 0.124976
1 2613 0.124976
1 2614 0.125
1 2614 0.125
1 2614 0.125
1 2614 0.125
0 2563 0.125008
0 2563 0.125008
0 2563 0.125008
0 2562 0.125024
1 2615 0.125024
1 2615 0.125024
1 2615 0.125024
1 2615 0.125024
1 2616 0.125048
1 2616 0.125048
1 2616 0.125048
1 2616 0.125048
0 2564 0.125056
0 2564 0.125056
0 2564 0.125056
0 2563 0.125072
1 2617 0.125072
1 2617 0.125072
1 2617 0.125072
1 2617 0.125072
1 2618 0.125096
1 2618 0.125096
1 2618 0.125096
1 2618 0.125096
0 2565 0.125104
0 2565 0.125104
0 2565 0.125104
0 2564 0.12512
1 2619 0.12512
1 2619 0.12512
1 2619 0.12512
1 2619 0.12512
1 2620 0.125144
1 2620 0.125144
1 2620 0.125144
1 2620 0.125144
0 2566 0.125152
0 2566 0.125152
0 2566 0.125152
0 2565 0.125168
1 2621 0.125168
1 2621 0.125168
1 2621 0.125168
1 2621 0.125168
1 2622 0.125192
1 2622 0.125192
1 2622 0.125192
1 2622 0.125192
0 2567 0.1252
0 2567 0.1252
0 2567 0.1252
0 2566 0.125216
1 2623 0.125216
1 2623 0.125216
1 2623 0.125216
1 2623 0.125216
1 2624 0.12524
1 2624 0.12524
1 2624 0.12524
1 2624 0.12524
0 2568 0.125248
0 2568 0.125248
0 2568 0.125248
0 2567 0.125264
1 2625 0.125264
1 2625 0.125264
1 2625 0.125264
1 2625 0.125264
1 2626 0.125288
1 2626 0.125288
1 2626 0.125288
1 2626 0.125288
0 2569 0.125296
0 2569 0.125296
0 2569 0.125296
0 2568 0.125312
1 2627 0.125312
1 2627 0.125312
1 2627 0.125312
1 2627 0.125312
1 2628 0.125336
1 2628 0.125336
1 2628 0.125336
1 2628 0.125336
0 2570 0.125344
0 2570 0.125344
0 2570 0.125344
0 2569 0.12536
1 2629 0.12536
1 2629 0.12536
1 2629 0.12536
1 2629 0.12536
1 2630 0.125384
1 2630 0.125384
1 2630 0.125384
1 2630 0.125384
0 2571 0.125392
0 2571 0.125392
0 2571 0.125392
0 2570 0.125408
1 2631 0.125408
1 2631 0.125408
1 2631 0.125408
1 2631 0.125408
1 2632 0.125432
1 2632 0.125432
1 2632 0.125432
1 2632 0.125432
0 2572 0.12544
0 2572 0.12544
0 2572 0.12544
0 2571 0.125456
1 2633 0.125456
1 2633 0.125456
1 2633 0.125456
1 2633 0.125456
1 2634 0.12548
1 2634 0.12548
1 2634 0.12548
1 2634 0.12548
0 2573 0.125488
0 2573 0.125488
0 2573 0.125488
0 2572 0.125504
1 2635 0.125504
1 2635 0.125504
1 2635 0.125504
1 2635 0.125504
1 2636 0.125528
1 2636 0.125528
1 2636 0.125528
1 2636 0.125528
0 2574 0.125536
0 2574 0.125536
0 2574 0.125536
0 2573 0.125552
1 2637 0.125552
1 2637 0.125552
1 2637 0.125552
1 2637 0.125552
1 2638 0.125576
1 2638 0.125576
1 2638 0.125576
1 2638 0.125576
0 2575 0.125584
0 2575 0.125584
0 2575 0.125584
0 2574 0.1256
1 2639 0.1256
1 2639 0.1256
1 2639 0.1256
1 2639 0.1256
1 2640 0.125624
1 2640 0.125624
1 2640 0.125624
1 2640 0.125624
0 2576 0.125632
0 2576 0.125632
0 2576 0.125632
0 2575 0.125648
1 2641 0.125648
1 2641 0.125648
1 2641 0.125648
1 2641 0.125648
1 2642 0.125672
1 2642 0.125672
1 2642 0.125672
1 2642 0.125672
0 2577 0.12568
0 2577 0.12568
0 2577 0.12568
0 2576 0.125696
1 2643 0.125696
1 2643 0.125696
1 2643 0.125696
1 2643 0.125696
1 2644 0.12572
1 2644 0.12572
1 2644 0.12572
1 2644 0.12572
0 2578 0.125728
0 2578 0.125728
0 2578 0.125728
0 2577 0.125744
1 2645 0.125744
1 2645 0.125744
1 2645 0.125744
1 2645 0.125744
1 2646 0.125768
1 2646 0.125768
1 2646 0.125768
1 2646 0.125768
0 2579 0.125776
0 2579 0.125776
0 2579 0.125776
0 2578 0.125792
1 2647 0.125792
1 2647 0.125792
1 2647 0.125792
1 2647 0.125792
1 2648 0.125816
1 2648 0.125816
1 2648 0.125816
1 2648 0.125816
0 2580 0.125824
0 2580 0.125824
0 2580 0.125824
0 2579 0.12584
1 2649 0.12584
1 2649 0.12584
1 2649 0.12584
1 2649 0.12584
1 2650 0.125864
1 2650 0.125864
1 2650 0.125864
1 2650 0.125864
0 2581 0.125872
0 2581 0.125872
0 2581 0.125872
0 2580 0.125888
1 2651 0.125888
1 2651 0.125888
1 2651 0.125888
1 2651 0.125888
1 2652 0.125912
1 2652 0.125912
1 2652 0.125912
1 2652 0.125912
0 2582 0.12592
0 2582 0.12592
0 2582 0.12592
0 2581 0.125936
1 2653 0.125936
1 2653 0.125936
1 2653 0.125936
1 2653 0.125936
1 2654 0.12596
1 2654 0.12596
1 2654 0.12596
1 2654 0.12596
0 2583 0.125968
0 2583 0.125968
0 2583 0.125968
0 2582 0.125984
1 2655 0.125984
1 2655 0.125984
1 2655 0.125984
1 2655 0.125984
1 2656 0.126008
1 2656 0.126008
1 2656 0.126008
1 2656 0.126008
0 2584 0.126016
0 2584 0.126016
0 2584 0.126016
0 2583 0.126032
1 2657 0.126032
1 2657 0.126032
1 2657 0.126032
1 2657 0.126032
1 2658 0.126056
1 2658 0.126056
1 2658 0.126056
1 2658 0.126056
0 2585 0.126064
0 2585 0.126064
0 2585 0.126064
0 2584 0.12608
1 2659 0.12608
1 2659 0.12608
1 2659 0.12608
1 2659 0.12608
1 2660 0.126104
1 2660 0.126104
1 2660 0.126104
1 2660 0.126104
0 2586 0.126112
0 2586 0.126112
0 2586 0.126112
0 2585 0.126128
1 2661 0.126128
1 2661 0.126128
1 2661 0.126128
1 2661 0.126128
1 2662 0.126152
1 2662 0.126152
1 2662 0.126152
1 2662 0.126152
0 2587 0.12616
0 2587 0.12616
0 2587 0.12616
0 2586 0.126176
1 2663 0.126176
1 2663 0.126176
1 2663 0.126176
1 2663 0.126176
1 2664 0.1262
1 2664 0.1262
1 2664 0.1262
1 2664 0.1262
0 2588 0.126208
0 2588 0.126208
0 2588 0.126208
0 2587 0.126224
1 2665 0.126224
1 2665 0.126224
1 2665 0.126224
1 2665 0.126224
1 2666 0.126248
1 2666 0.126248
1 2666 0.126248
1 2666 0.126248
0 2589 0.126256
0 2589 0.126256
0 2589 0.126256
0 2588 0.126272
1 2667 0.126272
1 2667 0.126272
1 2667 0.126272
1 2667 0.126272
1 2668 0.126296
1 2668 0.126296
1 2668 0.126296
1 2668 0.126296
0 2590 0.126304
0 2590 0.126304
0 2590 0.126304
0 2589 0.12632
1 2669 0.12632
1 2669 0.12632
1 2669 0.12632
1 2669 0.12632
1 2670 0.126344
1 2670 0.126344
1 2670 0.126344
1 2670 0.126344
0 2591 0.126352
0 2591 0.126352
0 2591 0.126352
0 2590 0.126368
1 2671 0.126368
1 2671 0.126368
1 2671 0.126368
1 2671 0.126368
1 2672 0.126392
1 2672 0.126392
1 2672 0.126392
1 2672 0.126392
0 2592 0.1264
0 2592 0.1264
0 2592 0.1264
0 2591 0.126416
1 2673 0.126416
1 2673 0.126416
1 2673 0.126416
1 2673 0.126416
1 2674 0.12644
1 2674 0.12644
1 2674 0.12644
1 2674 0.12644
0 2593 0.126448
0 2593 0.126448
0 2593 0.126448
0 2592 0.126464
1 2675 0.126464
1 2675 0.126464
1 2675 0.126464
1 2675 0.126464
1 2676 0.126488
1 2676 0.126488
1 2676 0.126488
1 2676 0.126488
0 2594 0.126496
0 2594 0.126496
0 2594 0.126496
0 2593 0.126512
1 2677 0.126512
1 2677 0.126512
1 2677 0.126512
1 2677 0.126512
1 2678 0.126536
1 2678 0.126536
1 2678 0.126536
1 2678 0.126536
0 2595 0.126544
0 2595 0.126544
0 2595 0.126544
0 2594 0.12656
1 2679 0.12656
1 2679 0.12656
1 2679 0.12656
1 2679 0.12656
1 2680 0.126584
1 2680 0.126584
1 2680 0.126584
1 2680 0.126584
0 2596 0.126592
0 2596 0.126592
0 2596 0.126592
0 2595 0.126608
1 2681 0.126608
1 2681 0.126608
1 2681 0.126608
1 2681 0.126608
1 2682 0.126632
1 2682 0.126632
1 2682 0.126632
1 2682 0.126632
0 2597 0.12664
0 2597 0.12664
0 2597 0.12664
0 2596 0.126656
1 2683 0.126656
1 2683 0.126656
1 2683 0.126656
1 2683 0.126656
1 2684 0.12668
1 2684 0.12668
1 2684 0.12668
1 2684 0.12668
0 2598 0.126688
0 2598 0.126688
0 2598 0.126688
0 2597 0.126704
1 2685 0.126704
1 2685 0.126704
1 2685 0.126704
1 2685 0.126704
1 2686 0.126728
1 2686 0.126728
1 2686 0.126728
1 2686 0.126728
0 2599 0.126736
0 2599 0.126736
0 2599 0.126736
0 2598 0.126752
1 2687 0.126752
1 2687 0.126752
1 2687 0.126752
1 2687 0.126752
1 2688 0.126776
1 2688 0.126776
1 2688 0.126776
1 2688 0.126776
0 2600 0.126784
0 2600 0.126784
0 2600 0.126784
0 2599 0.1268
1 2689 0.1268
1 2689 0.1268
1 2689 0.1268
1 2689 0.1268
1 2690 0.126824
1 2690 0.126824
1 2690 0.126824
1 2690 0.126824
0 2601 0.126832
0 2601 0.126832
0 2601 0.126832
0 2600 0.126848
1 2691 0.126848
1 2691 0.126848
1 2691 0.126848
1 2691 0.126848
1 2692 0.126872
1 2692 0.126872
1 2692 0.126872
1 2692 0.126872
0 2602 0.12688
0 2602 0.12688
0 2602 0.12688
0 2601 0.126896
1 2693 0.126896
1 2693 0.126896
1 2693 0.126896
1 2693 0.126896
1 2694 0.12692
1 2694 0.12692
1 2694 0.12692
1 2694 0.12692
0 2603 0.126928
0 2603 0.126928
0 2603 0.126928
0 2602 0.126944
1 2695 0.126944
1 2695 0.126944
1 2695 0.126944
1 2695 0.126944
1 2696 0.126968
1 2696 0.126968
1 2696 0.126968
1 2696 0.126968
0 2604 0.126976
0 2604 0.126976
0 2604 0.126976
0 2603 0.126992
1 2697 0.126992
1 2697 0.126992
1 2697 0.126992
1 2697 0.126992
1 2698 0.127016
1 2698 0.127016
1 2698 0.127016
1 2698 0.127016
0 2605 0.127024
0 2605 0.127024
0 2605 0.127024
0 2604 0.12704
1 2699 0.12704
1 2699 0.12704
1 2699 0.12704
1 2699 0.12704
1 2700 0.127064
1 2700 0.127064
1 2700 0.127064
1 2700 0.127064
0 2606 0.127072
0 2606 0.127072
0 2606 0.127072
0 2605 0.127088
1 2701 0.127088
1 2701 0.127088
1 2701 0.127088
1 2701 0.127088
1 2702 0.127112
1 2702 0.127112
1 2702 0.127112
1 2702 0.127112
0 2607 0.12712
0 2607 0.12712
0 2607 0.12712
0 2606 0.127136
1 2703 0.127136
1 2703 0.127136
1 2703 0.127136
1 2703 0.127136
1 2704 0.12716
1 2704 0.12716
1 2704 0.12716
1 2704 0.12716
0 2608 0.127168
0 2608 0.127168
0 2608 0.127168
0 2607 0.127184
1 2705 0.127184
1 2705 0.127184
1 2705 0.127184
1 2705 0.127184
1 2706 0.127208
1 2706 0.127208
1 2706 0.127208
1 2706 0.127208
0 2609 0.127216
0 2609 0.127216
0 2609 0.127216
0 2608 0.127232
1 2707 0.127232
1 2707 0.127232
1 2707 0.127232
1 2707 0.127232
1 2708 0.127256
1 2708 0.127256
1 2708 0.127256
1 2708 0.127256
0 2610 0.127264
0 2610 0.127264
0 2610 0.127264
0 2609 0.12728
1 2709 0.12728
1 2709 0.12728
1 2709 0.12728
1 2709 0.12728
1 2710 0.127304
1 2710 0.127304
1 2710 0.127304
1 2710 0.127304
0 2611 0.127312
0 2611 0.127312
0 2611 0.127312
0 2610 0.127328
1 2711 0.127328
1 2711 0.127328
1 2711 0.127328
1 2711 0.127328
1 2712 0.127352
1 2712 0.127352
1 2712 0.127352
1 2712 0.127352
0 2612 0.12736
0 2612 0.12736
0 2612 0.12736
0 2611 0.127376
1 2713 0.127376
1 2713 0.127376
1 2713 0.127376
1 2713 0.127376
1 2714 0.1274
1 2714 0.1274
1 2714 0.1274
1 2714 0.1274
0 2613 0.127408
0 2613 0.127408
0 2613 0.127408
0 2612 0.127424
1 2715 0.127424
1 2715 0.127424
1 2715 0.127424
1 2715 0.127424
1 2716 0.127448
1 2716 0.127448
1 2716 0.127448
1 2716 0.127448
0 2614 0.127456
0 2614 0.127456
0 2614 0.127456
0 2613 0.127472
1 2717 0.127472
1 2717 0.127472
1 2717 0.127472
1 2717 0.127472
1 2718 0.127496
1 2718 0.127496
1 2718 0.127496
1 2718 0.127496
0 2615 0.127504
0 2615 0.127504
0 2615 0.127504
0 2614 0.12752
1 2719 0.12752
1 2719 0.12752
1 2719 0.12752
1 2719 0.12752
0 2616 0.127552
0 2616 0.127552
0 2616 0.127552
0 2615 0.127568
0 2617 0.1276
0 2617 0.1276
0 2617 0.1276
0 2616 0.127616
0 2618 0.127648
0 2618 0.127648
0 2618 0.127648
0 2617 0.127664
0 2619 0.127696
0 2619 0.127696
0 2619 0.127696
0 2618 0.127712
0 2620 0.127744
0 2620 0.127744
0 2620 0.127744
0 2619 0.12776
0 2621 0.127792
0 2621 0.127792
0 2621 0.127792
0 2620 0.127808
0 2622 0.12784
0 2622 0.12784
0 2622 0.12784
0 2621 0.127856
0 2623 0.127888
0 2623 0.127888
0 2623 0.127888
0 2622 0.127904
0 2624 0.127936
0 2624 0.127936
0 2624 0.127936
0 2623 0.127952
0 2625 0.127984
0 2625 0.127984
0 2625 0.127984
0 2624 0.128
0 2626 0.128032
0 2626 0.128032
0 2626 0.128032
0 2625 0.128048
0 2627 0.12808
0 2627 0.12808
0 2627 0.12808
0 2626 0.128096
0 2628 0.128128
0 2628 0.128128
0 2628 0.128128
0 2627 0.128144
0 2629 0.128176
0 2629 0.128176
0 2629 0.128176
0 2628 0.128192
0 2630 0.128224
0 2630 0.128224
0 2630 0.128224
0 2629 0.12824
0 2631 0.128272
0 2631 0.128272
0 2631 0.128272
0 2630 0.128288
0 2632 0.12832
0 2632 0.12832
0 2632 0.12832
0 2631 0.128336
0 2633 0.128368
0 2633 0.128368
0 2633 0.128368
0 2632 0.128384
0 2634 0.128416
0 2634 0.128416
0 2634 0.128416
0 2633 0.128432
0 2635 0.128464
0 2635 0.128464
0 2635 0.128464
0 2634 0.12848
0 2636 0.128512
0 2636 0.128512
0 2636 0.128512
0 2635 0.128528
0 2637 0.12856
0 2637 0.12856
0 2637 0.12856
0 2636 0.128576
0 2638 0.128608
0 2638 0.128608
0 2638 0.128608
0 2637 0.128624
0 2639 0.128656
0 2639 0.128656
0 2639 0.128656
0 2638 0.128672
0 2640 0.128704
0 2640 0.128704
0 2640 0.128704
0 2639 0.12872
0 2641 0.128752
0 2641 0.128752
0 2641 0.128752
0 2640 0.128768
0 2642 0.1288
0 2642 0.1288
0 2642 0.1288
0 2641 0.128816
0 2643 0.128848
0 2643 0.128848
0 2643 0.128848
0 2642 0.128864
0 2644 0.128896
0 2644 0.128896
0 2644 0.128896
0 2643 0.128912
0 2645 0.128944
0 2645 0.128944
0 2645 0.128944
0 2644 0.12896
0 2646 0.128992
0 2646 0.128992
0 2646 0.128992
0 2645 0.129008
0 2647 0.12904
0 2647 0.12904
0 2647 0.12904
0 2646 0.129056
0 2648 0.129088
0 2648 0.129088
0 2648 0.129088
0 2647 0.129104
0 2649 0.129136
0 2649 0.129136
0 2649 0.129136
0 2648 0.129152
0 2650 0.129184
0 2650 0.129184
0 2650 0.129184
0 2649 0.1292
0 2651 0.129232
0 2651 0.129232
0 2651 0.129232
0 2650 0.129248
0 2652 0.12928
0 2652 0.12928
0 2652 0.12928
0 2651 0.129296
0 2653 0.129328
0 2653 0.129328
0 2653 0.129328
0 2652 0.129344
0 2654 0.129376
0 2654 0.129376
0 2654 0.129376
0 2653 0.129392
0 2655 0.129424
0 2655 0.129424
0 2655 0.129424
0 2654 0.12944
0 2656 0.129472
0 2656 0.129472
0 2656 0.129472
0 2655 0.129488
0 2657 0.12952
0 2657 0.12952
0 2657 0.12952
0 2656 0.129536
0 2658 0.129568
0 2658 0.129568
0 2658 0.129568
0 2657 0.129584
0 2659 0.129616
0 2659 0.129616
0 2659 0.129616
0 2658 0.129632
0 2660 0.129664
0 2660 0.129664
0 2660 0.129664
0 2659 0.12968
0 2661 0.129712
0 2661 0.129712
0 2661 0.129712
0 2660 0.129728
0 2662 0.12976
0 2662 0.12976
0 2662 0.12976
0 2661 0.129776
0 2663 0.129808
0 2663 0.129808
0 2663 0.129808
0 2662 0.129824
0 2664 0.129856
0 2664 0.129856
0 2664 0.129856
0 2663 0.129872
0 2665 0.129904
0 2665 0.129904
0 2665 0.129904
0 2664 0.12992
0 2666 0.129952
0 2666 0.129952
0 2666 0.129952
0 2665 0.129968
0 2667 0.13
0 2667 0.13
0 2667 0.13
0 2666 0.130016
0 2668 0.130048
0 2668 0.130048
0 2668 0.130048
0 2667 0.130064
0 2669 0.130096
0 2669 0.130096
0 2669 0.130096
0 2668 0.130112
0 2670 0.130144
0 2670 0.130144
0 2670 0.130144
0 2669 0.13016
0 2671 0.130192
0 2671 0.130192
0 2671 0.130192
0 2670 0.130208
0 2672 0.13024
0 2672 0.13024
0 2672 0.13024
0 2671 0.130256
0 2673 0.130288
0 2673 0.130288
0 2673 0.130288
0 2672 0.130304
0 2674 0.130336
0 2674 0.130336
0 2674 0.130336
0 2673 0.130352
0 2675 0.130384
0 2675 0.130384
0 2675 0.130384
0 2674 0.1304
0 2676 0.130432
0 2676 0.130432
0 2676 0.130432
0 2675 0.130448
0 2677 0.13048
0 2677 0.13048
0 2677 0.13048
0 2676 0.130496
0 2678 0.130528
0 2678 0.130528
0 2678 0.130528
0 2677 0.130544
0 2679 0.130576
0 2679 0.130576
0 2679 0.130576
0 2678 0.130592
0 2680 0.130624
0 2680 0.130624
0 2680 0.130624
0 2679 0.13064
0 2681 0.130672
0 2681 0.130672
0 2681 0.130672
0 2680 0.130688
0 2682 0.13072
0 2682 0.13072
0 2682 0.13072
0 2681 0.130736
0 2683 0.130768
0 2683 0.130768
0 2683 0.130768
0 2682 0.130784
0 2684 0.130816
0 2684 0.130816
0 2684 0.130816
0 2683 0.130832
0 2685 0.130864
0 2685 0.130864
0 2685 0.130864
0 2684 0.13088
0 2686 0.130912
0 2686 0.130912
0 2686 0.130912
0 2685 0.130928
0 2687 0.13096
0 2687 0.13096
0 2687 0.13096
0 2686 0.130976
0 2688 0.131008
0 2688 0.131008
0 2688 0.131008
0 2687 0.131024
0 2689 0.131056
0 2689 0.131056
0 2689 0.131056
0 2688 0.131072
0 2690 0.131104
0 2690 0.131104
0 2690 0.131104
0 2689 0.13112
0 2691 0.131152
0 2691 0.131152
0 2691 0.131152
0 2690 0.131168
0 2692 0.1312
0 2692 0.1312
0 2692 0.1312
0 2691 0.131216
0 2693 0.131248
0 2693 0.131248
0 2693 0.131248
0 2692 0.131264
0 2694 0.131296
0 2694 0.131296
0 2694 0.131296
0 2693 0.131312
0 2695 0.131344
0 2695 0.131344
0 2695 0.131344
0 2694 0.13136
0 2696 0.131392
0 2696 0.131392
0 2696 0.131392
0 2695 0.131408
0 2697 0.13144
0 2697 0.13144
0 2697 0.13144
0 2696 0.131456
0 2698 0.131488
0 2698 0.131488
0 2698 0.131488
0 2697 0.131504
0 2699 0.131536
0 2699 0.131536
0 2699 0.131536
0 2698 0.131552
1 2720 0.13156
1 2720 0.13156
1 2720 0.13156
1 2720 0.13156
0 2700 0.131584
0 2700 0.131584
0 2700 0.131584
1 2721 0.131584
1 2721 0.131584
1 2721 0.131584
1 2721 0.131584
0 2699 0.1316
1 2722 0.131608
1 2722 0.131608
1 2722 0.131608
1 2722 0.131608
0 2701 0.131632
0 2701 0.131632
0 2701 0.131632
1 2723 0.131632
1 2723 0.131632
1 2723 0.131632
1 2723 0.131632
0 2700 0.131648
1 2724 0.131656
1 2724 0.131656
1 2724 0.131656
1 2724 0.131656
0 2702 0.13168
0 2702 0.13168
0 2702 0.13168
1 2725 0.13168
1 2725 0.13168
1 2725 0.13168
1 2725 0.13168
0 2701 0.131696
1 2726 0.131704
1 2726 0.131704
1 2726 0.131704
1 2726 0.131704
0 2703 0.131728
0 2703 0.131728
0 2703 0.131728
1 2727 0.131728
1 2727 0.131728
1 2727 0.131728
1 2727 0.131728
0 2702 0.131744
1 2728 0.131752
1 2728 0.131752
1 2728 0.131752
1 2728 0.131752
0 2704 0.131776
0 2704 0.131776
0 2704 0.131776
1 2729 0.131776
1 2729 0.131776
1 2729 0.131776
1 2729 0.131776
0 2703 0.131792
1 2730 0.1318
1 2730 0.1318
1 2730 0.1318
1 2730 0.1318
0 2705 0.131824
0 2705 0.131824
0 2705 0.131824
1 2731 0.131824
1 2731 0.131824
1 2731 0.131824
1 2731 0.131824
0 2704 0.13184
1 2732 0.131848
1 2732 0.131848
1 2732 0.131848
1 2732 0.131848
0 2706 0.131872
0 2706 0.131872
0 2706 0.131872
1 2733 0.131872
1 2733 0.131872
1 2733 0.131872
1 2733 0.131872
0 2705 0.131888
1 2734 0.131896
1 2734 0.131896
1 2734 0.131896
1 2734 0.131896
0 2707 0.13192
0 2707 0.13192
0 2707 0.13192
1 2735 0.13192
1 2735 0.13192
1 2735 0.13192
1 2735 0.13192
0 2706 0.131936
1 2736 0.131944
1 2736 0.131944
1 2736 0.131944
1 2736 0.131944
0 2708 0.131968
0 2708 0.131968
0 2708 0.131968
1 2737 0.131968
1 2737 0.131968
1 2737 0.131968
1 2737 0.131968
0 2707 0.131984
1 2738 0.131992
1 2738 0.131992
1 2738 0.131992
1 2738 0.131992
0 2709 0.132016
0 2709 0.132016
0 2709 0.132016
1 2739 0.132016
1 2739 0.132016
1 2739 0.132016
1 2739 0.132016
0 2708 0.132032
1 2740 0.13204
1 2740 0.13204
1 2740 0.13204
1 2740 0.13204
0 2710 0.132064
0 2710 0.132064
0 2710 0.132064
1 2741 0.132064
1 2741 0.132064
1 2741 0.132064
1 2741 0.132064
0 2709 0.13208
1 2742 0.132088
1 2742 0.132088
1 2742 0.132088
1 2742 0.132088
0 2711 0.132112
0 2711 0.132112
0 2711 0.132112
1 2743 0.132112
1 2743 0.132112
1 2743 0.132112
1 2743 0.132112
0 2710 0.132128
1 2744 0.132136
1 2744 0.132136
1 2744 0.132136
1 2744 0.132136
0 2712 0.13216
0 2712 0.13216
0 2712 0.13216
1 2745 0.13216
1 2745 0.13216
1 2745 0.13216
1 2745 0.13216
0 2711 0.132176
1 2746 0.132184
1 2746 0.132184
1 2746 0.132184
1 2746 0.132184
0 2713 0.132208
0 2713 0.132208
0 2713 0.132208
1 2747 0.132208
1 2747 0.132208
1 2747 0.132208
1 2747 0.132208
0 2712 0.132224
1 2748 0.132232
1 2748 0.132232
1 2748 0.132232
1 2748 0.132232
0 2714 0.132256
0 2714 0.132256
0 2714 0.132256
1 2749 0.132256
1 2749 0.132256
1 2749 0.132256
1 2749 0.132256
0 2713 0.132272
1 2750 0.13228
1 2750 0.13228
1 2750 0.13228
1 2750 0.13228
0 2715 0.132304
0 2715 0.132304
0 2715 0.132304
1 2751 0.132304
1 2751 0.132304
1 2751 0.132304
1 2751 0.132304
0 2714 0.13232
1 2752 0.132328
1 2752 0.132328
1 2752 0.132328
1 2752 0.132328
0 2716 0.132352
0 2716 0.132352
0 2716 0.132352
1 2753 0.132352
1 2753 0.132352
1 2753 0.132352
1 2753 0.132352
0 2715 0.132368
1 2754 0.132376
1 2754 0.132376
1 2754 0.132376
1 2754 0.132376
0 2717 0.1324
0 2717 0.1324
0 2717 0.1324
1 2755 0.1324
1 2755 0.1324
1 2755 0.1324
1 2755 0.1324
0 2716 0.132416
1 2756 0.132424
1 2756 0.132424
1 2756 0.132424
1 2756 0.132424
0 2718 0.132448
0 2718 0.132448
0 2718 0.132448
1 2757 0.132448
1 2757 0.132448
1 2757 0.132448
1 2757 0.132448
0 2717 0.132464
1 2758 0.132472
1 2758 0.132472
1 2758 0.132472
1 2758 0.132472
0 2719 0.132496
0 2719 0.132496
0 2719 0.132496
1 2759 0.132496
1 2759 0.132496
1 2759 0.132496
1 2759 0.132496
0 2718 0.132512
1 2760 0.13252
1 2760 0.13252
1 2760 0.13252
1 2760 0.13252
0 2720 0.132544
0 2720 0.132544
0 2720 0.132544
1 2761 0.132544
1 2761 0.132544
1 2761 0.132544
1 2761 0.132544
0 2719 0.13256
1 2762 0.132568
1 2762 0.132568
1 2762 0.132568
1 2762 0.132568
0 2721 0.132592
0 2721 0.132592
0 2721 0.132592
1 2763 0.132592
1 2763 0.132592
1 2763 0.132592
1 2763 0.132592
0 2720 0.132608
1 2764 0.132616
1 2764 0.132616
1 2764 0.132616
1 2764 0.132616
0 2722 0.13264
0 2722 0.13264
0 2722 0.13264
1 2765 0.13264
1 2765 0.13264
1 2765 0.13264
1 2765 0.13264
0 2721 0.132656
1 2766 0.132664
1 2766 0.132664
1 2766 0.132664
1 2766 0.132664
0 2723 0.132688
0 2723 0.132688
0 2723 0.132688
1 2767 0.132688
1 2767 0.132688
1 2767 0.132688
1 2767 0.132688
0 2722 0.132704
1 2768 0.132712
1 2768 0.132712
1 2768 0.132712
1 2768 0.132712
0 2724 0.132736
0 2724 0.132736
0 2724 0.132736
1 2769 0.132736
1 2769 0.132736
1 2769 0.132736
1 2769 0.132736
0 2723 0.132752
1 2770 0.13276
1 2770 0.13276
1 2770 0.13276
1 2770 0.13276
0 2725 0.132784
0 2725 0.132784
0 2725 0.132784
1 2771 0.132784
1 2771 0.132784
1 2771 0.132784
1 2771 0.132784
0 2724 0.1328
1 2772 0.132808
1 2772 0.132808
1 2772 0.132808
1 2772 0.132808
0 2726 0.132832
0 2726 0.132832
0 2726 0.132832
1 2773 0.132832
1 2773 0.132832
1 2773 0.132832
1 2773 0.132832
0 2725 0.132848
1 2774 0.132856
1 2774 0.132856
1 2774 0.132856
1 2774 0.132856
0 2727 0.13288
0 2727 0.13288
0 2727 0.13288
1 2775 0.13288
1 2775 0.13288
1 2775 0.13288
1 2775 0.13288
0 2726 0.132896
1 2776 0.132904
1 2776 0.132904
1 2776 0.132904
1 2776 0.132904
0 2728 0.132928
0 2728 0.132928
0 2728 0.132928
1 2777 0.132928
1 2777 0.132928
1 2777 0.132928
1 2777 0.132928
0 2727 0.132944
1 2778 0.132952
1 2778 0.132952
1 2778 0.132952
1 2778 0.132952
0 2729 0.132976
0 2729 0.132976
0 2729 0.132976
1 2779 0.132976
1 2779 0.132976
1 2779 0.132976
1 2779 0.132976
0 2728 0.132992
1 2780 0.133
1 2780 0.133
1 2780 0.133
1 2780 0.133
0 2730 0.133024
0 2730 0.133024
0 2730 0.133024
1 2781 0.133024
1 2781 0.133024
1 2781 0.133024
1 2781 0.133024
0 2729 0.13304
1 2782 0.133048
1 2782 0.133048
1 2782 0.133048
1 2782 0.133048
0 2731 0.133072
0 2731 0.133072
0 2731 0.133072
1 2783 0.133072
1 2783 0.133072
1 2783 0.133072
1 2783 0.133072
0 2730 0.133088
1 2784 0.133096
1 2784 0.133096
1 2784 0.133096
1 2784 0.133096
0 2732 0.13312
0 2732 0.13312
0 2732 0.13312
1 2785 0.13312
1 2785 0.13312
1 2785 0.13312
1 2785 0.13312
0 2731 0.133136
1 2786 0.133144
1 2786 0.133144
1 2786 0.133144
1 2786 0.133144
0 2733 0.133168
0 2733 0.133168
0 2733 0.133168
1 2787 0.133168
1 2787 0.133168
1 2787 0.133168
1 2787 0.133168
0 2732 0.133184
1 2788 0.133192
1 2788 0.133192
1 2788 0.133192
1 2788 0.133192
0 2734 0.133216
0 2734 0.133216
0 2734 0.133216
1 2789 0.133216
1 2789 0.133216
1 2789 0.133216
1 2789 0.133216
0 2733 0.133232
1 2790 0.13324
1 2790 0.13324
1 2790 0.13324
1 2790 0.13324
0 2735 0.133264
0 2735 0.133264
0 2735 0.133264
1 2791 0.133264
1 2791 0.133264
1 2791 0.133264
1 2791 0.133264
0 2734 0.13328
1 2792 0.133288
1 2792 0.133288
1 2792 0.133288
1 2792 0.133288
0 2736 0.133312
0 2736 0.133312
0 2736 0.133312
1 2793 0.133312
1 2793 0.133312
1 2793 0.133312
1 2793 0.133312
0 2735 0.133328
1 2794 0.133336
1 2794 0.133336
1 2794 0.133336
1 2794 0.133336
0 2737 0.13336
0 2737 0.13336
0 2737 0.13336
1 2795 0.13336
1 2795 0.13336
1 2795 0.13336
1 2795 0.13336
0 2736 0.133376
1 2796 0.133384
1 2796 0.133384
1 2796 0.133384
1 2796 0.133384
0 2738 0.133408
0 2738 0.133408
0 2738 0.133408
1 2797 0.133408
1 2797 0.133408
1 2797 0.133408
1 2797 0.133408
0 2737 0.133424
1 2798 0.133432
1 2798 0.133432
1 2798 0.133432
1 2798 0.133432
0 2739 0.133456
0 2739 0.133456
0 2739 0.133456
1 2799 0.133456
1 2799 0.133456
1 2799 0.133456
1 2799 0.133456
0 2738 0.133472
1 2800 0.13348
1 2800 0.13348
1 2800 0.13348
1 2800 0.13348
0 2740 0.133504
0 2740 0.133504
0 2740 0.133504
1 2801 0.133504
1 2801 0.133504
1 2801 0.133504
1 2801 0.133504
0 2739 0.13352
1 2802 0.133528
1 2802 0.133528
1 2802 0.133528
1 2802 0.133528
0 2741 0.133552
0 2741 0.133552
0 2741 0.133552
1 2803 0.133552
1 2803 0.133552
1 2803 0.133552
1 2803 0.133552
0 2740 0.133568
1 2804 0.133576
1 2804 0.133576
1 2804 0.133576
1 2804 0.133576
0 2742 0.1336
0 2742 0.1336
0 2742 0.1336
1 2805 0.1336
1 2805 0.1336
1 2805 0.1336
1 2805 0.1336
0 2741 0.133616
1 2806 0.133624
1 2806 0.133624
1 2806 0.133624
1 2806 0.133624
0 2743 0.133648
0 2743 0.133648
0 2743 0.133648
1 2807 0.133648
1 2807 0.133648
1 2807 0.133648
1 2807 0.133648
0 2742 0.133664
1 2808 0.133672
1 2808 0.133672
1 2808 0.133672
1 2808 0.133672
0 2744 0.133696
0 2744 0.133696
0 2744 0.133696
1 2809 0.133696
1 2809 0.133696
1 2809 0.133696
1 2809 0.133696
0 2743 0.133712
1 2810 0.13372
1 2810 0.13372
1 2810 0.13372
1 2810 0.13372
0 2745 0.133744
0 2745 0.133744
0 2745 0.133744
1 2811 0.133744
1 2811 0.133744
1 2811 0.133744
1 2811 0.133744
0 2744 0.13376
1 2812 0.133768
1 2812 0.133768
1 2812 0.133768
1 2812 0.133768
0 2746 0.133792
0 2746 0.133792
0 2746 0.133792
1 2813 0.133792
1 2813 0.133792
1 2813 0.133792
1 2813 0.133792
0 2745 0.133808
1 2814 0.133816
1 2814 0.133816
1 2814 0.133816
1 2814 0.133816
0 2747 0.13384
0 2747 0.13384
0 2747 0.13384
1 2815 0.13384
1 2815 0.13384
1 2815 0.13384
1 2815 0.13384
0 2746 0.133856
1 2816 0.133864
1 2816 0.133864
1 2816 0.133864
1 2816 0.133864
0 2748 0.133888
0 2748 0.133888
0 2748 0.133888
1 2817 0.133888
1 2817 0.133888
1 2817 0.133888
1 2817 0.133888
0 2747 0.133904
1 2818 0.133912
1 2818 0.133912
1 2818 0.133912
1 2818 0.133912
0 2749 0.133936
0 2749 0.133936
0 2749 0.133936
1 2819 0.133936
1 2819 0.133936
1 2819 0.133936
1 2819 0.133936
0 2748 0.133952
1 2820 0.13396
1 2820 0.13396
1 2820 0.13396
1 2820 0.13396
0 2750 0.133984
0 2750 0.133984
0 2750 0.133984
1 2821 0.133984
1 2821 0.133984
1 2821 0.133984
1 2821 0.133984
0 2749 0.134
1 2822 0.134008
1 2822 0.134008
1 2822 0.134008
1 2822 0.134008
0 2751 0.134032
0 2751 0.134032
0 2751 0.134032
1 2823 0.134032
1 2823 0.134032
1 2823 0.134032
1 2823 0.134032
0 2750 0.134048
1 2824 0.134056
1 2824 0.134056
1 2824 0.134056
1 2824 0.134056
0 2752 0.13408
0 2752 0.13408
0 2752 0.13408
1 2825 0.13408
1 2825 0.13408
1 2825 0.13408
1 2825 0.13408
0 2751 0.134096
1 2826 0.134104
1 2826 0.134104
1 2826 0.134104
1 2826 0.134104
0 2753 0.134128
0 2753 0.134128
0 2753 0.134128
1 2827 0.134128
1 2827 0.134128
1 2827 0.134128
1 2827 0.134128
0 2752 0.134144
1 2828 0.134152
1 2828 0.134152
1 2828 0.134152
1 2828 0.134152
0 2754 0.134176
0 2754 0.134176
0 2754 0.134176
1 2829 0.134176
1 2829 0.134176
1 2829 0.134176
1 2829 0.134176
0 2753 0.134192
1 2830 0.1342
1 2830 0.1342
1 2830 0.1342
1 2830 0.1342
0 2755 0.134224
0 2755 0.134224
0 2755 0.134224
1 2831 0.134224
1 2831 0.134224
1 2831 0.134224
1 2831 0.134224
0 2754 0.13424
1 2832 0.134248
1 2832 0.134248
1 2832 0.134248
1 2832 0.134248
0 2756 0.134272
0 2756 0.134272
0 2756 0.134272
1 2833 0.134272
1 2833 0.134272
1 2833 0.134272
1 2833 0.134272
0 2755 0.134288
1 2834 0.134296
1 2834 0.134296
1 2834 0.134296
1 2834 0.134296
0 2757 0.13432
0 2757 0.13432
0 2757 0.13432
1 2835 0.13432
1 2835 0.13432
1 2835 0.13432
1 2835 0.13432
0 2756 0.134336
1 2836 0.134344
1 2836 0.134344
1 2836 0.134344
1 2836 0.134344
0 2758 0.134368
0 2758 0.134368
0 2758 0.134368
1 2837 0.134368
1 2837 0.134368
1 2837 0.134368
1 2837 0.134368
0 2757 0.134384
1 2838 0.134392
1 2838 0.134392
1 2838 0.134392
1 2838 0.134392
0 2759 0.134416
0 2759 0.134416
0 2759 0.134416
1 2839 0.134416
1 2839 0.134416
1 2839 0.134416
1 2839 0.134416
0 2758 0.134432
1 2840 0.13444
1 2840 0.13444
1 2840 0.13444
1 2840 0.13444
0 2760 0.134464
0 2760 0.134464
0 2760 0.134464
1 2841 0.134464
1 2841 0.134464
1 2841 0.134464
1 2841 0.134464
0 2759 0.13448
1 2842 0.134488
1 2842 0.134488
1 2842 0.134488
1 2842 0.134488
0 2761 0.134512
0 2761 0.134512
0 2761 0.134512
1 2843 0.134512
1 2843 0.134512
1 2843 0.134512
1 2843 0.134512
0 2760 0.134528
1 2844 0.134536
1 2844 0.134536
1 2844 0.134536
1 2844 0.134536
0 2762 0.13456
0 2762 0.13456
0 2762 0.13456
1 2845 0.13456
1 2845 0.13456
1 2845 0.13456
1 2845 0.13456
0 2761 0.134576
1 2846 0.134584
1 2846 0.134584
1 2846 0.134584
1 2846 0.134584
0 2763 0.134608
0 2763 0.134608
0 2763 0.134608
1 2847 0.134608
1 2847 0.134608
1 2847 0.134608
1 2847 0.134608
0 2762 0.134624
1 2848 0.134632
1 2848 0.134632
1 2848 0.134632
1 2848 0.134632
0 2764 0.134656
0 2764 0.134656
0 2764 0.134656
1 2849 0.134656
1 2849 0.134656
1 2849 0.134656
1 2849 0.134656
0 2763 0.134672
1 2850 0.13468
1 2850 0.13468
1 2850 0.13468
1 2850 0.13468
0 2765 0.134704
0 2765 0.134704
0 2765 0.134704
1 2851 0.134704
1 2851 0.134704
1 2851 0.134704
1 2851 0.134704
0 2764 0.13472
1 2852 0.134728
1 2852 0.134728
1 2852 0.134728
1 2852 0.134728
0 2766 0.134752
0 2766 0.134752
0 2766 0.134752
1 2853 0.134752
1 2853 0.134752
1 2853 0.134752
1 2853 0.134752
0 2765 0.134768
1 2854 0.134776
1 2854 0.134776
1 2854 0.134776
1 2854 0.134776
0 2767 0.1348
0 2767 0.1348
0 2767 0.1348
1 2855 0.1348
1 2855 0.1348
1 2855 0.1348
1 2855 0.1348
0 2766 0.134816
1 2856 0.134824
1 2856 0.134824
1 2856 0.134824
1 2856 0.134824
0 2768 0.134848
0 2768 0.134848
0 2768 0.134848
1 2857 0.134848
1 2857 0.134848
1 2857 0.134848
1 2857 0.134848
0 2767 0.134864
1 2858 0.134872
1 2858 0.134872
1 2858 0.134872
1 2858 0.134872
0 2769 0.134896
0 2769 0.134896
0 2769 0.134896
1 2859 0.134896
1 2859 0.134896
1 2859 0.134896
1 2859 0.134896
0 2768 0.134912
1 2860 0.13492
1 2860 0.13492
1 2860 0.13492
1 2860 0.13492
0 2770 0.134944
0 2770 0.134944
0 2770 0.134944
1 2861 0.134944
1 2861 0.134944
1 2861 0.134944
1 2861 0.134944
0 2769 0.13496
1 2862 0.134968
1 2862 0.134968
1 2862 0.134968
1 2862 0.134968
0 2771 0.134992
0 2771 0.134992
0 2771 0.134992
1 2863 0.134992
1 2863 0.134992
1 2863 0.134992
1 2863 0.134992
0 2770 0.135008
1 2864 0.135016
1 2864 0.135016
1 2864 0.135016
1 2864 0.135016
0 2772 0.13504
0 2772 0.13504
0 2772 0.13504
1 2865 0.13504
1 2865 0.13504
1 2865 0.13504
1 2865 0.13504
0 2771 0.135056
1 2866 0.135064
1 2866 0.135064
1 2866 0.135064
1 2866 0.135064
0 2773 0.135088
0 2773 0.135088
0 2773 0.135088
1 2867 0.135088
1 2867 0.135088
1 2867 0.135088
1 2867 0.135088
0 2772 0.135104
1 2868 0.135112
1 2868 0.135112
1 2868 0.135112
1 2868 0.135112
0 2774 0.135136
0 2774 0.135136
0 2774 0.135136
1 2869 0.135136
1 2869 0.135136
1 2869 0.135136
1 2869 0.135136
0 2773 0.135152
1 2870 0.13516
1 2870 0.13516
1 2870 0.13516
1 2870 0.13516
0 2775 0.135184
0 2775 0.135184
0 2775 0.135184
1 2871 0.135184
1 2871 0.135184
1 2871 0.135184
1 2871 0.135184
0 2774 0.1352
1 2872 0.135208
1 2872 0.135208
1 2872 0.135208
1 2872 0.135208
0 2776 0.135232
0 2776 0.135232
0 2776 0.135232
1 2873 0.135232
1 2873 0.135232
1 2873 0.135232
1 2873 0.135232
0 2775 0.135248
1 2874 0.135256
1 2874 0.135256
1 2874 0.135256
1 2874 0.135256
0 2777 0.13528
0 2777 0.13528
0 2777 0.13528
1 2875 0.13528
1 2875 0.13528
1 2875 0.13528
1 2875 0.13528
0 2776 0.135296
1 2876 0.135304
1 2876 0.135304
1 2876 0.135304
1 2876 0.135304
0 2778 0.135328
0 2778 0.135328
0 2778 0.135328
1 2877 0.135328
1 2877 0.135328
1 2877 0.135328
1 2877 0.135328
0 2777 0.135344
1 2878 0.135352
1 2878 0.135352
1 2878 0.135352
1 2878 0.135352
0 2779 0.135376
0 2779 0.135376
0 2779 0.135376
1 2879 0.135376
1 2879 0.135376
1 2879 0.135376
1 2879 0.135376
0 2778 0.135392
1 2880 0.1354
1 2880 0.1354
1 2880 0.1354
1 2880 0.1354
0 2780 0.135424
0 2780 0.135424
0 2780 0.135424
1 2881 0.135424
1 2881 0.135424
1 2881 0.135424
1 2881 0.135424
0 2779 0.13544
1 2882 0.135448
1 2882 0.135448
1 2882 0.135448
1 2882 0.135448
0 2781 0.135472
0 2781 0.135472
0 2781 0.135472
1 2883 0.135472
1 2883 0.135472
1 2883 0.135472
1 2883 0.135472
0 2780 0.135488
1 2884 0.135496
1 2884 0.135496
1 2884 0.135496
1 2884 0.135496
0 2782 0.13552
0 2782 0.13552
0 2782 0.13552
1 2885 0.13552
1 2885 0.13552
1 2885 0.13552
1 2885 0.13552
0 2781 0.135536
1 2886 0.135544
1 2886 0.135544
1 2886 0.135544
1 2886 0.135544
0 2783 0.135568
0 2783 0.135568
0 2783 0.135568
1 2887 0.135568
1 2887 0.135568
1 2887 0.135568
1 2887 0.135568
0 2782 0.135584
1 2888 0.135592
1 2888 0.135592
1 2888 0.135592
1 2888 0.135592
0 2784 0.135616
0 2784 0.135616
0 2784 0.135616
1 2889 0.135616
1 2889 0.135616
1 2889 0.135616
1 2889 0.135616
0 2783 0.135632
0 2785 0.135664
0 2785 0.135664
0 2785 0.135664
0 2784 0.13568
0 2786 0.135712
0 2786 0.135712
0 2786 0.135712
0 2785 0.135728
0 2787 0.13576
0 2787 0.13576
0 2787 0.13576
0 2786 0.135776
0 2788 0.135808
0 2788 0.135808
0 2788 0.135808
0 2787 0.135824
0 2789 0.135856
0 2789 0.135856
0 2789 0.135856
0 2788 0.135872
0 2790 0.135904
0 2790 0.135904
0 2790 0.135904
0 2789 0.13592
0 2791 0.135952
0 2791 0.135952
0 2791 0.135952
0 2790 0.135968
0 2792 0.136
0 2792 0.136
0 2792 0.136
0 2791 0.136016
0 2793 0.136048
0 2793 0.136048
0 2793 0.136048
0 2792 0.136064
0 2794 0.136096
0 2794 0.136096
0 2794 0.136096
0 2793 0.136112
0 2795 0.136144
0 2795 0.136144
0 2795 0.136144
0 2794 0.13616
0 2796 0.136192
0 2796 0.136192
0 2796 0.136192
0 2795 0.136208
0 2797 0.13624
0 2797 0.13624
0 2797 0.13624
0 2796 0.136256
0 2798 0.136288
0 2798 0.136288
0 2798 0.136288
0 2797 0.136304
0 2799 0.136336
0 2799 0.136336
0 2799 0.136336
0 2798 0.136352
0 2800 0.136384
0 2800 0.136384
0 2800 0.136384
0 2799 0.1364
0 2801 0.136432
0 2801 0.136432
0 2801 0.136432
0 2800 0.136448
0 2802 0.13648
0 2802 0.13648
0 2802 0.13648
0 2801 0.136496
0 2803 0.136528
0 2803 0.136528
0 2803 0.136528
0 2802 0.136544
0 2804 0.136576
0 2804 0.136576
0 2804 0.136576
0 2803 0.136592
0 2805 0.136624
0 2805 0.136624
0 2805 0.136624
0 2804 0.13664
0 2806 0.136672
0 2806 0.136672
0 2806 0.136672
0 2805 0.136688
0 2807 0.13672
0 2807 0.13672
0 2807 0.13672
0 2806 0.136736
0 2808 0.136768
0 2808 0.136768
0 2808 0.136768
0 2807 0.136784
0 2809 0.136816
0 2809 0.136816
0 2809 0.136816
0 2808 0.136832
0 2810 0.136864
0 2810 0.136864
0 2810 0.136864
0 2809 0.13688
0 2811 0.136912
0 2811 0.136912
0 2811 0.136912
0 2810 0.136928
0 2812 0.13696
0 2812 0.13696
0 2812 0.13696
0 2811 0.136976
0 2813 0.137008
0 2813 0.137008
0 2813 0.137008
0 2812 0.137024
0 2814 0.137056
0 2814 0.137056
0 2814 0.137056
0 2813 0.137072
0 2815 0.137104
0 2815 0.137104
0 2815 0.137104
0 2814 0.13712
0 2816 0.137152
0 2816 0.137152
0 2816 0.137152
0 2815 0.137168
0 2817 0.1372
0 2817 0.1372
0 2817 0.1372
0 2816 0.137216
0 2818 0.137248
0 2818 0.137248
0 2818 0.137248
0 2817 0.137264
0 2819 0.137296
0 2819 0.137296
0 2819 0.137296
0 2818 0.137312
0 2820 0.137344
0 2820 0.137344
0 2820 0.137344
0 2819 0.13736
0 2821 0.137392
0 2821 0.137392
0 2821 0.137392
0 2820 0.137408
0 2822 0.13744
0 2822 0.13744
0 2822 0.13744
0 2821 0.137456
0 2823 0.137488
0 2823 0.137488
0 2823 0.137488
0 2822 0.137504
0 2824 0.137536
0 2824 0.137536
0 2824 0.137536
0 2823 0.137552
0 2825 0.137584
0 2825 0.137584
0 2825 0.137584
0 2824 0.1376
0 2826 0.137632
0 2826 0.137632
0 2826 0.137632
0 2825 0.137648
0 2827 0.13768
0 2827 0.13768
0 2827 0.13768
0 2826 0.137696
0 2828 0.137728
0 2828 0.137728
0 2828 0.137728
0 2827 0.137744
0 2829 0.137776
0 2829 0.137776
0 2829 0.137776
0 2828 0.137792
0 2830 0.137824
0 2830 0.137824
0 2830 0.137824
0 2829 0.13784
0 2831 0.137872
0 2831 0.137872
0 2831 0.137872
0 2830 0.137888
0 2832 0.13792
0 2832 0.13792
0 2832 0.13792
0 2831 0.137936
0 2833 0.137968
0 2833 0.137968
0 2833 0.137968
0 2832 0.137984
0 2834 0.138016
0 2834 0.138016
0 2834 0.138016
0 2833 0.138032
0 2835 0.138064
0 2835 0.138064
0 2835 0.138064
0 2834 0.13808
0 2836 0.138112
0 2836 0.138112
0 2836 0.138112
0 2835 0.138128
0 2837 0.13816
0 2837 0.13816
0 2837 0.13816
0 2836 0.138176
0 2838 0.138208
0 2838 0.138208
0 2838 0.138208
0 2837 0.138224
0 2839 0.138256
0 2839 0.138256
0 2839 0.138256
0 2838 0.138272
0 2840 0.138304
0 2840 0.138304
0 2840 0.138304
0 2839 0.13832
0 2841 0.138352
0 2841 0.138352
0 2841 0.138352
0 2840 0.138368
0 2842 0.1384
0 2842 0.1384
0 2842 0.1384
0 2841 0.138416
0 2843 0.138448
0 2843 0.138448
0 2843 0.138448
0 2842 0.138464
0 2844 0.138496
0 2844 0.138496
0 2844 0.138496
0 2843 0.138512
0 2845 0.138544
0 2845 0.138544
0 2845 0.138544
0 2844 0.13856
0 2846 0.138592
0 2846 0.138592
0 2846 0.138592
0 2845 0.138608
0 2847 0.13864
0 2847 0.13864
0 2847 0.13864
0 2846 0.138656
0 2848 0.138688
0 2848 0.138688
0 2848 0.138688
0 2847 0.138704
0 2849 0.138736
0 2849 0.138736
0 2849 0.138736
0 2848 0.138752
0 2850 0.138784
0 2850 0.138784
0 2850 0.138784
0 2849 0.1388
0 2851 0.138832
0 2851 0.138832
0 2851 0.138832
0 2850 0.138848
0 2852 0.13888
0 2852 0.13888
0 2852 0.13888
0 2851 0.138896
0 2853 0.138928
0 2853 0.138928
0 2853 0.138928
0 2852 0.138944
0 2854 0.138976
0 2854 0.138976
0 2854 0.138976
0 2853 0.138992
0 2855 0.139024
0 2855 0.139024
0 2855 0.139024
0 2854 0.13904
0 2856 0.139072
0 2856 0.139072
0 2856 0.139072
0 2855 0.139088
0 2857 0.13912
0 2857 0.13912
0 2857 0.13912
0 2856 0.139136
0 2858 0.139168
0 2858 0.139168
0 2858 0.139168
0 2857 0.139184
0 2859 0.139216
0 2859 0.139216
0 2859 0.139216
0 2858 0.139232
0 2860 0.139264
0 2860 0.139264
0 2860 0.139264
0 2859 0.13928
0 2861 0.139312
0 2861 0.139312
0 2861 0.139312
0 2860 0.139328
0 2862 0.13936
0 2862 0.13936
0 2862 0.13936
0 2861 0.139376
0 2863 0.139408
0 2863 0.139408
0 2863 0.139408
0 2862 0.139424
0 2864 0.139456
0 2864 0.139456
0 2864 0.139456
0 2863 0.139472
0 2865 0.139504
0 2865 0.139504
0 2865 0.139504
0 2864 0.13952
0 2866 0.139552
0 2866 0.139552
0 2866 0.139552
0 2865 0.139568
0 2867 0.1396
0 2867 0.1396
0 2867 0.1396
0 2866 0.139616
0 2868 0.139648
0 2868 0.139648
0 2868 0.139648
1 2890 0.139656
1 2890 0.139656
1 2890 0.139656
1 2890 0.139656
0 2867 0.139664
1 2891 0.13968
1 2891 0.13968
1 2891 0.13968
1 2891 0.13968
0 2869 0.139696
0 2869 0.139696
0 2869 0.139696
1 2892 0.139704
1 2892 0.139704
1 2892 0.139704
1 2892 0.139704
0 2868 0.139712
1 2893 0.139728
1 2893 0.139728
1 2893 0.139728
1 2893 0.139728
0 2870 0.139744
0 2870 0.139744
0 2870 0.139744
1 2894 0.139752
1 2894 0.139752
1 2894 0.139752
1 2894 0.139752
0 2869 0.13976
1 2895 0.139776
1 2895 0.139776
1 2895 0.139776
1 2895 0.139776
0 2871 0.139792
0 2871 0.139792
0 2871 0.139792
1 2896 0.1398
1 2896 0.1398
1 2896 0.1398
1 2896 0.1398
0 2870 0.139808
1 2897 0.139824
1 2897 0.139824
1 2897 0.139824
1 2897 0.139824
0 2872 0.13984
0 2872 0.13984
0 2872 0.13984
1 2898 0.139848
1 2898 0.139848
1 2898 0.139848
1 2898 0.139848
0 2871 0.139856
1 2899 0.139872
1 2899 0.139872
1 2899 0.139872
1 2899 0.139872
0 2873 0.139888
0 2873 0.139888
0 2873 0.139888
1 2900 0.139896
1 2900 0.139896
1 2900 0.139896
1 2900 0.139896
0 2872 0.139904
1 2901 0.13992
1 2901 0.13992
1 2901 0.13992
1 2901 0.13992
0 2874 0.139936
0 2874 0.139936
0 2874 0.139936
1 2902 0.139944
1 2902 0.139944
1 2902 0.139944
1 2902 0.139944
0 2873 0.139952
1 2903 0.139968
1 2903 0.139968
1 2903 0.139968
1 2903 0.139968
0 2875 0.139984
0 2875 0.139984
0 2875 0.139984
1 2904 0.139992
1 2904 0.139992
1 2904 0.139992
1 2904 0.139992
0 2874 0.14
1 2905 0.140016
1 2905 0.140016
1 2905 0.140016
1 2905 0.140016
0 2876 0.140032
0 2876 0.140032
0 2876 0.140032
1 2906 0.14004
1 2906 0.14004
1 2906 0.14004
1 2906 0.14004
0 2875 0.140048
1 2907 0.140064
1 2907 0.140064
1 2907 0.140064
1 2907 0.140064
0 2877 0.14008
0 2877 0.14008
0 2877 0.14008
1 2908 0.140088
1 2908 0.140088
1 2908 0.140088
1 2908 0.140088
0 2876 0.140096
1 2909 0.140112
1 2909 0.140112
1 2909 0.140112
1 2909 0.140112
0 2878 0.140128
0 2878 0.140128
0 2878 0.140128
1 2910 0.140136
1 2910 0.140136
1 2910 0.140136
1 2910 0.140136
0 2877 0.140144
1 2911 0.14016
1 2911 0.14016
1 2911 0.14016
1 2911 0.14016
0 2879 0.140176
0 2879 0.140176
0 2879 0.140176
1 2912 0.140184
1 2912 0.140184
1 2912 0.140184
1 2912 0.140184
0 2878 0.140192
1 2913 0.140208
1 2913 0.140208
1 2913 0.140208
1 2913 0.140208
0 2880 0.140224
0 2880 0.140224
0 2880 0.140224
1 2914 0.140232
1 2914 0.140232
1 2914 0.140232
1 2914 0.140232
0 2879 0.14024
1 2915 0.140256
1 2915 0.140256
1 2915 0.140256
1 2915 0.140256
0 2881 0.140272
0 2881 0.140272
0 2881 0.140272
1 2916 0.14028
1 2916 0.14028
1 2916 0.14028
1 2916 0.14028
0 2880 0.140288
1 2917 0.140304
1 2917 0.140304
1 2917 0.140304
1 2917 0.140304
0 2882 0.14032
0 2882 0.14032
0 2882 0.14032
1 2918 0.140328
1 2918 0.140328
1 2918 0.140328
1 2918 0.140328
0 2881 0.140336
1 2919 0.140352
1 2919 0.140352
1 2919 0.140352
1 2919 0.140352
0 2883 0.140368
0 2883 0.140368
0 2883 0.140368
1 2920 0.140376
1 2920 0.140376
1 2920 0.140376
1 2920 0.140376
0 2882 0.140384
1 2921 0.1404
1 2921 0.1404
1 2921 0.1404
1 2921 0.1404
0 2884 0.140416
0 2884 0.140416
0 2884 0.140416
1 2922 0.140424
1 2922 0.140424
1 2922 0.140424
1 2922 0.140424
0 2883 0.140432
1 2923 0.140448
1 2923 0.140448
1 2923 0.140448
1 2923 0.140448
0 2885 0.140464
0 2885 0.140464
0 2885 0.140464
1 2924 0.140472
1 2924 0.140472
1 2924 0.140472
1 2924 0.140472
0 2884 0.14048
1 2925 0.140496
1 2925 0.140496
1 2925 0.140496
1 2925 0.140496
0 2886 0.140512
0 2886 0.140512
0 2886 0.140512
1 2926 0.14052
1 2926 0.14052
1 2926 0.14052
1 2926 0.14052
0 2885 0.140528
1 2927 0.140544
1 2927 0.140544
1 2927 0.140544
1 2927 0.140544
0 2887 0.14056
0 2887 0.14056
0 2887 0.14056
1 2928 0.140568
1 2928 0.140568
1 2928 0.140568
1 2928 0.140568
0 2886 0.140576
1 2929 0.140592
1 2929 0.140592
1 2929 0.140592
1 2929 0.140592
0 2888 0.140608
0 2888 0.140608
0 2888 0.140608
1 2930 0.140616
1 2930 0.140616
1 2930 0.140616
1 2930 0.140616
0 2887 0.140624
1 2931 0.14064
1 2931 0.14064
1 2931 0.14064
1 2931 0.14064
0 2889 0.140656
0 2889 0.140656
0 2889 0.140656
1 2932 0.140664
1 2932 0.140664
1 2932 0.140664
1 2932 0.140664
0 2888 0.140672
1 2933 0.140688
1 2933 0.140688
1 2933 0.140688
1 2933 0.140688
0 2890 0.140704
0 2890 0.140704
0 2890 0.140704
1 2934 0.140712
1 2934 0.140712
1 2934 0.140712
1 2934 0.140712
0 2889 0.14072
1 2935 0.140736
1 2935 0.140736
1 2935 0.140736
1 2935 0.140736
0 2891 0.140752
0 2891 0.140752
0 2891 0.140752
1 2936 0.14076
1 2936 0.14076
1 2936 0.14076
1 2936 0.14076
0 2890 0.140768
1 2937 0.140784
1 2937 0.140784
1 2937 0.140784
1 2937 0.140784
0 2892 0.1408
0 2892 0.1408
0 2892 0.1408
1 2938 0.140808
1 2938 0.140808
1 2938 0.140808
1 2938 0.140808
0 2891 0.140816
1 2939 0.140832
1 2939 0.140832
1 2939 0.140832
1 2939 0.140832
0 2893 0.140848
0 2893 0.140848
0 2893 0.140848
1 2940 0.140856
1 2940 0.140856
1 2940 0.140856
1 2940 0.140856
0 2892 0.140864
1 2941 0.14088
1 2941 0.14088
1 2941 0.14088
1 2941 0.14088
0 2894 0.140896
0 2894 0.140896
0 2894 0.140896
1 2942 0.140904
1 2942 0.140904
1 2942 0.140904
1 2942 0.140904
0 2893 0.140912
1 2943 0.140928
1 2943 0.140928
1 2943 0.140928
1 2943 0.140928
0 2895 0.140944
0 2895 0.140944
0 2895 0.140944
1 2944 0.140952
1 2944 0.140952
1 2944 0.140952
1 2944 0.140952
0 2894 0.14096
1 2945 0.140976
1 2945 0.140976
1 2945 0.140976
1 2945 0.140976
0 2896 0.140992
0 2896 0.140992
0 2896 0.140992
1 2946 0.141
1 2946 0.141
1 2946 0.141
1 2946 0.141
0 2895 0.141008
1 2947 0.141024
1 2947 0.141024
1 2947 0.141024
1 2947 0.141024
0 2897 0.14104
0 2897 0.14104
0 2897 0.14104
1 2948 0.141048
1 2948 0.141048
1 2948 0.141048
1 2948 0.141048
0 2896 0.141056
1 2949 0.141072
1 2949 0.141072
1 2949 0.141072
1 2949 0.141072
0 2898 0.141088
0 2898 0.141088
0 2898 0.141088
1 2950 0.141096
1 2950 0.141096
1 2950 0.141096
1 2950 0.141096
0 2897 0.141104
1 2951 0.14112
1 2951 0.14112
1 2951 0.14112
1 2951 0.14112
0 2899 0.141136
0 2899 0.141136
0 2899 0.141136
1 2952 0.141144
1 2952 0.141144
1 2952 0.141144
1 2952 0.141144
0 2898 0.141152
1 2953 0.141168
1 2953 0.141168
1 2953 0.141168
1 2953 0.141168
0 2900 0.141184
0 2900 0.141184
0 2900 0.141184
1 2954 0.141192
1 2954 0.141192
1 2954 0.141192
1 2954 0.141192
0 2899 0.1412
1 2955 0.141216
1 2955 0.141216
1 2955 0.141216
1 2955 0.141216
0 2901 0.141232
0 2901 0.141232
0 2901 0.141232
1 2956 0.14124
1 2956 0.14124
1 2956 0.14124
1 2956 0.14124
0 2900 0.141248
1 2957 0.141264
1 2957 0.141264
1 2957 0.141264
1 2957 0.141264
0 2902 0.14128
0 2902 0.14128
0 2902 0.14128
1 2958 0.141288
1 2958 0.141288
1 2958 0.141288
1 2958 0.141288
0 2901 0.141296
1 2959 0.141312
1 2959 0.141312
1 2959 0.141312
1 2959 0.141312
0 2903 0.141328
0 2903 0.141328
0 2903 0.141328
1 2960 0.141336
1 2960 0.141336
1 2960 0.141336
1 2960 0.141336
0 2902 0.141344
1 2961 0.14136
1 2961 0.14136
1 2961 0.14136
1 2961 0.14136
0 2904 0.141376
0 2904 0.141376
0 2904 0.141376
1 2962 0.141384
1 2962 0.141384
1 2962 0.141384
1 2962 0.141384
0 2903 0.141392
1 2963 0.141408
1 2963 0.141408
1 2963 0.141408
1 2963 0.141408
0 2905 0.141424
0 2905 0.141424
0 2905 0.141424
1 2964 0.141432
1 2964 0.141432
1 2964 0.141432
1 2964 0.141432
0 2904 0.14144
1 2965 0.141456
1 2965 0.141456
1 2965 0.141456
1 2965 0.141456
0 2906 0.141472
0 2906 0.141472
0 2906 0.141472
1 2966 0.14148
1 2966 0.14148
1 2966 0.14148
1 2966 0.14148
0 2905 0.141488
1 2967 0.141504
1 2967 0.141504
1 2967 0.141504
1 2967 0.141504
0 2907 0.14152
0 2907 0.14152
0 2907 0.14152
1 2968 0.141528
1 2968 0.141528
1 2968 0.141528
1 2968 0.141528
0 2906 0.141536
1 2969 0.141552
1 2969 0.141552
1 2969 0.141552
1 2969 0.141552
0 2908 0.141568
0 2908 0.141568
0 2908 0.141568
1 2970 0.141576
1 2970 0.141576
1 2970 0.141576
1 2970 0.141576
0 2907 0.141584
1 2971 0.1416
1 2971 0.1416
1 2971 0.1416
1 2971 0.1416
0 2909 0.141616
0 2909 0.141616
0 2909 0.141616
1 2972 0.141624
1 2972 0.141624
1 2972 0.141624
1 2972 0.141624
0 2908 0.141632
1 2973 0.141648
1 2973 0.141648
1 2973 0.141648
1 2973 0.141648
0 2910 0.141664
0 2910 0.141664
0 2910 0.141664
1 2974 0.141672
1 2974 0.141672
1 2974 0.141672
1 2974 0.141672
0 2909 0.14168
1 2975 0.141696
1 2975 0.141696
1 2975 0.141696
1 2975 0.141696
0 2911 0.141712
0 2911 0.141712
0 2911 0.141712
1 2976 0.14172
1 2976 0.14172
1 2976 0.14172
1 2976 0.14172
0 2910 0.141728
1 2977 0.141744
1 2977 0.141744
1 2977 0.141744
1 2977 0.141744
0 2912 0.14176
0 2912 0.14176
0 2912 0.14176
1 2978 0.141768
1 2978 0.141768
1 2978 0.141768
1 2978 0.141768
0 2911 0.141776
1 2979 0.141792
1 2979 0.141792
1 2979 0.141792
1 2979 0.141792
0 2913 0.141808
0 2913 0.141808
0 2913 0.141808
1 2980 0.141816
1 2980 0.141816
1 2980 0.141816
1 2980 0.141816
0 2912 0.141824
1 2981 0.14184
1 2981 0.14184
1 2981 0.14184
1 2981 0.14184
0 2914 0.141856
0 2914 0.141856
0 2914 0.141856
1 2982 0.141864
1 2982 0.141864
1 2982 0.141864
1 2982 0.141864
0 2913 0.141872
1 2983 0.141888
1 2983 0.141888
1 2983 0.141888
1 2983 0.141888
0 2915 0.141904
0 2915 0.141904
0 2915 0.141904
1 2984 0.141912
1 2984 0.141912
1 2984 0.141912
1 2984 0.141912
0 2914 0.14192
1 2985 0.141936
1 2985 0.141936
1 2985 0.141936
1 2985 0.141936
0 2916 0.141952
0 2916 0.141952
0 2916 0.141952
1 2986 0.14196
1 2986 0.14196
1 2986 0.14196
1 2986 0.14196
0 2915 0.141968
1 2987 0.141984
1 2987 0.141984
1 2987 0.141984
1 2987 0.141984
0 2917 0.142
0 2917 0.142
0 2917 0.142
1 2988 0.142008
1 2988 0.142008
1 2988 0.142008
1 2988 0.142008
0 2916 0.142016
1 2989 0.142032
1 2989 0.142032
1 2989 0.142032
1 2989 0.142032
0 2918 0.142048
0 2918 0.142048
0 2918 0.142048
1 2990 0.142056
1 2990 0.142056
1 2990 0.142056
1 2990 0.142056
0 2917 0.142064
1 2991 0.14208
1 2991 0.14208
1 2991 0.14208
1 2991 0.14208
0 2919 0.142096
0 2919 0.142096
0 2919 0.142096
1 2992 0.142104
1 2992 0.142104
1 2992 0.142104
1 2992 0.142104
0 2918 0.142112
1 2993 0.142128
1 2993 0.142128
1 2993 0.142128
1 2993 0.142128
0 2920 0.142144
0 2920 0.142144
0 2920 0.142144
1 2994 0.142152
1 2994 0.142152
1 2994 0.142152
1 2994 0.142152
0 2919 0.14216
1 2995 0.142176
1 2995 0.142176
1 2995 0.142176
1 2995 0.142176
0 2921 0.142192
0 2921 0.142192
0 2921 0.142192
1 2996 0.1422
1 2996 0.1422
1 2996 0.1422
1 2996 0.1422
0 2920 0.142208
1 2997 0.142224
1 2997 0.142224
1 2997 0.142224
1 2997 0.142224
0 2922 0.14224
0 2922 0.14224
0 2922 0.14224
1 2998 0.142248
1 2998 0.142248
1 2998 0.142248
1 2998 0.142248
0 2921 0.142256
1 2999 0.142272
1 2999 0.142272
1 2999 0.142272
1 2999 0.142272
0 2923 0.142288
0 2923 0.142288
0 2923 0.142288
1 3000 0.142296
1 3000 0.142296
1 3000 0.142296
1 3000 0.142296
0 2922 0.142304
1 3001 0.14232
1 3001 0.14232
1 3001 0.14232
1 3001 0.14232
0 2924 0.142336
0 2924 0.142336
0 2924 0.142336
1 3002 0.142344
1 3002 0.142344
1 3002 0.142344
1 3002 0.142344
0 2923 0.142352
1 3003 0.142368
1 3003 0.142368
1 3003 0.142368
1 3003 0.142368
0 2925 0.142384
0 2925 0.142384
0 2925 0.142384
1 3004 0.142392
1 3004 0.142392
1 3004 0.142392
1 3004 0.142392
0 2924 0.1424
1 3005 0.142416
1 3005 0.142416
1 3005 0.142416
1 3005 0.142416
0 2926 0.142432
0 2926 0.142432
0 2926 0.142432
1 3006 0.14244
1 3006 0.14244
1 3006 0.14244
1 3006 0.14244
0 2925 0.142448
1 3007 0.142464
1 3007 0.142464
1 3007 0.142464
1 3007 0.142464
0 2927 0.14248
0 2927 0.14248
0 2927 0.14248
1 3008 0.142488
1 3008 0.142488
1 3008 0.142488
1 3008 0.142488
0 2926 0.142496
1 3009 0.142512
1 3009 0.142512
1 3009 0.142512
1 3009 0.142512
0 2928 0.142528
0 2928 0.142528
0 2928 0.142528
1 3010 0.142536
1 3010 0.142536
1 3010 0.142536
1 3010 0.142536
0 2927 0.142544
1 3011 0.14256
1 3011 0.14256
1 3011 0.14256
1 3011 0.14256
0 2929 0.142576
0 2929 0.142576
0 2929 0.142576
1 3012 0.142584
1 3012 0.142584
1 3012 0.142584
1 3012 0.142584
0 2928 0.142592
1 3013 0.142608
1 3013 0.142608
1 3013 0.142608
1 3013 0.142608
0 2930 0.142624
0 2930 0.142624
0 2930 0.142624
1 3014 0.142632
1 3014 0.142632
1 3014 0.142632
1 3014 0.142632
0 2929 0.14264
1 3015 0.142656
1 3015 0.142656
1 3015 0.142656
1 3015 0.142656
0 2931 0.142672
0 2931 0.142672
0 2931 0.142672
1 3016 0.14268
1 3016 0.14268
1 3016 0.14268
1 3016 0.14268
0 2930 0.142688
1 3017 0.142704
1 3017 0.142704
1 3017 0.142704
1 3017 0.142704
0 2932 0.14272
0 2932 0.14272
0 2932 0.14272
1 3018 0.142728
1 3018 0.142728
1 3018 0.142728
1 3018 0.142728
0 2931 0.142736
1 3019 0.142752
1 3019 0.142752
1 3019 0.142752
1 3019 0.142752
0 2933 0.142768
0 2933 0.142768
0 2933 0.142768
1 3020 0.142776
1 3020 0.142776
1 3020 0.142776
1 3020 0.142776
0 2932 0.142784
1 3021 0.1428
1 3021 0.1428
1 3021 0.1428
1 3021 0.1428
0 2934 0.142816
0 2934 0.142816
0 2934 0.142816
1 3022 0.142824
1 3022 0.142824
1 3022 0.142824
1 3022 0.142824
0 2933 0.142832
1 3023 0.142848
1 3023 0.142848
1 3023 0.142848
1 3023 0.142848
0 2935 0.142864
0 2935 0.142864
0 2935 0.142864
1 3024 0.142872
1 3024 0.142872
1 3024 0.142872
1 3024 0.142872
0 2934 0.14288
1 3025 0.142896
1 3025 0.142896
1 3025 0.142896
1 3025 0.142896
0 2936 0.142912
0 2936 0.142912
0 2936 0.142912
1 3026 0.14292
1 3026 0.14292
1 3026 0.14292
1 3026 0.14292
0 2935 0.142928
1 3027 0.142944
1 3027 0.142944
1 3027 0.142944
1 3027 0.142944
0 2937 0.14296
0 2937 0.14296
0 2937 0.14296
1 3028 0.142968
1 3028 0.142968
1 3028 0.142968
1 3028 0.142968
0 2936 0.142976
1 3029 0.142992
1 3029 0.142992
1 3029 0.142992
1 3029 0.142992
0 2938 0.143008
0 2938 0.143008
0 2938 0.143008
1 3030 0.143016
1 3030 0.143016
1 3030 0.143016
1 3030 0.143016
0 2937 0.143024
1 3031 0.14304
1 3031 0.14304
1 3031 0.14304
1 3031 0.14304
0 2939 0.143056
0 2939 0.143056
0 2939 0.143056
1 3032 0.143064
1 3032 0.143064
1 3032 0.143064
1 3032 0.143064
0 2938 0.143072
1 3033 0.143088
1 3033 0.143088
1 3033 0.143088
1 3033 0.143088
0 2940 0.143104
0 2940 0.143104
0 2940 0.143104
1 3034 0.143112
1 3034 0.143112
1 3034 0.143112
1 3034 0.143112
0 2939 0.14312
1 3035 0.143136
1 3035 0.143136
1 3035 0.143136
1 3035 0.143136
0 2941 0.143152
0 2941 0.143152
0 2941 0.143152
1 3036 0.14316
1 3036 0.14316
1 3036 0.14316
1 3036 0.14316
0 2940 0.143168
1 3037 0.143184
1 3037 0.143184
1 3037 0.143184
1 3037 0.143184
0 2942 0.1432
0 2942 0.1432
0 2942 0.1432
1 3038 0.143208
1 3038 0.143208
1 3038 0.143208
1 3038 0.143208
0 2941 0.143216
1 3039 0.143232
1 3039 0.143232
1 3039 0.143232
1 3039 0.143232
0 2943 0.143248
0 2943 0.143248
0 2943 0.143248
1 3040 0.143256
1 3040 0.143256
1 3040 0.143256
1 3040 0.143256
0 2942 0.143264
1 3041 0.14328
1 3041 0.14328
1 3041 0.14328
1 3041 0.14328
0 2944 0.143296
0 2944 0.143296
0 2944 0.143296
1 3042 0.143304
1 3042 0.143304
1 3042 0.143304
1 3042 0.143304
0 2943 0.143312
1 3043 0.143328
1 3043 0.143328
1 3043 0.143328
1 3043 0.143328
0 2945 0.143344
0 2945 0.143344
0 2945 0.143344
1 3044 0.143352
1 3044 0.143352
1 3044 0.143352
1 3044 0.143352
0 2944 0.14336
1 3045 0.143376
1 3045 0.143376
1 3045 0.143376
1 3045 0.143376
0 2946 0.143392
0 2946 0.143392
0 2946 0.143392
1 3046 0.1434
1 3046 0.1434
1 3046 0.1434
1 3046 0.1434
0 2945 0.143408
1 3047 0.143424
1 3047 0.143424
1 3047 0.143424
1 3047 0.143424
0 2947 0.14344
0 2947 0.14344
0 2947 0.14344
1 3048 0.143448
1 3048 0.143448
1 3048 0.143448
1 3048 0.143448
0 2946 0.143456
1 3049 0.143472
1 3049 0.143472
1 3049 0.143472
1 3049 0.143472
0 2948 0.143488
0 2948 0.143488
0 2948 0.143488
1 3050 0.143496
1 3050 0.143496
1 3050 0.143496
1 3050 0.143496
0 2947 0.143504
1 3051 0.14352
1 3051 0.14352
1 3051 0.14352
1 3051 0.14352
0 2949 0.143536
0 2949 0.143536
0 2949 0.143536
1 3052 0.143544
1 3052 0.143544
1 3052 0.143544
1 3052 0.143544
0 2948 0.143552
1 3053 0.143568
1 3053 0.143568
1 3053 0.143568
1 3053 0.143568
0 2950 0.143584
0 2950 0.143584
0 2950 0.143584
1 3054 0.143592
1 3054 0.143592
1 3054 0.143592
1 3054 0.143592
0 2949 0.1436
1 3055 0.143616
1 3055 0.143616
1 3055 0.143616
1 3055 0.143616
0 2951 0.143632
0 2951 0.143632
0 2951 0.143632
1 3056 0.14364
1 3056 0.14364
1 3056 0.14364
1 3056 0.14364
0 2950 0.143648
1 3057 0.143664
1 3057 0.143664
1 3057 0.143664
1 3057 0.143664
0 2952 0.14368
0 2952 0.14368
0 2952 0.14368
1 3058 0.143688
1 3058 0.143688
1 3058 0.143688
1 3058 0.143688
0 2951 0.143696
1 3059 0.143712
1 3059 0.143712
1 3059 0.143712
1 3059 0.143712
0 2953 0.143728
0 2953 0.143728
0 2953 0.143728
0 2952 0.143744
0 2954 0.143776
0 2954 0.143776
0 2954 0.143776
0 2953 0.143792
0 2955 0.143824
0 2955 0.143824
0 2955 0.143824
0 2954 0.14384
0 2956 0.143872
0 2956 0.143872
0 2956 0.143872
0 2955 0.143888
0 2957 0.14392
0 2957 0.14392
0 2957 0.14392
0 2956 0.143936
0 2958 0.143968
0 2958 0.143968
0 2958 0.143968
0 2957 0.143984
0 2959 0.144016
0 2959 0.144016
0 2959 0.144016
0 2958 0.144032
0 2960 0.144064
0 2960 0.144064
0 2960 0.144064
0 2959 0.14408
0 2961 0.144112
0 2961 0.144112
0 2961 0.144112
0 2960 0.144128
0 2962 0.14416
0 2962 0.14416
0 2962 0.14416
0 2961 0.144176
0 2963 0.144208
0 2963 0.144208
0 2963 0.144208
0 2962 0.144224
0 2964 0.144256
0 2964 0.144256
0 2964 0.144256
0 2963 0.144272
0 2965 0.144304
0 2965 0.144304
0 2965 0.144304
0 2964 0.14432
0 2966 0.144352
0 2966 0.144352
0 2966 0.144352
0 2965 0.144368
0 2967 0.1444
0 2967 0.1444
0 2967 0.1444
0 2966 0.144416
0 2968 0.144448
0 2968 0.144448
0 2968 0.144448
0 2967 0.144464
0 2969 0.144496
0 2969 0.144496
0 2969 0.144496
0 2968 0.144512
0 2970 0.144544
0 2970 0.144544
0 2970 0.144544
0 2969 0.14456
0 2971 0.144592
0 2971 0.144592
0 2971 0.144592
0 2970 0.144608
0 2972 0.14464
0 2972 0.14464
0 2972 0.14464
0 2971 0.144656
0 2973 0.144688
0 2973 0.144688
0 2973 0.144688
0 2972 0.144704
0 2974 0.144736
0 2974 0.144736
0 2974 0.144736
0 2973 0.144752
0 2975 0.144784
0 2975 0.144784
0 2975 0.144784
0 2974 0.1448
0 2976 0.144832
0 2976 0.144832
0 2976 0.144832
0 2975 0.144848
0 2977 0.14488
0 2977 0.14488
0 2977 0.14488
0 2976 0.144896
0 2978 0.144928
0 2978 0.144928
0 2978 0.144928
0 2977 0.144944
0 2979 0.144976
0 2979 0.144976
0 2979 0.144976
0 2978 0.144992
0 2980 0.145024
0 2980 0.145024
0 2980 0.145024
0 2979 0.14504
0 2981 0.145072
0 2981 0.145072
0 2981 0.145072
0 2980 0.145088
0 2982 0.14512
0 2982 0.14512
0 2982 0.14512
0 2981 0.145136
0 2983 0.145168
0 2983 0.145168
0 2983 0.145168
0 2982 0.145184
0 2984 0.145216
0 2984 0.145216
0 2984 0.145216
0 2983 0.145232
0 2985 0.145264
0 2985 0.145264
0 2985 0.145264
0 2984 0.14528
0 2986 0.145312
0 2986 0.145312
0 2986 0.145312
0 2985 0.145328
0 2987 0.14536
0 2987 0.14536
0 2987 0.14536
0 2986 0.145376
0 2988 0.145408
0 2988 0.145408
0 2988 0.145408
0 2987 0.145424
0 2989 0.145456
0 2989 0.145456
0 2989 0.145456
0 2988 0.145472
0 2990 0.145504
0 2990 0.145504
0 2990 0.145504
0 2989 0.14552
0 2991 0.145552
0 2991 0.145552
0 2991 0.145552
0 2990 0.145568
0 2992 0.1456
0 2992 0.1456
0 2992 0.1456
0 2991 0.145616
0 2993 0.145648
0 2993 0.145648
0 2993 0.145648
0 2992 0.145664
0 2994 0.145696
0 2994 0.145696
0 2994 0.145696
0 2993 0.145712
0 2995 0.145744
0 2995 0.145744
0 2995 0.145744
0 2994 0.14576
0 2996 0.145792
0 2996 0.145792
0 2996 0.145792
0 2995 0.145808
0 2997 0.14584
0 2997 0.14584
0 2997 0.14584
0 2996 0.145856
0 2998 0.145888
0 2998 0.145888
0 2998 0.145888
0 2997 0.145904
0 2999 0.145936
0 2999 0.145936
0 2999 0.145936
0 2998 0.145952
0 3000 0.145984
0 3000 0.145984
0 3000 0.145984
0 2999 0.146
0 3001 0.146032
0 3001 0.146032
0 3001 0.146032
0 3000 0.146048
0 3002 0.14608
0 3002 0.14608
0 3002 0.14608
0 3001 0.146096
0 3003 0.146128
0 3003 0.146128
0 3003 0.146128
0 3002 0.146144
0 3004 0.146176
0 3004 0.146176
0 3004 0.146176
0 3003 0.146192
0 3005 0.146224
0 3005 0.146224
0 3005 0.146224
0 3004 0.14624
0 3006 0.146272
0 3006 0.146272
0 3006 0.146272
0 3005 0.146288
0 3007 0.14632
0 3007 0.14632
0 3007 0.14632
0 3006 0.146336
0 3008 0.146368
0 3008 0.146368
0 3008 0.146368
0 3007 0.146384
0 3009 0.146416
0 3009 0.146416
0 3009 0.146416
0 3008 0.146432
0 3010 0.146464
0 3010 0.146464
0 3010 0.146464
0 3009 0.14648
0 3011 0.146512
0 3011 0.146512
0 3011 0.146512
0 3010 0.146528
0 3012 0.14656
0 3012 0.14656
0 3012 0.14656
0 3011 0.146576
0 3013 0.146608
0 3013 0.146608
0 3013 0.146608
0 3012 0.146624
0 3014 0.146656
0 3014 0.146656
0 3014 0.146656
0 3013 0.146672
0 3015 0.146704
0 3015 0.146704
0 3015 0.146704
0 3014 0.14672
0 3016 0.146752
0 3016 0.146752
0 3016 0.146752
0 3015 0.146768
0 3017 0.1468
0 3017 0.1468
0 3017 0.1468
0 3016 0.146816
0 3018 0.146848
0 3018 0.146848
0 3018 0.146848
0 3017 0.146864
0 3019 0.146896
0 3019 0.146896
0 3019 0.146896
0 3018 0.146912
0 3020 0.146944
0 3020 0.146944
0 3020 0.146944
0 3019 0.14696
0 3021 0.146992
0 3021 0.146992
0 3021 0.146992
0 3020 0.147008
0 3022 0.14704
0 3022 0.14704
0 3022 0.14704
0 3021 0.147056
0 3023 0.147088
0 3023 0.147088
0 3023 0.147088
0 3022 0.147104
0 3024 0.147136
0 3024 0.147136
0 3024 0.147136
0 3023 0.147152
0 3025 0.147184
0 3025 0.147184
0 3025 0.147184
0 3024 0.1472
0 3026 0.147232
0 3026 0.147232
0 3026 0.147232
0 3025 0.147248
0 3027 0.14728
0 3027 0.14728
0 3027 0.14728
0 3026 0.147296
0 3028 0.147328
0 3028 0.147328
0 3028 0.147328
0 3027 0.147344
0 3029 0.147376
0 3029 0.147376
0 3029 0.147376
0 3028 0.147392
0 3030 0.147424
0 3030 0.147424
0 3030 0.147424
0 3029 0.14744
0 3031 0.147472
0 3031 0.147472
0 3031 0.147472
0 3030 0.147488
0 3032 0.14752
0 3032 0.14752
0 3032 0.14752
0 3031 0.147536
0 3033 0.147568
0 3033 0.147568
0 3033 0.147568
0 3032 0.147584
0 3034 0.147616
0 3034 0.147616
0 3034 0.147616
0 3033 0.147632
0 3035 0.147664
0 3035 0.147664
0 3035 0.147664
0 3034 0.14768
0 3036 0.147712
0 3036 0.147712
0 3036 0.147712
0 3035 0.147728
1 3060 0.147752
1 3060 0.147752
1 3060 0.147752
1 3060 0.147752
0 3037 0.14776
0 3037 0.14776
0 3037 0.14776
0 3036 0.147776
1 3061 0.147776
1 3061 0.147776
1 3061 0.147776
1 3061 0.147776
1 3062 0.1478
1 3062 0.1478
1 3062 0.1478
1 3062 0.1478
0 3038 0.147808
0 3038 0.147808
0 3038 0.147808
0 3037 0.147824
1 3063 0.147824
1 3063 0.147824
1 3063 0.147824
1 3063 0.147824
1 3064 0.147848
1 3064 0.147848
1 3064 0.147848
1 3064 0.147848
0 3039 0.147856
0 3039 0.147856
0 3039 0.147856
0 3038 0.147872
1 3065 0.147872
1 3065 0.147872
1 3065 0.147872
1 3065 0.147872
1 3066 0.147896
1 3066 0.147896
1 3066 0.147896
1 3066 0.147896
0 3040 0.147904
0 3040 0.147904
0 3040 0.147904
0 3039 0.14792
1 3067 0.14792
1 3067 0.14792
1 3067 0.14792
1 3067 0.14792
1 3068 0.147944
1 3068 0.147944
1 3068 0.147944
1 3068 0.147944
0 3041 0.147952
0 3041 0.147952
0 3041 0.147952
0 3040 0.147968
1 3069 0.147968
1 3069 0.147968
1 3069 0.147968
1 3069 0.147968
1 3070 0.147992
1 3070 0.147992
1 3070 0.147992
1 3070 0.147992
0 3042 0.148
0 3042 0.148
0 3042 0.148
0 3041 0.148016
1 3071 0.148016
1 3071 0.148016
1 3071 0.148016
1 3071 0.148016
1 3072 0.14804
1 3072 0.14804
1 3072 0.14804
1 3072 0.14804
0 3043 0.148048
0 3043 0.148048
0 3043 0.148048
0 3042 0.148064
1 3073 0.148064
1 3073 0.148064
1 3073 0.148064
1 3073 0.148064
1 3074 0.148088
1 3074 0.148088
1 3074 0.148088
1 3074 0.148088
0 3044 0.148096
0 3044 0.148096
0 3044 0.148096
0 3043 0.148112
1 3075 0.148112
1 3075 0.148112
1 3075 0.148112
1 3075 0.148112
1 3076 0.148136
1 3076 0.148136
1 3076 0.148136
1 3076 0.148136
0 3045 0.148144
0 3045 0.148144
0 3045 0.148144
0 3044 0.14816
1 3077 0.14816
1 3077 0.14816
1 3077 0.14816
1 3077 0.14816
1 3078 0.148184
1 3078 0.148184
1 3078 0.148184
1 3078 0.148184
0 3046 0.148192
0 3046 0.148192
0 3046 0.148192
0 3045 0.148208
1 3079 0.148208
1 3079 0.148208
1 3079 0.148208
1 3079 0.148208
1 3080 0.148232
1 3080 0.148232
1 3080 0.148232
1 3080 0.148232
0 3047 0.14824
0 3047 0.14824
0 3047 0.14824
0 3046 0.148256
1 3081 0.148256
1 3081 0.148256
1 3081 0.148256
1 3081 0.148256
1 3082 0.14828
1 3082 0.14828
1 3082 0.14828
1 3082 0.14828
0 3048 0.148288
0 3048 0.148288
0 3048 0.148288
0 3047 0.148304
1 3083 0.148304
1 3083 0.148304
1 3083 0.148304
1 3083 0.148304
1 3084 0.148328
1 3084 0.148328
1 3084 0.148328
1 3084 0.148328
0 3049 0.148336
0 3049 0.148336
0 3049 0.148336
0 3048 0.148352
1 3085 0.148352
1 3085 0.148352
1 3085 0.148352
1 3085 0.148352
1 3086 0.148376
1 3086 0.148376
1 3086 0.148376
1 3086 0.148376
0 3050 0.148384
0 3050 0.148384
0 3050 0.148384
0 3049 0.1484
1 3087 0.1484
1 3087 0.1484
1 3087 0.1484
1 3087 0.1484
1 3088 0.148424
1 3088 0.148424
1 3088 0.148424
1 3088 0.148424
0 3051 0.148432
0 3051 0.148432
0 3051 0.148432
0 3050 0.148448
1 3089 0.148448
1 3089 0.148448
1 3089 0.148448
1 3089 0.148448
1 3090 0.148472
1 3090 0.148472
1 3090 0.148472
1 3090 0.148472
0 3052 0.14848
0 3052 0.14848
0 3052 0.14848
0 3051 0.148496
1 3091 0.148496
1 3091 0.148496
1 3091 0.148496
1 3091 0.148496
1 3092 0.14852
1 3092 0.14852
1 3092 0.14852
1 3092 0.14852
0 3053 0.148528
0 3053 0.148528
0 3053 0.148528
0 3052 0.148544
1 3093 0.148544
1 3093 0.148544
1 3093 0.148544
1 3093 0.148544
1 3094 0.148568
1 3094 0.148568
1 3094 0.148568
1 3094 0.148568
0 3054 0.148576
0 3054 0.148576
0 3054 0.148576
0 3053 0.148592
1 3095 0.148592
1 3095 0.148592
1 3095 0.148592
1 3095 0.148592
1 3096 0.148616
1 3096 0.148616
1 3096 0.148616
1 3096 0.148616
0 3055 0.148624
0 3055 0.148624
0 3055 0.148624
0 3054 0.14864
1 3097 0.14864
1 3097 0.14864
1 3097 0.14864
1 3097 0.14864
1 3098 0.148664
1 3098 0.148664
1 3098 0.148664
1 3098 0.148664
0 3056 0.148672
0 3056 0.148672
0 3056 0.148672
0 3055 0.148688
1 3099 0.148688
1 3099 0.148688
1 3099 0.148688
1 3099 0.148688
1 3100 0.148712
1 3100 0.148712
1 3100 0.148712
1 3100 0.148712
0 3057 0.14872
0 3057 0.14872
0 3057 0.14872
0 3056 0.148736
1 3101 0.148736
1 3101 0.148736
1 3101 0.148736
1 3101 0.148736
1 3102 0.14876
1 3102 0.14876
1 3102 0.14876
1 3102 0.14876
0 3058 0.148768
0 3058 0.148768
0 3058 0.148768
0 3057 0.148784
1 3103 0.148784
1 3103 0.148784
1 3103 0.148784
1 3103 0.148784
1 3104 0.148808
1 3104 0.148808
1 3104 0.148808
1 3104 0.148808
0 3059 0.148816
0 3059 0.148816
0 3059 0.148816
0 3058 0.148832
1 3105 0.148832
1 3105 0.148832
1 3105 0.148832
1 3105 0.148832
1 3106 0.148856
1 3106 0.148856
1 3106 0.148856
1 3106 0.148856
0 3060 0.148864
0 3060 0.148864
0 3060 0.148864
0 3059 0.14888
1 3107 0.14888
1 3107 0.14888
1 3107 0.14888
1 3107 0.14888
1 3108 0.148904
1 3108 0.148904
1 3108 0.148904
1 3108 0.148904
0 3061 0.148912
0 3061 0.148912
0 3061 0.148912
0 3060 0.148928
1 3109 0.148928
1 3109 0.148928
1 3109 0.148928
1 3109 0.148928
1 3110 0.148952
1 3110 0.148952
1 3110 0.148952
1 3110 0.148952
0 3062 0.14896
0 3062 0.14896
0 3062 0.14896
0 3061 0.148976
1 3111 0.148976
1 3111 0.148976
1 3111 0.148976
1 3111 0.148976
1 3112 0.149
1 3112 0.149
1 3112 0.149
1 3112 0.149
0 3063 0.149008
0 3063 0.149008
0 3063 0.149008
0 3062 0.149024
1 3113 0.149024
1 3113 0.149024
1 3113 0.149024
1 3113 0.149024
1 3114 0.149048
1 3114 0.149048
1 3114 0.149048
1 3114 0.149048
0 3064 0.149056
0 3064 0.149056
0 3064 0.149056
0 3063 0.149072
1 3115 0.149072
1 3115 0.149072
1 3115 0.149072
1 3115 0.149072
1 3116 0.149096
1 3116 0.149096
1 3116 0.149096
1 3116 0.149096
0 3065 0.149104
0 3065 0.149104
0 3065 0.149104
0 3064 0.14912
1 3117 0.14912
1 3117 0.14912
1 3117 0.14912
1 3117 0.14912
1 3118 0.149144
1 3118 0.149144
1 3118 0.149144
1 3118 0.149144
0 3066 0.149152
0 3066 0.149152
0 3066 0.149152
0 3065 0.149168
1 3119 0.149168
1 3119 0.149168
1 3119 0.149168
1 3119 0.149168
1 3120 0.149192
1 3120 0.149192
1 3120 0.149192
1 3120 0.149192
0 3067 0.1492
0 3067 0.1492
0 3067 0.1492
0 3066 0.149216
1 3121 0.149216
1 3121 0.149216
1 3121 0.149216
1 3121 0.149216
1 3122 0.14924
1 3122 0.14924
1 3122 0.14924
1 3122 0.14924
0 3068 0.149248
0 3068 0.149248
0 3068 0.149248
0 3067 0.149264
1 3123 0.149264
1 3123 0.149264
1 3123 0.149264
1 3123 0.149264
1 3124 0.149288
1 3124 0.149288
1 3124 0.149288
1 3124 0.149288
0 3069 0.149296
0 3069 0.149296
0 3069 0.149296
0 3068 0.149312
1 3125 0.149312
1 3125 0.149312
1 3125 0.149312
1 3125 0.149312
1 3126 0.149336
1 3126 0.149336
1 3126 0.149336
1 3126 0.149336
0 3070 0.149344
0 3070 0.149344
0 3070 0.149344
0 3069 0.14936
1 3127 0.14936
1 3127 0.14936
1 3127 0.14936
1 3127 0.14936
1 3128 0.149384
1 3128 0.149384
1 3128 0.149384
1 3128 0.149384
0 3071 0.149392
0 3071 0.149392
0 3071 0.149392
0 3070 0.149408
1 3129 0.149408
1 3129 0.149408
1 3129 0.149408
1 3129 0.149408
1 3130 0.149432
1 3130 0.149432
1 3130 0.149432
1 3130 0.149432
0 3072 0.14944
0 3072 0.14944
0 3072 0.14944
0 3071 0.149456
1 3131 0.149456
1 3131 0.149456
1 3131 0.149456
1 3131 0.149456
1 3132 0.14948
1 3132 0.14948
1 3132 0.14948
1 3132 0.14948
0 3073 0.149488
0 3073 0.149488
0 3073 0.149488
0 3072 0.149504
1 3133 0.149504
1 3133 0.149504
1 3133 0.149504
1 3133 0.149504
1 3134 0.149528
1 3134 0.149528
1 3134 0.149528
1 3134 0.149528
0 3074 0.149536
0 3074 0.149536
0 3074 0.149536
0 3073 0.149552
1 3135 0.149552
1 3135 0.149552
1 3135 0.149552
1 3135 0.149552
1 3136 0.149576
1 3136 0.149576
1 3136 0.149576
1 3136 0.149576
0 3075 0.149584
0 3075 0.149584
0 3075 0.149584
0 3074 0.1496
1 3137 0.1496
1 3137 0.1496
1 3137 0.1496
1 3137 0.1496
1 3138 0.149624
1 3138 0.149624
1 3138 0.149624
1 3138 0.149624
0 3076 0.149632
0 3076 0.149632
0 3076 0.149632
0 3075 0.149648
1 3139 0.149648
1 3139 0.149648
1 3139 0.149648
1 3139 0.149648
1 3140 0.149672
1 3140 0.149672
1 3140 0.149672
1 3140 0.149672
0 3077 0.14968
0 3077 0.14968
0 3077 0.14968
0 3076 0.149696
1 3141 0.149696
1 3141 0.149696
1 3141 0.149696
1 3141 0.149696
1 3142 0.14972
1 3142 0.14972
1 3142 0.14972
1 3142 0.14972
0 3078 0.149728
0 3078 0.149728
0 3078 0.149728
0 3077 0.149744
1 3143 0.149744
1 3143 0.149744
1 3143 0.149744
1 3143 0.149744
1 3144 0.149768
1 3144 0.149768
1 3144 0.149768
1 3144 0.149768
0 3079 0.149776
0 3079 0.149776
0 3079 0.149776
0 3078 0.149792
1 3145 0.149792
1 3145 0.149792
1 3145 0.149792
1 3145 0.149792
1 3146 0.149816
1 3146 0.149816
1 3146 0.149816
1 3146 0.149816
0 3080 0.149824
0 3080 0.149824
0 3080 0.149824
0 3079 0.14984
1 3147 0.14984
1 3147 0.14984
1 3147 0.14984
1 3147 0.14984
1 3148 0.149864
1 3148 0.149864
1 3148 0.149864
1 3148 0.149864
0 3081 0.149872
0 3081 0.149872
0 3081 0.149872
0 3080 0.149888
1 3149 0.149888
1 3149 0.149888
1 3149 0.149888
1 3149 0.149888
1 3150 0.149912
1 3150 0.149912
1 3150 0.149912
1 3150 0.149912
0 3082 0.14992
0 3082 0.14992
0 3082 0.14992
0 3081 0.149936
1 3151 0.149936
1 3151 0.149936
1 3151 0.149936
1 3151 0.149936
1 3152 0.14996
1 3152 0.14996
1 3152 0.14996
1 3152 0.14996
0 3083 0.149968
0 3083 0.149968
0 3083 0.149968
0 3082 0.149984
1 3153 0.149984
1 3153 0.149984
1 3153 0.149984
1 3153 0.149984
1 3154 0.150008
1 3154 0.150008
1 3154 0.150008
1 3154 0.150008
0 3084 0.150016
0 3084 0.150016
0 3084 0.150016
0 3083 0.150032
1 3155 0.150032
1 3155 0.150032
1 3155 0.150032
1 3155 0.150032
1 3156 0.150056
1 3156 0.150056
1 3156 0.150056
1 3156 0.150056
0 3085 0.150064
0 3085 0.150064
0 3085 0.150064
0 3084 0.15008
1 3157 0.15008
1 3157 0.15008
1 3157 0.15008
1 3157 0.15008
1 3158 0.150104
1 3158 0.150104
1 3158 0.150104
1 3158 0.150104
0 3086 0.150112
0 3086 0.150112
0 3086 0.150112
0 3085 0.150128
1 3159 0.150128
1 3159 0.150128
1 3159 0.150128
1 3159 0.150128
1 3160 0.150152
1 3160 0.150152
1 3160 0.150152
1 3160 0.150152
0 3087 0.15016
0 3087 0.15016
0 3087 0.15016
0 3086 0.150176
1 3161 0.150176
1 3161 0.150176
1 3161 0.150176
1 3161 0.150176
1 3162 0.1502
1 3162 0.1502
1 3162 0.1502
1 3162 0.1502
0 3088 0.150208
0 3088 0.150208
0 3088 0.150208
0 3087 0.150224
1 3163 0.150224
1 3163 0.150224
1 3163 0.150224
1 3163 0.150224
1 3164 0.150248
1 3164 0.150248
1 3164 0.150248
1 3164 0.150248
0 3089 0.150256
0 3089 0.150256
0 3089 0.150256
0 3088 0.150272
1 3165 0.150272
1 3165 0.150272
1 3165 0.150272
1 3165 0.150272
1 3166 0.150296
1 3166 0.150296
1 3166 0.150296
1 3166 0.150296
0 3090 0.150304
0 3090 0.150304
0 3090 0.150304
0 3089 0.15032
1 3167 0.15032
1 3167 0.15032
1 3167 0.15032
1 3167 0.15032
1 3168 0.150344
1 3168 0.150344
1 3168 0.150344
1 3168 0.150344
0 3091 0.150352
0 3091 0.150352
0 3091 0.150352
0 3090 0.150368
1 3169 0.150368
1 3169 0.150368
1 3169 0.150368
1 3169 0.150368
1 3170 0.150392
1 3170 0.150392
1 3170 0.150392
1 3170 0.150392
0 3092 0.1504
0 3092 0.1504
0 3092 0.1504
0 3091 0.150416
1 3171 0.150416
1 3171 0.150416
1 3171 0.150416
1 3171 0.150416
1 3172 0.15044
1 3172 0.15044
1 3172 0.15044
1 3172 0.15044
0 3093 0.150448
0 3093 0.150448
0 3093 0.150448
0 3092 0.150464
1 3173 0.150464
1 3173 0.150464
1 3173 0.150464
1 3173 0.150464
1 3174 0.150488
1 3174 0.150488
1 3174 0.150488
1 3174 0.150488
0 3094 0.150496
0 3094 0.150496
0 3094 0.150496
0 3093 0.150512
1 3175 0.150512
1 3175 0.150512
1 3175 0.150512
1 3175 0.150512
1 3176 0.150536
1 3176 0.150536
1 3176 0.150536
1 3176 0.150536
0 3095 0.150544
0 3095 0.150544
0 3095 0.150544
0 3094 0.15056
1 3177 0.15056
1 3177 0.15056
1 3177 0.15056
1 3177 0.15056
1 3178 0.150584
1 3178 0.150584
1 3178 0.150584
1 3178 0.150584
0 3096 0.150592
0 3096 0.150592
0 3096 0.150592
0 3095 0.150608
1 3179 0.150608
1 3179 0.150608
1 3179 0.150608
1 3179 0.150608
1 3180 0.150632
1 3180 0.150632
1 3180 0.150632
1 3180 0.150632
0 3097 0.15064
0 3097 0.15064
0 3097 0.15064
0 3096 0.150656
1 3181 0.150656
1 3181 0.150656
1 3181 0.150656
1 3181 0.150656
1 3182 0.15068
1 3182 0.15068
1 3182 0.15068
1 3182 0.15068
0 3098 0.150688
0 3098 0.150688
0 3098 0.150688
0 3097 0.150704
1 3183 0.150704
1 3183 0.150704
1 3183 0.150704
1 3183 0.150704
1 3184 0.150728
1 3184 0.150728
1 3184 0.150728
1 3184 0.150728
0 3099 0.150736
0 3099 0.150736
0 3099 0.150736
0 3098 0.150752
1 3185 0.150752
1 3185 0.150752
1 3185 0.150752
1 3185 0.150752
1 3186 0.150776
1 3186 0.150776
1 3186 0.150776
1 3186 0.150776
0 3100 0.150784
0 3100 0.150784
0 3100 0.150784
0 3099 0.1508
1 3187 0.1508
1 3187 0.1508
1 3187 0.1508
1 3187 0.1508
1 3188 0.150824
1 3188 0.150824
1 3188 0.150824
1 3188 0.150824
0 3101 0.150832
0 3101 0.150832
0 3101 0.150832
0 3100 0.150848
1 3189 0.150848
1 3189 0.150848
1 3189 0.150848
1 3189 0.150848
1 3190 0.150872
1 3190 0.150872
1 3190 0.150872
1 3190 0.150872
0 3102 0.15088
0 3102 0.15088
0 3102 0.15088
0 3101 0.150896
1 3191 0.150896
1 3191 0.150896
1 3191 0.150896
1 3191 0.150896
1 3192 0.15092
1 3192 0.15092
1 3192 0.15092
1 3192 0.15092
0 3103 0.150928
0 3103 0.150928
0 3103 0.150928
0 3102 0.150944
1 3193 0.150944
1 3193 0.150944
1 3193 0.150944
1 3193 0.150944
1 3194 0.150968
1 3194 0.150968
1 3194 0.150968
1 3194 0.150968
0 3104 0.150976
0 3104 0.150976
0 3104 0.150976
0 3103 0.150992
1 3195 0.150992
1 3195 0.150992
1 3195 0.150992
1 3195 0.150992
1 3196 0.151016
1 3196 0.151016
1 3196 0.151016
1 3196 0.151016
0 3105 0.151024
0 3105 0.151024
0 3105 0.151024
0 3104 0.15104
1 3197 0.15104
1 3197 0.15104
1 3197 0.15104
1 3197 0.15104
1 3198 0.151064
1 3198 0.151064
1 3198 0.151064
1 3198 0.151064
0 3106 0.151072
0 3106 0.151072
0 3106 0.151072
0 3105 0.151088
1 3199 0.151088
1 3199 0.151088
1 3199 0.151088
1 3199 0.151088
1 3200 0.151112
1 3200 0.151112
1 3200 0.151112
1 3200 0.151112
0 3107 0.15112
0 3107 0.15112
0 3107 0.15112
0 3106 0.151136
1 3201 0.151136
1 3201 0.151136
1 3201 0.151136
1 3201 0.151136
1 3202 0.15116
1 3202 0.15116
1 3202 0.15116
1 3202 0.15116
0 3108 0.151168
0 3108 0.151168
0 3108 0.151168
0 3107 0.151184
1 3203 0.151184
1 3203 0.151184
1 3203 0.151184
1 3203 0.151184
1 3204 0.151208
1 3204 0.151208
1 3204 0.151208
1 3204 0.151208
0 3109 0.151216
0 3109 0.151216
0 3109 0.151216
0 3108 0.151232
1 3205 0.151232
1 3205 0.151232
1 3205 0.151232
1 3205 0.151232
1 3206 0.151256
1 3206 0.151256
1 3206 0.151256
1 3206 0.151256
0 3110 0.151264
0 3110 0.151264
0 3110 0.151264
0 3109 0.15128
1 3207 0.15128
1 3207 0.15128
1 3207 0.15128
1 3207 0.15128
1 3208 0.151304
1 3208 0.151304
1 3208 0.151304
1 3208 0.151304
0 3111 0.151312
0 3111 0.151312
0 3111 0.151312
0 3110 0.151328
1 3209 0.151328
1 3209 0.151328
1 3209 0.151328
1 3209 0.151328
1 3210 0.151352
1 3210 0.151352
1 3210 0.151352
1 3210 0.151352
0 3112 0.15136
0 3112 0.15136
0 3112 0.15136
0 3111 0.151376
1 3211 0.151376
1 3211 0.151376
1 3211 0.151376
1 3211 0.151376
1 3212 0.1514
1 3212 0.1514
1 3212 0.1514
1 3212 0.1514
0 3113 0.151408
0 3113 0.151408
0 3113 0.151408
0 3112 0.151424
1 3213 0.151424
1 3213 0.151424
1 3213 0.151424
1 3213 0.151424
1 3214 0.151448
1 3214 0.151448
1 3214 0.151448
1 3214 0.151448
0 3114 0.151456
0 3114 0.151456
0 3114 0.151456
0 3113 0.151472
1 3215 0.151472
1 3215 0.151472
1 3215 0.151472
1 3215 0.151472
1 3216 0.151496
1 3216 0.151496
1 3216 0.151496
1 3216 0.151496
0 3115 0.151504
0 3115 0.151504
0 3115 0.151504
0 3114 0.15152
1 3217 0.15152
1 3217 0.15152
1 3217 0.15152
1 3217 0.15152
1 3218 0.151544
1 3218 0.151544
1 3218 0.151544
1 3218 0.151544
0 3116 0.151552
0 3116 0.151552
0 3116 0.151552
0 3115 0.151568
1 3219 0.151568
1 3219 0.151568
1 3219 0.151568
1 3219 0.151568
1 3220 0.151592
1 3220 0.151592
1 3220 0.151592
1 3220 0.151592
0 3117 0.1516
0 3117 0.1516
0 3117 0.1516
0 3116 0.151616
1 3221 0.151616
1 3221 0.151616
1 3221 0.151616
1 3221 0.151616
1 3222 0.15164
1 3222 0.15164
1 3222 0.15164
1 3222 0.15164
0 3118 0.151648
0 3118 0.151648
0 3118 0.151648
0 3117 0.151664
1 3223 0.151664
1 3223 0.151664
1 3223 0.151664
1 3223 0.151664
1 3224 0.151688
1 3224 0.151688
1 3224 0.151688
1 3224 0.151688
0 3119 0.151696
0 3119 0.151696
0 3119 0.151696
0 3118 0.151712
1 3225 0.151712
1 3225 0.151712
1 3225 0.151712
1 3225 0.151712
1 3226 0.151736
1 3226 0.151736
1 3226 0.151736
1 3226 0.151736
0 3120 0.151744
0 3120 0.151744
0 3120 0.151744
0 3119 0.15176
1 3227 0.15176
1 3227 0.15176
1 3227 0.15176
1 3227 0.15176
1 3228 0.151784
1 3228 0.151784
1 3228 0.151784
1 3228 0.151784
0 3121 0.151792
0 3121 0.151792
0 3121 0.151792
0 3120 0.151808
1 3229 0.151808
1 3229 0.151808
1 3229 0.151808
1 3229 0.151808
0 3122 0.15184
0 3122 0.15184
0 3122 0.15184
0 3121 0.151856
0 3123 0.151888
0 3123 0.151888
0 3123 0.151888
0 3122 0.151904
0 3124 0.151936
0 3124 0.151936
0 3124 0.151936
0 3123 0.151952
0 3125 0.151984
0 3125 0.151984
0 3125 0.151984
0 3124 0.152
0 3126 0.152032
0 3126 0.152032
0 3126 0.152032
0 3125 0.152048
0 3127 0.15208
0 3127 0.15208
0 3127 0.15208
0 3126 0.152096
0 3128 0.152128
0 3128 0.152128
0 3128 0.152128
0 3127 0.152144
0 3129 0.152176
0 3129 0.152176
0 3129 0.152176
0 3128 0.152192
0 3130 0.152224
0 3130 0.152224
0 3130 0.152224
0 3129 0.15224
0 3131 0.152272
0 3131 0.152272
0 3131 0.152272
0 3130 0.152288
0 3132 0.15232
0 3132 0.15232
0 3132 0.15232
0 3131 0.152336
0 3133 0.152368
0 3133 0.152368
0 3133 0.152368
0 3132 0.152384
0 3134 0.152416
0 3134 0.152416
0 3134 0.152416
0 3133 0.152432
0 3135 0.152464
0 3135 0.152464
0 3135 0.152464
0 3134 0.15248
0 3136 0.152512
0 3136 0.152512
0 3136 0.152512
0 3135 0.152528
0 3137 0.15256
0 3137 0.15256
0 3137 0.15256
0 3136 0.152576
0 3138 0.152608
0 3138 0.152608
0 3138 0.152608
0 3137 0.152624
0 3139 0.152656
0 3139 0.152656
0 3139 0.152656
0 3138 0.152672
0 3140 0.152704
0 3140 0.152704
0 3140 0.152704
0 3139 0.15272
0 3141 0.152752
0 3141 0.152752
0 3141 0.152752
0 3140 0.152768
0 3142 0.1528
0 3142 0.1528
0 3142 0.1528
0 3141 0.152816
0 3143 0.152848
0 3143 0.152848
0 3143 0.152848
0 3142 0.152864
0 3144 0.152896
0 3144 0.152896
0 3144 0.152896
0 3143 0.152912
0 3145 0.152944
0 3145 0.152944
0 3145 0.152944
0 3144 0.15296
0 3146 0.152992
0 3146 0.152992
0 3146 0.152992
0 3145 0.153008
0 3147 0.15304
0 3147 0.15304
0 3147 0.15304
0 3146 0.153056
0 3148 0.153088
0 3148 0.153088
0 3148 0.153088
0 3147 0.153104
0 3149 0.153136
0 3149 0.153136
0 3149 0.153136
0 3148 0.153152
0 3150 0.153184
0 3150 0.153184
0 3150 0.153184
0 3149 0.1532
0 3151 0.153232
0 3151 0.153232
0 3151 0.153232
0 3150 0.153248
0 3152 0.15328
0 3152 0.15328
0 3152 0.15328
0 3151 0.153296
0 3153 0.153328
0 3153 0.153328
0 3153 0.153328
0 3152 0.153344
0 3154 0.153376
0 3154 0.153376
0 3154 0.153376
0 3153 0.153392
0 3155 0.153424
0 3155 0.153424
0 3155 0.153424
0 3154 0.15344
0 3156 0.153472
0 3156 0.153472
0 3156 0.153472
0 3155 0.153488
0 3157 0.15352
0 3157 0.15352
0 3157 0.15352
0 3156 0.153536
0 3158 0.153568
0 3158 0.153568
0 3158 0.153568
0 3157 0.153584
0 3159 0.153616
0 3159 0.153616
0 3159 0.153616
0 3158 0.153632
0 3160 0.153664
0 3160 0.153664
0 3160 0.153664
0 3159 0.15368
0 3161 0.153712
0 3161 0.153712
0 3161 0.153712
0 3160 0.153728
0 3162 0.15376
0 3162 0.15376
0 3162 0.15376
0 3161 0.153776
0 3163 0.153808
0 3163 0.153808
0 3163 0.153808
0 3162 0.153824
0 3164 0.153856
0 3164 0.153856
0 3164 0.153856
0 3163 0.153872
0 3165 0.153904
0 3165 0.153904
0 3165 0.153904
0 3164 0.15392
0 3166 0.153952
0 3166 0.153952
0 3166 0.153952
0 3165 0.153968
0 3167 0.154
0 3167 0.154
0 3167 0.154
0 3166 0.154016
0 3168 0.154048
0 3168 0.154048
0 3168 0.154048
0 3167 0.154064
0 3169 0.154096
0 3169 0.154096
0 3169 0.154096
0 3168 0.154112
0 3170 0.154144
0 3170 0.154144
0 3170 0.154144
0 3169 0.15416
0 3171 0.154192
0 3171 0.154192
0 3171 0.154192
0 3170 0.154208
0 3172 0.15424
0 3172 0.15424
0 3172 0.15424
0 3171 0.154256
0 3173 0.154288
0 3173 0.154288
0 3173 0.154288
0 3172 0.154304
0 3174 0.154336
0 3174 0.154336
0 3174 0.154336
0 3173 0.154352
0 3175 0.154384
0 3175 0.154384
0 3175 0.154384
0 3174 0.1544
0 3176 0.154432
0 3176 0.154432
0 3176 0.154432
0 3175 0.154448
0 3177 0.15448
0 3177 0.15448
0 3177 0.15448
0 3176 0.154496
0 3178 0.154528
0 3178 0.154528
0 3178 0.154528
0 3177 0.154544
0 3179 0.154576
0 3179 0.154576
0 3179 0.154576
0 3178 0.154592
0 3180 0.154624
0 3180 0.154624
0 3180 0.154624
0 3179 0.15464
0 3181 0.154672
0 3181 0.154672
0 3181 0.154672
0 3180 0.154688
0 3182 0.15472
0 3182 0.15472
0 3182 0.15472
0 3181 0.154736
0 3183 0.154768
0 3183 0.154768
0 3183 0.154768
0 3182 0.154784
0 3184 0.154816
0 3184 0.154816
0 3184 0.154816
0 3183 0.154832
0 3185 0.154864
0 3185 0.154864
0 3185 0.154864
0 3184 0.15488
0 3186 0.154912
0 3186 0.154912
0 3186 0.154912
0 3185 0.154928
0 3187 0.15496
0 3187 0.15496
0 3187 0.15496
0 3186 0.154976
0 3188 0.155008
0 3188 0.155008
0 3188 0.155008
0 3187 0.155024
0 3189 0.155056
0 3189 0.155056
0 3189 0.155056
0 3188 0.155072
0 3190 0.155104
0 3190 0.155104
0 3190 0.155104
0 3189 0.15512
0 3191 0.155152
0 3191 0.155152
0 3191 0.155152
0 3190 0.155168
0 3192 0.1552
0 3192 0.1552
0 3192 0.1552
0 3191 0.155216
0 3193 0.155248
0 3193 0.155248
0 3193 0.155248
0 3192 0.155264
0 3194 0.155296
0 3194 0.155296
0 3194 0.155296
0 3193 0.155312
0 3195 0.155344
0 3195 0.155344
0 3195 0.155344
0 3194 0.15536
0 3196 0.155392
0 3196 0.155392
0 3196 0.155392
0 3195 0.155408
0 3197 0.15544
0 3197 0.15544
0 3197 0.15544
0 3196 0.155456
0 3198 0.155488
0 3198 0.155488
0 3198 0.155488
0 3197 0.155504
0 3199 0.155536
0 3199 0.155536
0 3199 0.155536
0 3198 0.155552
0 3200 0.155584
0 3200 0.155584
0 3200 0.155584
0 3199 0.1556
0 3201 0.155632
0 3201 0.155632
0 3201 0.155632
0 3200 0.155648
0 3202 0.15568
0 3202 0.15568
0 3202 0.15568
0 3201 0.155696
0 3203 0.155728
0 3203 0.155728
0 3203 0.155728
0 3202 0.155744
0 3204 0.155776
0 3204 0.155776
0 3204 0.155776
0 3203 0.155792
0 3205 0.155824
0 3205 0.155824
0 3205 0.155824
0 3204 0.15584
1 3230 0.155848
1 3230 0.155848
1 3230 0.155848
1 3230 0.155848
0 3206 0.155872
0 3206 0.155872
0 3206 0.155872
1 3231 0.155872
1 3231 0.155872
1 3231 0.155872
1 3231 0.155872
0 3205 0.155888
1 3232 0.155896
1 3232 0.155896
1 3232 0.155896
1 3232 0.155896
0 3207 0.15592
0 3207 0.15592
0 3207 0.15592
1 3233 0.15592
1 3233 0.15592
1 3233 0.15592
1 3233 0.15592
0 3206 0.155936
1 3234 0.155944
1 3234 0.155944
1 3234 0.155944
1 3234 0.155944
0 3208 0.155968
0 3208 0.155968
0 3208 0.155968
1 3235 0.155968
1 3235 0.155968
1 3235 0.155968
1 3235 0.155968
0 3207 0.155984
1 3236 0.155992
1 3236 0.155992
1 3236 0.155992
1 3236 0.155992
0 3209 0.156016
0 3209 0.156016
0 3209 0.156016
1 3237 0.156016
1 3237 0.156016
1 3237 0.156016
1 3237 0.156016
0 3208 0.156032
1 3238 0.15604
1 3238 0.15604
1 3238 0.15604
1 3238 0.15604
0 3210 0.156064
0 3210 0.156064
0 3210 0.156064
1 3239 0.156064
1 3239 0.156064
1 3239 0.156064
1 3239 0.156064
0 3209 0.15608
1 3240 0.156088
1 3240 0.156088
1 3240 0.156088
1 3240 0.156088
0 3211 0.156112
0 3211 0.156112
0 3211 0.156112
1 3241 0.156112
1 3241 0.156112
1 3241 0.156112
1 3241 0.156112
0 3210 0.156128
1 3242 0.156136
1 3242 0.156136
1 3242 0.156136
1 3242 0.156136
0 3212 0.15616
0 3212 0.15616
0 3212 0.15616
1 3243 0.15616
1 3243 0.15616
1 3243 0.15616
1 3243 0.15616
0 3211 0.156176
1 3244 0.156184
1 3244 0.156184
1 3244 0.156184
1 3244 0.156184
0 3213 0.156208
0 3213 0.156208
0 3213 0.156208
1 3245 0.156208
1 3245 0.156208
1 3245 0.156208
1 3245 0.156208
0 3212 0.156224
1 3246 0.156232
1 3246 0.156232
1 3246 0.156232
1 3246 0.156232
0 3214 0.156256
0 3214 0.156256
0 3214 0.156256
1 3247 0.156256
1 3247 0.156256
1 3247 0.156256
1 3247 0.156256
0 3213 0.156272
1 3248 0.15628
1 3248 0.15628
1 3248 0.15628
1 3248 0.15628
0 3215 0.156304
0 3215 0.156304
0 3215 0.156304
1 3249 0.156304
1 3249 0.156304
1 3249 0.156304
1 3249 0.156304
0 3214 0.15632
1 3250 0.156328
1 3250 0.156328
1 3250 0.156328
1 3250 0.156328
0 3216 0.156352
0 3216 0.156352
0 3216 0.156352
1 3251 0.156352
1 3251 0.156352
1 3251 0.156352
1 3251 0.156352
0 3215 0.156368
1 3252 0.156376
1 3252 0.156376
1 3252 0.156376
1 3252 0.156376
0 3217 0.1564
0 3217 0.1564
0 3217 0.1564
1 3253 0.1564
1 3253 0.1564
1 3253 0.1564
1 3253 0.1564
0 3216 0.156416
1 3254 0.156424
1 3254 0.156424
1 3254 0.156424
1 3254 0.156424
0 3218 0.156448
0 3218 0.156448
0 3218 0.156448
1 3255 0.156448
1 3255 0.156448
1 3255 0.156448
1 3255 0.156448
0 3217 0.156464
1 3256 0.156472
1 3256 0.156472
1 3256 0.156472
1 3256 0.156472
0 3219 0.156496
0 3219 0.156496
0 3219 0.156496
1 3257 0.156496
1 3257 0.156496
1 3257 0.156496
1 3257 0.156496
0 3218 0.156512
1 3258 0.15652
1 3258 0.15652
1 3258 0.15652
1 3258 0.15652
0 3220 0.156544
0 3220 0.156544
0 3220 0.156544
1 3259 0.156544
1 3259 0.156544
1 3259 0.156544
1 3259 0.156544
0 3219 0.15656
1 3260 0.156568
1 3260 0.156568
1 3260 0.156568
1 3260 0.156568
0 3221 0.156592
0 3221 0.156592
0 3221 0.156592
1 3261 0.156592
1 3261 0.156592
1 3261 0.156592
1 3261 0.156592
0 3220 0.156608
1 3262 0.156616
1 3262 0.156616
1 3262 0.156616
1 3262 0.156616
0 3222 0.15664
0 3222 0.15664
0 3222 0.15664
1 3263 0.15664
1 3263 0.15664
1 3263 0.15664
1 3263 0.15664
0 3221 0.156656
1 3264 0.156664
1 3264 0.156664
1 3264 0.156664
1 3264 0.156664
0 3223 0.156688
0 3223 0.156688
0 3223 0.156688
1 3265 0.156688
1 3265 0.156688
1 3265 0.156688
1 3265 0.156688
0 3222 0.156704
1 3266 0.156712
1 3266 0.156712
1 3266 0.156712
1 3266 0.156712
0 3224 0.156736
0 3224 0.156736
0 3224 0.156736
1 3267 0.156736
1 3267 0.156736
1 3267 0.156736
1 3267 0.156736
0 3223 0.156752
1 3268 0.15676
1 3268 0.15676
1 3268 0.15676
1 3268 0.15676
0 3225 0.156784
0 3225 0.156784
0 3225 0.156784
1 3269 0.156784
1 3269 0.156784
1 3269 0.156784
1 3269 0.156784
0 3224 0.1568
1 3270 0.156808
1 3270 0.156808
1 3270 0.156808
1 3270 0.156808
0 3226 0.156832
0 3226 0.156832
0 3226 0.156832
1 3271 0.156832
1 3271 0.156832
1 3271 0.156832
1 3271 0.156832
0 3225 0.156848
1 3272 0.156856
1 3272 0.156856
1 3272 0.156856
1 3272 0.156856
0 3227 0.15688
0 3227 0.15688
0 3227 0.15688
1 3273 0.15688
1 3273 0.15688
1 3273 0.15688
1 3273 0.15688
0 3226 0.156896
1 3274 0.156904
1 3274 0.156904
1 3274 0.156904
1 3274 0.156904
0 3228 0.156928
0 3228 0.156928
0 3228 0.156928
1 3275 0.156928
1 3275 0.156928
1 3275 0.156928
1 3275 0.156928
0 3227 0.156944
1 3276 0.156952
1 3276 0.156952
1 3276 0.156952
1 3276 0.156952
0 3229 0.156976
0 3229 0.156976
0 3229 0.156976
1 3277 0.156976
1 3277 0.156976
1 3277 0.156976
1 3277 0.156976
0 3228 0.156992
1 3278 0.157
1 3278 0.157
1 3278 0.157
1 3278 0.157
0 3230 0.157024
0 3230 0.157024
0 3230 0.157024
1 3279 0.157024
1 3279 0.157024
1 3279 0.157024
1 3279 0.157024
0 3229 0.15704
1 3280 0.157048
1 3280 0.157048
1 3280 0.157048
1 3280 0.157048
0 3231 0.157072
0 3231 0.157072
0 3231 0.157072
1 3281 0.157072
1 3281 0.157072
1 3281 0.157072
1 3281 0.157072
0 3230 0.157088
1 3282 0.157096
1 3282 0.157096
1 3282 0.157096
1 3282 0.157096
0 3232 0.15712
0 3232 0.15712
0 3232 0.15712
1 3283 0.15712
1 3283 0.15712
1 3283 0.15712
1 3283 0.15712
0 3231 0.157136
1 3284 0.157144
1 3284 0.157144
1 3284 0.157144
1 3284 0.157144
0 3233 0.157168
0 3233 0.157168
0 3233 0.157168
1 3285 0.157168
1 3285 0.157168
1 3285 0.157168
1 3285 0.157168
0 3232 0.157184
1 3286 0.157192
1 3286 0.157192
1 3286 0.157192
1 3286 0.157192
0 3234 0.157216
0 3234 0.157216
0 3234 0.157216
1 3287 0.157216
1 3287 0.157216
1 3287 0.157216
1 3287 0.157216
0 3233 0.157232
1 3288 0.15724
1 3288 0.15724
1 3288 0.15724
1 3288 0.15724
0 3235 0.157264
0 3235 0.157264
0 3235 0.157264
1 3289 0.157264
1 3289 0.157264
1 3289 0.157264
1 3289 0.157264
0 3234 0.15728
1 3290 0.157288
1 3290 0.157288
1 3290 0.157288
1 3290 0.157288
0 3236 0.157312
0 3236 0.157312
0 3236 0.157312
1 3291 0.157312
1 3291 0.157312
1 3291 0.157312
1 3291 0.157312
0 3235 0.157328
1 3292 0.157336
1 3292 0.157336
1 3292 0.157336
1 3292 0.157336
0 3237 0.15736
0 3237 0.15736
0 3237 0.15736
1 3293 0.15736
1 3293 0.15736
1 3293 0.15736
1 3293 0.15736
0 3236 0.157376
1 3294 0.157384
1 3294 0.157384
1 3294 0.157384
1 3294 0.157384
0 3238 0.157408
0 3238 0.157408
0 3238 0.157408
1 3295 0.157408
1 3295 0.157408
1 3295 0.157408
1 3295 0.157408
0 3237 0.157424
1 3296 0.157432
1 3296 0.157432
1 3296 0.157432
1 3296 0.157432
0 3239 0.157456
0 3239 0.157456
0 3239 0.157456
1 3297 0.157456
1 3297 0.157456
1 3297 0.157456
1 3297 0.157456
0 3238 0.157472
1 3298 0.15748
1 3298 0.15748
1 3298 0.15748
1 3298 0.15748
0 3240 0.157504
0 3240 0.157504
0 3240 0.157504
1 3299 0.157504
1 3299 0.157504
1 3299 0.157504
1 3299 0.157504
0 3239 0.15752
1 3300 0.157528
1 3300 0.157528
1 3300 0.157528
1 3300 0.157528
0 3241 0.157552
0 3241 0.157552
0 3241 0.157552
1 3301 0.157552
1 3301 0.157552
1 3301 0.157552
1 3301 0.157552
0 3240 0.157568
1 3302 0.157576
1 3302 0.157576
1 3302 0.157576
1 3302 0.157576
0 3242 0.1576
0 3242 0.1576
0 3242 0.1576
1 3303 0.1576
1 3303 0.1576
1 3303 0.1576
1 3303 0.1576
0 3241 0.157616
1 3304 0.157624
1 3304 0.157624
1 3304 0.157624
1 3304 0.157624
0 3243 0.157648
0 3243 0.157648
0 3243 0.157648
1 3305 0.157648
1 3305 0.157648
1 3305 0.157648
1 3305 0.157648
0 3242 0.157664
1 3306 0.157672
1 3306 0.157672
1 3306 0.157672
1 3306 0.157672
0 3244 0.157696
0 3244 0.157696
0 3244 0.157696
1 3307 0.157696
1 3307 0.157696
1 3307 0.157696
1 3307 0.157696
0 3243 0.157712
1 3308 0.15772
1 3308 0.15772
1 3308 0.15772
1 3308 0.15772
0 3245 0.157744
0 3245 0.157744
0 3245 0.157744
1 3309 0.157744
1 3309 0.157744
1 3309 0.157744
1 3309 0.157744
0 3244 0.15776
1 3310 0.157768
1 3310 0.157768
1 3310 0.157768
1 3310 0.157768
0 3246 0.157792
0 3246 0.157792
0 3246 0.157792
1 3311 0.157792
1 3311 0.157792
1 3311 0.157792
1 3311 0.157792
0 3245 0.157808
1 3312 0.157816
1 3312 0.157816
1 3312 0.157816
1 3312 0.157816
0 3247 0.15784
0 3247 0.15784
0 3247 0.15784
1 3313 0.15784
1 3313 0.15784
1 3313 0.15784
1 3313 0.15784
0 3246 0.157856
1 3314 0.157864
1 3314 0.157864
1 3314 0.157864
1 3314 0.157864
0 3248 0.157888
0 3248 0.157888
0 3248 0.157888
1 3315 0.157888
1 3315 0.157888
1 3315 0.157888
1 3315 0.157888
0 3247 0.157904
1 3316 0.157912
1 3316 0.157912
1 3316 0.157912
1 3316 0.157912
0 3249 0.157936
0 3249 0.157936
0 3249 0.157936
1 3317 0.157936
1 3317 0.157936
1 3317 0.157936
1 3317 0.157936
0 3248 0.157952
1 3318 0.15796
1 3318 0.15796
1 3318 0.15796
1 3318 0.15796
0 3250 0.157984
0 3250 0.157984
0 3250 0.157984
1 3319 0.157984
1 3319 0.157984
1 3319 0.157984
1 3319 0.157984
0 3249 0.158
1 3320 0.158008
1 3320 0.158008
1 3320 0.158008
1 3320 0.158008
0 3251 0.158032
0 3251 0.158032
0 3251 0.158032
1 3321 0.158032
1 3321 0.158032
1 3321 0.158032
1 3321 0.158032
0 3250 0.158048
1 3322 0.158056
1 3322 0.158056
1 3322 0.158056
1 3322 0.158056
0 3252 0.15808
0 3252 0.15808
0 3252 0.15808
1 3323 0.15808
1 3323 0.15808
1 3323 0.15808
1 3323 0.15808
0 3251 0.158096
1 3324 0.158104
1 3324 0.158104
1 3324 0.158104
1 3324 0.158104
0 3253 0.158128
0 3253 0.158128
0 3253 0.158128
1 3325 0.158128
1 3325 0.158128
1 3325 0.158128
1 3325 0.158128
0 3252 0.158144
1 3326 0.158152
1 3326 0.158152
1 3326 0.158152
1 3326 0.158152
0 3254 0.158176
0 3254 0.158176
0 3254 0.158176
1 3327 0.158176
1 3327 0.158176
1 3327 0.158176
1 3327 0.158176
0 3253 0.158192
1 3328 0.1582
1 3328 0.1582
1 3328 0.1582
1 3328 0.1582
0 3255 0.158224
0 3255 0.158224
0 3255 0.158224
1 3329 0.158224
1 3329 0.158224
1 3329 0.158224
1 3329 0.158224
0 3254 0.15824
1 3330 0.158248
1 3330 0.158248
1 3330 0.158248
1 3330 0.158248
0 3256 0.158272
0 3256 0.158272
0 3256 0.158272
1 3331 0.158272
1 3331 0.158272
1 3331 0.158272
1 3331 0.158272
0 3255 0.158288
1 3332 0.158296
1 3332 0.158296
1 3332 0.158296
1 3332 0.158296
0 3257 0.15832
0 3257 0.15832
0 3257 0.15832
1 3333 0.15832
1 3333 0.15832
1 3333 0.15832
1 3333 0.15832
0 3256 0.158336
1 3334 0.158344
1 3334 0.158344
1 3334 0.158344
1 3334 0.158344
0 3258 0.158368
0 3258 0.158368
0 3258 0.158368
1 3335 0.158368
1 3335 0.158368
1 3335 0.158368
1 3335 0.158368
0 3257 0.158384
1 3336 0.158392
1 3336 0.158392
1 3336 0.158392
1 3336 0.158392
0 3259 0.158416
0 3259 0.158416
0 3259 0.158416
1 3337 0.158416
1 3337 0.158416
1 3337 0.158416
1 3337 0.158416
0 3258 0.158432
1 3338 0.15844
1 3338 0.15844
1 3338 0.15844
1 3338 0.15844
0 3260 0.158464
0 3260 0.158464
0 3260 0.158464
1 3339 0.158464
1 3339 0.158464
1 3339 0.158464
1 3339 0.158464
0 3259 0.15848
1 3340 0.158488
1 3340 0.158488
1 3340 0.158488
1 3340 0.158488
0 3261 0.158512
0 3261 0.158512
0 3261 0.158512
1 3341 0.158512
1 3341 0.158512
1 3341 0.158512
1 3341 0.158512
0 3260 0.158528
1 3342 0.158536
1 3342 0.158536
1 3342 0.158536
1 3342 0.158536
0 3262 0.15856
0 3262 0.15856
0 3262 0.15856
1 3343 0.15856
1 3343 0.15856
1 3343 0.15856
1 3343 0.15856
0 3261 0.158576
1 3344 0.158584
1 3344 0.158584
1 3344 0.158584
1 3344 0.158584
0 3263 0.158608
0 3263 0.158608
0 3263 0.158608
1 3345 0.158608
1 3345 0.158608
1 3345 0.158608
1 3345 0.158608
0 3262 0.158624
1 3346 0.158632
1 3346 0.158632
1 3346 0.158632
1 3346 0.158632
0 3264 0.158656
0 3264 0.158656
0 3264 0.158656
1 3347 0.158656
1 3347 0.158656
1 3347 0.158656
1 3347 0.158656
0 3263 0.158672
1 3348 0.15868
1 3348 0.15868
1 3348 0.15868
1 3348 0.15868
0 3265 0.158704
0 3265 0.158704
0 3265 0.158704
1 3349 0.158704
1 3349 0.158704
1 3349 0.158704
1 3349 0.158704
0 3264 0.15872
1 3350 0.158728
1 3350 0.158728
1 3350 0.158728
1 3350 0.158728
0 3266 0.158752
0 3266 0.158752
0 3266 0.158752
1 3351 0.158752
1 3351 0.158752
1 3351 0.158752
1 3351 0.158752
0 3265 0.158768
1 3352 0.158776
1 3352 0.158776
1 3352 0.158776
1 3352 0.158776
0 3267 0.1588
0 3267 0.1588
0 3267 0.1588
1 3353 0.1588
1 3353 0.1588
1 3353 0.1588
1 3353 0.1588
0 3266 0.158816
1 3354 0.158824
1 3354 0.158824
1 3354 0.158824
1 3354 0.158824
0 3268 0.158848
0 3268 0.158848
0 3268 0.158848
1 3355 0.158848
1 3355 0.158848
1 3355 0.158848
1 3355 0.158848
0 3267 0.158864
1 3356 0.158872
1 3356 0.158872
1 3356 0.158872
1 3356 0.158872
0 3269 0.158896
0 3269 0.158896
0 3269 0.158896
1 3357 0.158896
1 3357 0.158896
1 3357 0.158896
1 3357 0.158896
0 3268 0.158912
1 3358 0.15892
1 3358 0.15892
1 3358 0.15892
1 3358 0.15892
0 3270 0.158944
0 3270 0.158944
0 3270 0.158944
1 3359 0.158944
1 3359 0.158944
1 3359 0.158944
1 3359 0.158944
0 3269 0.15896
1 3360 0.158968
1 3360 0.158968
1 3360 0.158968
1 3360 0.158968
0 3271 0.158992
0 3271 0.158992
0 3271 0.158992
1 3361 0.158992
1 3361 0.158992
1 3361 0.158992
1 3361 0.158992
0 3270 0.159008
1 3362 0.159016
1 3362 0.159016
1 3362 0.159016
1 3362 0.159016
0 3272 0.15904
0 3272 0.15904
0 3272 0.15904
1 3363 0.15904
1 3363 0.15904
1 3363 0.15904
1 3363 0.15904
0 3271 0.159056
1 3364 0.159064
1 3364 0.159064
1 3364 0.159064
1 3364 0.159064
0 3273 0.159088
0 3273 0.159088
0 3273 0.159088
1 3365 0.159088
1 3365 0.159088
1 3365 0.159088
1 3365 0.159088
0 3272 0.159104
1 3366 0.159112
1 3366 0.159112
1 3366 0.159112
1 3366 0.159112
0 3274 0.159136
0 3274 0.159136
0 3274 0.159136
1 3367 0.159136
1 3367 0.159136
1 3367 0.159136
1 3367 0.159136
0 3273 0.159152
1 3368 0.15916
1 3368 0.15916
1 3368 0.15916
1 3368 0.15916
0 3275 0.159184
0 3275 0.159184
0 3275 0.159184
1 3369 0.159184
1 3369 0.159184
1 3369 0.159184
1 3369 0.159184
0 3274 0.1592
1 3370 0.159208
1 3370 0.159208
1 3370 0.159208
1 3370 0.159208
0 3276 0.159232
0 3276 0.159232
0 3276 0.159232
1 3371 0.159232
1 3371 0.159232
1 3371 0.159232
1 3371 0.159232
0 3275 0.159248
1 3372 0.159256
1 3372 0.159256
1 3372 0.159256
1 3372 0.159256
0 3277 0.15928
0 3277 0.15928
0 3277 0.15928
1 3373 0.15928
1 3373 0.15928
1 3373 0.15928
1 3373 0.15928
0 3276 0.159296
1 3374 0.159304
1 3374 0.159304
1 3374 0.159304
1 3374 0.159304
0 3278 0.159328
0 3278 0.159328
0 3278 0.159328
1 3375 0.159328
1 3375 0.159328
1 3375 0.159328
1 3375 0.159328
0 3277 0.159344
1 3376 0.159352
1 3376 0.159352
1 3376 0.159352
1 3376 0.159352
0 3279 0.159376
0 3279 0.159376
0 3279 0.159376
1 3377 0.159376
1 3377 0.159376
1 3377 0.159376
1 3377 0.159376
0 3278 0.159392
1 3378 0.1594
1 3378 0.1594
1 3378 0.1594
1 3378 0.1594
0 3280 0.159424
0 3280 0.159424
0 3280 0.159424
1 3379 0.159424
1 3379 0.159424
1 3379 0.159424
1 3379 0.159424
0 3279 0.15944
1 3380 0.159448
1 3380 0.159448
1 3380 0.159448
1 3380 0.159448
0 3281 0.159472
0 3281 0.159472
0 3281 0.159472
1 3381 0.159472
1 3381 0.159472
1 3381 0.159472
1 3381 0.159472
0 3280 0.159488
1 3382 0.159496
1 3382 0.159496
1 3382 0.159496
1 3382 0.159496
0 3282 0.15952
0 3282 0.15952
0 3282 0.15952
1 3383 0.15952
1 3383 0.15952
1 3383 0.15952
1 3383 0.15952
0 3281 0.159536
1 3384 0.159544
1 3384 0.159544
1 3384 0.159544
1 3384 0.159544
0 3283 0.159568
0 3283 0.159568
0 3283 0.159568
1 3385 0.159568
1 3385 0.159568
1 3385 0.159568
1 3385 0.159568
0 3282 0.159584
1 3386 0.159592
1 3386 0.159592
1 3386 0.159592
1 3386 0.159592
0 3284 0.159616
0 3284 0.159616
0 3284 0.159616
1 3387 0.159616
1 3387 0.159616
1 3387 0.159616
1 3387 0.159616
0 3283 0.159632
1 3388 0.15964
1 3388 0.15964
1 3388 0.15964
1 3388 0.15964
0 3285 0.159664
0 3285 0.159664
0 3285 0.159664
1 3389 0.159664
1 3389 0.159664
1 3389 0.159664
1 3389 0.159664
0 3284 0.15968
1 3390 0.159688
1 3390 0.159688
1 3390 0.159688
1 3390 0.159688
0 3286 0.159712
0 3286 0.159712
0 3286 0.159712
1 3391 0.159712
1 3391 0.159712
1 3391 0.159712
1 3391 0.159712
0 3285 0.159728
1 3392 0.159736
1 3392 0.159736
1 3392 0.159736
1 3392 0.159736
0 3287 0.15976
0 3287 0.15976
0 3287 0.15976
1 3393 0.15976
1 3393 0.15976
1 3393 0.15976
1 3393 0.15976
0 3286 0.159776
1 3394 0.159784
1 3394 0.159784
1 3394 0.159784
1 3394 0.159784
0 3288 0.159808
0 3288 0.159808
0 3288 0.159808
1 3395 0.159808
1 3395 0.159808
1 3395 0.159808
1 3395 0.159808
0 3287 0.159824
1 3396 0.159832
1 3396 0.159832
1 3396 0.159832
1 3396 0.159832
0 3289 0.159856
0 3289 0.159856
0 3289 0.159856
1 3397 0.159856
1 3397 0.159856
1 3397 0.159856
1 3397 0.159856
0 3288 0.159872
1 3398 0.15988
1 3398 0.15988
1 3398 0.15988
1 3398 0.15988
0 3290 0.159904
0 3290 0.159904
0 3290 0.159904
1 3399 0.159904
1 3399 0.159904
1 3399 0.159904
1 3399 0.159904
0 3289 0.15992
0 3291 0.159952
0 3291 0.159952
0 3291 0.159952
0 3290 0.159968
0 3292 0.16
0 3292 0.16
0 3292 0.16
0 3291 0.160016
0 3293 0.160048
0 3293 0.160048
0 3293 0.160048
0 3292 0.160064
0 3294 0.160096
0 3294 0.160096
0 3294 0.160096
0 3293 0.160112
0 3295 0.160144
0 3295 0.160144
0 3295 0.160144
0 3294 0.16016
0 3296 0.160192
0 3296 0.160192
0 3296 0.160192
0 3295 0.160208
0 3297 0.16024
0 3297 0.16024
0 3297 0.16024
0 3296 0.160256
0 3298 0.160288
0 3298 0.160288
0 3298 0.160288
0 3297 0.160304
0 3299 0.160336
0 3299 0.160336
0 3299 0.160336
0 3298 0.160352
0 3300 0.160384
0 3300 0.160384
0 3300 0.160384
0 3299 0.1604
0 3301 0.160432
0 3301 0.160432
0 3301 0.160432
0 3300 0.160448
0 3302 0.16048
0 3302 0.16048
0 3302 0.16048
0 3301 0.160496
0 3303 0.160528
0 3303 0.160528
0 3303 0.160528
0 3302 0.160544
0 3304 0.160576
0 3304 0.160576
0 3304 0.160576
0 3303 0.160592
0 3305 0.160624
0 3305 0.160624
0 3305 0.160624
0 3304 0.16064
0 3306 0.160672
0 3306 0.160672
0 3306 0.160672
0 3305 0.160688
0 3307 0.16072
0 3307 0.16072
0 3307 0.16072
0 3306 0.160736
0 3308 0.160768
0 3308 0.160768
0 3308 0.160768
0 3307 0.160784
0 3309 0.160816
0 3309 0.160816
0 3309 0.160816
0 3308 0.160832
0 3310 0.160864
0 3310 0.160864
0 3310 0.160864
0 3309 0.16088
0 3311 0.160912
0 3311 0.160912
0 3311 0.160912
0 3310 0.160928
0 3312 0.16096
0 3312 0.16096
0 3312 0.16096
0 3311 0.160976
0 3313 0.161008
0 3313 0.161008
0 3313 0.161008
0 3312 0.161024
0 3314 0.161056
0 3314 0.161056
0 3314 0.161056
0 3313 0.161072
0 3315 0.161104
0 3315 0.161104
0 3315 0.161104
0 3314 0.16112
0 3316 0.161152
0 3316 0.161152
0 3316 0.161152
0 3315 0.161168
0 3317 0.1612
0 3317 0.1612
0 3317 0.1612
0 3316 0.161216
0 3318 0.161248
0 3318 0.161248
0 3318 0.161248
0 3317 0.161264
0 3319 0.161296
0 3319 0.161296
0 3319 0.161296
0 3318 0.161312
0 3320 0.161344
0 3320 0.161344
0 3320 0.161344
0 3319 0.16136
0 3321 0.161392
0 3321 0.161392
0 3321 0.161392
0 3320 0.161408
0 3322 0.16144
0 3322 0.16144
0 3322 0.16144
0 3321 0.161456
0 3323 0.161488
0 3323 0.161488
0 3323 0.161488
0 3322 0.161504
0 3324 0.161536
0 3324 0.161536
0 3324 0.161536
0 3323 0.161552
0 3325 0.161584
0 3325 0.161584
0 3325 0.161584
0 3324 0.1616
0 3326 0.161632
0 3326 0.161632
0 3326 0.161632
0 3325 0.161648
0 3327 0.16168
0 3327 0.16168
0 3327 0.16168
0 3326 0.161696
0 3328 0.161728
0 3328 0.161728
0 3328 0.161728
0 3327 0.161744
0 3329 0.161776
0 3329 0.161776
0 3329 0.161776
0 3328 0.161792
0 3330 0.161824
0 3330 0.161824
0 3330 0.161824
0 3329 0.16184
0 3331 0.161872
0 3331 0.161872
0 3331 0.161872
0 3330 0.161888
0 3332 0.16192
0 3332 0.16192
0 3332 0.16192
0 3331 0.161936
0 3333 0.161968
0 3333 0.161968
0 3333 0.161968
0 3332 0.161984
0 3334 0.162016
0 3334 0.162016
0 3334 0.162016
0 3333 0.162032
0 3335 0.162064
0 3335 0.162064
0 3335 0.162064
0 3334 0.16208
0 3336 0.162112
0 3336 0.162112
0 3336 0.162112
0 3335 0.162128
0 3337 0.16216
0 3337 0.16216
0 3337 0.16216
0 3336 0.162176
0 3338 0.162208
0 3338 0.162208
0 3338 0.162208
0 3337 0.162224
0 3339 0.162256
0 3339 0.162256
0 3339 0.162256
0 3338 0.162272
0 3340 0.162304
0 3340 0.162304
0 3340 0.162304
0 3339 0.16232
0 3341 0.162352
0 3341 0.162352
0 3341 0.162352
0 3340 0.162368
0 3342 0.1624
0 3342 0.1624
0 3342 0.1624
0 3341 0.162416
0 3343 0.162448
0 3343 0.162448
0 3343 0.162448
0 3342 0.162464
0 3344 0.162496
0 3344 0.162496
0 3344 0.162496
0 3343 0.162512
0 3345 0.162544
0 3345 0.162544
0 3345 0.162544
0 3344 0.16256
0 3346 0.162592
0 3346 0.162592
0 3346 0.162592
0 3345 0.162608
0 3347 0.16264
0 3347 0.16264
0 3347 0.16264
0 3346 0.162656
0 3348 0.162688
0 3348 0.162688
0 3348 0.162688
0 3347 0.162704
0 3349 0.162736
0 3349 0.162736
0 3349 0.162736
0 3348 0.162752
0 3350 0.162784
0 3350 0.162784
0 3350 0.162784
0 3349 0.1628
0 3351 0.162832
0 3351 0.162832
0 3351 0.162832
0 3350 0.162848
0 3352 0.16288
0 3352 0.16288
0 3352 0.16288
0 3351 0.162896
0 3353 0.162928
0 3353 0.162928
0 3353 0.162928
0 3352 0.162944
0 3354 0.162976
0 3354 0.162976
0 3354 0.162976
0 3353 0.162992
0 3355 0.163024
0 3355 0.163024
0 3355 0.163024
0 3354 0.16304
0 3356 0.163072
0 3356 0.163072
0 3356 0.163072
0 3355 0.163088
0 3357 0.16312
0 3357 0.16312
0 3357 0.16312
0 3356 0.163136
0 3358 0.163168
0 3358 0.163168
0 3358 0.163168
0 3357 0.163184
0 3359 0.163216
0 3359 0.163216
0 3359 0.163216
0 3358 0.163232
0 3360 0.163264
0 3360 0.163264
0 3360 0.163264
0 3359 0.16328
0 3361 0.163312
0 3361 0.163312
0 3361 0.163312
0 3360 0.163328
0 3362 0.16336
0 3362 0.16336
0 3362 0.16336
0 3361 0.163376
0 3363 0.163408
0 3363 0.163408
0 3363 0.163408
0 3362 0.163424
0 3364 0.163456
0 3364 0.163456
0 3364 0.163456
0 3363 0.163472
0 3365 0.163504
0 3365 0.163504
0 3365 0.163504
0 3364 0.16352
0 3366 0.163552
0 3366 0.163552
0 3366 0.163552
0 3365 0.163568
0 3367 0.1636
0 3367 0.1636
0 3367 0.1636
0 3366 0.163616
0 3368 0.163648
0 3368 0.163648
0 3368 0.163648
0 3367 0.163664
0 3369 0.163696
0 3369 0.163696
0 3369 0.163696
0 3368 0.163712
0 3370 0.163744
0 3370 0.163744
0 3370 0.163744
0 3369 0.16376
0 3371 0.163792
0 3371 0.163792
0 3371 0.163792
0 3370 0.163808
0 3372 0.16384
0 3372 0.16384
0 3372 0.16384
0 3371 0.163856
0 3373 0.163888
0 3373 0.163888
0 3373 0.163888
0 3372 0.163904
0 3374 0.163936
0 3374 0.163936
0 3374 0.163936
1 3400 0.163944
1 3400 0.163944
1 3400 0.163944
1 3400 0.163944
0 3373 0.163952
1 3401 0.163968
1 3401 0.163968
1 3401 0.163968
1 3401 0.163968
0 3375 0.163984
0 3375 0.163984
0 3375 0.163984
1 3402 0.163992
1 3402 0.163992
1 3402 0.163992
1 3402 0.163992
0 3374 0.164
1 3403 0.164016
1 3403 0.164016
1 3403 0.164016
1 3403 0.164016
0 3376 0.164032
0 3376 0.164032
0 3376 0.164032
1 3404 0.16404
1 3404 0.16404
1 3404 0.16404
1 3404 0.16404
0 3375 0.164048
1 3405 0.164064
1 3405 0.164064
1 3405 0.164064
1 3405 0.164064
0 3377 0.16408
0 3377 0.16408
0 3377 0.16408
1 3406 0.164088
1 3406 0.164088
1 3406 0.164088
1 3406 0.164088
0 3376 0.164096
1 3407 0.164112
1 3407 0.164112
1 3407 0.164112
1 3407 0.164112
0 3378 0.164128
0 3378 0.164128
0 3378 0.164128
1 3408 0.164136
1 3408 0.164136
1 3408 0.164136
1 3408 0.164136
0 3377 0.164144
1 3409 0.16416
1 3409 0.16416
1 3409 0.16416
1 3409 0.16416
0 3379 0.164176
0 3379 0.164176
0 3379 0.164176
1 3410 0.164184
1 3410 0.164184
1 3410 0.164184
1 3410 0.164184
0 3378 0.164192
1 3411 0.164208
1 3411 0.164208
1 3411 0.164208
1 3411 0.164208
0 3380 0.164224
0 3380 0.164224
0 3380 0.164224
1 3412 0.164232
1 3412 0.164232
1 3412 0.164232
1 3412 0.164232
0 3379 0.16424
1 3413 0.164256
1 3413 0.164256
1 3413 0.164256
1 3413 0.164256
0 3381 0.164272
0 3381 0.164272
0 3381 0.164272
1 3414 0.16428
1 3414 0.16428
1 3414 0.16428
1 3414 0.16428
0 3380 0.164288
1 3415 0.164304
1 3415 0.164304
1 3415 0.164304
1 3415 0.164304
0 3382 0.16432
0 3382 0.16432
0 3382 0.16432
1 3416 0.164328
1 3416 0.164328
1 3416 0.164328
1 3416 0.164328
0 3381 0.164336
1 3417 0.164352
1 3417 0.164352
1 3417 0.164352
1 3417 0.164352
0 3383 0.164368
0 3383 0.164368
0 3383 0.164368
1 3418 0.164376
1 3418 0.164376
1 3418 0.164376
1 3418 0.164376
0 3382 0.164384
1 3419 0.1644
1 3419 0.1644
1 3419 0.1644
1 3419 0.1644
0 3384 0.164416
0 3384 0.164416
0 3384 0.164416
1 3420 0.164424
1 3420 0.164424
1 3420 0.164424
1 3420 0.164424
0 3383 0.164432
1 3421 0.164448
1 3421 0.164448
1 3421 0.164448
1 3421 0.164448
0 3385 0.164464
0 3385 0.164464
0 3385 0.164464
1 3422 0.164472
1 3422 0.164472
1 3422 0.164472
1 3422 0.164472
0 3384 0.16448
1 3423 0.164496
1 3423 0.164496
1 3423 0.164496
1 3423 0.164496
0 3386 0.164512
0 3386 0.164512
0 3386 0.164512
1 3424 0.16452
1 3424 0.16452
1 3424 0.16452
1 3424 0.16452
0 3385 0.164528
1 3425 0.164544
1 3425 0.164544
1 3425 0.164544
1 3425 0.164544
0 3387 0.16456
0 3387 0.16456
0 3387 0.16456
1 3426 0.164568
1 3426 0.164568
1 3426 0.164568
1 3426 0.164568
0 3386 0.164576
1 3427 0.164592
1 3427 0.164592
1 3427 0.164592
1 3427 0.164592
0 3388 0.164608
0 3388 0.164608
0 3388 0.164608
1 3428 0.164616
1 3428 0.164616
1 3428 0.164616
1 3428 0.164616
0 3387 0.164624
1 3429 0.16464
1 3429 0.16464
1 3429 0.16464
1 3429 0.16464
0 3389 0.164656
0 3389 0.164656
0 3389 0.164656
1 3430 0.164664
1 3430 0.164664
1 3430 0.164664
1 3430 0.164664
0 3388 0.164672
1 3431 0.164688
1 3431 0.164688
1 3431 0.164688
1 3431 0.164688
0 3390 0.164704
0 3390 0.164704
0 3390 0.164704
1 3432 0.164712
1 3432 0.164712
1 3432 0.164712
1 3432 0.164712
0 3389 0.16472
1 3433 0.164736
1 3433 0.164736
1 3433 0.164736
1 3433 0.164736
0 3391 0.164752
0 3391 0.164752
0 3391 0.164752
1 3434 0.16476
1 3434 0.16476
1 3434 0.16476
1 3434 0.16476
0 3390 0.164768
1 3435 0.164784
1 3435 0.164784
1 3435 0.164784
1 3435 0.164784
0 3392 0.1648
0 3392 0.1648
0 3392 0.1648
1 3436 0.164808
1 3436 0.164808
1 3436 0.164808
1 3436 0.164808
0 3391 0.164816
1 3437 0.164832
1 3437 0.164832
1 3437 0.164832
1 3437 0.164832
0 3393 0.164848
0 3393 0.164848
0 3393 0.164848
1 3438 0.164856
1 3438 0.164856
1 3438 0.164856
1 3438 0.164856
0 3392 0.164864
1 3439 0.16488
1 3439 0.16488
1 3439 0.16488
1 3439 0.16488
0 3394 0.164896
0 3394 0.164896
0 3394 0.164896
1 3440 0.164904
1 3440 0.164904
1 3440 0.164904
1 3440 0.164904
0 3393 0.164912
1 3441 0.164928
1 3441 0.164928
1 3441 0.164928
1 3441 0.164928
0 3395 0.164944
0 3395 0.164944
0 3395 0.164944
1 3442 0.164952
1 3442 0.164952
1 3442 0.164952
1 3442 0.164952
0 3394 0.16496
1 3443 0.164976
1 3443 0.164976
1 3443 0.164976
1 3443 0.164976
0 3396 0.164992
0 3396 0.164992
0 3396 0.164992
1 3444 0.165
1 3444 0.165
1 3444 0.165
1 3444 0.165
0 3395 0.165008
1 3445 0.165024
1 3445 0.165024
1 3445 0.165024
1 3445 0.165024
0 3397 0.16504
0 3397 0.16504
0 3397 0.16504
1 3446 0.165048
1 3446 0.165048
1 3446 0.165048
1 3446 0.165048
0 3396 0.165056
1 3447 0.165072
1 3447 0.165072
1 3447 0.165072
1 3447 0.165072
0 3398 0.165088
0 3398 0.165088
0 3398 0.165088
1 3448 0.165096
1 3448 0.165096
1 3448 0.165096
1 3448 0.165096
0 3397 0.165104
1 3449 0.16512
1 3449 0.16512
1 3449 0.16512
1 3449 0.16512
0 3399 0.165136
0 3399 0.165136
0 3399 0.165136
1 3450 0.165144
1 3450 0.165144
1 3450 0.165144
1 3450 0.165144
0 3398 0.165152
1 3451 0.165168
1 3451 0.165168
1 3451 0.165168
1 3451 0.165168
0 3400 0.165184
0 3400 0.165184
0 3400 0.165184
1 3452 0.165192
1 3452 0.165192
1 3452 0.165192
1 3452 0.165192
0 3399 0.1652
1 3453 0.165216
1 3453 0.165216
1 3453 0.165216
1 3453 0.165216
0 3401 0.165232
0 3401 0.165232
0 3401 0.165232
1 3454 0.16524
1 3454 0.16524
1 3454 0.16524
1 3454 0.16524
0 3400 0.165248
1 3455 0.165264
1 3455 0.165264
1 3455 0.165264
1 3455 0.165264
0 3402 0.16528
0 3402 0.16528
0 3402 0.16528
1 3456 0.165288
1 3456 0.165288
1 3456 0.165288
1 3456 0.165288
0 3401 0.165296
1 3457 0.165312
1 3457 0.165312
1 3457 0.165312
1 3457 0.165312
0 3403 0.165328
0 3403 0.165328
0 3403 0.165328
1 3458 0.165336
1 3458 0.165336
1 3458 0.165336
1 3458 0.165336
0 3402 0.165344
1 3459 0.16536
1 3459 0.16536
1 3459 0.16536
1 3459 0.16536
0 3404 0.165376
0 3404 0.165376
0 3404 0.165376
1 3460 0.165384
1 3460 0.165384
1 3460 0.165384
1 3460 0.165384
0 3403 0.165392
1 3461 0.165408
1 3461 0.165408
1 3461 0.165408
1 3461 0.165408
0 3405 0.165424
0 3405 0.165424
0 3405 0.165424
1 3462 0.165432
1 3462 0.165432
1 3462 0.165432
1 3462 0.165432
0 3404 0.16544
1 3463 0.165456
1 3463 0.165456
1 3463 0.165456
1 3463 0.165456
0 3406 0.165472
0 3406 0.165472
0 3406 0.165472
1 3464 0.16548
1 3464 0.16548
1 3464 0.16548
1 3464 0.16548
0 3405 0.165488
1 3465 0.165504
1 3465 0.165504
1 3465 0.165504
1 3465 0.165504
0 3407 0.16552
0 3407 0.16552
0 3407 0.16552
1 3466 0.165528
1 3466 0.165528
1 3466 0.165528
1 3466 0.165528
0 3406 0.165536
1 3467 0.165552
1 3467 0.165552
1 3467 0.165552
1 3467 0.165552
0 3408 0.165568
0 3408 0.165568
0 3408 0.165568
1 3468 0.165576
1 3468 0.165576
1 3468 0.165576
1 3468 0.165576
0 3407 0.165584
1 3469 0.1656
1 3469 0.1656
1 3469 0.1656
1 3469 0.1656
0 3409 0.165616
0 3409 0.165616
0 3409 0.165616
1 3470 0.165624
1 3470 0.165624
1 3470 0.165624
1 3470 0.165624
0 3408 0.165632
1 3471 0.165648
1 3471 0.165648
1 3471 0.165648
1 3471 0.165648
0 3410 0.165664
0 3410 0.165664
0 3410 0.165664
1 3472 0.165672
1 3472 0.165672
1 3472 0.165672
1 3472 0.165672
0 3409 0.16568
1 3473 0.165696
1 3473 0.165696
1 3473 0.165696
1 3473 0.165696
0 3411 0.165712
0 3411 0.165712
0 3411 0.165712
1 3474 0.16572
1 3474 0.16572
1 3474 0.16572
1 3474 0.16572
0 3410 0.165728
1 3475 0.165744
1 3475 0.165744
1 3475 0.165744
1 3475 0.165744
0 3412 0.16576
0 3412 0.16576
0 3412 0.16576
1 3476 0.165768
1 3476 0.165768
1 3476 0.165768
1 3476 0.165768
0 3411 0.165776
1 3477 0.165792
1 3477 0.165792
1 3477 0.165792
1 3477 0.165792
0 3413 0.165808
0 3413 0.165808
0 3413 0.165808
1 3478 0.165816
1 3478 0.165816
1 3478 0.165816
1 3478 0.165816
0 3412 0.165824
1 3479 0.16584
1 3479 0.16584
1 3479 0.16584
1 3479 0.16584
0 3414 0.165856
0 3414 0.165856
0 3414 0.165856
1 3480 0.165864
1 3480 0.165864
1 3480 0.165864
1 3480 0.165864
0 3413 0.165872
1 3481 0.165888
1 3481 0.165888
1 3481 0.165888
1 3481 0.165888
0 3415 0.165904
0 3415 0.165904
0 3415 0.165904
1 3482 0.165912
1 3482 0.165912
1 3482 0.165912
1 3482 0.165912
0 3414 0.16592
1 3483 0.165936
1 3483 0.165936
1 3483 0.165936
1 3483 0.165936
0 3416 0.165952
0 3416 0.165952
0 3416 0.165952
1 3484 0.16596
1 3484 0.16596
1 3484 0.16596
1 3484 0.16596
0 3415 0.165968
1 3485 0.165984
1 3485 0.165984
1 3485 0.165984
1 3485 0.165984
0 3417 0.166
0 3417 0.166
0 3417 0.166
1 3486 0.166008
1 3486 0.166008
1 3486 0.166008
1 3486 0.166008
0 3416 0.166016
1 3487 0.166032
1 3487 0.166032
1 3487 0.166032
1 3487 0.166032
0 3418 0.166048
0 3418 0.166048
0 3418 0.166048
1 3488 0.166056
1 3488 0.166056
1 3488 0.166056
1 3488 0.166056
0 3417 0.166064
1 3489 0.16608
1 3489 0.16608
1 3489 0.16608
1 3489 0.16608
0 3419 0.166096
0 3419 0.166096
0 3419 0.166096
1 3490 0.166104
1 3490 0.166104
1 3490 0.166104
1 3490 0.166104
0 3418 0.166112
1 3491 0.166128
1 3491 0.166128
1 3491 0.166128
1 3491 0.166128
0 3420 0.166144
0 3420 0.166144
0 3420 0.166144
1 3492 0.166152
1 3492 0.166152
1 3492 0.166152
1 3492 0.166152
0 3419 0.16616
1 3493 0.166176
1 3493 0.166176
1 3493 0.166176
1 3493 0.166176
0 3421 0.166192
0 3421 0.166192
0 3421 0.166192
1 3494 0.1662
1 3494 0.1662
1 3494 0.1662
1 3494 0.1662
0 3420 0.166208
1 3495 0.166224
1 3495 0.166224
1 3495 0.166224
1 3495 0.166224
0 3422 0.16624
0 3422 0.16624
0 3422 0.16624
1 3496 0.166248
1 3496 0.166248
1 3496 0.166248
1 3496 0.166248
0 3421 0.166256
1 3497 0.166272
1 3497 0.166272
1 3497 0.166272
1 3497 0.166272
0 3423 0.166288
0 3423 0.166288
0 3423 0.166288
1 3498 0.166296
1 3498 0.166296
1 3498 0.166296
1 3498 0.166296
0 3422 0.166304
1 3499 0.16632
1 3499 0.16632
1 3499 0.16632
1 3499 0.16632
0 3424 0.166336
0 3424 0.166336
0 3424 0.166336
1 3500 0.166344
1 3500 0.166344
1 3500 0.166344
1 3500 0.166344
0 3423 0.166352
1 3501 0.166368
1 3501 0.166368
1 3501 0.166368
1 3501 0.166368
0 3425 0.166384
0 3425 0.166384
0 3425 0.166384
1 3502 0.166392
1 3502 0.166392
1 3502 0.166392
1 3502 0.166392
0 3424 0.1664
1 3503 0.166416
1 3503 0.166416
1 3503 0.166416
1 3503 0.166416
0 3426 0.166432
0 3426 0.166432
0 3426 0.166432
1 3504 0.16644
1 3504 0.16644
1 3504 0.16644
1 3504 0.16644
0 3425 0.166448
1 3505 0.166464
1 3505 0.166464
1 3505 0.166464
1 3505 0.166464
0 3427 0.16648
0 3427 0.16648
0 3427 0.16648
1 3506 0.166488
1 3506 0.166488
1 3506 0.166488
1 3506 0.166488
0 3426 0.166496
1 3507 0.166512
1 3507 0.166512
1 3507 0.166512
1 3507 0.166512
0 3428 0.166528
0 3428 0.166528
0 3428 0.166528
1 3508 0.166536
1 3508 0.166536
1 3508 0.166536
1 3508 0.166536
0 3427 0.166544
1 3509 0.16656
1 3509 0.16656
1 3509 0.16656
1 3509 0.16656
0 3429 0.166576
0 3429 0.166576
0 3429 0.166576
1 3510 0.166584
1 3510 0.166584
1 3510 0.166584
1 3510 0.166584
0 3428 0.166592
1 3511 0.166608
1 3511 0.166608
1 3511 0.166608
1 3511 0.166608
0 3430 0.166624
0 3430 0.166624
0 3430 0.166624
1 3512 0.166632
1 3512 0.166632
1 3512 0.166632
1 3512 0.166632
0 3429 0.16664
1 3513 0.166656
1 3513 0.166656
1 3513 0.166656
1 3513 0.166656
0 3431 0.166672
0 3431 0.166672
0 3431 0.166672
1 3514 0.16668
1 3514 0.16668
1 3514 0.16668
1 3514 0.16668
0 3430 0.166688
1 3515 0.166704
1 3515 0.166704
1 3515 0.166704
1 3515 0.166704
0 3432 0.16672
0 3432 0.16672
0 3432 0.16672
1 3516 0.166728
1 3516 0.166728
1 3516 0.166728
1 3516 0.166728
0 3431 0.166736
1 3517 0.166752
1 3517 0.166752
1 3517 0.166752
1 3517 0.166752
0 3433 0.166768
0 3433 0.166768
0 3433 0.166768
1 3518 0.166776
1 3518 0.166776
1 3518 0.166776
1 3518 0.166776
0 3432 0.166784
1 3519 0.1668
1 3519 0.1668
1 3519 0.1668
1 3519 0.1668
0 3434 0.166816
0 3434 0.166816
0 3434 0.166816
1 3520 0.166824
1 3520 0.166824
1 3520 0.166824
1 3520 0.166824
0 3433 0.166832
1 3521 0.166848
1 3521 0.166848
1 3521 0.166848
1 3521 0.166848
0 3435 0.166864
0 3435 0.166864
0 3435 0.166864
1 3522 0.166872
1 3522 0.166872
1 3522 0.166872
1 3522 0.166872
0 3434 0.16688
1 3523 0.166896
1 3523 0.166896
1 3523 0.166896
1 3523 0.166896
0 3436 0.166912
0 3436 0.166912
0 3436 0.166912
1 3524 0.16692
1 3524 0.16692
1 3524 0.16692
1 3524 0.16692
0 3435 0.166928
1 3525 0.166944
1 3525 0.166944
1 3525 0.166944
1 3525 0.166944
0 3437 0.16696
0 3437 0.16696
0 3437 0.16696
1 3526 0.166968
1 3526 0.166968
1 3526 0.166968
1 3526 0.166968
0 3436 0.166976
1 3527 0.166992
1 3527 0.166992
1 3527 0.166992
1 3527 0.166992
0 3438 0.167008
0 3438 0.167008
0 3438 0.167008
1 3528 0.167016
1 3528 0.167016
1 3528 0.167016
1 3528 0.167016
0 3437 0.167024
1 3529 0.16704
1 3529 0.16704
1 3529 0.16704
1 3529 0.16704
0 3439 0.167056
0 3439 0.167056
0 3439 0.167056
1 3530 0.167064
1 3530 0.167064
1 3530 0.167064
1 3530 0.167064
0 3438 0.167072
1 3531 0.167088
1 3531 0.167088
1 3531 0.167088
1 3531 0.167088
0 3440 0.167104
0 3440 0.167104
0 3440 0.167104
1 3532 0.167112
1 3532 0.167112
1 3532 0.167112
1 3532 0.167112
0 3439 0.16712
1 3533 0.167136
1 3533 0.167136
1 3533 0.167136
1 3533 0.167136
0 3441 0.167152
0 3441 0.167152
0 3441 0.167152
1 3534 0.16716
1 3534 0.16716
1 3534 0.16716
1 3534 0.16716
0 3440 0.167168
1 3535 0.167184
1 3535 0.167184
1 3535 0.167184
1 3535 0.167184
0 3442 0.1672
0 3442 0.1672
0 3442 0.1672
1 3536 0.167208
1 3536 0.167208
1 3536 0.167208
1 3536 0.167208
0 3441 0.167216
1 3537 0.167232
1 3537 0.167232
1 3537 0.167232
1 3537 0.167232
0 3443 0.167248
0 3443 0.167248
0 3443 0.167248
1 3538 0.167256
1 3538 0.167256
1 3538 0.167256
1 3538 0.167256
0 3442 0.167264
1 3539 0.16728
1 3539 0.16728
1 3539 0.16728
1 3539 0.16728
0 3444 0.167296
0 3444 0.167296
0 3444 0.167296
1 3540 0.167304
1 3540 0.167304
1 3540 0.167304
1 3540 0.167304
0 3443 0.167312
1 3541 0.167328
1 3541 0.167328
1 3541 0.167328
1 3541 0.167328
0 3445 0.167344
0 3445 0.167344
0 3445 0.167344
1 3542 0.167352
1 3542 0.167352
1 3542 0.167352
1 3542 0.167352
0 3444 0.16736
1 3543 0.167376
1 3543 0.167376
1 3543 0.167376
1 3543 0.167376
0 3446 0.167392
0 3446 0.167392
0 3446 0.167392
1 3544 0.1674
1 3544 0.1674
1 3544 0.1674
1 3544 0.1674
0 3445 0.167408
1 3545 0.167424
1 3545 0.167424
1 3545 0.167424
1 3545 0.167424
0 3447 0.16744
0 3447 0.16744
0 3447 0.16744
1 3546 0.167448
1 3546 0.167448
1 3546 0.167448
1 3546 0.167448
0 3446 0.167456
1 3547 0.167472
1 3547 0.167472
1 3547 0.167472
1 3547 0.167472
0 3448 0.167488
0 3448 0.167488
0 3448 0.167488
1 3548 0.167496
1 3548 0.167496
1 3548 0.167496
1 3548 0.167496
0 3447 0.167504
1 3549 0.16752
1 3549 0.16752
1 3549 0.16752
1 3549 0.16752
0 3449 0.167536
0 3449 0.167536
0 3449 0.167536
1 3550 0.167544
1 3550 0.167544
1 3550 0.167544
1 3550 0.167544
0 3448 0.167552
1 3551 0.167568
1 3551 0.167568
1 3551 0.167568
1 3551 0.167568
0 3450 0.167584
0 3450 0.167584
0 3450 0.167584
1 3552 0.167592
1 3552 0.167592
1 3552 0.167592
1 3552 0.167592
0 3449 0.1676
1 3553 0.167616
1 3553 0.167616
1 3553 0.167616
1 3553 0.167616
0 3451 0.167632
0 3451 0.167632
0 3451 0.167632
1 3554 0.16764
1 3554 0.16764
1 3554 0.16764
1 3554 0.16764
0 3450 0.167648
1 3555 0.167664
1 3555 0.167664
1 3555 0.167664
1 3555 0.167664
0 3452 0.16768
0 3452 0.16768
0 3452 0.16768
1 3556 0.167688
1 3556 0.167688
1 3556 0.167688
1 3556 0.167688
0 3451 0.167696
1 3557 0.167712
1 3557 0.167712
1 3557 0.167712
1 3557 0.167712
0 3453 0.167728
0 3453 0.167728
0 3453 0.167728
1 3558 0.167736
1 3558 0.167736
1 3558 0.167736
1 3558 0.167736
0 3452 0.167744
1 3559 0.16776
1 3559 0.16776
1 3559 0.16776
1 3559 0.16776
0 3454 0.167776
0 3454 0.167776
0 3454 0.167776
1 3560 0.167784
1 3560 0.167784
1 3560 0.167784
1 3560 0.167784
0 3453 0.167792
1 3561 0.167808
1 3561 0.167808
1 3561 0.167808
1 3561 0.167808
0 3455 0.167824
0 3455 0.167824
0 3455 0.167824
1 3562 0.167832
1 3562 0.167832
1 3562 0.167832
1 3562 0.167832
0 3454 0.16784
1 3563 0.167856
1 3563 0.167856
1 3563 0.167856
1 3563 0.167856
0 3456 0.167872
0 3456 0.167872
0 3456 0.167872
1 3564 0.16788
1 3564 0.16788
1 3564 0.16788
1 3564 0.16788
0 3455 0.167888
1 3565 0.167904
1 3565 0.167904
1 3565 0.167904
1 3565 0.167904
0 3457 0.16792
0 3457 0.16792
0 3457 0.16792
1 3566 0.167928
1 3566 0.167928
1 3566 0.167928
1 3566 0.167928
0 3456 0.167936
1 3567 0.167952
1 3567 0.167952
1 3567 0.167952
1 3567 0.167952
0 3458 0.167968
0 3458 0.167968
0 3458 0.167968
1 3568 0.167976
1 3568 0.167976
1 3568 0.167976
1 3568 0.167976
0 3457 0.167984
1 3569 0.168
1 3569 0.168
1 3569 0.168
1 3569 0.168
0 3459 0.168016
0 3459 0.168016
0 3459 0.168016
0 3458 0.168032
0 3460 0.168064
0 3460 0.168064
0 3460 0.168064
0 3459 0.16808
0 3461 0.168112
0 3461 0.168112
0 3461 0.168112
0 3460 0.168128
0 3462 0.16816
0 3462 0.16816
0 3462 0.16816
0 3461 0.168176
0 3463 0.168208
0 3463 0.168208
0 3463 0.168208
0 3462 0.168224
0 3464 0.168256
0 3464 0.168256
0 3464 0.168256
0 3463 0.168272
0 3465 0.168304
0 3465 0.168304
0 3465 0.168304
0 3464 0.16832
0 3466 0.168352
0 3466 0.168352
0 3466 0.168352
0 3465 0.168368
0 3467 0.1684
0 3467 0.1684
0 3467 0.1684
0 3466 0.168416
0 3468 0.168448
0 3468 0.168448
0 3468 0.168448
0 3467 0.168464
0 3469 0.168496
0 3469 0.168496
0 3469 0.168496
0 3468 0.168512
0 3470 0.168544
0 3470 0.168544
0 3470 0.168544
0 3469 0.16856
0 3471 0.168592
0 3471 0.168592
0 3471 0.168592
0 3470 0.168608
0 3472 0.16864
0 3472 0.16864
0 3472 0.16864
0 3471 0.168656
0 3473 0.168688
0 3473 0.168688
0 3473 0.168688
0 3472 0.168704
0 3474 0.168736
0 3474 0.168736
0 3474 0.168736
0 3473 0.168752
0 3475 0.168784
0 3475 0.168784
0 3475 0.168784
0 3474 0.1688
0 3476 0.168832
0 3476 0.168832
0 3476 0.168832
0 3475 0.168848
0 3477 0.16888
0 3477 0.16888
0 3477 0.16888
0 3476 0.168896
0 3478 0.168928
0 3478 0.168928
0 3478 0.168928
0 3477 0.168944
0 3479 0.168976
0 3479 0.168976
0 3479 0.168976
0 3478 0.168992
0 3480 0.169024
0 3480 0.169024
0 3480 0.169024
0 3479 0.16904
0 3481 0.169072
0 3481 0.169072
0 3481 0.169072
0 3480 0.169088
0 3482 0.16912
0 3482 0.16912
0 3482 0.16912
0 3481 0.169136
0 3483 0.169168
0 3483 0.169168
0 3483 0.169168
0 3482 0.169184
0 3484 0.169216
0 3484 0.169216
0 3484 0.169216
0 3483 0.169232
0 3485 0.169264
0 3485 0.169264
0 3485 0.169264
0 3484 0.16928
0 3486 0.169312
0 3486 0.169312
0 3486 0.169312
0 3485 0.169328
0 3487 0.16936
0 3487 0.16936
0 3487 0.16936
0 3486 0.169376
0 3488 0.169408
0 3488 0.169408
0 3488 0.169408
0 3487 0.169424
0 3489 0.169456
0 3489 0.169456
0 3489 0.169456
0 3488 0.169472
0 3490 0.169504
0 3490 0.169504
0 3490 0.169504
0 3489 0.16952
0 3491 0.169552
0 3491 0.169552
0 3491 0.169552
0 3490 0.169568
0 3492 0.1696
0 3492 0.1696
0 3492 0.1696
0 3491 0.169616
0 3493 0.169648
0 3493 0.169648
0 3493 0.169648
0 3492 0.169664
0 3494 0.169696
0 3494 0.169696
0 3494 0.169696
0 3493 0.169712
0 3495 0.169744
0 3495 0.169744
0 3495 0.169744
0 3494 0.16976
0 3496 0.169792
0 3496 0.169792
0 3496 0.169792
0 3495 0.169808
0 3497 0.16984
0 3497 0.16984
0 3497 0.16984
0 3496 0.169856
0 3498 0.169888
0 3498 0.169888
0 3498 0.169888
0 3497 0.169904
0 3499 0.169936
0 3499 0.169936
0 3499 0.169936
0 3498 0.169952
0 3500 0.169984
0 3500 0.169984
0 3500 0.169984
0 3499 0.17
0 3501 0.170032
0 3501 0.170032
0 3501 0.170032
0 3500 0.170048
0 3502 0.17008
0 3502 0.17008
0 3502 0.17008
0 3501 0.170096
0 3503 0.170128
0 3503 0.170128
0 3503 0.170128
0 3502 0.170144
0 3504 0.170176
0 3504 0.170176
0 3504 0.170176
0 3503 0.170192
0 3505 0.170224
0 3505 0.170224
0 3505 0.170224
0 3504 0.17024
0 3506 0.170272
0 3506 0.170272
0 3506 0.170272
0 3505 0.170288
0 3507 0.17032
0 3507 0.17032
0 3507 0.17032
0 3506 0.170336
0 3508 0.170368
0 3508 0.170368
0 3508 0.170368
0 3507 0.170384
0 3509 0.170416
0 3509 0.170416
0 3509 0.170416
0 3508 0.170432
0 3510 0.170464
0 3510 0.170464
0 3510 0.170464
0 3509 0.17048
0 3511 0.170512
0 3511 0.170512
0 3511 0.170512
0 3510 0.170528
0 3512 0.17056
0 3512 0.17056
0 3512 0.17056
0 3511 0.170576
0 3513 0.170608
0 3513 0.170608
0 3513 0.170608
0 3512 0.170624
0 3514 0.170656
0 3514 0.170656
0 3514 0.170656
0 3513 0.170672
0 3515 0.170704
0 3515 0.170704
0 3515 0.170704
0 3514 0.17072
0 3516 0.170752
0 3516 0.170752
0 3516 0.170752
0 3515 0.170768
0 3517 0.1708
0 3517 0.1708
0 3517 0.1708
0 3516 0.170816
0 3518 0.170848
0 3518 0.170848
0 3518 0.170848
0 3517 0.170864
0 3519 0.170896
0 3519 0.170896
0 3519 0.170896
0 3518 0.170912
0 3520 0.170944
0 3520 0.170944
0 3520 0.170944
0 3519 0.17096
0 3521 0.170992
0 3521 0.170992
0 3521 0.170992
0 3520 0.171008
0 3522 0.17104
0 3522 0.17104
0 3522 0.17104
0 3521 0.171056
0 3523 0.171088
0 3523 0.171088
0 3523 0.171088
0 3522 0.171104
0 3524 0.171136
0 3524 0.171136
0 3524 0.171136
0 3523 0.171152
0 3525 0.171184
0 3525 0.171184
0 3525 0.171184
0 3524 0.1712
0 3526 0.171232
0 3526 0.171232
0 3526 0.171232
0 3525 0.171248
0 3527 0.17128
0 3527 0.17128
0 3527 0.17128
0 3526 0.171296
0 3528 0.171328
0 3528 0.171328
0 3528 0.171328
0 3527 0.171344
0 3529 0.171376
0 3529 0.171376
0 3529 0.171376
0 3528 0.171392
0 3530 0.171424
0 3530 0.171424
0 3530 0.171424
0 3529 0.17144
0 3531 0.171472
0 3531 0.171472
0 3531 0.171472
0 3530 0.171488
0 3532 0.17152
0 3532 0.17152
0 3532 0.17152
0 3531 0.171536
0 3533 0.171568
0 3533 0.171568
0 3533 0.171568
0 3532 0.171584
0 3534 0.171616
0 3534 0.171616
0 3534 0.171616
0 3533 0.171632
0 3535 0.171664
0 3535 0.171664
0 3535 0.171664
0 3534 0.17168
0 3536 0.171712
0 3536 0.171712
0 3536 0.171712
0 3535 0.171728
0 3537 0.17176
0 3537 0.17176
0 3537 0.17176
0 3536 0.171776
0 3538 0.171808
0 3538 0.171808
0 3538 0.171808
0 3537 0.171824
0 3539 0.171856
0 3539 0.171856
0 3539 0.171856
0 3538 0.171872
0 3540 0.171904
0 3540 0.171904
0 3540 0.171904
0 3539 0.17192
0 3541 0.171952
0 3541 0.171952
0 3541 0.171952
0 3540 0.171968
0 3542 0.172
0 3542 0.172
0 3542 0.172
0 3541 0.172016
1 3570 0.17204
1 3570 0.17204
1 3570 0.17204
1 3570 0.17204
0 3543 0.172048
0 3543 0.172048
0 3543 0.172048
0 3542 0.172064
1 3571 0.172064
1 3571 0.172064
1 3571 0.172064
1 3571 0.172064
1 3572 0.172088
1 3572 0.172088
1 3572 0.172088
1 3572 0.172088
0 3544 0.172096
0 3544 0.172096
0 3544 0.172096
0 3543 0.172112
1 3573 0.172112
1 3573 0.172112
1 3573 0.172112
1 3573 0.172112
1 3574 0.172136
1 3574 0.172136
1 3574 0.172136
1 3574 0.172136
0 3545 0.172144
0 3545 0.172144
0 3545 0.172144
0 3544 0.17216
1 3575 0.17216
1 3575 0.17216
1 3575 0.17216
1 3575 0.17216
1 3576 0.172184
1 3576 0.172184
1 3576 0.172184
1 3576 0.172184
0 3546 0.172192
0 3546 0.172192
0 3546 0.172192
0 3545 0.172208
1 3577 0.172208
1 3577 0.172208
1 3577 0.172208
1 3577 0.172208
1 3578 0.172232
1 3578 0.172232
1 3578 0.172232
1 3578 0.172232
0 3547 0.17224
0 3547 0.17224
0 3547 0.17224
0 3546 0.172256
1 3579 0.172256
1 3579 0.172256
1 3579 0.172256
1 3579 0.172256
1 3580 0.17228
1 3580 0.17228
1 3580 0.17228
1 3580 0.17228
0 3548 0.172288
0 3548 0.172288
0 3548 0.172288
0 3547 0.172304
1 3581 0.172304
1 3581 0.172304
1 3581 0.172304
1 3581 0.172304
1 3582 0.172328
1 3582 0.172328
1 3582 0.172328
1 3582 0.172328
0 3549 0.172336
0 3549 0.172336
0 3549 0.172336
0 3548 0.172352
1 3583 0.172352
1 3583 0.172352
1 3583 0.172352
1 3583 0.172352
1 3584 0.172376
1 3584 0.172376
1 3584 0.172376
1 3584 0.172376
0 3550 0.172384
0 3550 0.172384
0 3550 0.172384
0 3549 0.1724
1 3585 0.1724
1 3585 0.1724
1 3585 0.1724
1 3585 0.1724
1 3586 0.172424
1 3586 0.172424
1 3586 0.172424
1 3586 0.172424
0 3551 0.172432
0 3551 0.172432
0 3551 0.172432
0 3550 0.172448
1 3587 0.172448
1 3587 0.172448
1 3587 0.172448
1 3587 0.172448
1 3588 0.172472
1 3588 0.172472
1 3588 0.172472
1 3588 0.172472
0 3552 0.17248
0 3552 0.17248
0 3552 0.17248
0 3551 0.172496
1 3589 0.172496
1 3589 0.172496
1 3589 0.172496
1 3589 0.172496
1 3590 0.17252
1 3590 0.17252
1 3590 0.17252
1 3590 0.17252
0 3553 0.172528
0 3553 0.172528
0 3553 0.172528
0 3552 0.172544
1 3591 0.172544
1 3591 0.172544
1 3591 0.172544
1 3591 0.172544
1 3592 0.172568
1 3592 0.172568
1 3592 0.172568
1 3592 0.172568
0 3554 0.172576
0 3554 0.172576
0 3554 0.172576
0 3553 0.172592
1 3593 0.172592
1 3593 0.172592
1 3593 0.172592
1 3593 0.172592
1 3594 0.172616
1 3594 0.172616
1 3594 0.172616
1 3594 0.172616
0 3555 0.172624
0 3555 0.172624
0 3555 0.172624
0 3554 0.17264
1 3595 0.17264
1 3595 0.17264
1 3595 0.17264
1 3595 0.17264
1 3596 0.172664
1 3596 0.172664
1 3596 0.172664
1 3596 0.172664
0 3556 0.172672
0 3556 0.172672
0 3556 0.172672
0 3555 0.172688
1 3597 0.172688
1 3597 0.172688
1 3597 0.172688
1 3597 0.172688
1 3598 0.172712
1 3598 0.172712
1 3598 0.172712
1 3598 0.172712
0 3557 0.17272
0 3557 0.17272
0 3557 0.17272
0 3556 0.172736
1 3599 0.172736
1 3599 0.172736
1 3599 0.172736
1 3599 0.172736
1 3600 0.17276
1 3600 0.17276
1 3600 0.17276
1 3600 0.17276
0 3558 0.172768
0 3558 0.172768
0 3558 0.172768
0 3557 0.172784
1 3601 0.172784
1 3601 0.172784
1 3601 0.172784
1 3601 0.172784
1 3602 0.172808
1 3602 0.172808
1 3602 0.172808
1 3602 0.172808
0 3559 0.172816
0 3559 0.172816
0 3559 0.172816
0 3558 0.172832
1 3603 0.172832
1 3603 0.172832
1 3603 0.172832
1 3603 0.172832
1 3604 0.172856
1 3604 0.172856
1 3604 0.172856
1 3604 0.172856
0 3560 0.172864
0 3560 0.172864
0 3560 0.172864
0 3559 0.17288
1 3605 0.17288
1 3605 0.17288
1 3605 0.17288
1 3605 0.17288
1 3606 0.172904
1 3606 0.172904
1 3606 0.172904
1 3606 0.172904
0 3561 0.172912
0 3561 0.172912
0 3561 0.172912
0 3560 0.172928
1 3607 0.172928
1 3607 0.172928
1 3607 0.172928
1 3607 0.172928
1 3608 0.172952
1 3608 0.172952
1 3608 0.172952
1 3608 0.172952
0 3562 0.17296
0 3562 0.17296
0 3562 0.17296
0 3561 0.172976
1 3609 0.172976
1 3609 0.172976
1 3609 0.172976
1 3609 0.172976
1 3610 0.173
1 3610 0.173
1 3610 0.173
1 3610 0.173
0 3563 0.173008
0 3563 0.173008
0 3563 0.173008
0 3562 0.173024
1 3611 0.173024
1 3611 0.173024
1 3611 0.173024
1 3611 0.173024
1 3612 0.173048
1 3612 0.173048
1 3612 0.173048
1 3612 0.173048
0 3564 0.173056
0 3564 0.173056
0 3564 0.173056
0 3563 0.173072
1 3613 0.173072
1 3613 0.173072
1 3613 0.173072
1 3613 0.173072
1 3614 0.173096
1 3614 0.173096
1 3614 0.173096
1 3614 0.173096
0 3565 0.173104
0 3565 0.173104
0 3565 0.173104
0 3564 0.17312
1 3615 0.17312
1 3615 0.17312
1 3615 0.17312
1 3615 0.17312
1 3616 0.173144
1 3616 0.173144
1 3616 0.173144
1 3616 0.173144
0 3566 0.173152
0 3566 0.173152
0 3566 0.173152
0 3565 0.173168
1 3617 0.173168
1 3617 0.173168
1 3617 0.173168
1 3617 0.173168
1 3618 0.173192
1 3618 0.173192
1 3618 0.173192
1 3618 0.173192
0 3567 0.1732
0 3567 0.1732
0 3567 0.1732
0 3566 0.173216
1 3619 0.173216
1 3619 0.173216
1 3619 0.173216
1 3619 0.173216
1 3620 0.17324
1 3620 0.17324
1 3620 0.17324
1 3620 0.17324
0 3568 0.173248
0 3568 0.173248
0 3568 0.173248
0 3567 0.173264
1 3621 0.173264
1 3621 0.173264
1 3621 0.173264
1 3621 0.173264
1 3622 0.173288
1 3622 0.173288
1 3622 0.173288
1 3622 0.173288
0 3569 0.173296
0 3569 0.173296
0 3569 0.173296
0 3568 0.173312
1 3623 0.173312
1 3623 0.173312
1 3623 0.173312
1 3623 0.173312
1 3624 0.173336
1 3624 0.173336
1 3624 0.173336
1 3624 0.173336
0 3570 0.173344
0 3570 0.173344
0 3570 0.173344
0 3569 0.17336
1 3625 0.17336
1 3625 0.17336
1 3625 0.17336
1 3625 0.17336
1 3626 0.173384
1 3626 0.173384
1 3626 0.173384
1 3626 0.173384
0 3571 0.173392
0 3571 0.173392
0 3571 0.173392
0 3570 0.173408
1 3627 0.173408
1 3627 0.173408
1 3627 0.173408
1 3627 0.173408
1 3628 0.173432
1 3628 0.173432
1 3628 0.173432
1 3628 0.173432
0 3572 0.17344
0 3572 0.17344
0 3572 0.17344
0 3571 0.173456
1 3629 0.173456
1 3629 0.173456
1 3629 0.173456
1 3629 0.173456
1 3630 0.17348
1 3630 0.17348
1 3630 0.17348
1 3630 0.17348
0 3573 0.173488
0 3573 0.173488
0 3573 0.173488
0 3572 0.173504
1 3631 0.173504
1 3631 0.173504
1 3631 0.173504
1 3631 0.173504
1 3632 0.173528
1 3632 0.173528
1 3632 0.173528
1 3632 0.173528
0 3574 0.173536
0 3574 0.173536
0 3574 0.173536
0 3573 0.173552
1 3633 0.173552
1 3633 0.173552
1 3633 0.173552
1 3633 0.173552
1 3634 0.173576
1 3634 0.173576
1 3634 0.173576
1 3634 0.173576
0 3575 0.173584
0 3575 0.173584
0 3575 0.173584
0 3574 0.1736
1 3635 0.1736
1 3635 0.1736
1 3635 0.1736
1 3635 0.1736
1 3636 0.173624
1 3636 0.173624
1 3636 0.173624
1 3636 0.173624
0 3576 0.173632
0 3576 0.173632
0 3576 0.173632
0 3575 0.173648
1 3637 0.173648
1 3637 0.173648
1 3637 0.173648
1 3637 0.173648
1 3638 0.173672
1 3638 0.173672
1 3638 0.173672
1 3638 0.173672
0 3577 0.17368
0 3577 0.17368
0 3577 0.17368
0 3576 0.173696
1 3639 0.173696
1 3639 0.173696
1 3639 0.173696
1 3639 0.173696
1 3640 0.17372
1 3640 0.17372
1 3640 0.17372
1 3640 0.17372
0 3578 0.173728
0 3578 0.173728
0 3578 0.173728
0 3577 0.173744
1 3641 0.173744
1 3641 0.173744
1 3641 0.173744
1 3641 0.173744
1 3642 0.173768
1 3642 0.173768
1 3642 0.173768
1 3642 0.173768
0 3579 0.173776
0 3579 0.173776
0 3579 0.173776
0 3578 0.173792
1 3643 0.173792
1 3643 0.173792
1 3643 0.173792
1 3643 0.173792
1 3644 0.173816
1 3644 0.173816
1 3644 0.173816
1 3644 0.173816
0 3580 0.173824
0 3580 0.173824
0 3580 0.173824
0 3579 0.17384
1 3645 0.17384
1 3645 0.17384
1 3645 0.17384
1 3645 0.17384
1 3646 0.173864
1 3646 0.173864
1 3646 0.173864
1 3646 0.173864
0 3581 0.173872
0 3581 0.173872
0 3581 0.173872
0 3580 0.173888
1 3647 0.173888
1 3647 0.173888
1 3647 0.173888
1 3647 0.173888
1 3648 0.173912
1 3648 0.173912
1 3648 0.173912
1 3648 0.173912
0 3582 0.17392
0 3582 0.17392
0 3582 0.17392
0 3581 0.173936
1 3649 0.173936
1 3649 0.173936
1 3649 0.173936
1 3649 0.173936
1 3650 0.17396
1 3650 0.17396
1 3650 0.17396
1 3650 0.17396
0 3583 0.173968
0 3583 0.173968
0 3583 0.173968
0 3582 0.173984
1 3651 0.173984
1 3651 0.173984
1 3651 0.173984
1 3651 0.173984
1 3652 0.174008
1 3652 0.174008
1 3652 0.174008
1 3652 0.174008
0 3584 0.174016
0 3584 0.174016
0 3584 0.174016
0 3583 0.174032
1 3653 0.174032
1 3653 0.174032
1 3653 0.174032
1 3653 0.174032
1 3654 0.174056
1 3654 0.174056
1 3654 0.174056
1 3654 0.174056
0 3585 0.174064
0 3585 0.174064
0 3585 0.174064
0 3584 0.17408
1 3655 0.17408
1 3655 0.17408
1 3655 0.17408
1 3655 0.17408
1 3656 0.174104
1 3656 0.174104
1 3656 0.174104
1 3656 0.174104
0 3586 0.174112
0 3586 0.174112
0 3586 0.174112
0 3585 0.174128
1 3657 0.174128
1 3657 0.174128
1 3657 0.174128
1 3657 0.174128
1 3658 0.174152
1 3658 0.174152
1 3658 0.174152
1 3658 0.174152
0 3587 0.17416
0 3587 0.17416
0 3587 0.17416
0 3586 0.174176
1 3659 0.174176
1 3659 0.174176
1 3659 0.174176
1 3659 0.174176
1 3660 0.1742
1 3660 0.1742
1 3660 0.1742
1 3660 0.1742
0 3588 0.174208
0 3588 0.174208
0 3588 0.174208
0 3587 0.174224
1 3661 0.174224
1 3661 0.174224
1 3661 0.174224
1 3661 0.174224
1 3662 0.174248
1 3662 0.174248
1 3662 0.174248
1 3662 0.174248
0 3589 0.174256
0 3589 0.174256
0 3589 0.174256
0 3588 0.174272
1 3663 0.174272
1 3663 0.174272
1 3663 0.174272
1 3663 0.174272
1 3664 0.174296
1 3664 0.174296
1 3664 0.174296
1 3664 0.174296
0 3590 0.174304
0 3590 0.174304
0 3590 0.174304
0 3589 0.17432
1 3665 0.17432
1 3665 0.17432
1 3665 0.17432
1 3665 0.17432
1 3666 0.174344
1 3666 0.174344
1 3666 0.174344
1 3666 0.174344
0 3591 0.174352
0 3591 0.174352
0 3591 0.174352
0 3590 0.174368
1 3667 0.174368
1 3667 0.174368
1 3667 0.174368
1 3667 0.174368
1 3668 0.174392
1 3668 0.174392
1 3668 0.174392
1 3668 0.174392
0 3592 0.1744
0 3592 0.1744
0 3592 0.1744
0 3591 0.174416
1 3669 0.174416
1 3669 0.174416
1 3669 0.174416
1 3669 0.174416
1 3670 0.17444
1 3670 0.17444
1 3670 0.17444
1 3670 0.17444
0 3593 0.174448
0 3593 0.174448
0 3593 0.174448
0 3592 0.174464
1 3671 0.174464
1 3671 0.174464
1 3671 0.174464
1 3671 0.174464
1 3672 0.174488
1 3672 0.174488
1 3672 0.174488
1 3672 0.174488
0 3594 0.174496
0 3594 0.174496
0 3594 0.174496
0 3593 0.174512
1 3673 0.174512
1 3673 0.174512
1 3673 0.174512
1 3673 0.174512
1 3674 0.174536
1 3674 0.174536
1 3674 0.174536
1 3674 0.174536
0 3595 0.174544
0 3595 0.174544
0 3595 0.174544
0 3594 0.17456
1 3675 0.17456
1 3675 0.17456
1 3675 0.17456
1 3675 0.17456
1 3676 0.174584
1 3676 0.174584
1 3676 0.174584
1 3676 0.174584
0 3596 0.174592
0 3596 0.174592
0 3596 0.174592
0 3595 0.174608
1 3677 0.174608
1 3677 0.174608
1 3677 0.174608
1 3677 0.174608
1 3678 0.174632
1 3678 0.174632
1 3678 0.174632
1 3678 0.174632
0 3597 0.17464
0 3597 0.17464
0 3597 0.17464
0 3596 0.174656
1 3679 0.174656
1 3679 0.174656
1 3679 0.174656
1 3679 0.174656
1 3680 0.17468
1 3680 0.17468
1 3680 0.17468
1 3680 0.17468
0 3598 0.174688
0 3598 0.174688
0 3598 0.174688
0 3597 0.174704
1 3681 0.174704
1 3681 0.174704
1 3681 0.174704
1 3681 0.174704
1 3682 0.174728
1 3682 0.174728
1 3682 0.174728
1 3682 0.174728
0 3599 0.174736
0 3599 0.174736
0 3599 0.174736
0 3598 0.174752
1 3683 0.174752
1 3683 0.174752
1 3683 0.174752
1 3683 0.174752
1 3684 0.174776
1 3684 0.174776
1 3684 0.174776
1 3684 0.174776
0 3600 0.174784
0 3600 0.174784
0 3600 0.174784
0 3599 0.1748
1 3685 0.1748
1 3685 0.1748
1 3685 0.1748
1 3685 0.1748
1 3686 0.174824
1 3686 0.174824
1 3686 0.174824
1 3686 0.174824
0 3601 0.174832
0 3601 0.174832
0 3601 0.174832
0 3600 0.174848
1 3687 0.174848
1 3687 0.174848
1 3687 0.174848
1 3687 0.174848
1 3688 0.174872
1 3688 0.174872
1 3688 0.174872
1 3688 0.174872
0 3602 0.17488
0 3602 0.17488
0 3602 0.17488
0 3601 0.174896
1 3689 0.174896
1 3689 0.174896
1 3689 0.174896
1 3689 0.174896
1 3690 0.17492
1 3690 0.17492
1 3690 0.17492
1 3690 0.17492
0 3603 0.174928
0 3603 0.174928
0 3603 0.174928
0 3602 0.174944
1 3691 0.174944
1 3691 0.174944
1 3691 0.174944
1 3691 0.174944
1 3692 0.174968
1 3692 0.174968
1 3692 0.174968
1 3692 0.174968
0 3604 0.174976
0 3604 0.174976
0 3604 0.174976
0 3603 0.174992
1 3693 0.174992
1 3693 0.174992
1 3693 0.174992
1 3693 0.174992
1 3694 0.175016
1 3694 0.175016
1 3694 0.175016
1 3694 0.175016
0 3605 0.175024
0 3605 0.175024
0 3605 0.175024
0 3604 0.17504
1 3695 0.17504
1 3695 0.17504
1 3695 0.17504
1 3695 0.17504
1 3696 0.175064
1 3696 0.175064
1 3696 0.175064
1 3696 0.175064
0 3606 0.175072
0 3606 0.175072
0 3606 0.175072
0 3605 0.175088
1 3697 0.175088
1 3697 0.175088
1 3697 0.175088
1 3697 0.175088
1 3698 0.175112
1 3698 0.175112
1 3698 0.175112
1 3698 0.175112
0 3607 0.17512
0 3607 0.17512
0 3607 0.17512
0 3606 0.175136
1 3699 0.175136
1 3699 0.175136
1 3699 0.175136
1 3699 0.175136
1 3700 0.17516
1 3700 0.17516
1 3700 0.17516
1 3700 0.17516
0 3608 0.175168
0 3608 0.175168
0 3608 0.175168
0 3607 0.175184
1 3701 0.175184
1 3701 0.175184
1 3701 0.175184
1 3701 0.175184
1 3702 0.175208
1 3702 0.175208
1 3702 0.175208
1 3702 0.175208
0 3609 0.175216
0 3609 0.175216
0 3609 0.175216
0 3608 0.175232
1 3703 0.175232
1 3703 0.175232
1 3703 0.175232
1 3703 0.175232
1 3704 0.175256
1 3704 0.175256
1 3704 0.175256
1 3704 0.175256
0 3610 0.175264
0 3610 0.175264
0 3610 0.175264
0 3609 0.17528
1 3705 0.17528
1 3705 0.17528
1 3705 0.17528
1 3705 0.17528
1 3706 0.175304
1 3706 0.175304
1 3706 0.175304
1 3706 0.175304
0 3611 0.175312
0 3611 0.175312
0 3611 0.175312
0 3610 0.175328
1 3707 0.175328
1 3707 0.175328
1 3707 0.175328
1 3707 0.175328
1 3708 0.175352
1 3708 0.175352
1 3708 0.175352
1 3708 0.175352
0 3612 0.17536
0 3612 0.17536
0 3612 0.17536
0 3611 0.175376
1 3709 0.175376
1 3709 0.175376
1 3709 0.175376
1 3709 0.175376
1 3710 0.1754
1 3710 0.1754
1 3710 0.1754
1 3710 0.1754
0 3613 0.175408
0 3613 0.175408
0 3613 0.175408
0 3612 0.175424
1 3711 0.175424
1 3711 0.175424
1 3711 0.175424
1 3711 0.175424
1 3712 0.175448
1 3712 0.175448
1 3712 0.175448
1 3712 0.175448
0 3614 0.175456
0 3614 0.175456
0 3614 0.175456
0 3613 0.175472
1 3713 0.175472
1 3713 0.175472
1 3713 0.175472
1 3713 0.175472
1 3714 0.175496
1 3714 0.175496
1 3714 0.175496
1 3714 0.175496
0 3615 0.175504
0 3615 0.175504
0 3615 0.175504
0 3614 0.17552
1 3715 0.17552
1 3715 0.17552
1 3715 0.17552
1 3715 0.17552
1 3716 0.175544
1 3716 0.175544
1 3716 0.175544
1 3716 0.175544
0 3616 0.175552
0 3616 0.175552
0 3616 0.175552
0 3615 0.175568
1 3717 0.175568
1 3717 0.175568
1 3717 0.175568
1 3717 0.175568
1 3718 0.175592
1 3718 0.175592
1 3718 0.175592
1 3718 0.175592
0 3617 0.1756
0 3617 0.1756
0 3617 0.1756
0 3616 0.175616
1 3719 0.175616
1 3719 0.175616
1 3719 0.175616
1 3719 0.175616
1 3720 0.17564
1 3720 0.17564
1 3720 0.17564
1 3720 0.17564
0 3618 0.175648
0 3618 0.175648
0 3618 0.175648
0 3617 0.175664
1 3721 0.175664
1 3721 0.175664
1 3721 0.175664
1 3721 0.175664
1 3722 0.175688
1 3722 0.175688
1 3722 0.175688
1 3722 0.175688
0 3619 0.175696
0 3619 0.175696
0 3619 0.175696
0 3618 0.175712
1 3723 0.175712
1 3723 0.175712
1 3723 0.175712
1 3723 0.175712
1 3724 0.175736
1 3724 0.175736
1 3724 0.175736
1 3724 0.175736
0 3620 0.175744
0 3620 0.175744
0 3620 0.175744
0 3619 0.17576
1 3725 0.17576
1 3725 0.17576
1 3725 0.17576
1 3725 0.17576
1 3726 0.175784
1 3726 0.175784
1 3726 0.175784
1 3726 0.175784
0 3621 0.175792
0 3621 0.175792
0 3621 0.175792
0 3620 0.175808
1 3727 0.175808
1 3727 0.175808
1 3727 0.175808
1 3727 0.175808
1 3728 0.175832
1 3728 0.175832
1 3728 0.175832
1 3728 0.175832
0 3622 0.17584
0 3622 0.17584
0 3622 0.17584
0 3621 0.175856
1 3729 0.175856
1 3729 0.175856
1 3729 0.175856
1 3729 0.175856
1 3730 0.17588
1 3730 0.17588
1 3730 0.17588
1 3730 0.17588
0 3623 0.175888
0 3623 0.175888
0 3623 0.175888
0 3622 0.175904
1 3731 0.175904
1 3731 0.175904
1 3731 0.175904
1 3731 0.175904
1 3732 0.175928
1 3732 0.175928
1 3732 0.175928
1 3732 0.175928
0 3624 0.175936
0 3624 0.175936
0 3624 0.175936
0 3623 0.175952
1 3733 0.175952
1 3733 0.175952
1 3733 0.175952
1 3733 0.175952
1 3734 0.175976
1 3734 0.175976
1 3734 0.175976
1 3734 0.175976
0 3625 0.175984
0 3625 0.175984
0 3625 0.175984
0 3624 0.176
1 3735 0.176
1 3735 0.176
1 3735 0.176
1 3735 0.176
1 3736 0.176024
1 3736 0.176024
1 3736 0.176024
1 3736 0.176024
0 3626 0.176032
0 3626 0.176032
0 3626 0.176032
0 3625 0.176048
1 3737 0.176048
1 3737 0.176048
1 3737 0.176048
1 3737 0.176048
1 3738 0.176072
1 3738 0.176072
1 3738 0.176072
1 3738 0.176072
0 3627 0.17608
0 3627 0.17608
0 3627 0.17608
0 3626 0.176096
1 3739 0.176096
